image_path,elevation_deg,label_type,timestamp
/home/alex/Desktop/school/comp-vis/dataset/datasets--everettshen--StreetView360AtoZ/snapshots/f0b9ffb20c4dc68d4422db97b7da7b577970650e/data/1265_AJW-ojOEZLmAzw7GO9zSnw_44.07795671_27.23810930.jpg,45.98,clear,2026-04-13T14:57:02
/home/alex/Desktop/school/comp-vis/dataset/datasets--everettshen--StreetView360AtoZ/snapshots/f0b9ffb20c4dc68d4422db97b7da7b577970650e/data/931_Ie1Llk6_xi25_Hkpfvl3UA_43.38232782_22.91494751.jpg,38.76,clear,2026-04-13T14:57:12
/home/alex/Desktop/school/comp-vis/dataset/datasets--everettshen--StreetView360AtoZ/snapshots/f0b9ffb20c4dc68d4422db97b7da7b577970650e/data/1085_DcegRJKOalex8EG4UbGgQQ_47.38491831_4.68249417.jpg,56.49,clear,2026-04-13T14:57:16
/home/alex/Desktop/school/comp-vis/dataset/datasets--everettshen--StreetView360AtoZ/snapshots/f0b9ffb20c4dc68d4422db97b7da7b577970650e/data/1758_kqjoH4R6fFmGwOp5kphW4g_43.16465528_-77.64498275.jpg,34.86,clear,2026-04-13T14:57:19
/home/alex/Desktop/school/comp-vis/dataset/datasets--everettshen--StreetView360AtoZ/snapshots/f0b9ffb20c4dc68d4422db97b7da7b577970650e/data/1975_0KJ-NIQvvZH_wDW5BU1PZA_36.18746118_-5.92371097.jpg,21.04,clear,2026-04-13T14:57:21
/home/alex/Desktop/school/comp-vis/dataset/datasets--everettshen--StreetView360AtoZ/snapshots/f0b9ffb20c4dc68d4422db97b7da7b577970650e/data/1339_MeAPEG37imyKHLm5d14I6Q_-1.27551554_-78.58454747.jpg,62.20,clear,2026-04-13T14:57:24
/home/alex/Desktop/school/comp-vis/dataset/datasets--everettshen--StreetView360AtoZ/snapshots/f0b9ffb20c4dc68d4422db97b7da7b577970650e/data/2704_0zoSmPkBwKAkPhg_PUTLnA_-6.75347873_-38.96437767.jpg,48.98,clear,2026-04-13T14:57:29
/home/alex/Desktop/school/comp-vis/dataset/datasets--everettshen--StreetView360AtoZ/snapshots/f0b9ffb20c4dc68d4422db97b7da7b577970650e/data/2167_tEg-aHxxt02HTs9yWrAwMw_28.36325285_-13.87357488.jpg,41.47,clear,2026-04-13T14:57:37
/home/alex/Desktop/school/comp-vis/dataset/datasets--everettshen--StreetView360AtoZ/snapshots/f0b9ffb20c4dc68d4422db97b7da7b577970650e/data/2283_sC1VeEqlqmgnDIVMmJSOdg_51.42440379_-2.22399534.jpg,54.69,clear,2026-04-13T14:57:42
/home/alex/Desktop/school/comp-vis/dataset/datasets--everettshen--StreetView360AtoZ/snapshots/f0b9ffb20c4dc68d4422db97b7da7b577970650e/data/916_7aV87qu5slzd8bHLZaG-MQ_13.24679046_102.82129851.jpg,55.89,clear,2026-04-13T14:57:43
/home/alex/Desktop/school/comp-vis/dataset/datasets--everettshen--StreetView360AtoZ/snapshots/f0b9ffb20c4dc68d4422db97b7da7b577970650e/data/3124_mjpbjIXP_7ddKsa3QfZNYQ_42.24638542_-3.66844605.jpg,30.05,clear,2026-04-13T14:57:44
/home/alex/Desktop/school/comp-vis/dataset/datasets--everettshen--StreetView360AtoZ/snapshots/f0b9ffb20c4dc68d4422db97b7da7b577970650e/data/2044_VJ1OPuUi5p574-10xKnFHg_-8.27983048_120.44813259.jpg,34.86,clear,2026-04-13T14:57:47
/home/alex/Desktop/school/comp-vis/dataset/datasets--everettshen--StreetView360AtoZ/snapshots/f0b9ffb20c4dc68d4422db97b7da7b577970650e/data/132_RRRDgax2_fHN_uhpQRe0-w_46.80807294_-60.32313829.jpg,61.00,clear,2026-04-13T14:57:48
/home/alex/Desktop/school/comp-vis/dataset/datasets--everettshen--StreetView360AtoZ/snapshots/f0b9ffb20c4dc68d4422db97b7da7b577970650e/data/252_xkSYQfE02GN8RJnHEk8C2A_27.64081240_74.50641966.jpg,29.45,clear,2026-04-13T14:57:49
/home/alex/Desktop/school/comp-vis/dataset/datasets--everettshen--StreetView360AtoZ/snapshots/f0b9ffb20c4dc68d4422db97b7da7b577970650e/data/870_84VnW_XOjKwyj-ophbMCeA_70.62930388_21.98124901.jpg,26.14,clear,2026-04-13T14:57:55
/home/alex/Desktop/school/comp-vis/dataset/datasets--everettshen--StreetView360AtoZ/snapshots/f0b9ffb20c4dc68d4422db97b7da7b577970650e/data/3204_sAXf_j6mmLJ_SrBj8EC6NQ_55.64122181_-3.12213027.jpg,30.05,clear,2026-04-13T14:57:56
/home/alex/Desktop/school/comp-vis/dataset/datasets--everettshen--StreetView360AtoZ/snapshots/f0b9ffb20c4dc68d4422db97b7da7b577970650e/data/3327_65sEzh1IivPexNEu06RTsw_40.07950763_21.18178980.jpg,31.25,clear,2026-04-13T14:58:03
/home/alex/Desktop/school/comp-vis/dataset/datasets--everettshen--StreetView360AtoZ/snapshots/f0b9ffb20c4dc68d4422db97b7da7b577970650e/data/827_vB-ySD72GNmdZX2_2zj4eA_56.68316378_12.71661445.jpg,40.87,clear,2026-04-13T14:58:07
/home/alex/Desktop/school/comp-vis/dataset/datasets--everettshen--StreetView360AtoZ/snapshots/f0b9ffb20c4dc68d4422db97b7da7b577970650e/data/400_bDFEm4sRn1Frzq2wM9HyhQ_40.59801138_-124.15729480.jpg,42.97,clear,2026-04-13T14:58:09
/home/alex/Desktop/school/comp-vis/dataset/datasets--everettshen--StreetView360AtoZ/snapshots/f0b9ffb20c4dc68d4422db97b7da7b577970650e/data/2877_IrROn8KtTJUV5XBsuWae2Q_-21.73267784_-45.96655498.jpg,51.39,clear,2026-04-13T14:58:14
/home/alex/Desktop/school/comp-vis/dataset/datasets--everettshen--StreetView360AtoZ/snapshots/f0b9ffb20c4dc68d4422db97b7da7b577970650e/data/434_pkHhEH94nJftpnyKswlccQ_23.88525236_120.51289821.jpg,50.78,clear,2026-04-13T14:58:20
/home/alex/Desktop/school/comp-vis/dataset/datasets--everettshen--StreetView360AtoZ/snapshots/f0b9ffb20c4dc68d4422db97b7da7b577970650e/data/1296_0rmiCF5t3pfOBwIICNbDBQ_46.83509697_-65.73989028.jpg,46.58,clear,2026-04-13T14:58:23
/home/alex/Desktop/school/comp-vis/dataset/datasets--everettshen--StreetView360AtoZ/snapshots/f0b9ffb20c4dc68d4422db97b7da7b577970650e/data/1005_zz5K3eYzRf_g3BCkiDeMnQ_30.91348322_-90.12831068.jpg,33.96,clear,2026-04-13T14:58:24
/home/alex/Desktop/school/comp-vis/dataset/datasets--everettshen--StreetView360AtoZ/snapshots/f0b9ffb20c4dc68d4422db97b7da7b577970650e/data/2142_2wz_pmP2HcHo2jXx_FxC7A_45.47390921_-98.50024766.jpg,18.33,clear,2026-04-13T14:58:29
/home/alex/Desktop/school/comp-vis/dataset/datasets--everettshen--StreetView360AtoZ/snapshots/f0b9ffb20c4dc68d4422db97b7da7b577970650e/data/2801_I9Gmpp8Td7SUAYXaG8p0fQ_42.94945675_142.60381779.jpg,49.88,clear,2026-04-13T14:58:39
/home/alex/Desktop/school/comp-vis/dataset/datasets--everettshen--StreetView360AtoZ/snapshots/f0b9ffb20c4dc68d4422db97b7da7b577970650e/data/108_YJdNwvHsKBbFzGFpyXY9lw_42.60278786_-91.07428942.jpg,34.86,clear,2026-04-13T14:58:41
/home/alex/Desktop/school/comp-vis/dataset/datasets--everettshen--StreetView360AtoZ/snapshots/f0b9ffb20c4dc68d4422db97b7da7b577970650e/data/63_-U_m97bePawhLpR74K1sFw_65.76645294_23.04860427.jpg,21.04,clear,2026-04-13T14:58:51
/home/alex/Desktop/school/comp-vis/dataset/datasets--everettshen--StreetView360AtoZ/snapshots/f0b9ffb20c4dc68d4422db97b7da7b577970650e/data/1_WeSmKvFsfLYy_e1oV9b8tw_37.58552663_-75.78515463.jpg,54.69,clear,2026-04-13T14:58:52
/home/alex/Desktop/school/comp-vis/dataset/datasets--everettshen--StreetView360AtoZ/snapshots/f0b9ffb20c4dc68d4422db97b7da7b577970650e/data/1274_FKDLpaffM9Qjpb9AaGPosA_53.13323736_47.71090210.jpg,42.37,clear,2026-04-13T14:58:55
/home/alex/Desktop/school/comp-vis/dataset/datasets--everettshen--StreetView360AtoZ/snapshots/f0b9ffb20c4dc68d4422db97b7da7b577970650e/data/1149_QI9nA5re6N6TePZmStfAAA_-38.00104355_145.19074495.jpg,11.12,clear,2026-04-13T14:58:58
/home/alex/Desktop/school/comp-vis/dataset/datasets--everettshen--StreetView360AtoZ/snapshots/f0b9ffb20c4dc68d4422db97b7da7b577970650e/data/2339_LYfUxnYIOEaCMd2vgyi8uA_41.29588025_-92.65329953.jpg,58.00,clear,2026-04-13T14:59:03
/home/alex/Desktop/school/comp-vis/dataset/datasets--everettshen--StreetView360AtoZ/snapshots/f0b9ffb20c4dc68d4422db97b7da7b577970650e/data/1966_ug1FShKqmrbPFB4XBdpZmA_43.97969477_-97.67077528.jpg,27.35,clear,2026-04-13T14:59:06
/home/alex/Desktop/school/comp-vis/dataset/datasets--everettshen--StreetView360AtoZ/snapshots/f0b9ffb20c4dc68d4422db97b7da7b577970650e/data/324_QDyoo3v8VWm-XOBiUk1q4g_44.27778469_26.13659573.jpg,39.37,clear,2026-04-13T14:59:09
/home/alex/Desktop/school/comp-vis/dataset/datasets--everettshen--StreetView360AtoZ/snapshots/f0b9ffb20c4dc68d4422db97b7da7b577970650e/data/441_bmZZs6frbaZcnD-DTXMBXQ_47.39938475_21.66691520.jpg,54.69,clear,2026-04-13T14:59:13
/home/alex/Desktop/school/comp-vis/dataset/datasets--everettshen--StreetView360AtoZ/snapshots/f0b9ffb20c4dc68d4422db97b7da7b577970650e/data/151_BYGMzzVEhB9NBxvSZ0DcBA_17.99075804_74.43155213.jpg,46.58,clear,2026-04-13T14:59:15
/home/alex/Desktop/school/comp-vis/dataset/datasets--everettshen--StreetView360AtoZ/snapshots/f0b9ffb20c4dc68d4422db97b7da7b577970650e/data/265_hiuMipAs2x4IGWfDkJ2gHw_13.67733707_100.66355814.jpg,53.19,clear,2026-04-13T14:59:22
/home/alex/Desktop/school/comp-vis/dataset/datasets--everettshen--StreetView360AtoZ/snapshots/f0b9ffb20c4dc68d4422db97b7da7b577970650e/data/1799_ynJSh7h9eu3aYjmw28t6zA_-31.67905501_-63.88005856.jpg,59.80,clear,2026-04-13T14:59:26
/home/alex/Desktop/school/comp-vis/dataset/datasets--everettshen--StreetView360AtoZ/snapshots/f0b9ffb20c4dc68d4422db97b7da7b577970650e/data/1198_4PzEn2YwwKMbP7klk26EmQ_10.74966971_-74.76685114.jpg,77.53,clear,2026-04-13T14:59:35
/home/alex/Desktop/school/comp-vis/dataset/datasets--everettshen--StreetView360AtoZ/snapshots/f0b9ffb20c4dc68d4422db97b7da7b577970650e/data/244_B0bAf7F_7CMbaZ8aU1okcw_49.14285712_9.74565094.jpg,32.15,clear,2026-04-13T14:59:37
/home/alex/Desktop/school/comp-vis/dataset/datasets--everettshen--StreetView360AtoZ/snapshots/f0b9ffb20c4dc68d4422db97b7da7b577970650e/data/2627_bBNtplMxF3d3RiB1oXycDg_14.83878325_78.01949115.jpg,52.89,clear,2026-04-13T14:59:43
/home/alex/Desktop/school/comp-vis/dataset/datasets--everettshen--StreetView360AtoZ/snapshots/f0b9ffb20c4dc68d4422db97b7da7b577970650e/data/866__aDf5D9uc_p-yr7lN9U2ig_46.63058412_5.18019494.jpg,50.48,clear,2026-04-13T14:59:44
/home/alex/Desktop/school/comp-vis/dataset/datasets--everettshen--StreetView360AtoZ/snapshots/f0b9ffb20c4dc68d4422db97b7da7b577970650e/data/601_2bL6OgCsvpp9c2yJcxMeXQ_42.59429271_-6.50393189.jpg,42.97,clear,2026-04-13T14:59:46
/home/alex/Desktop/school/comp-vis/dataset/datasets--everettshen--StreetView360AtoZ/snapshots/f0b9ffb20c4dc68d4422db97b7da7b577970650e/data/1101_oMzCVvMABtapwUb0F2HFyA_11.27502852_77.52587561.jpg,62.80,clear,2026-04-13T14:59:47
/home/alex/Desktop/school/comp-vis/dataset/datasets--everettshen--StreetView360AtoZ/snapshots/f0b9ffb20c4dc68d4422db97b7da7b577970650e/data/1234_K_KNUM0---_0VEWKtk3OyQ_-26.49711688_31.37564038.jpg,38.16,clear,2026-04-13T14:59:48
/home/alex/Desktop/school/comp-vis/dataset/datasets--everettshen--StreetView360AtoZ/snapshots/f0b9ffb20c4dc68d4422db97b7da7b577970650e/data/1841_y3_UgiBOt1CCGhGAD9YubQ_30.33841682_-109.69261443.jpg,67.61,clear,2026-04-13T14:59:49
/home/alex/Desktop/school/comp-vis/dataset/datasets--everettshen--StreetView360AtoZ/snapshots/f0b9ffb20c4dc68d4422db97b7da7b577970650e/data/62_0Ze4pTltB6rnZA24KnOqMw_42.90874461_-76.54006201.jpg,44.17,clear,2026-04-13T14:59:57
/home/alex/Desktop/school/comp-vis/dataset/datasets--everettshen--StreetView360AtoZ/snapshots/f0b9ffb20c4dc68d4422db97b7da7b577970650e/data/939_CM63yD4OADgfYdODwj7RKg_38.26290882_36.22052295.jpg,24.64,clear,2026-04-13T14:59:59
/home/alex/Desktop/school/comp-vis/dataset/datasets--everettshen--StreetView360AtoZ/snapshots/f0b9ffb20c4dc68d4422db97b7da7b577970650e/data/1560_xJrj5tk8dVNwyzFe-IHx_Q_45.69778407_18.19714510.jpg,28.85,clear,2026-04-13T15:00:00
/home/alex/Desktop/school/comp-vis/dataset/datasets--everettshen--StreetView360AtoZ/snapshots/f0b9ffb20c4dc68d4422db97b7da7b577970650e/data/3146_BPGuLhqtBJubdXR7SGMbpw_41.88349876_-88.32353348.jpg,40.57,clear,2026-04-13T15:00:16
/home/alex/Desktop/school/comp-vis/dataset/datasets--everettshen--StreetView360AtoZ/snapshots/f0b9ffb20c4dc68d4422db97b7da7b577970650e/data/2386_yJof8gdhDRjqpC3UUi7tDw_44.63545992_-1.10805670.jpg,49.58,clear,2026-04-13T15:00:17
/home/alex/Desktop/school/comp-vis/dataset/datasets--everettshen--StreetView360AtoZ/snapshots/f0b9ffb20c4dc68d4422db97b7da7b577970650e/data/2279_viHKesQh8AbMHTyM9HpGUw_47.15901228_-98.00804042.jpg,61.30,clear,2026-04-13T15:00:19
/home/alex/Desktop/school/comp-vis/dataset/datasets--everettshen--StreetView360AtoZ/snapshots/f0b9ffb20c4dc68d4422db97b7da7b577970650e/data/1712_JhmcC6ibDodL8vpct4e2kA_18.76736146_-99.46462574.jpg,64.91,clear,2026-04-13T15:00:21
/home/alex/Desktop/school/comp-vis/dataset/datasets--everettshen--StreetView360AtoZ/snapshots/f0b9ffb20c4dc68d4422db97b7da7b577970650e/data/2739__xJZgrCyl2biqanPgzOtBA_30.21666096_-93.37348907.jpg,18.03,clear,2026-04-13T15:00:26
/home/alex/Desktop/school/comp-vis/dataset/datasets--everettshen--StreetView360AtoZ/snapshots/f0b9ffb20c4dc68d4422db97b7da7b577970650e/data/158_KuGut6wMratyBQ5yRBjqZA_-33.89103126_151.19547076.jpg,34.86,clear,2026-04-13T15:00:28
/home/alex/Desktop/school/comp-vis/dataset/datasets--everettshen--StreetView360AtoZ/snapshots/f0b9ffb20c4dc68d4422db97b7da7b577970650e/data/465_gGRWQd0VedSyUBD24m86Kg_49.59454917_6.03329163.jpg,36.06,clear,2026-04-13T15:00:37
/home/alex/Desktop/school/comp-vis/dataset/datasets--everettshen--StreetView360AtoZ/snapshots/f0b9ffb20c4dc68d4422db97b7da7b577970650e/data/1954_f5akGwf29hY669eO4JXLLA_58.13023077_25.17499713.jpg,36.06,clear,2026-04-13T15:00:37
/home/alex/Desktop/school/comp-vis/dataset/datasets--everettshen--StreetView360AtoZ/snapshots/f0b9ffb20c4dc68d4422db97b7da7b577970650e/data/1371_jqS0dljjiJMryqkIjtIpag_40.15248928_-77.71050926.jpg,62.20,clear,2026-04-13T15:00:40
/home/alex/Desktop/school/comp-vis/dataset/datasets--everettshen--StreetView360AtoZ/snapshots/f0b9ffb20c4dc68d4422db97b7da7b577970650e/data/338_i4--IPkrbAkd8f9V99pk4g_-32.93343418_27.45021695.jpg,39.67,clear,2026-04-13T15:00:41
/home/alex/Desktop/school/comp-vis/dataset/datasets--everettshen--StreetView360AtoZ/snapshots/f0b9ffb20c4dc68d4422db97b7da7b577970650e/data/623_4eo6oNPh1fYWgAwSh20pug_39.66706055_35.88284619.jpg,57.10,clear,2026-04-13T15:00:42
/home/alex/Desktop/school/comp-vis/dataset/datasets--everettshen--StreetView360AtoZ/snapshots/f0b9ffb20c4dc68d4422db97b7da7b577970650e/data/798_ojwsnWdif1lQyK6-pOcwww_-8.16065604_113.45901469.jpg,54.99,clear,2026-04-13T15:00:45
/home/alex/Desktop/school/comp-vis/dataset/datasets--everettshen--StreetView360AtoZ/snapshots/f0b9ffb20c4dc68d4422db97b7da7b577970650e/data/1286_DOewB3bhIZ_Sn5hZbSvuuQ_42.86705663_-79.38301538.jpg,68.81,clear,2026-04-13T15:00:47
/home/alex/Desktop/school/comp-vis/dataset/datasets--everettshen--StreetView360AtoZ/snapshots/f0b9ffb20c4dc68d4422db97b7da7b577970650e/data/1024_JszNC8YMAuCrRAXYnd_olQ_17.52759082_101.73077359.jpg,19.53,clear,2026-04-13T15:00:48
/home/alex/Desktop/school/comp-vis/dataset/datasets--everettshen--StreetView360AtoZ/snapshots/f0b9ffb20c4dc68d4422db97b7da7b577970650e/data/325_rh8Kx-J1c-zBeaN84qHS0A_48.82326978_14.33496027.jpg,29.75,clear,2026-04-13T15:00:52
/home/alex/Desktop/school/comp-vis/dataset/datasets--everettshen--StreetView360AtoZ/snapshots/f0b9ffb20c4dc68d4422db97b7da7b577970650e/data/388_nZeHMcgR4cypRe_puZlVEw_60.35253162_24.34604458.jpg,42.07,clear,2026-04-13T15:00:54
/home/alex/Desktop/school/comp-vis/dataset/datasets--everettshen--StreetView360AtoZ/snapshots/f0b9ffb20c4dc68d4422db97b7da7b577970650e/data/413_ZbUQkyO4ZT1Jq9y_-WlYRg_62.84245376_11.29563988.jpg,21.34,clear,2026-04-13T15:01:02
/home/alex/Desktop/school/comp-vis/dataset/datasets--everettshen--StreetView360AtoZ/snapshots/f0b9ffb20c4dc68d4422db97b7da7b577970650e/data/518_t1IydWMaCRT88rjWodT8lw_51.80696483_18.34615401.jpg,47.18,clear,2026-04-13T15:01:03
/home/alex/Desktop/school/comp-vis/dataset/datasets--everettshen--StreetView360AtoZ/snapshots/f0b9ffb20c4dc68d4422db97b7da7b577970650e/data/1148_uOY95PfOe5m9OTzAAso8rg_-26.40041780_153.06658168.jpg,65.81,clear,2026-04-13T15:01:05
/home/alex/Desktop/school/comp-vis/dataset/datasets--everettshen--StreetView360AtoZ/snapshots/f0b9ffb20c4dc68d4422db97b7da7b577970650e/data/1387_mI1sVIy72e6M8mG7DHA1GA_49.46467372_14.10584550.jpg,24.94,clear,2026-04-13T15:01:06
/home/alex/Desktop/school/comp-vis/dataset/datasets--everettshen--StreetView360AtoZ/snapshots/f0b9ffb20c4dc68d4422db97b7da7b577970650e/data/148_v73568fZdZXgRhhq-IE-Ig_61.74194473_50.77634539.jpg,36.36,clear,2026-04-13T15:01:08
/home/alex/Desktop/school/comp-vis/dataset/datasets--everettshen--StreetView360AtoZ/snapshots/f0b9ffb20c4dc68d4422db97b7da7b577970650e/data/617_Lqj6Y0jTJABzPv74MOClOQ_-34.59728682_150.89848329.jpg,60.70,clear,2026-04-13T15:01:10
/home/alex/Desktop/school/comp-vis/dataset/datasets--everettshen--StreetView360AtoZ/snapshots/f0b9ffb20c4dc68d4422db97b7da7b577970650e/data/1567_ijRqAM1WlIvG4eK6UGn6Tw_-2.63907499_29.74367727.jpg,59.80,clear,2026-04-13T15:01:11
/home/alex/Desktop/school/comp-vis/dataset/datasets--everettshen--StreetView360AtoZ/snapshots/f0b9ffb20c4dc68d4422db97b7da7b577970650e/data/1247_7kybBHx_1hTqYQlmgFsVlg_60.30101418_25.32690960.jpg,39.37,clear,2026-04-13T15:01:12
/home/alex/Desktop/school/comp-vis/dataset/datasets--everettshen--StreetView360AtoZ/snapshots/f0b9ffb20c4dc68d4422db97b7da7b577970650e/data/1320_k_-SLY1nWt4ZIRFQQ47oHA_47.64415501_23.49874033.jpg,48.38,clear,2026-04-13T15:01:13
/home/alex/Desktop/school/comp-vis/dataset/datasets--everettshen--StreetView360AtoZ/snapshots/f0b9ffb20c4dc68d4422db97b7da7b577970650e/data/216_gu60KbF25z_pl1ngmtor3w_45.79074838_-107.63254062.jpg,33.36,clear,2026-04-13T15:01:15
/home/alex/Desktop/school/comp-vis/dataset/datasets--everettshen--StreetView360AtoZ/snapshots/f0b9ffb20c4dc68d4422db97b7da7b577970650e/data/2223_L7nv9o9lzyS0iM6OyYp-2g_-28.81827585_-52.51050083.jpg,62.20,clear,2026-04-13T15:01:16
/home/alex/Desktop/school/comp-vis/dataset/datasets--everettshen--StreetView360AtoZ/snapshots/f0b9ffb20c4dc68d4422db97b7da7b577970650e/data/1298_lPRtwi0gK6G6lBkDNW8cAA_41.56666807_23.29997886.jpg,35.76,clear,2026-04-13T15:01:19
/home/alex/Desktop/school/comp-vis/dataset/datasets--everettshen--StreetView360AtoZ/snapshots/f0b9ffb20c4dc68d4422db97b7da7b577970650e/data/1508_XmrGQxRFruw1zicuzg_pPA_46.16529844_-96.97776631.jpg,50.48,clear,2026-04-13T15:01:20
/home/alex/Desktop/school/comp-vis/dataset/datasets--everettshen--StreetView360AtoZ/snapshots/f0b9ffb20c4dc68d4422db97b7da7b577970650e/data/1725_Hz_Tllk55hjuNdYVvzs9og_37.40444798_-6.07669851.jpg,29.15,clear,2026-04-13T15:01:24
/home/alex/Desktop/school/comp-vis/dataset/datasets--everettshen--StreetView360AtoZ/snapshots/f0b9ffb20c4dc68d4422db97b7da7b577970650e/data/2294_ZKrOwNUyMXsZNGvxkfceXw_38.52246972_-97.11433649.jpg,76.03,clear,2026-04-13T15:01:32
/home/alex/Desktop/school/comp-vis/dataset/datasets--everettshen--StreetView360AtoZ/snapshots/f0b9ffb20c4dc68d4422db97b7da7b577970650e/data/332_VJEAyQE5Gw4KByC7Q3c19Q_31.52898790_-97.16137245.jpg,18.33,clear,2026-04-13T15:01:36
/home/alex/Desktop/school/comp-vis/dataset/datasets--everettshen--StreetView360AtoZ/snapshots/f0b9ffb20c4dc68d4422db97b7da7b577970650e/data/1506_wROyArDAOGqrGrZCsIS3dQ_37.27353745_-89.68102087.jpg,35.76,clear,2026-04-13T15:01:40
/home/alex/Desktop/school/comp-vis/dataset/datasets--everettshen--StreetView360AtoZ/snapshots/f0b9ffb20c4dc68d4422db97b7da7b577970650e/data/3338_ZKdj23CHjh1d96YyqTl-2Q_46.83642924_-119.93365122.jpg,22.24,clear,2026-04-13T15:01:44
/home/alex/Desktop/school/comp-vis/dataset/datasets--everettshen--StreetView360AtoZ/snapshots/f0b9ffb20c4dc68d4422db97b7da7b577970650e/data/1319_zGs7SIbBC9By5GSn4_YxvA_38.01165417_-122.36664799.jpg,52.29,clear,2026-04-13T15:01:46
/home/alex/Desktop/school/comp-vis/dataset/datasets--everettshen--StreetView360AtoZ/snapshots/f0b9ffb20c4dc68d4422db97b7da7b577970650e/data/3361_9PbvE69CQM1cZy1k-3YBfg_62.59635627_9.56300629.jpg,40.87,clear,2026-04-13T15:01:47
/home/alex/Desktop/school/comp-vis/dataset/datasets--everettshen--StreetView360AtoZ/snapshots/f0b9ffb20c4dc68d4422db97b7da7b577970650e/data/2914_aBBb1kVkLbfMMZoEd5Vclg_35.15675341_-114.54627075.jpg,36.66,clear,2026-04-13T15:01:48
/home/alex/Desktop/school/comp-vis/dataset/datasets--everettshen--StreetView360AtoZ/snapshots/f0b9ffb20c4dc68d4422db97b7da7b577970650e/data/504_xXi7clF5Zl0vwOzZwBlFeA_17.01815903_99.81828553.jpg,46.28,clear,2026-04-13T15:01:53
/home/alex/Desktop/school/comp-vis/dataset/datasets--everettshen--StreetView360AtoZ/snapshots/f0b9ffb20c4dc68d4422db97b7da7b577970650e/data/1076_X_8ltzA0WxOOporjBkn3Dg_20.64618941_-100.30176436.jpg,47.48,clear,2026-04-13T15:01:57
/home/alex/Desktop/school/comp-vis/dataset/datasets--everettshen--StreetView360AtoZ/snapshots/f0b9ffb20c4dc68d4422db97b7da7b577970650e/data/437_HZTAVO_9ec2sHA0kvGyVkQ_38.48731178_-101.08191114.jpg,54.69,clear,2026-04-13T15:02:01
/home/alex/Desktop/school/comp-vis/dataset/datasets--everettshen--StreetView360AtoZ/snapshots/f0b9ffb20c4dc68d4422db97b7da7b577970650e/data/709_8EtqNhOssEf66AVaeyLvDA_12.70125983_77.06465252.jpg,48.38,clear,2026-04-13T15:02:04
/home/alex/Desktop/school/comp-vis/dataset/datasets--everettshen--StreetView360AtoZ/snapshots/f0b9ffb20c4dc68d4422db97b7da7b577970650e/data/2454_siMLX_JvPibwBLLd98i0vg_34.43786924_-100.23532806.jpg,18.93,clear,2026-04-13T15:02:07
/home/alex/Desktop/school/comp-vis/dataset/datasets--everettshen--StreetView360AtoZ/snapshots/f0b9ffb20c4dc68d4422db97b7da7b577970650e/data/1128_XcpQWo3T4V22IEsJQDYCYg_41.46185886_-96.77973854.jpg,39.67,clear,2026-04-13T15:02:10
/home/alex/Desktop/school/comp-vis/dataset/datasets--everettshen--StreetView360AtoZ/snapshots/f0b9ffb20c4dc68d4422db97b7da7b577970650e/data/490_Nh8Sw85rWJ2TncgSxiz4qA_17.93921053_102.85221904.jpg,22.24,clear,2026-04-13T15:02:12
/home/alex/Desktop/school/comp-vis/dataset/datasets--everettshen--StreetView360AtoZ/snapshots/f0b9ffb20c4dc68d4422db97b7da7b577970650e/data/2603_tEpt2A2e1Sh64fkNS3vFDQ_49.97248484_6.81886917.jpg,59.20,clear,2026-04-13T15:02:14
/home/alex/Desktop/school/comp-vis/dataset/datasets--everettshen--StreetView360AtoZ/snapshots/f0b9ffb20c4dc68d4422db97b7da7b577970650e/data/3_Z_SvQ0vJueVk2HQTXqb8-A_40.72437534_29.98925956.jpg,50.48,clear,2026-04-13T15:02:15
/home/alex/Desktop/school/comp-vis/dataset/datasets--everettshen--StreetView360AtoZ/snapshots/f0b9ffb20c4dc68d4422db97b7da7b577970650e/data/2741_8T4khEhqVCJDCidjxOGHqg_-3.61726265_120.98101901.jpg,79.03,clear,2026-04-13T15:02:25
/home/alex/Desktop/school/comp-vis/dataset/datasets--everettshen--StreetView360AtoZ/snapshots/f0b9ffb20c4dc68d4422db97b7da7b577970650e/data/1066_BdObkdI9DrymfnrtB4kEvw_12.21765729_123.53038555.jpg,45.68,clear,2026-04-13T15:02:37
/home/alex/Desktop/school/comp-vis/dataset/datasets--everettshen--StreetView360AtoZ/snapshots/f0b9ffb20c4dc68d4422db97b7da7b577970650e/data/160_xuQK_oY9NCEx9JzO4QZwNA_39.74956709_-8.91556672.jpg,62.20,clear,2026-04-13T15:02:43
/home/alex/Desktop/school/comp-vis/dataset/datasets--everettshen--StreetView360AtoZ/snapshots/f0b9ffb20c4dc68d4422db97b7da7b577970650e/data/1773_UvtodRbzj5N0DhWgsQJJSQ_-34.07865743_22.16333882.jpg,37.56,clear,2026-04-13T15:02:47
/home/alex/Desktop/school/comp-vis/dataset/datasets--everettshen--StreetView360AtoZ/snapshots/f0b9ffb20c4dc68d4422db97b7da7b577970650e/data/2216_Xuzzc75H-5w3HmZUNz2P5g_-26.69390865_152.80336960.jpg,53.79,clear,2026-04-13T15:02:49
/home/alex/Desktop/school/comp-vis/dataset/datasets--everettshen--StreetView360AtoZ/snapshots/f0b9ffb20c4dc68d4422db97b7da7b577970650e/data/1357_poFroti6a8VQOzfjMgEUlQ_27.79129722_73.33897050.jpg,17.73,clear,2026-04-13T15:02:53
/home/alex/Desktop/school/comp-vis/dataset/datasets--everettshen--StreetView360AtoZ/snapshots/f0b9ffb20c4dc68d4422db97b7da7b577970650e/data/745_Ol6kg1qx-OY0r7uYzAOhGA_46.75638338_4.33361818.jpg,25.84,clear,2026-04-13T15:02:55
/home/alex/Desktop/school/comp-vis/dataset/datasets--everettshen--StreetView360AtoZ/snapshots/f0b9ffb20c4dc68d4422db97b7da7b577970650e/data/377_uI8oBNmstkh9XOPAAX3HhQ_41.56751810_-8.43853770.jpg,45.98,clear,2026-04-13T15:03:00
/home/alex/Desktop/school/comp-vis/dataset/datasets--everettshen--StreetView360AtoZ/snapshots/f0b9ffb20c4dc68d4422db97b7da7b577970650e/data/960_4C_gHWZ-lm58jtZadBP1Mw_38.72844833_22.67063100.jpg,28.85,clear,2026-04-13T15:03:29
/home/alex/Desktop/school/comp-vis/dataset/datasets--everettshen--StreetView360AtoZ/snapshots/f0b9ffb20c4dc68d4422db97b7da7b577970650e/data/150_0m72tl3UXnqByHQPBBfksQ_50.96908640_5.76658513.jpg,45.98,clear,2026-04-13T15:03:30
/home/alex/Desktop/school/comp-vis/dataset/datasets--everettshen--StreetView360AtoZ/snapshots/f0b9ffb20c4dc68d4422db97b7da7b577970650e/data/903_fM4IUf-KmG9pw-MKFgkkcg_48.51659839_-72.23223135.jpg,49.58,clear,2026-04-13T15:03:35
/home/alex/Desktop/school/comp-vis/dataset/datasets--everettshen--StreetView360AtoZ/snapshots/f0b9ffb20c4dc68d4422db97b7da7b577970650e/data/1977_njimSPuYU4dYBZr-uSvtnw_-22.27573210_-51.50020480.jpg,47.18,clear,2026-04-13T15:03:37
/home/alex/Desktop/school/comp-vis/dataset/datasets--everettshen--StreetView360AtoZ/snapshots/f0b9ffb20c4dc68d4422db97b7da7b577970650e/data/1900_7R_4uj3dk9bjbF6d-EllEw_18.31726736_103.60000641.jpg,64.91,clear,2026-04-13T15:03:38
/home/alex/Desktop/school/comp-vis/dataset/datasets--everettshen--StreetView360AtoZ/snapshots/f0b9ffb20c4dc68d4422db97b7da7b577970650e/data/419_JruZINHTM1ca7gzin64RhA_39.20741366_-76.05076340.jpg,30.65,clear,2026-04-13T15:03:40
/home/alex/Desktop/school/comp-vis/dataset/datasets--everettshen--StreetView360AtoZ/snapshots/f0b9ffb20c4dc68d4422db97b7da7b577970650e/data/3448_6p6Doc5ukqRfrjOPmH4_cA_12.99817389_77.16351244.jpg,42.97,clear,2026-04-13T15:03:41
/home/alex/Desktop/school/comp-vis/dataset/datasets--everettshen--StreetView360AtoZ/snapshots/f0b9ffb20c4dc68d4422db97b7da7b577970650e/data/637_E_IK2sjV-D2ILUdY7Upakg_15.41740661_-91.88645424.jpg,56.19,clear,2026-04-13T15:03:42
/home/alex/Desktop/school/comp-vis/dataset/datasets--everettshen--StreetView360AtoZ/snapshots/f0b9ffb20c4dc68d4422db97b7da7b577970650e/data/1164__-3Q4yE8Wbn3i06yxnPhgA_45.87852047_-111.19648511.jpg,50.78,clear,2026-04-13T15:03:45
/home/alex/Desktop/school/comp-vis/dataset/datasets--everettshen--StreetView360AtoZ/snapshots/f0b9ffb20c4dc68d4422db97b7da7b577970650e/data/1341_8DF7seNzCDBwdUgpzpK1Fg_-5.08450933_-39.03972380.jpg,80.53,clear,2026-04-13T15:03:50
/home/alex/Desktop/school/comp-vis/dataset/datasets--everettshen--StreetView360AtoZ/snapshots/f0b9ffb20c4dc68d4422db97b7da7b577970650e/data/1081__ajnUobia3GKC7dUvICwLQ_53.64155830_21.53976732.jpg,46.58,clear,2026-04-13T15:03:58
/home/alex/Desktop/school/comp-vis/dataset/datasets--everettshen--StreetView360AtoZ/snapshots/f0b9ffb20c4dc68d4422db97b7da7b577970650e/data/318_nQVzGCH5zdPw3MgM5vVXtQ_63.42590531_10.39610904.jpg,21.64,clear,2026-04-13T15:04:01
/home/alex/Desktop/school/comp-vis/dataset/datasets--everettshen--StreetView360AtoZ/snapshots/f0b9ffb20c4dc68d4422db97b7da7b577970650e/data/542_On1ctVjvxBbHGttpmLXwUA_43.46362552_-98.64827767.jpg,15.03,clear,2026-04-13T15:04:03
/home/alex/Desktop/school/comp-vis/dataset/datasets--everettshen--StreetView360AtoZ/snapshots/f0b9ffb20c4dc68d4422db97b7da7b577970650e/data/896_WiFQKfrqdy2C1_xPDmykhw_23.53381762_91.48351851.jpg,35.46,clear,2026-04-13T15:04:05
/home/alex/Desktop/school/comp-vis/dataset/datasets--everettshen--StreetView360AtoZ/snapshots/f0b9ffb20c4dc68d4422db97b7da7b577970650e/data/1753_jlPoRO0wRXRtRp41gWD8-Q_-31.77895487_-70.96375570.jpg,55.59,clear,2026-04-13T15:04:06
/home/alex/Desktop/school/comp-vis/dataset/datasets--everettshen--StreetView360AtoZ/snapshots/f0b9ffb20c4dc68d4422db97b7da7b577970650e/data/241_KyO4x3jeZWp4my0hfyFZhg_48.49019730_-81.34983157.jpg,45.98,clear,2026-04-13T15:04:15
/home/alex/Desktop/school/comp-vis/dataset/datasets--everettshen--StreetView360AtoZ/snapshots/f0b9ffb20c4dc68d4422db97b7da7b577970650e/data/354_6jXc-zcbrvE1N22896q8VQ_46.56972637_0.46470447.jpg,46.58,clear,2026-04-13T15:04:19
/home/alex/Desktop/school/comp-vis/dataset/datasets--everettshen--StreetView360AtoZ/snapshots/f0b9ffb20c4dc68d4422db97b7da7b577970650e/data/1681_0gJ6e74yRIhuOJdiSjFI1Q_48.49214282_20.02606532.jpg,44.47,clear,2026-04-13T15:04:30
/home/alex/Desktop/school/comp-vis/dataset/datasets--everettshen--StreetView360AtoZ/snapshots/f0b9ffb20c4dc68d4422db97b7da7b577970650e/data/1600_UW1hu1TCSPqGzL-HCAVvRQ_15.41543773_103.47180865.jpg,47.18,clear,2026-04-13T15:04:32
/home/alex/Desktop/school/comp-vis/dataset/datasets--everettshen--StreetView360AtoZ/snapshots/f0b9ffb20c4dc68d4422db97b7da7b577970650e/data/2095_fuZA3RDKX1gxpfqV9pBM9A_36.27764483_-92.59272095.jpg,46.28,clear,2026-04-13T15:04:36
/home/alex/Desktop/school/comp-vis/dataset/datasets--everettshen--StreetView360AtoZ/snapshots/f0b9ffb20c4dc68d4422db97b7da7b577970650e/data/1255_OSoTfTwLQf2R_I_WGkFnhw_40.62178389_26.16983265.jpg,45.98,clear,2026-04-13T15:04:45
/home/alex/Desktop/school/comp-vis/dataset/datasets--everettshen--StreetView360AtoZ/snapshots/f0b9ffb20c4dc68d4422db97b7da7b577970650e/data/3022_Q0FHZqcTXw2UBJ5oakYNXg_51.33299066_128.16708862.jpg,40.87,clear,2026-04-13T15:04:48
/home/alex/Desktop/school/comp-vis/dataset/datasets--everettshen--StreetView360AtoZ/snapshots/f0b9ffb20c4dc68d4422db97b7da7b577970650e/data/747_SCJRpiZBvfW6UPnH8BeHyQ_-23.77899419_-50.94552676.jpg,38.76,clear,2026-04-13T15:04:54
/home/alex/Desktop/school/comp-vis/dataset/datasets--everettshen--StreetView360AtoZ/snapshots/f0b9ffb20c4dc68d4422db97b7da7b577970650e/data/3368_faJ5mIXWju1FJXqt7a9Y6Q_26.27332208_-98.64221746.jpg,78.43,clear,2026-04-13T15:05:00
/home/alex/Desktop/school/comp-vis/dataset/datasets--everettshen--StreetView360AtoZ/snapshots/f0b9ffb20c4dc68d4422db97b7da7b577970650e/data/2084_P-1qBrg_EBqA5SMcTdhK6A_48.31499780_2.68924827.jpg,42.37,clear,2026-04-13T15:05:02
/home/alex/Desktop/school/comp-vis/dataset/datasets--everettshen--StreetView360AtoZ/snapshots/f0b9ffb20c4dc68d4422db97b7da7b577970650e/data/735_fFT6ro5tP0XEceoV-kwwvA_33.03699801_129.91959238.jpg,33.96,clear,2026-04-13T15:05:09
/home/alex/Desktop/school/comp-vis/dataset/datasets--everettshen--StreetView360AtoZ/snapshots/f0b9ffb20c4dc68d4422db97b7da7b577970650e/data/45_C-P3dXLq9QusZ01F43vIyg_37.29342756_-79.85261976.jpg,56.19,clear,2026-04-13T15:05:11
/home/alex/Desktop/school/comp-vis/dataset/datasets--everettshen--StreetView360AtoZ/snapshots/f0b9ffb20c4dc68d4422db97b7da7b577970650e/data/2138_q-BuKjPvpLiqYVwO5CvYLg_36.17338875_-88.96232153.jpg,52.59,clear,2026-04-13T15:05:13
/home/alex/Desktop/school/comp-vis/dataset/datasets--everettshen--StreetView360AtoZ/snapshots/f0b9ffb20c4dc68d4422db97b7da7b577970650e/data/1489_uaIIyPO3GGuvLKMavILESA_43.85055095_26.44865123.jpg,41.47,clear,2026-04-13T15:05:25
/home/alex/Desktop/school/comp-vis/dataset/datasets--everettshen--StreetView360AtoZ/snapshots/f0b9ffb20c4dc68d4422db97b7da7b577970650e/data/1971_lkkLny2uXOeBZifN1QLq6A_31.97229993_-110.43369169.jpg,74.22,clear,2026-04-13T15:05:28
/home/alex/Desktop/school/comp-vis/dataset/datasets--everettshen--StreetView360AtoZ/snapshots/f0b9ffb20c4dc68d4422db97b7da7b577970650e/data/434__ACpsGnGyQ6VjJ9JyjRnuQ_39.11349938_-100.46440648.jpg,47.48,clear,2026-04-13T15:05:29
/home/alex/Desktop/school/comp-vis/dataset/datasets--everettshen--StreetView360AtoZ/snapshots/f0b9ffb20c4dc68d4422db97b7da7b577970650e/data/1576_U4E170pO-r4qi6Pvg8lY3A_13.24851896_77.70283830.jpg,70.62,clear,2026-04-13T15:05:35
/home/alex/Desktop/school/comp-vis/dataset/datasets--everettshen--StreetView360AtoZ/snapshots/f0b9ffb20c4dc68d4422db97b7da7b577970650e/data/200_HCVtyCIYXT0c-X_yCnGqOw_53.96751365_9.49448322.jpg,54.69,clear,2026-04-13T15:05:39
/home/alex/Desktop/school/comp-vis/dataset/datasets--everettshen--StreetView360AtoZ/snapshots/f0b9ffb20c4dc68d4422db97b7da7b577970650e/data/1340_0fOY-hHiqYati3N0FTpTRg_44.01105030_20.90972060.jpg,19.53,clear,2026-04-13T15:05:42
/home/alex/Desktop/school/comp-vis/dataset/datasets--everettshen--StreetView360AtoZ/snapshots/f0b9ffb20c4dc68d4422db97b7da7b577970650e/data/932_4aeELvQvseRmWPGkOmlezw_34.21314313_135.30140421.jpg,10.82,clear,2026-04-13T15:05:47
/home/alex/Desktop/school/comp-vis/dataset/datasets--everettshen--StreetView360AtoZ/snapshots/f0b9ffb20c4dc68d4422db97b7da7b577970650e/data/314_ahX4fuFdDejsPgUA-DN15w_55.92753106_158.70771172.jpg,55.89,clear,2026-04-13T15:05:48
/home/alex/Desktop/school/comp-vis/dataset/datasets--everettshen--StreetView360AtoZ/snapshots/f0b9ffb20c4dc68d4422db97b7da7b577970650e/data/2416_QvhvBC9YvVnaILTwei0ZAA_46.41669896_26.43352348.jpg,33.96,clear,2026-04-13T15:05:50
/home/alex/Desktop/school/comp-vis/dataset/datasets--everettshen--StreetView360AtoZ/snapshots/f0b9ffb20c4dc68d4422db97b7da7b577970650e/data/2554_-okB44_2cDtwfFsKBdCWjQ_15.80866434_76.19989665.jpg,47.48,clear,2026-04-13T15:05:51
/home/alex/Desktop/school/comp-vis/dataset/datasets--everettshen--StreetView360AtoZ/snapshots/f0b9ffb20c4dc68d4422db97b7da7b577970650e/data/1584_zuqqhuJuJPp_cw9c6T8ybA_51.06382377_4.20723928.jpg,45.68,clear,2026-04-13T15:05:53
/home/alex/Desktop/school/comp-vis/dataset/datasets--everettshen--StreetView360AtoZ/snapshots/f0b9ffb20c4dc68d4422db97b7da7b577970650e/data/1573_Z72ZCUovdn3dr0YazIYIfg_1.31790391_103.93715824.jpg,54.69,clear,2026-04-13T15:05:56
/home/alex/Desktop/school/comp-vis/dataset/datasets--everettshen--StreetView360AtoZ/snapshots/f0b9ffb20c4dc68d4422db97b7da7b577970650e/data/2921_NIguT4Y0V-puF9gHwdGo0Q_43.25015903_11.81625315.jpg,45.68,clear,2026-04-13T15:05:59
/home/alex/Desktop/school/comp-vis/dataset/datasets--everettshen--StreetView360AtoZ/snapshots/f0b9ffb20c4dc68d4422db97b7da7b577970650e/data/376_e8Ahi-s2eSxSg01jyJiI2Q_45.35030950_38.02854843.jpg,60.70,clear,2026-04-13T15:06:06
/home/alex/Desktop/school/comp-vis/dataset/datasets--everettshen--StreetView360AtoZ/snapshots/f0b9ffb20c4dc68d4422db97b7da7b577970650e/data/2562_cBEvnP2B367FHfUljnuM6A_38.99620727_141.70202110.jpg,59.20,clear,2026-04-13T15:06:10
/home/alex/Desktop/school/comp-vis/dataset/datasets--everettshen--StreetView360AtoZ/snapshots/f0b9ffb20c4dc68d4422db97b7da7b577970650e/data/3290_FT4TCXw4t6LCJEhLtnBDwA_46.12482662_11.25512523.jpg,39.37,clear,2026-04-13T15:06:11
/home/alex/Desktop/school/comp-vis/dataset/datasets--everettshen--StreetView360AtoZ/snapshots/f0b9ffb20c4dc68d4422db97b7da7b577970650e/data/724_O9enYj51N3P3EwhTuymT_Q_17.20006438_120.44994044.jpg,34.56,clear,2026-04-13T15:06:40
/home/alex/Desktop/school/comp-vis/dataset/datasets--everettshen--StreetView360AtoZ/snapshots/f0b9ffb20c4dc68d4422db97b7da7b577970650e/data/335_OYU1iINk-sfqO8NnENrzzA_48.80356289_4.95508487.jpg,39.37,clear,2026-04-13T15:06:41
/home/alex/Desktop/school/comp-vis/dataset/datasets--everettshen--StreetView360AtoZ/snapshots/f0b9ffb20c4dc68d4422db97b7da7b577970650e/data/1947_zHmuJktlNStnAZ6IZ92yrw_-6.87438913_-39.87457717.jpg,72.12,clear,2026-04-13T15:06:48
/home/alex/Desktop/school/comp-vis/dataset/datasets--everettshen--StreetView360AtoZ/snapshots/f0b9ffb20c4dc68d4422db97b7da7b577970650e/data/1152_zBbpRyowUzNS6u1wAwX-pQ_50.94887126_16.43879325.jpg,17.73,clear,2026-04-13T15:06:52
/home/alex/Desktop/school/comp-vis/dataset/datasets--everettshen--StreetView360AtoZ/snapshots/f0b9ffb20c4dc68d4422db97b7da7b577970650e/data/2497_iwanqBbbVGGX7gBZsowAsA_36.76112172_-103.83412461.jpg,32.15,clear,2026-04-13T15:07:03
/home/alex/Desktop/school/comp-vis/dataset/datasets--everettshen--StreetView360AtoZ/snapshots/f0b9ffb20c4dc68d4422db97b7da7b577970650e/data/1184_xRgovNJjz-JOKJ3u8TafUw_-26.23812404_-65.49605333.jpg,64.91,clear,2026-04-13T15:07:07
/home/alex/Desktop/school/comp-vis/dataset/datasets--everettshen--StreetView360AtoZ/snapshots/f0b9ffb20c4dc68d4422db97b7da7b577970650e/data/235_G3YEzxyUqns06FmamrIulA_35.89044957_14.51931536.jpg,42.97,clear,2026-04-13T15:07:13
/home/alex/Desktop/school/comp-vis/dataset/datasets--everettshen--StreetView360AtoZ/snapshots/f0b9ffb20c4dc68d4422db97b7da7b577970650e/data/3386_9FIFAORdkzzttCoQGJS9bA_66.85570790_-150.56534755.jpg,50.48,clear,2026-04-13T15:07:15
/home/alex/Desktop/school/comp-vis/dataset/datasets--everettshen--StreetView360AtoZ/snapshots/f0b9ffb20c4dc68d4422db97b7da7b577970650e/data/317_j9b2jTeqrnLeOvEO5k_qmQ_43.36333194_-124.19349305.jpg,36.36,clear,2026-04-13T15:07:19
/home/alex/Desktop/school/comp-vis/dataset/datasets--everettshen--StreetView360AtoZ/snapshots/f0b9ffb20c4dc68d4422db97b7da7b577970650e/data/404_tky7CWy-ommhgFmflPTsFA_55.50021453_12.98324164.jpg,49.58,clear,2026-04-13T15:07:28
/home/alex/Desktop/school/comp-vis/dataset/datasets--everettshen--StreetView360AtoZ/snapshots/f0b9ffb20c4dc68d4422db97b7da7b577970650e/data/3342_tN5boKcIYWxqskEiJK9xlw_43.99156015_25.28883150.jpg,68.21,clear,2026-04-13T15:07:33
/home/alex/Desktop/school/comp-vis/dataset/datasets--everettshen--StreetView360AtoZ/snapshots/f0b9ffb20c4dc68d4422db97b7da7b577970650e/data/1739_81o3ybuVZTwluPqKV2rAjQ_53.75756945_22.75496215.jpg,44.47,clear,2026-04-13T15:07:35
/home/alex/Desktop/school/comp-vis/dataset/datasets--everettshen--StreetView360AtoZ/snapshots/f0b9ffb20c4dc68d4422db97b7da7b577970650e/data/2341_48R0tZxI9SxLd-TsvUqz3A_34.09796571_-84.01323553.jpg,58.90,clear,2026-04-13T15:07:37
/home/alex/Desktop/school/comp-vis/dataset/datasets--everettshen--StreetView360AtoZ/snapshots/f0b9ffb20c4dc68d4422db97b7da7b577970650e/data/2964_Cm5xFM2TqJluJhKQ_reoTQ_30.65379384_-97.87559037.jpg,78.13,clear,2026-04-13T15:07:42
/home/alex/Desktop/school/comp-vis/dataset/datasets--everettshen--StreetView360AtoZ/snapshots/f0b9ffb20c4dc68d4422db97b7da7b577970650e/data/723_zPRZJbO4KHNO-_X_lgzniA_50.07039898_27.52078809.jpg,52.29,clear,2026-04-13T15:07:44
/home/alex/Desktop/school/comp-vis/dataset/datasets--everettshen--StreetView360AtoZ/snapshots/f0b9ffb20c4dc68d4422db97b7da7b577970650e/data/1917_i9150zEDdcV3RF31shnmXQ_38.07673225_23.82089892.jpg,43.27,clear,2026-04-13T15:07:53
/home/alex/Desktop/school/comp-vis/dataset/datasets--everettshen--StreetView360AtoZ/snapshots/f0b9ffb20c4dc68d4422db97b7da7b577970650e/data/1469_yiNfUnOnYxuwYNqJM9Zjdw_40.33315734_-80.59464889.jpg,44.77,clear,2026-04-13T15:07:55
/home/alex/Desktop/school/comp-vis/dataset/datasets--everettshen--StreetView360AtoZ/snapshots/f0b9ffb20c4dc68d4422db97b7da7b577970650e/data/50_GksqR4wbApzrzKRXC7cseQ_42.44249077_-123.32512046.jpg,19.83,clear,2026-04-13T15:07:57
/home/alex/Desktop/school/comp-vis/dataset/datasets--everettshen--StreetView360AtoZ/snapshots/f0b9ffb20c4dc68d4422db97b7da7b577970650e/data/1603_Nc7i2RoLtvXr26IifWqZrw_-38.20514460_146.06058473.jpg,69.72,clear,2026-04-13T15:08:04
/home/alex/Desktop/school/comp-vis/dataset/datasets--everettshen--StreetView360AtoZ/snapshots/f0b9ffb20c4dc68d4422db97b7da7b577970650e/data/3026_DCRb2ng6XNgoMCJxnkIpQg_20.57275325_-89.93139256.jpg,35.46,clear,2026-04-13T15:08:06
/home/alex/Desktop/school/comp-vis/dataset/datasets--everettshen--StreetView360AtoZ/snapshots/f0b9ffb20c4dc68d4422db97b7da7b577970650e/data/589_pLZa3M2DUYg6MuwbRAtjRA_19.99262909_76.49504755.jpg,73.92,clear,2026-04-13T15:08:09
/home/alex/Desktop/school/comp-vis/dataset/datasets--everettshen--StreetView360AtoZ/snapshots/f0b9ffb20c4dc68d4422db97b7da7b577970650e/data/1240_fegx_jlNHpjoThnzXHgkWw_40.16969016_-120.36891420.jpg,28.25,clear,2026-04-13T15:08:14
/home/alex/Desktop/school/comp-vis/dataset/datasets--everettshen--StreetView360AtoZ/snapshots/f0b9ffb20c4dc68d4422db97b7da7b577970650e/data/308_iYCeHlzmmxbgv_3sODuDXQ_30.42643208_-88.89080440.jpg,30.05,clear,2026-04-13T15:08:18
/home/alex/Desktop/school/comp-vis/dataset/datasets--everettshen--StreetView360AtoZ/snapshots/f0b9ffb20c4dc68d4422db97b7da7b577970650e/data/1987_J1q-a1rG3WGJLI4WXvk0iA_42.80491492_-101.12263201.jpg,36.66,clear,2026-04-13T15:08:19
/home/alex/Desktop/school/comp-vis/dataset/datasets--everettshen--StreetView360AtoZ/snapshots/f0b9ffb20c4dc68d4422db97b7da7b577970650e/data/819_arxH4tMMZvLgMQ61gJAcbw_48.19358639_-79.04244119.jpg,29.75,clear,2026-04-13T15:08:21
/home/alex/Desktop/school/comp-vis/dataset/datasets--everettshen--StreetView360AtoZ/snapshots/f0b9ffb20c4dc68d4422db97b7da7b577970650e/data/2455__XKjkylay3X7D3YeE35yjw_-3.76152736_-40.81669408.jpg,46.58,clear,2026-04-13T15:08:23
/home/alex/Desktop/school/comp-vis/dataset/datasets--everettshen--StreetView360AtoZ/snapshots/f0b9ffb20c4dc68d4422db97b7da7b577970650e/data/723_VGkD_MyrG6zbFN4FDnd0Gg_23.63326940_68.95025102.jpg,15.63,clear,2026-04-13T15:08:25
/home/alex/Desktop/school/comp-vis/dataset/datasets--everettshen--StreetView360AtoZ/snapshots/f0b9ffb20c4dc68d4422db97b7da7b577970650e/data/4_F7wtSxzLbhgvXecgfVjr4w_45.73891593_7.58855234.jpg,58.30,clear,2026-04-13T15:08:33
/home/alex/Desktop/school/comp-vis/dataset/datasets--everettshen--StreetView360AtoZ/snapshots/f0b9ffb20c4dc68d4422db97b7da7b577970650e/data/1293_3iQrwXu7O5zwJs6_B5Zvtg_43.64395926_-108.19815902.jpg,45.38,clear,2026-04-13T15:08:40
/home/alex/Desktop/school/comp-vis/dataset/datasets--everettshen--StreetView360AtoZ/snapshots/f0b9ffb20c4dc68d4422db97b7da7b577970650e/data/126_jv7ZS-zUAGchV0iCsTy1lQ_35.65912084_128.32870326.jpg,33.96,clear,2026-04-13T15:08:43
/home/alex/Desktop/school/comp-vis/dataset/datasets--everettshen--StreetView360AtoZ/snapshots/f0b9ffb20c4dc68d4422db97b7da7b577970650e/data/1631_ZVlj_xoFKlDawstx7RFI7Q_35.49319162_-97.55483799.jpg,23.14,clear,2026-04-13T15:08:46
/home/alex/Desktop/school/comp-vis/dataset/datasets--everettshen--StreetView360AtoZ/snapshots/f0b9ffb20c4dc68d4422db97b7da7b577970650e/data/2039_D99ZptqHylGwGw2qzFOk4w_42.44652739_1.78607128.jpg,67.31,clear,2026-04-13T15:08:51
/home/alex/Desktop/school/comp-vis/dataset/datasets--everettshen--StreetView360AtoZ/snapshots/f0b9ffb20c4dc68d4422db97b7da7b577970650e/data/1621_vMMg7o-k2n2UUUUS2Q5lLQ_14.68306275_-17.44876919.jpg,58.90,clear,2026-04-13T15:08:52
/home/alex/Desktop/school/comp-vis/dataset/datasets--everettshen--StreetView360AtoZ/snapshots/f0b9ffb20c4dc68d4422db97b7da7b577970650e/data/2662_7wQ8_1pNeOrvhzOyiEOl0g_20.47822843_85.89999175.jpg,32.45,clear,2026-04-13T15:08:54
/home/alex/Desktop/school/comp-vis/dataset/datasets--everettshen--StreetView360AtoZ/snapshots/f0b9ffb20c4dc68d4422db97b7da7b577970650e/data/976_quK7O24qG-AoG8pVp4LczA_24.54948497_74.93790323.jpg,37.56,clear,2026-04-13T15:08:58
/home/alex/Desktop/school/comp-vis/dataset/datasets--everettshen--StreetView360AtoZ/snapshots/f0b9ffb20c4dc68d4422db97b7da7b577970650e/data/1407_ss1vfnR9D0o-UekR1YkA9g_16.28590215_81.27347824.jpg,38.76,clear,2026-04-13T15:09:20
/home/alex/Desktop/school/comp-vis/dataset/datasets--everettshen--StreetView360AtoZ/snapshots/f0b9ffb20c4dc68d4422db97b7da7b577970650e/data/2911_MsEGbK_s7qLuUupvgm2LhA_-34.20942779_142.20237323.jpg,32.15,clear,2026-04-13T15:09:22
/home/alex/Desktop/school/comp-vis/dataset/datasets--everettshen--StreetView360AtoZ/snapshots/f0b9ffb20c4dc68d4422db97b7da7b577970650e/data/2911_MsEGbK_s7qLuUupvgm2LhA_-34.20942779_142.20237323.jpg,33.66,clear,2026-04-13T15:09:26
/home/alex/Desktop/school/comp-vis/dataset/datasets--everettshen--StreetView360AtoZ/snapshots/f0b9ffb20c4dc68d4422db97b7da7b577970650e/data/759_Ph3uB4cb0l1j3kxKdkT4sg_15.42462265_120.69619047.jpg,57.10,clear,2026-04-13T15:09:28
/home/alex/Desktop/school/comp-vis/dataset/datasets--everettshen--StreetView360AtoZ/snapshots/f0b9ffb20c4dc68d4422db97b7da7b577970650e/data/315_Uia7BAfIcN5nxCwa108nZw_41.46091170_-91.98683635.jpg,31.55,clear,2026-04-13T15:09:29
/home/alex/Desktop/school/comp-vis/dataset/datasets--everettshen--StreetView360AtoZ/snapshots/f0b9ffb20c4dc68d4422db97b7da7b577970650e/data/1546_tREVHmb6CKWXFMDMPE378g_28.44320393_-96.42513674.jpg,55.89,clear,2026-04-13T15:09:33
/home/alex/Desktop/school/comp-vis/dataset/datasets--everettshen--StreetView360AtoZ/snapshots/f0b9ffb20c4dc68d4422db97b7da7b577970650e/data/100_Sot4Jx_tz4pMJ8Q-ZEkXuA_54.74903146_74.98965468.jpg,51.39,clear,2026-04-13T15:09:37
/home/alex/Desktop/school/comp-vis/dataset/datasets--everettshen--StreetView360AtoZ/snapshots/f0b9ffb20c4dc68d4422db97b7da7b577970650e/data/3215_0BWPnfgnA0GhgpUJFOudsA_-24.06662973_-46.56662983.jpg,61.30,clear,2026-04-13T15:09:38
/home/alex/Desktop/school/comp-vis/dataset/datasets--everettshen--StreetView360AtoZ/snapshots/f0b9ffb20c4dc68d4422db97b7da7b577970650e/data/809_ia-tIyuCDqnzUmcF7TlCWw_38.38266113_-4.97138853.jpg,30.95,clear,2026-04-13T15:09:41
/home/alex/Desktop/school/comp-vis/dataset/datasets--everettshen--StreetView360AtoZ/snapshots/f0b9ffb20c4dc68d4422db97b7da7b577970650e/data/1104_83_07y8Mx8fcfRUgQ37N9g_-36.60681919_142.35770258.jpg,45.08,clear,2026-04-13T15:09:43
/home/alex/Desktop/school/comp-vis/dataset/datasets--everettshen--StreetView360AtoZ/snapshots/f0b9ffb20c4dc68d4422db97b7da7b577970650e/data/1645_NxR5h7WzpdbqpA1Et0bmwQ_15.80430760_120.41421185.jpg,66.11,clear,2026-04-13T15:09:45
/home/alex/Desktop/school/comp-vis/dataset/datasets--everettshen--StreetView360AtoZ/snapshots/f0b9ffb20c4dc68d4422db97b7da7b577970650e/data/2122_i4fSJJ5Z42YrUa9csjBS7Q_41.69848128_-86.88196901.jpg,54.99,clear,2026-04-13T15:09:53
/home/alex/Desktop/school/comp-vis/dataset/datasets--everettshen--StreetView360AtoZ/snapshots/f0b9ffb20c4dc68d4422db97b7da7b577970650e/data/2248_uSJXbkJRXQ-yqSmGWUKtHg_44.13032570_23.79306516.jpg,45.98,clear,2026-04-13T15:09:54
/home/alex/Desktop/school/comp-vis/dataset/datasets--everettshen--StreetView360AtoZ/snapshots/f0b9ffb20c4dc68d4422db97b7da7b577970650e/data/913_UL2nug9XR6IYNdozK147iQ_25.54505957_55.55313430.jpg,20.73,clear,2026-04-13T15:09:58
/home/alex/Desktop/school/comp-vis/dataset/datasets--everettshen--StreetView360AtoZ/snapshots/f0b9ffb20c4dc68d4422db97b7da7b577970650e/data/2592_ELI6ScAwyaJl-p0dRqpLuA_39.39702712_-101.04027590.jpg,45.08,clear,2026-04-13T15:10:24
/home/alex/Desktop/school/comp-vis/dataset/datasets--everettshen--StreetView360AtoZ/snapshots/f0b9ffb20c4dc68d4422db97b7da7b577970650e/data/406_QW2RdLmMiAuZUuD67bCuUg_64.46372566_13.59119856.jpg,26.44,clear,2026-04-13T15:10:27
/home/alex/Desktop/school/comp-vis/dataset/datasets--everettshen--StreetView360AtoZ/snapshots/f0b9ffb20c4dc68d4422db97b7da7b577970650e/data/1637_pnei4Xq7zyHwVFZE9mDUJA_37.23727665_126.53029529.jpg,31.55,clear,2026-04-13T15:10:29
/home/alex/Desktop/school/comp-vis/dataset/datasets--everettshen--StreetView360AtoZ/snapshots/f0b9ffb20c4dc68d4422db97b7da7b577970650e/data/1051_o8hfVlryqeGc9cigZFODDw_-23.57207634_-46.03870867.jpg,45.68,clear,2026-04-13T15:10:32
/home/alex/Desktop/school/comp-vis/dataset/datasets--everettshen--StreetView360AtoZ/snapshots/f0b9ffb20c4dc68d4422db97b7da7b577970650e/data/272_gPPDDNv4CmkzJyoR7WOt5A_47.99389494_13.35131233.jpg,40.87,clear,2026-04-13T15:10:39
/home/alex/Desktop/school/comp-vis/dataset/datasets--everettshen--StreetView360AtoZ/snapshots/f0b9ffb20c4dc68d4422db97b7da7b577970650e/data/15_o9X8teY70Cnmw0aHZ_wk_w_46.26721379_-97.33502818.jpg,56.79,clear,2026-04-13T15:10:40
/home/alex/Desktop/school/comp-vis/dataset/datasets--everettshen--StreetView360AtoZ/snapshots/f0b9ffb20c4dc68d4422db97b7da7b577970650e/data/172_JKXkVAN0WDOvB_yiHlGB6Q_40.69628096_-92.91596099.jpg,56.79,clear,2026-04-13T15:10:41
/home/alex/Desktop/school/comp-vis/dataset/datasets--everettshen--StreetView360AtoZ/snapshots/f0b9ffb20c4dc68d4422db97b7da7b577970650e/data/2372_j3lnRG6uUnhEZSjCcoZhkw_-8.53456566_115.40255605.jpg,54.09,clear,2026-04-13T15:10:45
/home/alex/Desktop/school/comp-vis/dataset/datasets--everettshen--StreetView360AtoZ/snapshots/f0b9ffb20c4dc68d4422db97b7da7b577970650e/data/1768_TKQAfKm4lKaLnV1shfErZg_40.66499894_23.70010082.jpg,73.62,clear,2026-04-13T15:10:48
/home/alex/Desktop/school/comp-vis/dataset/datasets--everettshen--StreetView360AtoZ/snapshots/f0b9ffb20c4dc68d4422db97b7da7b577970650e/data/1183_3ynWbcZyppuUprbkYLDYZQ_20.60134894_-103.78400555.jpg,69.42,clear,2026-04-13T15:10:50
/home/alex/Desktop/school/comp-vis/dataset/datasets--everettshen--StreetView360AtoZ/snapshots/f0b9ffb20c4dc68d4422db97b7da7b577970650e/data/161_V4i_l0w0hBKUJh_Bgqdpfg_44.76215067_7.30591994.jpg,31.55,clear,2026-04-13T15:10:53
/home/alex/Desktop/school/comp-vis/dataset/datasets--everettshen--StreetView360AtoZ/snapshots/f0b9ffb20c4dc68d4422db97b7da7b577970650e/data/2649_swrZD8wtgiqUDzmY3pet9A_40.46540161_-96.85126764.jpg,25.84,clear,2026-04-13T15:10:58
/home/alex/Desktop/school/comp-vis/dataset/datasets--everettshen--StreetView360AtoZ/snapshots/f0b9ffb20c4dc68d4422db97b7da7b577970650e/data/2858_szpuchNFGE2r0Cj0Yw5JMA_46.36305651_40.81850604.jpg,35.46,clear,2026-04-13T15:11:01
/home/alex/Desktop/school/comp-vis/dataset/datasets--everettshen--StreetView360AtoZ/snapshots/f0b9ffb20c4dc68d4422db97b7da7b577970650e/data/427_AeSId53Z68Lo-fuPVvrmbg_40.82630179_-100.99285657.jpg,24.64,clear,2026-04-13T15:11:05
/home/alex/Desktop/school/comp-vis/dataset/datasets--everettshen--StreetView360AtoZ/snapshots/f0b9ffb20c4dc68d4422db97b7da7b577970650e/data/46_2B5KGWlv3AtOJGwkzJTTDg_-38.48835765_177.89012216.jpg,29.75,clear,2026-04-13T15:11:07
/home/alex/Desktop/school/comp-vis/dataset/datasets--everettshen--StreetView360AtoZ/snapshots/f0b9ffb20c4dc68d4422db97b7da7b577970650e/data/36_nuB9KJiXB48PXG56YfBElQ_3.11217989_99.17258173.jpg,73.92,clear,2026-04-13T15:11:11
/home/alex/Desktop/school/comp-vis/dataset/datasets--everettshen--StreetView360AtoZ/snapshots/f0b9ffb20c4dc68d4422db97b7da7b577970650e/data/393_j0MjwYML5v6uWmF1NNz9ig_42.32156504_-103.07296603.jpg,21.64,clear,2026-04-13T15:11:16
/home/alex/Desktop/school/comp-vis/dataset/datasets--everettshen--StreetView360AtoZ/snapshots/f0b9ffb20c4dc68d4422db97b7da7b577970650e/data/137_nd9kQhT9e04jgpv0Iqy27w_53.43408865_22.45647337.jpg,45.68,clear,2026-04-13T15:11:17
/home/alex/Desktop/school/comp-vis/dataset/datasets--everettshen--StreetView360AtoZ/snapshots/f0b9ffb20c4dc68d4422db97b7da7b577970650e/data/667_KajRn0UxB9OwtXqjcish5Q_50.77263746_0.26277950.jpg,39.67,clear,2026-04-13T15:11:35
/home/alex/Desktop/school/comp-vis/dataset/datasets--everettshen--StreetView360AtoZ/snapshots/f0b9ffb20c4dc68d4422db97b7da7b577970650e/data/446_actmpj5C2fFcLuBdqte3Vw_-38.35873049_144.93270221.jpg,49.88,clear,2026-04-13T15:11:37
/home/alex/Desktop/school/comp-vis/dataset/datasets--everettshen--StreetView360AtoZ/snapshots/f0b9ffb20c4dc68d4422db97b7da7b577970650e/data/2764_AFQRGF5ldJvVi5t6TdaElA_-3.26305909_121.03144682.jpg,41.17,clear,2026-04-13T15:11:40
/home/alex/Desktop/school/comp-vis/dataset/datasets--everettshen--StreetView360AtoZ/snapshots/f0b9ffb20c4dc68d4422db97b7da7b577970650e/data/1463_M7-1rdJY9GAT3e_ccxa9oQ_47.33345061_22.05015941.jpg,56.19,clear,2026-04-13T15:11:41
/home/alex/Desktop/school/comp-vis/dataset/datasets--everettshen--StreetView360AtoZ/snapshots/f0b9ffb20c4dc68d4422db97b7da7b577970650e/data/1275_yDSUksrwqyMog4yARppQoA_11.19448261_77.06358492.jpg,32.75,clear,2026-04-13T15:11:43
/home/alex/Desktop/school/comp-vis/dataset/datasets--everettshen--StreetView360AtoZ/snapshots/f0b9ffb20c4dc68d4422db97b7da7b577970650e/data/684_dd5uymZDoQXoc08ade4Vzw_35.35349471_-101.37047704.jpg,38.16,clear,2026-04-13T15:11:44
/home/alex/Desktop/school/comp-vis/dataset/datasets--everettshen--StreetView360AtoZ/snapshots/f0b9ffb20c4dc68d4422db97b7da7b577970650e/data/3060_5krSo6mC0c4munVqc6tueg_15.75338723_-96.13422531.jpg,33.06,clear,2026-04-13T15:11:47
/home/alex/Desktop/school/comp-vis/dataset/datasets--everettshen--StreetView360AtoZ/snapshots/f0b9ffb20c4dc68d4422db97b7da7b577970650e/data/3025_04BC7MTeSrCDV0qbQSVQOA_42.39747241_-88.61219921.jpg,24.64,clear,2026-04-13T15:11:48
/home/alex/Desktop/school/comp-vis/dataset/datasets--everettshen--StreetView360AtoZ/snapshots/f0b9ffb20c4dc68d4422db97b7da7b577970650e/data/2988_Peg-9bt1O5QEqT7KazSzpw_17.00928455_-100.09463480.jpg,67.31,clear,2026-04-13T15:11:51
/home/alex/Desktop/school/comp-vis/dataset/datasets--everettshen--StreetView360AtoZ/snapshots/f0b9ffb20c4dc68d4422db97b7da7b577970650e/data/993_DIXlBkcU2LnqPYLBGqyJAQ_57.19167251_10.10451258.jpg,32.15,clear,2026-04-13T15:11:52
/home/alex/Desktop/school/comp-vis/dataset/datasets--everettshen--StreetView360AtoZ/snapshots/f0b9ffb20c4dc68d4422db97b7da7b577970650e/data/357_Ku6VI6NQeTiJVLTpW9wGWA_42.49533031_0.71371518.jpg,51.39,clear,2026-04-13T15:11:55
/home/alex/Desktop/school/comp-vis/dataset/datasets--everettshen--StreetView360AtoZ/snapshots/f0b9ffb20c4dc68d4422db97b7da7b577970650e/data/1342_jiq5ScZZ1Je5jw3zoagygA_-38.01105408_-57.55293126.jpg,59.50,clear,2026-04-13T15:11:58
/home/alex/Desktop/school/comp-vis/dataset/datasets--everettshen--StreetView360AtoZ/snapshots/f0b9ffb20c4dc68d4422db97b7da7b577970650e/data/1870_iJFgIHoXkb0FW6IQifSiTw_46.69657435_24.00676693.jpg,64.91,clear,2026-04-13T15:12:02
/home/alex/Desktop/school/comp-vis/dataset/datasets--everettshen--StreetView360AtoZ/snapshots/f0b9ffb20c4dc68d4422db97b7da7b577970650e/data/1638_xWX3q0LuHQZTYV8XOpGniA_48.26189455_-114.43905989.jpg,33.06,clear,2026-04-13T15:12:03
/home/alex/Desktop/school/comp-vis/dataset/datasets--everettshen--StreetView360AtoZ/snapshots/f0b9ffb20c4dc68d4422db97b7da7b577970650e/data/479_tRIKc8481eZ_C1Zm1skhSQ_33.74872329_132.79244119.jpg,36.96,clear,2026-04-13T15:12:04
/home/alex/Desktop/school/comp-vis/dataset/datasets--everettshen--StreetView360AtoZ/snapshots/f0b9ffb20c4dc68d4422db97b7da7b577970650e/data/1326_DZ90SyUrI56ZhRdAiXnmWg_50.52197265_20.31708289.jpg,33.66,clear,2026-04-13T15:12:13
/home/alex/Desktop/school/comp-vis/dataset/datasets--everettshen--StreetView360AtoZ/snapshots/f0b9ffb20c4dc68d4422db97b7da7b577970650e/data/79_qcQ5gUvcjtf3pVYRYCJDzA_43.06747849_-89.40085514.jpg,55.89,clear,2026-04-13T15:12:14
/home/alex/Desktop/school/comp-vis/dataset/datasets--everettshen--StreetView360AtoZ/snapshots/f0b9ffb20c4dc68d4422db97b7da7b577970650e/data/2433_5Z0wX1ej92ZdFpmB0ysoKQ_47.78890024_-96.59469258.jpg,30.95,clear,2026-04-13T15:12:18
/home/alex/Desktop/school/comp-vis/dataset/datasets--everettshen--StreetView360AtoZ/snapshots/f0b9ffb20c4dc68d4422db97b7da7b577970650e/data/3138_U2zgbc009IBI6_BiyBS-Ww_33.77525959_-96.40701481.jpg,31.25,clear,2026-04-13T15:12:20
/home/alex/Desktop/school/comp-vis/dataset/datasets--everettshen--StreetView360AtoZ/snapshots/f0b9ffb20c4dc68d4422db97b7da7b577970650e/data/806_JIoQaW6yoTrsMy1iOHCoiQ_45.60271644_-79.61753091.jpg,67.91,clear,2026-04-13T15:12:26
/home/alex/Desktop/school/comp-vis/dataset/datasets--everettshen--StreetView360AtoZ/snapshots/f0b9ffb20c4dc68d4422db97b7da7b577970650e/data/369_uN8t3nzm07K9e6pO2wOSHQ_43.44806562_12.20975925.jpg,64.31,clear,2026-04-13T15:12:27
/home/alex/Desktop/school/comp-vis/dataset/datasets--everettshen--StreetView360AtoZ/snapshots/f0b9ffb20c4dc68d4422db97b7da7b577970650e/data/1107_7wIuXf5UCqwcocv53Os-aQ_45.31676062_-72.16680322.jpg,18.33,clear,2026-04-13T15:12:32
/home/alex/Desktop/school/comp-vis/dataset/datasets--everettshen--StreetView360AtoZ/snapshots/f0b9ffb20c4dc68d4422db97b7da7b577970650e/data/198_GEgqZtGX-fPaxf9U1KgXJw_-9.36469175_125.02087673.jpg,66.41,clear,2026-04-13T15:12:33
/home/alex/Desktop/school/comp-vis/dataset/datasets--everettshen--StreetView360AtoZ/snapshots/f0b9ffb20c4dc68d4422db97b7da7b577970650e/data/1642_wdO1ttf8GKctPm-1wGZ2JQ_61.62088896_48.06659593.jpg,22.54,clear,2026-04-13T15:12:37
/home/alex/Desktop/school/comp-vis/dataset/datasets--everettshen--StreetView360AtoZ/snapshots/f0b9ffb20c4dc68d4422db97b7da7b577970650e/data/744_RbumDoV5a_wW42sa2ivELw_44.87615890_12.23134825.jpg,46.58,clear,2026-04-13T15:12:57
/home/alex/Desktop/school/comp-vis/dataset/datasets--everettshen--StreetView360AtoZ/snapshots/f0b9ffb20c4dc68d4422db97b7da7b577970650e/data/322_nzL-tymTL6eXiFeklOoiHg_41.83128806_23.47641215.jpg,42.97,clear,2026-04-13T15:12:59
/home/alex/Desktop/school/comp-vis/dataset/datasets--everettshen--StreetView360AtoZ/snapshots/f0b9ffb20c4dc68d4422db97b7da7b577970650e/data/2450_sXfKUA1nYmOVTAkdUSVeRQ_43.04798404_-71.43218425.jpg,45.38,clear,2026-04-13T15:13:04
/home/alex/Desktop/school/comp-vis/dataset/datasets--everettshen--StreetView360AtoZ/snapshots/f0b9ffb20c4dc68d4422db97b7da7b577970650e/data/2209_fFckRQXq0eMsZqAkLayrng_-41.12890431_-73.04704275.jpg,15.03,clear,2026-04-13T15:13:06
/home/alex/Desktop/school/comp-vis/dataset/datasets--everettshen--StreetView360AtoZ/snapshots/f0b9ffb20c4dc68d4422db97b7da7b577970650e/data/147_KUSLPGab_WRgPIbKlnfA3g_40.32621304_-74.79074191.jpg,39.97,clear,2026-04-13T15:13:09
/home/alex/Desktop/school/comp-vis/dataset/datasets--everettshen--StreetView360AtoZ/snapshots/f0b9ffb20c4dc68d4422db97b7da7b577970650e/data/311_9pvXzj1LjoKLL4hfVVqFNg_38.57595433_-75.06053995.jpg,55.89,clear,2026-04-13T15:13:16
/home/alex/Desktop/school/comp-vis/dataset/datasets--everettshen--StreetView360AtoZ/snapshots/f0b9ffb20c4dc68d4422db97b7da7b577970650e/data/1729_2cBkKV0D1XS1LriwRz6iYQ_28.82010616_-81.77228451.jpg,48.08,clear,2026-04-13T15:13:19
/home/alex/Desktop/school/comp-vis/dataset/datasets--everettshen--StreetView360AtoZ/snapshots/f0b9ffb20c4dc68d4422db97b7da7b577970650e/data/3100_O1HMw9Hhkyx1q17v9gQePg_44.48578543_0.91492616.jpg,30.05,clear,2026-04-13T15:13:24
/home/alex/Desktop/school/comp-vis/dataset/datasets--everettshen--StreetView360AtoZ/snapshots/f0b9ffb20c4dc68d4422db97b7da7b577970650e/data/3377_eSUUnPwqr1GUrKtqFVOQ8g_-31.27733628_149.27908814.jpg,24.34,clear,2026-04-13T15:13:26
/home/alex/Desktop/school/comp-vis/dataset/datasets--everettshen--StreetView360AtoZ/snapshots/f0b9ffb20c4dc68d4422db97b7da7b577970650e/data/2575_5FF9f8lOHR5p51DHyAmy1w_-33.89025021_151.17621069.jpg,56.49,clear,2026-04-13T15:13:30
/home/alex/Desktop/school/comp-vis/dataset/datasets--everettshen--StreetView360AtoZ/snapshots/f0b9ffb20c4dc68d4422db97b7da7b577970650e/data/103_d6XLKlWpampB9jANBDNI_w_26.60708730_-82.11070116.jpg,21.64,clear,2026-04-13T15:13:34
/home/alex/Desktop/school/comp-vis/dataset/datasets--everettshen--StreetView360AtoZ/snapshots/f0b9ffb20c4dc68d4422db97b7da7b577970650e/data/2581_1LfwnI5lbViUhh1kXWukSg_23.91665801_87.61107346.jpg,47.48,clear,2026-04-13T15:13:35
/home/alex/Desktop/school/comp-vis/dataset/datasets--everettshen--StreetView360AtoZ/snapshots/f0b9ffb20c4dc68d4422db97b7da7b577970650e/data/346_HzMAF_Y3FWWmLFcf8k0-DA_13.82143557_104.69868659.jpg,26.14,clear,2026-04-13T15:13:37
/home/alex/Desktop/school/comp-vis/dataset/datasets--everettshen--StreetView360AtoZ/snapshots/f0b9ffb20c4dc68d4422db97b7da7b577970650e/data/237_xQAiY74uT-nkN2EZ6yfGuQ_20.18499678_-90.12394346.jpg,80.23,clear,2026-04-13T15:13:46
/home/alex/Desktop/school/comp-vis/dataset/datasets--everettshen--StreetView360AtoZ/snapshots/f0b9ffb20c4dc68d4422db97b7da7b577970650e/data/33_r7_9PBe9PqUobKGfIxw0mw_46.13082304_-67.19593199.jpg,39.07,clear,2026-04-13T15:13:47
/home/alex/Desktop/school/comp-vis/dataset/datasets--everettshen--StreetView360AtoZ/snapshots/f0b9ffb20c4dc68d4422db97b7da7b577970650e/data/295_ZKNV6hJ0fIrC1Fnr3UQruw_12.23852234_105.23091950.jpg,51.99,clear,2026-04-13T15:13:55
/home/alex/Desktop/school/comp-vis/dataset/datasets--everettshen--StreetView360AtoZ/snapshots/f0b9ffb20c4dc68d4422db97b7da7b577970650e/data/2819_1wExQwodHew984AIL5C9-g_58.67267156_17.09783119.jpg,54.39,clear,2026-04-13T15:13:56
/home/alex/Desktop/school/comp-vis/dataset/datasets--everettshen--StreetView360AtoZ/snapshots/f0b9ffb20c4dc68d4422db97b7da7b577970650e/data/55_93g2-owTOS4YdzFubNjNgw_53.01686580_-122.60240106.jpg,54.39,clear,2026-04-13T15:13:57
/home/alex/Desktop/school/comp-vis/dataset/datasets--everettshen--StreetView360AtoZ/snapshots/f0b9ffb20c4dc68d4422db97b7da7b577970650e/data/256_yzbIp7CmAn7a9JnAf5h0Cw_-18.55411334_43.86144899.jpg,51.09,clear,2026-04-13T15:13:58
/home/alex/Desktop/school/comp-vis/dataset/datasets--everettshen--StreetView360AtoZ/snapshots/f0b9ffb20c4dc68d4422db97b7da7b577970650e/data/2146_Wmdbr0naBExRsDFgyGH-HQ_-22.72921489_-48.61065907.jpg,51.99,clear,2026-04-13T15:14:03
/home/alex/Desktop/school/comp-vis/dataset/datasets--everettshen--StreetView360AtoZ/snapshots/f0b9ffb20c4dc68d4422db97b7da7b577970650e/data/160_P88pe1vXjUvIggB9CiR-nA_32.18486298_-88.33932584.jpg,33.96,clear,2026-04-13T15:14:06
/home/alex/Desktop/school/comp-vis/dataset/datasets--everettshen--StreetView360AtoZ/snapshots/f0b9ffb20c4dc68d4422db97b7da7b577970650e/data/3258_hWJTaA94T2dsFfYKrPkdPg_9.46702393_125.57679460.jpg,56.19,clear,2026-04-13T15:14:07
/home/alex/Desktop/school/comp-vis/dataset/datasets--everettshen--StreetView360AtoZ/snapshots/f0b9ffb20c4dc68d4422db97b7da7b577970650e/data/2214_YhhJJR5Uu2j_VzfNNeMfKA_40.24669567_0.27914694.jpg,26.14,clear,2026-04-13T15:14:09
/home/alex/Desktop/school/comp-vis/dataset/datasets--everettshen--StreetView360AtoZ/snapshots/f0b9ffb20c4dc68d4422db97b7da7b577970650e/data/2484_GlDYmWijyYABiYJlien7_A_-26.67048594_143.26725780.jpg,36.66,clear,2026-04-13T15:14:14
/home/alex/Desktop/school/comp-vis/dataset/datasets--everettshen--StreetView360AtoZ/snapshots/f0b9ffb20c4dc68d4422db97b7da7b577970650e/data/113_24Zm2d5H4OEgpPXTRfvJSg_32.26555620_-114.97089929.jpg,44.77,clear,2026-04-13T15:14:17
/home/alex/Desktop/school/comp-vis/dataset/datasets--everettshen--StreetView360AtoZ/snapshots/f0b9ffb20c4dc68d4422db97b7da7b577970650e/data/825_rgaPkGTn2Lsa7OAOuj6pjw_31.35287080_130.99230931.jpg,12.02,clear,2026-04-13T15:14:19
/home/alex/Desktop/school/comp-vis/dataset/datasets--everettshen--StreetView360AtoZ/snapshots/f0b9ffb20c4dc68d4422db97b7da7b577970650e/data/474_sQVz5Di5T6fnFOCsLtB21g_-36.26713399_142.63159098.jpg,30.35,clear,2026-04-13T15:14:21
/home/alex/Desktop/school/comp-vis/dataset/datasets--everettshen--StreetView360AtoZ/snapshots/f0b9ffb20c4dc68d4422db97b7da7b577970650e/data/178_6Js19pfQ4XTJnZJf5YSh6g_40.08642285_-105.93933650.jpg,23.14,clear,2026-04-13T15:14:25
/home/alex/Desktop/school/comp-vis/dataset/datasets--everettshen--StreetView360AtoZ/snapshots/f0b9ffb20c4dc68d4422db97b7da7b577970650e/data/152_dPkSE7Df9vLcmpdEkksFmw_40.74802804_17.45862523.jpg,68.51,clear,2026-04-13T15:14:30
/home/alex/Desktop/school/comp-vis/dataset/datasets--everettshen--StreetView360AtoZ/snapshots/f0b9ffb20c4dc68d4422db97b7da7b577970650e/data/1433_qlFc5ba6D87jpRYsvarzzA_41.04629093_28.43579674.jpg,38.16,clear,2026-04-13T15:14:31
/home/alex/Desktop/school/comp-vis/dataset/datasets--everettshen--StreetView360AtoZ/snapshots/f0b9ffb20c4dc68d4422db97b7da7b577970650e/data/1119_3tuRSA0Am1Z8kOwUA5e-IA_29.39128563_-81.63866776.jpg,24.34,clear,2026-04-13T15:14:34
/home/alex/Desktop/school/comp-vis/dataset/datasets--everettshen--StreetView360AtoZ/snapshots/f0b9ffb20c4dc68d4422db97b7da7b577970650e/data/220_IL8z9ZbsQFr61jY7UflZqA_55.70389194_11.04080796.jpg,36.06,clear,2026-04-13T15:14:35
/home/alex/Desktop/school/comp-vis/dataset/datasets--everettshen--StreetView360AtoZ/snapshots/f0b9ffb20c4dc68d4422db97b7da7b577970650e/data/1092_8r5k4Wq_qKDgo2lsSM0yDA_46.10436591_-64.75319542.jpg,51.09,clear,2026-04-13T15:14:38
/home/alex/Desktop/school/comp-vis/dataset/datasets--everettshen--StreetView360AtoZ/snapshots/f0b9ffb20c4dc68d4422db97b7da7b577970650e/data/1927_s1rD5ZtYl15cikJe-iXrAA_44.35074153_10.63147007.jpg,39.97,clear,2026-04-13T15:14:40
/home/alex/Desktop/school/comp-vis/dataset/datasets--everettshen--StreetView360AtoZ/snapshots/f0b9ffb20c4dc68d4422db97b7da7b577970650e/data/571_w-bPU7G_0bff4CfQ-wqw-w_62.30143804_-145.30505410.jpg,21.64,clear,2026-04-13T15:14:44
/home/alex/Desktop/school/comp-vis/dataset/datasets--everettshen--StreetView360AtoZ/snapshots/f0b9ffb20c4dc68d4422db97b7da7b577970650e/data/3230_tcC_1FWV-FHWpFyDWOjuDw_31.31235524_-89.91598901.jpg,35.16,clear,2026-04-13T15:14:47
/home/alex/Desktop/school/comp-vis/dataset/datasets--everettshen--StreetView360AtoZ/snapshots/f0b9ffb20c4dc68d4422db97b7da7b577970650e/data/1674_c6yP6numUWu0LRpf-MTPbg_29.57256255_-90.39666760.jpg,43.87,clear,2026-04-13T15:14:50
/home/alex/Desktop/school/comp-vis/dataset/datasets--everettshen--StreetView360AtoZ/snapshots/f0b9ffb20c4dc68d4422db97b7da7b577970650e/data/176_m7Uegq0ertIrpmRR1Y8RAg_35.96606286_-94.77760298.jpg,21.94,clear,2026-04-13T15:14:51
/home/alex/Desktop/school/comp-vis/dataset/datasets--everettshen--StreetView360AtoZ/snapshots/f0b9ffb20c4dc68d4422db97b7da7b577970650e/data/1004_BfObL-IhbFtNZcF7ypRLQw_35.21575227_25.70358029.jpg,61.90,clear,2026-04-13T15:14:52
/home/alex/Desktop/school/comp-vis/dataset/datasets--everettshen--StreetView360AtoZ/snapshots/f0b9ffb20c4dc68d4422db97b7da7b577970650e/data/849_O9enYj51N3P3EwhTuymT_Q_17.20006438_120.44994044.jpg,33.96,clear,2026-04-13T15:14:55
/home/alex/Desktop/school/comp-vis/dataset/datasets--everettshen--StreetView360AtoZ/snapshots/f0b9ffb20c4dc68d4422db97b7da7b577970650e/data/225_MN5Boyn_-16tg5rycjvMQw_43.88346628_0.58011562.jpg,37.26,clear,2026-04-13T15:14:57
/home/alex/Desktop/school/comp-vis/dataset/datasets--everettshen--StreetView360AtoZ/snapshots/f0b9ffb20c4dc68d4422db97b7da7b577970650e/data/1673_LxEAnOIvX4QTJD6gL6fI2Q_18.96278234_74.75364898.jpg,43.27,clear,2026-04-13T15:14:58
/home/alex/Desktop/school/comp-vis/dataset/datasets--everettshen--StreetView360AtoZ/snapshots/f0b9ffb20c4dc68d4422db97b7da7b577970650e/data/435_AwH8H6e98pDOBa2gufTUsQ_42.48621050_2.83938743.jpg,41.77,clear,2026-04-13T15:15:06
/home/alex/Desktop/school/comp-vis/dataset/datasets--everettshen--StreetView360AtoZ/snapshots/f0b9ffb20c4dc68d4422db97b7da7b577970650e/data/1141_ObDFYkNi-BJzOfTEqXCbYg_31.58737316_-85.72534679.jpg,32.15,clear,2026-04-13T15:15:11
/home/alex/Desktop/school/comp-vis/dataset/datasets--everettshen--StreetView360AtoZ/snapshots/f0b9ffb20c4dc68d4422db97b7da7b577970650e/data/115_HZDFZKqOLE6jDWME-9jq7w_20.17634270_85.80034372.jpg,72.72,clear,2026-04-13T15:15:14
/home/alex/Desktop/school/comp-vis/dataset/datasets--everettshen--StreetView360AtoZ/snapshots/f0b9ffb20c4dc68d4422db97b7da7b577970650e/data/438_VSgDkW620hE9hbCACVJTdw_48.82891655_-1.23201537.jpg,60.10,clear,2026-04-13T15:15:16
/home/alex/Desktop/school/comp-vis/dataset/datasets--everettshen--StreetView360AtoZ/snapshots/f0b9ffb20c4dc68d4422db97b7da7b577970650e/data/702_2d3bIz-OM_Qv70X3FGQGfg_14.57991830_-92.27291123.jpg,33.06,clear,2026-04-13T15:15:23
/home/alex/Desktop/school/comp-vis/dataset/datasets--everettshen--StreetView360AtoZ/snapshots/f0b9ffb20c4dc68d4422db97b7da7b577970650e/data/1422_K0d8rwFVXbA2LcqzVqv5iQ_43.91919806_7.77243949.jpg,20.73,clear,2026-04-13T15:15:31
/home/alex/Desktop/school/comp-vis/dataset/datasets--everettshen--StreetView360AtoZ/snapshots/f0b9ffb20c4dc68d4422db97b7da7b577970650e/data/1603_6HPeiU2kD-vgdH0GwhZ-Og_26.61485831_93.58300236.jpg,24.94,clear,2026-04-13T15:15:35
/home/alex/Desktop/school/comp-vis/dataset/datasets--everettshen--StreetView360AtoZ/snapshots/f0b9ffb20c4dc68d4422db97b7da7b577970650e/data/1385_rgoqoutZ1Ea5iZfDbuzEIg_39.63725322_-8.30440502.jpg,32.15,clear,2026-04-13T15:15:38
/home/alex/Desktop/school/comp-vis/dataset/datasets--everettshen--StreetView360AtoZ/snapshots/f0b9ffb20c4dc68d4422db97b7da7b577970650e/data/192__BmWj7gd8gzwedxxmvjFEw_58.14695981_7.99502908.jpg,37.86,clear,2026-04-13T15:15:50
/home/alex/Desktop/school/comp-vis/dataset/datasets--everettshen--StreetView360AtoZ/snapshots/f0b9ffb20c4dc68d4422db97b7da7b577970650e/data/86_cK5b-nig6cyb6jfSgyVkxg_42.04698201_-6.88599323.jpg,70.02,clear,2026-04-13T15:15:51
/home/alex/Desktop/school/comp-vis/dataset/datasets--everettshen--StreetView360AtoZ/snapshots/f0b9ffb20c4dc68d4422db97b7da7b577970650e/data/1874_GRqRI31ha4U5HY9xrVXWWA_59.39215312_28.08976625.jpg,28.85,clear,2026-04-13T15:15:53
/home/alex/Desktop/school/comp-vis/dataset/datasets--everettshen--StreetView360AtoZ/snapshots/f0b9ffb20c4dc68d4422db97b7da7b577970650e/data/3061_0n6el5eWSYDtIFWMCBLRrg_50.82423573_20.52075116.jpg,41.77,clear,2026-04-13T15:15:55
/home/alex/Desktop/school/comp-vis/dataset/datasets--everettshen--StreetView360AtoZ/snapshots/f0b9ffb20c4dc68d4422db97b7da7b577970650e/data/141_53t_dFk0jv0x2qJq72oPtg_38.15527360_127.14471291.jpg,14.72,clear,2026-04-13T15:15:56
/home/alex/Desktop/school/comp-vis/dataset/datasets--everettshen--StreetView360AtoZ/snapshots/f0b9ffb20c4dc68d4422db97b7da7b577970650e/data/881_O7Ta2m-o3MuggMgqkewP1w_19.69501282_74.29779086.jpg,39.97,clear,2026-04-13T15:15:57
/home/alex/Desktop/school/comp-vis/dataset/datasets--everettshen--StreetView360AtoZ/snapshots/f0b9ffb20c4dc68d4422db97b7da7b577970650e/data/660_gvbOiLzQWRr6RX296vlmOw_32.65004645_-82.09820253.jpg,57.40,clear,2026-04-13T15:16:05
/home/alex/Desktop/school/comp-vis/dataset/datasets--everettshen--StreetView360AtoZ/snapshots/f0b9ffb20c4dc68d4422db97b7da7b577970650e/data/380_2gMs5YyBaRlAUeLHRTWpeg_37.26883176_32.72857315.jpg,52.89,clear,2026-04-13T15:16:14
/home/alex/Desktop/school/comp-vis/dataset/datasets--everettshen--StreetView360AtoZ/snapshots/f0b9ffb20c4dc68d4422db97b7da7b577970650e/data/537_qAhEfJfCKDPGLKCibaZBNA_40.13968715_-80.35115884.jpg,58.30,clear,2026-04-13T15:16:19
/home/alex/Desktop/school/comp-vis/dataset/datasets--everettshen--StreetView360AtoZ/snapshots/f0b9ffb20c4dc68d4422db97b7da7b577970650e/data/1685_b-ZWLh3pCckWGJKZcCLClA_56.48102429_27.22528605.jpg,27.95,clear,2026-04-13T15:16:21
/home/alex/Desktop/school/comp-vis/dataset/datasets--everettshen--StreetView360AtoZ/snapshots/f0b9ffb20c4dc68d4422db97b7da7b577970650e/data/1751_KRg9D76JwN5FgCcCkvRmeQ_39.75287759_-7.57947904.jpg,76.63,clear,2026-04-13T15:16:23
/home/alex/Desktop/school/comp-vis/dataset/datasets--everettshen--StreetView360AtoZ/snapshots/f0b9ffb20c4dc68d4422db97b7da7b577970650e/data/675_D9Cg5JHlHuQIVlh2KO9v_Q_39.81170612_-76.98362655.jpg,47.48,clear,2026-04-13T15:16:25
/home/alex/Desktop/school/comp-vis/dataset/datasets--everettshen--StreetView360AtoZ/snapshots/f0b9ffb20c4dc68d4422db97b7da7b577970650e/data/678_GBmAtqQ_qOKXVI-7uiFrVg_34.14792429_-116.06500903.jpg,19.23,clear,2026-04-13T15:16:28
/home/alex/Desktop/school/comp-vis/dataset/datasets--everettshen--StreetView360AtoZ/snapshots/f0b9ffb20c4dc68d4422db97b7da7b577970650e/data/3174_KvbGBYXN4rNRHtSkg6DP2g_45.76461798_8.24932736.jpg,32.75,clear,2026-04-13T15:16:38
/home/alex/Desktop/school/comp-vis/dataset/datasets--everettshen--StreetView360AtoZ/snapshots/f0b9ffb20c4dc68d4422db97b7da7b577970650e/data/1115_3BPPn1EtTRwHJpuo2cFbLA_42.52982327_72.37255347.jpg,23.74,clear,2026-04-13T15:16:46
/home/alex/Desktop/school/comp-vis/dataset/datasets--everettshen--StreetView360AtoZ/snapshots/f0b9ffb20c4dc68d4422db97b7da7b577970650e/data/511_Lv2qaDzMrPWLWISQsL51cg_44.19246975_8.24877802.jpg,77.53,clear,2026-04-13T15:16:52
/home/alex/Desktop/school/comp-vis/dataset/datasets--everettshen--StreetView360AtoZ/snapshots/f0b9ffb20c4dc68d4422db97b7da7b577970650e/data/828_gtYINTe18xy5KgS9MpoHOg_46.12936227_3.19229684.jpg,66.71,clear,2026-04-13T15:16:55
/home/alex/Desktop/school/comp-vis/dataset/datasets--everettshen--StreetView360AtoZ/snapshots/f0b9ffb20c4dc68d4422db97b7da7b577970650e/data/8_pzgI284uBGPtkGh6OAn1lA_43.17783984_0.08961746.jpg,40.27,clear,2026-04-13T15:16:57
/home/alex/Desktop/school/comp-vis/dataset/datasets--everettshen--StreetView360AtoZ/snapshots/f0b9ffb20c4dc68d4422db97b7da7b577970650e/data/1259_0j3oXEQGBOed0-XVKEfORQ_-18.40845456_-69.99526101.jpg,38.46,clear,2026-04-13T15:17:02
/home/alex/Desktop/school/comp-vis/dataset/datasets--everettshen--StreetView360AtoZ/snapshots/f0b9ffb20c4dc68d4422db97b7da7b577970650e/data/2155_L0HDa_eZX8toob4iZwOz2A_50.09410039_10.45258533.jpg,64.01,clear,2026-04-13T15:17:05
/home/alex/Desktop/school/comp-vis/dataset/datasets--everettshen--StreetView360AtoZ/snapshots/f0b9ffb20c4dc68d4422db97b7da7b577970650e/data/519_QYs7d8jgBvw-4IkfUgVSoQ_38.95220966_40.02741339.jpg,63.11,clear,2026-04-13T15:17:10
/home/alex/Desktop/school/comp-vis/dataset/datasets--everettshen--StreetView360AtoZ/snapshots/f0b9ffb20c4dc68d4422db97b7da7b577970650e/data/190_ZbRT_wN5Qrncv8XAHlcFYA_58.46258323_8.77396760.jpg,33.96,clear,2026-04-13T15:17:18
/home/alex/Desktop/school/comp-vis/dataset/datasets--everettshen--StreetView360AtoZ/snapshots/f0b9ffb20c4dc68d4422db97b7da7b577970650e/data/592_9Zl3pjuXDxEmOQ6gJb7MrA_-34.69730682_-71.28452000.jpg,42.67,clear,2026-04-13T15:17:34
/home/alex/Desktop/school/comp-vis/dataset/datasets--everettshen--StreetView360AtoZ/snapshots/f0b9ffb20c4dc68d4422db97b7da7b577970650e/data/2072_nIb6qrqOmv8sJEP6vukStg_37.68658901_-96.97678991.jpg,70.92,clear,2026-04-13T15:17:36
/home/alex/Desktop/school/comp-vis/dataset/datasets--everettshen--StreetView360AtoZ/snapshots/f0b9ffb20c4dc68d4422db97b7da7b577970650e/data/116_lPRtwi0gK6G6lBkDNW8cAA_41.56666807_23.29997886.jpg,33.36,clear,2026-04-13T15:17:37
/home/alex/Desktop/school/comp-vis/dataset/datasets--everettshen--StreetView360AtoZ/snapshots/f0b9ffb20c4dc68d4422db97b7da7b577970650e/data/862_2o0lRj1Ga2JILm5Gr_FdwQ_51.95620262_8.71054733.jpg,46.28,clear,2026-04-13T15:17:39
/home/alex/Desktop/school/comp-vis/dataset/datasets--everettshen--StreetView360AtoZ/snapshots/f0b9ffb20c4dc68d4422db97b7da7b577970650e/data/2691_J39LkpHvb-UF51Po5l5Qvw_-24.28384919_-53.83985693.jpg,69.72,clear,2026-04-13T15:17:40
/home/alex/Desktop/school/comp-vis/dataset/datasets--everettshen--StreetView360AtoZ/snapshots/f0b9ffb20c4dc68d4422db97b7da7b577970650e/data/617_DLIwJ9RCLVD36qvZGeGuSw_36.60174124_-83.75216885.jpg,51.99,clear,2026-04-13T15:17:44
/home/alex/Desktop/school/comp-vis/dataset/datasets--everettshen--StreetView360AtoZ/snapshots/f0b9ffb20c4dc68d4422db97b7da7b577970650e/data/2580_lu9RPZ722HDU-4MyqBQ3Mg_-30.65214419_-61.04063232.jpg,44.47,clear,2026-04-13T15:17:46
/home/alex/Desktop/school/comp-vis/dataset/datasets--everettshen--StreetView360AtoZ/snapshots/f0b9ffb20c4dc68d4422db97b7da7b577970650e/data/621_7-WGG4qQAhiS6SlN7y7liA_18.48977196_-103.49953306.jpg,76.93,clear,2026-04-13T15:17:55
/home/alex/Desktop/school/comp-vis/dataset/datasets--everettshen--StreetView360AtoZ/snapshots/f0b9ffb20c4dc68d4422db97b7da7b577970650e/data/2927_XxyZ6lmVGsMm4FNFUoDNdg_48.56691127_19.14963962.jpg,30.05,clear,2026-04-13T15:17:58
/home/alex/Desktop/school/comp-vis/dataset/datasets--everettshen--StreetView360AtoZ/snapshots/f0b9ffb20c4dc68d4422db97b7da7b577970650e/data/1045_AAWb3LOzxpjbzyw6BTiS3Q_35.46696882_-115.27224440.jpg,14.42,clear,2026-04-13T15:18:01
/home/alex/Desktop/school/comp-vis/dataset/datasets--everettshen--StreetView360AtoZ/snapshots/f0b9ffb20c4dc68d4422db97b7da7b577970650e/data/3429_V1bv2vAkKpwg7qlvnF4I4w_-1.66474586_-60.17365606.jpg,50.18,clear,2026-04-13T15:18:03
/home/alex/Desktop/school/comp-vis/dataset/datasets--everettshen--StreetView360AtoZ/snapshots/f0b9ffb20c4dc68d4422db97b7da7b577970650e/data/1852_f69bIEBaoOvasidyT793QQ_-4.34970917_-39.33315249.jpg,68.51,clear,2026-04-13T15:18:06
/home/alex/Desktop/school/comp-vis/dataset/datasets--everettshen--StreetView360AtoZ/snapshots/f0b9ffb20c4dc68d4422db97b7da7b577970650e/data/1595_2i3hZ0qnAB473M2Z3arnVQ_42.86249089_12.41626038.jpg,23.14,clear,2026-04-13T15:18:08
/home/alex/Desktop/school/comp-vis/dataset/datasets--everettshen--StreetView360AtoZ/snapshots/f0b9ffb20c4dc68d4422db97b7da7b577970650e/data/699_fKEsO9lWliG4_98R_-4rXw_48.70880655_9.61706070.jpg,62.50,clear,2026-04-13T15:18:14
/home/alex/Desktop/school/comp-vis/dataset/datasets--everettshen--StreetView360AtoZ/snapshots/f0b9ffb20c4dc68d4422db97b7da7b577970650e/data/2638_CRLtNnqyE7Q21vysPUPLjQ_41.12687297_16.87197079.jpg,46.58,clear,2026-04-13T15:18:22
/home/alex/Desktop/school/comp-vis/dataset/datasets--everettshen--StreetView360AtoZ/snapshots/f0b9ffb20c4dc68d4422db97b7da7b577970650e/data/1488_E2wyrvwR_JaFmQ9d_UAZ2Q_16.51579996_104.73636459.jpg,50.78,clear,2026-04-13T15:18:23
/home/alex/Desktop/school/comp-vis/dataset/datasets--everettshen--StreetView360AtoZ/snapshots/f0b9ffb20c4dc68d4422db97b7da7b577970650e/data/34_E9syoMG6b4aPrcnVVzyrmw_41.07900427_25.48396876.jpg,19.23,clear,2026-04-13T15:18:26
/home/alex/Desktop/school/comp-vis/dataset/datasets--everettshen--StreetView360AtoZ/snapshots/f0b9ffb20c4dc68d4422db97b7da7b577970650e/data/989_uC4FN7-jAisFyzQ6lBUKig_53.64723306_109.70702916.jpg,46.28,clear,2026-04-13T15:18:27
/home/alex/Desktop/school/comp-vis/dataset/datasets--everettshen--StreetView360AtoZ/snapshots/f0b9ffb20c4dc68d4422db97b7da7b577970650e/data/879_0n6el5eWSYDtIFWMCBLRrg_50.82423573_20.52075116.jpg,42.67,clear,2026-04-13T15:18:34
/home/alex/Desktop/school/comp-vis/dataset/datasets--everettshen--StreetView360AtoZ/snapshots/f0b9ffb20c4dc68d4422db97b7da7b577970650e/data/1394_TMwGT2hkW3I8NDhPdQ7y0Q_40.10128284_-123.79221288.jpg,36.66,clear,2026-04-13T15:18:40
/home/alex/Desktop/school/comp-vis/dataset/datasets--everettshen--StreetView360AtoZ/snapshots/f0b9ffb20c4dc68d4422db97b7da7b577970650e/data/1555_RESzl01n732Ab5QUThbKag_54.28949362_19.60038137.jpg,36.36,clear,2026-04-13T15:18:47
/home/alex/Desktop/school/comp-vis/dataset/datasets--everettshen--StreetView360AtoZ/snapshots/f0b9ffb20c4dc68d4422db97b7da7b577970650e/data/2162_WLNJ4KmMHdlImw9hYdxrpg_37.57726752_-101.36461313.jpg,33.96,clear,2026-04-13T15:18:48
/home/alex/Desktop/school/comp-vis/dataset/datasets--everettshen--StreetView360AtoZ/snapshots/f0b9ffb20c4dc68d4422db97b7da7b577970650e/data/1697_lCprrDItNHVodrIppLHqvQ_67.03356992_14.02661602.jpg,20.73,clear,2026-04-13T15:18:51
/home/alex/Desktop/school/comp-vis/dataset/datasets--everettshen--StreetView360AtoZ/snapshots/f0b9ffb20c4dc68d4422db97b7da7b577970650e/data/653_U-k-DSpWjzC0VWNRQvF94g_47.32112594_11.68210152.jpg,29.45,clear,2026-04-13T15:18:52
/home/alex/Desktop/school/comp-vis/dataset/datasets--everettshen--StreetView360AtoZ/snapshots/f0b9ffb20c4dc68d4422db97b7da7b577970650e/data/591_GhXJ0NrrR94_FXM0kKlSLg_41.64773492_-77.66086819.jpg,25.24,clear,2026-04-13T15:18:57
/home/alex/Desktop/school/comp-vis/dataset/datasets--everettshen--StreetView360AtoZ/snapshots/f0b9ffb20c4dc68d4422db97b7da7b577970650e/data/1039_T0lUWM_xah2ufQTkI1_Pmg_33.96488029_-78.51051054.jpg,53.19,clear,2026-04-13T15:19:00
/home/alex/Desktop/school/comp-vis/dataset/datasets--everettshen--StreetView360AtoZ/snapshots/f0b9ffb20c4dc68d4422db97b7da7b577970650e/data/339_6BpcUh9Pab_kgKFW31NkpQ_42.47540562_-98.80597394.jpg,62.50,clear,2026-04-13T15:19:02
/home/alex/Desktop/school/comp-vis/dataset/datasets--everettshen--StreetView360AtoZ/snapshots/f0b9ffb20c4dc68d4422db97b7da7b577970650e/data/35_BrUbuvBDObEuM_U8czlEsA_65.29780279_-146.42578565.jpg,43.57,clear,2026-04-13T15:19:06
/home/alex/Desktop/school/comp-vis/dataset/datasets--everettshen--StreetView360AtoZ/snapshots/f0b9ffb20c4dc68d4422db97b7da7b577970650e/data/3387_9XAjQrDcyzcyiXfEpdBiQA_31.70137453_-84.37471267.jpg,34.26,clear,2026-04-13T15:19:11
/home/alex/Desktop/school/comp-vis/dataset/datasets--everettshen--StreetView360AtoZ/snapshots/f0b9ffb20c4dc68d4422db97b7da7b577970650e/data/164_iyGgXJCb7_KNJ8Z0RURNUg_-10.66017502_-38.63252809.jpg,66.71,clear,2026-04-13T15:19:22
/home/alex/Desktop/school/comp-vis/dataset/datasets--everettshen--StreetView360AtoZ/snapshots/f0b9ffb20c4dc68d4422db97b7da7b577970650e/data/2221_t6p4EN8X3X6VgblZjPCs_w_55.15153520_37.53866534.jpg,38.46,clear,2026-04-13T15:19:25
/home/alex/Desktop/school/comp-vis/dataset/datasets--everettshen--StreetView360AtoZ/snapshots/f0b9ffb20c4dc68d4422db97b7da7b577970650e/data/1613_GCgBWXkgUuJp3DqLXQipvA_42.55787301_-2.83941421.jpg,25.84,clear,2026-04-13T15:19:27
/home/alex/Desktop/school/comp-vis/dataset/datasets--everettshen--StreetView360AtoZ/snapshots/f0b9ffb20c4dc68d4422db97b7da7b577970650e/data/448_jzpdm29pFhuI6bTTV-xu8A_33.39317475_-93.28898230.jpg,58.00,clear,2026-04-13T15:19:40
/home/alex/Desktop/school/comp-vis/dataset/datasets--everettshen--StreetView360AtoZ/snapshots/f0b9ffb20c4dc68d4422db97b7da7b577970650e/data/258_nzRzhyTxJz_bLcuO42HdsA_45.73327766_19.50082973.jpg,48.98,clear,2026-04-13T15:19:44
/home/alex/Desktop/school/comp-vis/dataset/datasets--everettshen--StreetView360AtoZ/snapshots/f0b9ffb20c4dc68d4422db97b7da7b577970650e/data/1486_JeuG-1fTH3o1w4F6Tki6lw_40.02855799_18.01926278.jpg,18.33,clear,2026-04-13T15:19:47
/home/alex/Desktop/school/comp-vis/dataset/datasets--everettshen--StreetView360AtoZ/snapshots/f0b9ffb20c4dc68d4422db97b7da7b577970650e/data/510_-iGQrsQq3ytLhqqzAiqMUw_-25.40931358_28.28707456.jpg,52.59,clear,2026-04-13T15:19:51
/home/alex/Desktop/school/comp-vis/dataset/datasets--everettshen--StreetView360AtoZ/snapshots/f0b9ffb20c4dc68d4422db97b7da7b577970650e/data/946_mn9VSqi1Q7974dSRp8NcUA_-27.88332523_153.31636263.jpg,42.07,clear,2026-04-13T15:19:53
/home/alex/Desktop/school/comp-vis/dataset/datasets--everettshen--StreetView360AtoZ/snapshots/f0b9ffb20c4dc68d4422db97b7da7b577970650e/data/562_azEP6s4mcnVZCN-CoTWQ9Q_-4.84175879_122.99603811.jpg,79.03,clear,2026-04-13T15:19:58
/home/alex/Desktop/school/comp-vis/dataset/datasets--everettshen--StreetView360AtoZ/snapshots/f0b9ffb20c4dc68d4422db97b7da7b577970650e/data/1828_iysl7Xgycofk_uBKeL4BQQ_19.55573448_-99.25332611.jpg,49.58,clear,2026-04-13T15:20:00
/home/alex/Desktop/school/comp-vis/dataset/datasets--everettshen--StreetView360AtoZ/snapshots/f0b9ffb20c4dc68d4422db97b7da7b577970650e/data/277__cNoJ7nV_IndWDwFCcw9nw_45.36705508_5.61773452.jpg,69.42,clear,2026-04-13T15:20:04
/home/alex/Desktop/school/comp-vis/dataset/datasets--everettshen--StreetView360AtoZ/snapshots/f0b9ffb20c4dc68d4422db97b7da7b577970650e/data/1810_v5mfRIhsqN8lhxjUmiC2fA_46.87861622_-65.22960013.jpg,30.35,clear,2026-04-13T15:20:08
/home/alex/Desktop/school/comp-vis/dataset/datasets--everettshen--StreetView360AtoZ/snapshots/f0b9ffb20c4dc68d4422db97b7da7b577970650e/data/952_2mqIjmri1by241cufsHrcw_64.26952313_24.84719515.jpg,14.72,clear,2026-04-13T15:20:12
/home/alex/Desktop/school/comp-vis/dataset/datasets--everettshen--StreetView360AtoZ/snapshots/f0b9ffb20c4dc68d4422db97b7da7b577970650e/data/272__IeLa84ZQmAvPkOl2KKA7A_-30.34034809_-50.27864920.jpg,72.42,clear,2026-04-13T15:20:14
/home/alex/Desktop/school/comp-vis/dataset/datasets--everettshen--StreetView360AtoZ/snapshots/f0b9ffb20c4dc68d4422db97b7da7b577970650e/data/110_7jIqTmPSLnXb1SFgWu-EWw_48.76181349_-98.37282179.jpg,54.69,clear,2026-04-13T15:20:27
/home/alex/Desktop/school/comp-vis/dataset/datasets--everettshen--StreetView360AtoZ/snapshots/f0b9ffb20c4dc68d4422db97b7da7b577970650e/data/33_pAIXj45UICe_bGpJAuCSWg_46.91322735_-103.52462773.jpg,25.24,clear,2026-04-13T15:20:33
/home/alex/Desktop/school/comp-vis/dataset/datasets--everettshen--StreetView360AtoZ/snapshots/f0b9ffb20c4dc68d4422db97b7da7b577970650e/data/270_iHkJr76RkDuizI-N9Jwk7Q_-28.31730584_-53.98249242.jpg,21.04,clear,2026-04-13T15:20:36
/home/alex/Desktop/school/comp-vis/dataset/datasets--everettshen--StreetView360AtoZ/snapshots/f0b9ffb20c4dc68d4422db97b7da7b577970650e/data/895_7Q6tpkV_4iLSjMaAIJ5Imw_41.86759019_-103.66177545.jpg,29.15,clear,2026-04-13T15:20:38
/home/alex/Desktop/school/comp-vis/dataset/datasets--everettshen--StreetView360AtoZ/snapshots/f0b9ffb20c4dc68d4422db97b7da7b577970650e/data/694_xdGrHBrNsOyxvO1YDOZwow_39.90115362_-4.29753102.jpg,28.85,clear,2026-04-13T15:20:40
/home/alex/Desktop/school/comp-vis/dataset/datasets--everettshen--StreetView360AtoZ/snapshots/f0b9ffb20c4dc68d4422db97b7da7b577970650e/data/258_DrKNtQKSt5hY6uSKWAYbRg_-33.24940889_144.56600558.jpg,6.01,clear,2026-04-13T15:20:51
/home/alex/Desktop/school/comp-vis/dataset/datasets--everettshen--StreetView360AtoZ/snapshots/f0b9ffb20c4dc68d4422db97b7da7b577970650e/data/380_L7KoHU3Tq_SkQNo536raIg_36.15916508_-115.02522641.jpg,29.45,clear,2026-04-13T15:20:52
/home/alex/Desktop/school/comp-vis/dataset/datasets--everettshen--StreetView360AtoZ/snapshots/f0b9ffb20c4dc68d4422db97b7da7b577970650e/data/3201_QdUvaBREYbP98b61_7L8QA_50.93377638_-105.16781736.jpg,66.11,clear,2026-04-13T15:20:55
/home/alex/Desktop/school/comp-vis/dataset/datasets--everettshen--StreetView360AtoZ/snapshots/f0b9ffb20c4dc68d4422db97b7da7b577970650e/data/1282_hnUmyZWlx4BNT4lWP0kshg_45.58319044_1.71979083.jpg,37.56,clear,2026-04-13T15:20:57
/home/alex/Desktop/school/comp-vis/dataset/datasets--everettshen--StreetView360AtoZ/snapshots/f0b9ffb20c4dc68d4422db97b7da7b577970650e/data/101_yEDym0zUKyIQV7fRL5CEdQ_13.87274388_121.22697907.jpg,52.89,clear,2026-04-13T15:21:03
/home/alex/Desktop/school/comp-vis/dataset/datasets--everettshen--StreetView360AtoZ/snapshots/f0b9ffb20c4dc68d4422db97b7da7b577970650e/data/847_CqoDWdGJOjI_Yc5ETepLKA_38.07118551_-94.07937919.jpg,36.36,clear,2026-04-13T15:21:11
/home/alex/Desktop/school/comp-vis/dataset/datasets--everettshen--StreetView360AtoZ/snapshots/f0b9ffb20c4dc68d4422db97b7da7b577970650e/data/1769_qw8loob-GkA6F0tsSitimQ_54.35058658_20.25845259.jpg,43.27,clear,2026-04-13T15:21:12
/home/alex/Desktop/school/comp-vis/dataset/datasets--everettshen--StreetView360AtoZ/snapshots/f0b9ffb20c4dc68d4422db97b7da7b577970650e/data/663_KoaFRItzFtiVOJTqJBzQ8A_-40.80545601_-62.98990631.jpg,41.17,clear,2026-04-13T15:21:21
/home/alex/Desktop/school/comp-vis/dataset/datasets--everettshen--StreetView360AtoZ/snapshots/f0b9ffb20c4dc68d4422db97b7da7b577970650e/data/12_Oj8PJyCmrlFjILFZdGtZqQ_42.47056736_0.51020601.jpg,52.59,clear,2026-04-13T15:21:23
/home/alex/Desktop/school/comp-vis/dataset/datasets--everettshen--StreetView360AtoZ/snapshots/f0b9ffb20c4dc68d4422db97b7da7b577970650e/data/922_3RBjmO5RcWNITWhsW-D9fA_34.96236446_-99.38067552.jpg,43.57,clear,2026-04-13T15:21:26
/home/alex/Desktop/school/comp-vis/dataset/datasets--everettshen--StreetView360AtoZ/snapshots/f0b9ffb20c4dc68d4422db97b7da7b577970650e/data/3196_E0dkGcSrCA9UDHfJitZ6Mg_49.08297217_6.63988666.jpg,24.34,clear,2026-04-13T15:21:31
/home/alex/Desktop/school/comp-vis/dataset/datasets--everettshen--StreetView360AtoZ/snapshots/f0b9ffb20c4dc68d4422db97b7da7b577970650e/data/2080_GO9_0iJzpGwQfsQCjz45tg_45.15943858_-83.89310555.jpg,31.85,clear,2026-04-13T15:21:33
/home/alex/Desktop/school/comp-vis/dataset/datasets--everettshen--StreetView360AtoZ/snapshots/f0b9ffb20c4dc68d4422db97b7da7b577970650e/data/749_9_QYm7R90n708v8Tte1wUg_38.53083024_31.22790372.jpg,50.78,clear,2026-04-13T15:21:34
/home/alex/Desktop/school/comp-vis/dataset/datasets--everettshen--StreetView360AtoZ/snapshots/f0b9ffb20c4dc68d4422db97b7da7b577970650e/data/887_DnrEW4EwUaYVbJZT5JwFOw_22.80021121_77.70231821.jpg,31.85,clear,2026-04-13T15:21:41
/home/alex/Desktop/school/comp-vis/dataset/datasets--everettshen--StreetView360AtoZ/snapshots/f0b9ffb20c4dc68d4422db97b7da7b577970650e/data/71_huzjyXADhzRo9-pbfC_pQg_40.20174710_21.75096773.jpg,18.03,clear,2026-04-13T15:21:51
/home/alex/Desktop/school/comp-vis/dataset/datasets--everettshen--StreetView360AtoZ/snapshots/f0b9ffb20c4dc68d4422db97b7da7b577970650e/data/1328_61G5sgURpY2PI7F1l99nYA_-32.09992114_-63.03105405.jpg,41.77,clear,2026-04-13T15:22:01
/home/alex/Desktop/school/comp-vis/dataset/datasets--everettshen--StreetView360AtoZ/snapshots/f0b9ffb20c4dc68d4422db97b7da7b577970650e/data/112_vYWsD3Vj7nMc-80MWEj50A_-21.91689200_-47.61703962.jpg,48.38,clear,2026-04-13T15:22:05
/home/alex/Desktop/school/comp-vis/dataset/datasets--everettshen--StreetView360AtoZ/snapshots/f0b9ffb20c4dc68d4422db97b7da7b577970650e/data/1758_H9RB35gznm2quNWExH-MVw_-39.37820332_174.39023204.jpg,60.10,clear,2026-04-13T15:22:06
/home/alex/Desktop/school/comp-vis/dataset/datasets--everettshen--StreetView360AtoZ/snapshots/f0b9ffb20c4dc68d4422db97b7da7b577970650e/data/686_rVTPyTArMVcWIw_QjTyvKw_40.91439420_38.30877775.jpg,39.07,clear,2026-04-13T15:22:13
/home/alex/Desktop/school/comp-vis/dataset/datasets--everettshen--StreetView360AtoZ/snapshots/f0b9ffb20c4dc68d4422db97b7da7b577970650e/data/1549_I8ZpX84j-iLdzQBwoDwPXw_-4.67854921_121.50396382.jpg,55.89,clear,2026-04-13T15:22:15
/home/alex/Desktop/school/comp-vis/dataset/datasets--everettshen--StreetView360AtoZ/snapshots/f0b9ffb20c4dc68d4422db97b7da7b577970650e/data/186_EgiJ2hj6q5LHiRkPFf0Qvg_11.97780705_104.88671986.jpg,28.85,clear,2026-04-13T15:22:29
/home/alex/Desktop/school/comp-vis/dataset/datasets--everettshen--StreetView360AtoZ/snapshots/f0b9ffb20c4dc68d4422db97b7da7b577970650e/data/1016_fgkjObU65iOJQu2TfsmFYw_39.27464511_36.74836550.jpg,36.36,clear,2026-04-13T15:22:37
/home/alex/Desktop/school/comp-vis/dataset/datasets--everettshen--StreetView360AtoZ/snapshots/f0b9ffb20c4dc68d4422db97b7da7b577970650e/data/1568_hwsOhMXQdbrxwtRpTUMZQg_13.85616364_121.17622653.jpg,64.61,clear,2026-04-13T15:22:44
/home/alex/Desktop/school/comp-vis/dataset/datasets--everettshen--StreetView360AtoZ/snapshots/f0b9ffb20c4dc68d4422db97b7da7b577970650e/data/1657_VX-la3j9AivIaQtnRKM2LA_29.28162226_78.95101643.jpg,72.12,clear,2026-04-13T15:22:46
/home/alex/Desktop/school/comp-vis/dataset/datasets--everettshen--StreetView360AtoZ/snapshots/f0b9ffb20c4dc68d4422db97b7da7b577970650e/data/412_k_-SLY1nWt4ZIRFQQ47oHA_47.64415501_23.49874033.jpg,48.08,clear,2026-04-13T15:22:51
/home/alex/Desktop/school/comp-vis/dataset/datasets--everettshen--StreetView360AtoZ/snapshots/f0b9ffb20c4dc68d4422db97b7da7b577970650e/data/1806_s0xnlsetopn05KKXAZOtFQ_68.38503885_17.19729632.jpg,21.64,clear,2026-04-13T15:23:07
/home/alex/Desktop/school/comp-vis/dataset/datasets--everettshen--StreetView360AtoZ/snapshots/f0b9ffb20c4dc68d4422db97b7da7b577970650e/data/1670_6WYMsecHpQrT4C4TFAGP7g_49.71330842_17.10579171.jpg,32.45,clear,2026-04-13T15:23:15
/home/alex/Desktop/school/comp-vis/dataset/datasets--everettshen--StreetView360AtoZ/snapshots/f0b9ffb20c4dc68d4422db97b7da7b577970650e/data/1762_jpcY2wG0jGjCRGczl4cDrg_-27.99486899_143.82369714.jpg,56.49,clear,2026-04-13T15:23:19
/home/alex/Desktop/school/comp-vis/dataset/datasets--everettshen--StreetView360AtoZ/snapshots/f0b9ffb20c4dc68d4422db97b7da7b577970650e/data/1802_SQTKXLnJdGpO6cNXlwj9Zw_39.60182007_39.03375828.jpg,60.10,clear,2026-04-13T15:23:21
/home/alex/Desktop/school/comp-vis/dataset/datasets--everettshen--StreetView360AtoZ/snapshots/f0b9ffb20c4dc68d4422db97b7da7b577970650e/data/1241_g_Wa6cnBky2KLoR_THK20w_-34.21659464_-57.80231729.jpg,70.62,clear,2026-04-13T15:23:24
/home/alex/Desktop/school/comp-vis/dataset/datasets--everettshen--StreetView360AtoZ/snapshots/f0b9ffb20c4dc68d4422db97b7da7b577970650e/data/3079_Xo1EwX6inpzItJ3y9L3M4w_18.98455794_78.39018379.jpg,78.13,clear,2026-04-13T15:23:30
/home/alex/Desktop/school/comp-vis/dataset/datasets--everettshen--StreetView360AtoZ/snapshots/f0b9ffb20c4dc68d4422db97b7da7b577970650e/data/1775_Zg8cDT8gmHzJgWDRwwYdjg_46.71958225_7.54370737.jpg,28.55,clear,2026-04-13T15:23:47
/home/alex/Desktop/school/comp-vis/dataset/datasets--everettshen--StreetView360AtoZ/snapshots/f0b9ffb20c4dc68d4422db97b7da7b577970650e/data/752_XgCDoh-rQ4yycqphrRp1Ew_48.88641127_11.62072631.jpg,47.18,clear,2026-04-13T15:23:48
/home/alex/Desktop/school/comp-vis/dataset/datasets--everettshen--StreetView360AtoZ/snapshots/f0b9ffb20c4dc68d4422db97b7da7b577970650e/data/1705_7NTe9H5N62AiZwMSZOTMqA_43.60234347_-97.61980755.jpg,37.56,clear,2026-04-13T15:23:50
/home/alex/Desktop/school/comp-vis/dataset/datasets--everettshen--StreetView360AtoZ/snapshots/f0b9ffb20c4dc68d4422db97b7da7b577970650e/data/2379_cwIYqa6OEpP2CMsV1OFSCQ_44.89916555_-124.00485789.jpg,41.17,clear,2026-04-13T15:23:56
/home/alex/Desktop/school/comp-vis/dataset/datasets--everettshen--StreetView360AtoZ/snapshots/f0b9ffb20c4dc68d4422db97b7da7b577970650e/data/400_lWMvNcATORN7CLxIomiafA_46.09918473_-73.93874992.jpg,47.48,clear,2026-04-13T15:23:59
/home/alex/Desktop/school/comp-vis/dataset/datasets--everettshen--StreetView360AtoZ/snapshots/f0b9ffb20c4dc68d4422db97b7da7b577970650e/data/552_1I2qcBL9v3TpUfzgYxxd3A_-25.52317309_31.35699065.jpg,34.56,clear,2026-04-13T15:24:04
/home/alex/Desktop/school/comp-vis/dataset/datasets--everettshen--StreetView360AtoZ/snapshots/f0b9ffb20c4dc68d4422db97b7da7b577970650e/data/1903_HbeXfA-yhFRnIRCMVNzV7g_44.44984704_23.68313508.jpg,28.85,clear,2026-04-13T15:24:07
/home/alex/Desktop/school/comp-vis/dataset/datasets--everettshen--StreetView360AtoZ/snapshots/f0b9ffb20c4dc68d4422db97b7da7b577970650e/data/2432_Osb0eI7mNo5a7Bl8CC8R9A_49.95026005_-98.29341157.jpg,46.58,clear,2026-04-13T15:24:09
/home/alex/Desktop/school/comp-vis/dataset/datasets--everettshen--StreetView360AtoZ/snapshots/f0b9ffb20c4dc68d4422db97b7da7b577970650e/data/2636_Zn3zAKkkBZnNTJYCAdL09g_-20.01704483_-45.96665775.jpg,61.60,clear,2026-04-13T15:24:17
/home/alex/Desktop/school/comp-vis/dataset/datasets--everettshen--StreetView360AtoZ/snapshots/f0b9ffb20c4dc68d4422db97b7da7b577970650e/data/27_ahtixaXptS0T-RWNhh6cIw_49.46630447_2.04057866.jpg,39.37,clear,2026-04-13T15:24:18
/home/alex/Desktop/school/comp-vis/dataset/datasets--everettshen--StreetView360AtoZ/snapshots/f0b9ffb20c4dc68d4422db97b7da7b577970650e/data/12_YT9A1gWb2WWGjEeJ6dyw7Q_63.08560040_21.68333694.jpg,38.16,clear,2026-04-13T15:24:21
/home/alex/Desktop/school/comp-vis/dataset/datasets--everettshen--StreetView360AtoZ/snapshots/f0b9ffb20c4dc68d4422db97b7da7b577970650e/data/841_dXxJadlgx_jqkqSnZg6kAg_-38.60585249_145.59361825.jpg,66.71,clear,2026-04-13T15:24:25
/home/alex/Desktop/school/comp-vis/dataset/datasets--everettshen--StreetView360AtoZ/snapshots/f0b9ffb20c4dc68d4422db97b7da7b577970650e/data/1360_g_Wa6cnBky2KLoR_THK20w_-34.21659464_-57.80231729.jpg,72.42,clear,2026-04-13T15:24:28
/home/alex/Desktop/school/comp-vis/dataset/datasets--everettshen--StreetView360AtoZ/snapshots/f0b9ffb20c4dc68d4422db97b7da7b577970650e/data/754_s7wcrs_WlfJJnghpVGU-rQ_-32.02797477_-65.03032829.jpg,47.18,clear,2026-04-13T15:24:29
/home/alex/Desktop/school/comp-vis/dataset/datasets--everettshen--StreetView360AtoZ/snapshots/f0b9ffb20c4dc68d4422db97b7da7b577970650e/data/2910_W_gjpS5Z5dFMjbEKYCRwHw_45.98340435_25.26651379.jpg,48.98,clear,2026-04-13T15:24:33
/home/alex/Desktop/school/comp-vis/dataset/datasets--everettshen--StreetView360AtoZ/snapshots/f0b9ffb20c4dc68d4422db97b7da7b577970650e/data/486_jxGYmhF3zsP64xSHhZ0fWg_27.26400648_74.98878511.jpg,48.98,clear,2026-04-13T15:24:36
/home/alex/Desktop/school/comp-vis/dataset/datasets--everettshen--StreetView360AtoZ/snapshots/f0b9ffb20c4dc68d4422db97b7da7b577970650e/data/1722_F2bD0gl0gdcj42zmfqFA0A_-1.09613078_36.08573209.jpg,39.97,clear,2026-04-13T15:24:38
/home/alex/Desktop/school/comp-vis/dataset/datasets--everettshen--StreetView360AtoZ/snapshots/f0b9ffb20c4dc68d4422db97b7da7b577970650e/data/64_xASNJ87BdsKHty3z21_4wQ_-22.55459040_-43.05236462.jpg,64.01,clear,2026-04-13T15:24:43
/home/alex/Desktop/school/comp-vis/dataset/datasets--everettshen--StreetView360AtoZ/snapshots/f0b9ffb20c4dc68d4422db97b7da7b577970650e/data/98_UXG_kW-oFqAUneV3iITplg_43.21118002_-8.05264989.jpg,22.84,clear,2026-04-13T15:24:51
/home/alex/Desktop/school/comp-vis/dataset/datasets--everettshen--StreetView360AtoZ/snapshots/f0b9ffb20c4dc68d4422db97b7da7b577970650e/data/501_zhkUTVzQdV8MCyQ6dj3EmA_35.33488582_25.27690890.jpg,48.08,clear,2026-04-13T15:24:57
/home/alex/Desktop/school/comp-vis/dataset/datasets--everettshen--StreetView360AtoZ/snapshots/f0b9ffb20c4dc68d4422db97b7da7b577970650e/data/636_idAmfmPM3vJy7lr9pQaMxw_42.67032135_-77.63532371.jpg,52.59,clear,2026-04-13T15:25:01
/home/alex/Desktop/school/comp-vis/dataset/datasets--everettshen--StreetView360AtoZ/snapshots/f0b9ffb20c4dc68d4422db97b7da7b577970650e/data/3318_xBKk5W92NU18I8pl6HPTVw_51.26098107_-107.02074665.jpg,47.78,clear,2026-04-13T15:25:03
/home/alex/Desktop/school/comp-vis/dataset/datasets--everettshen--StreetView360AtoZ/snapshots/f0b9ffb20c4dc68d4422db97b7da7b577970650e/data/194_nLLNP5dm4xb7GbATthswPg_60.58726437_4.83874734.jpg,21.04,clear,2026-04-13T15:25:06
/home/alex/Desktop/school/comp-vis/dataset/datasets--everettshen--StreetView360AtoZ/snapshots/f0b9ffb20c4dc68d4422db97b7da7b577970650e/data/761_sBcVG6qGH45Mbz_B6aPeHQ_50.62569107_22.95200290.jpg,42.67,clear,2026-04-13T15:25:09
/home/alex/Desktop/school/comp-vis/dataset/datasets--everettshen--StreetView360AtoZ/snapshots/f0b9ffb20c4dc68d4422db97b7da7b577970650e/data/1666_JCn3z7kr9Xl-xtVuLajHTA_6.58394928_3.97856308.jpg,52.29,clear,2026-04-13T15:25:14
/home/alex/Desktop/school/comp-vis/dataset/datasets--everettshen--StreetView360AtoZ/snapshots/f0b9ffb20c4dc68d4422db97b7da7b577970650e/data/1900_GcvcpiV2kvVR4eECDZ-KGg_55.93374742_39.45063508.jpg,48.08,clear,2026-04-13T15:25:15
/home/alex/Desktop/school/comp-vis/dataset/datasets--everettshen--StreetView360AtoZ/snapshots/f0b9ffb20c4dc68d4422db97b7da7b577970650e/data/358_NmCs0bzYqzhvRNxob-2s9g_39.27735366_-111.63245002.jpg,34.56,clear,2026-04-13T15:25:18
/home/alex/Desktop/school/comp-vis/dataset/datasets--everettshen--StreetView360AtoZ/snapshots/f0b9ffb20c4dc68d4422db97b7da7b577970650e/data/740_ELZOE1iWo9EucPBu6xpgUQ_28.79905044_-98.49180542.jpg,78.43,clear,2026-04-13T15:25:25
/home/alex/Desktop/school/comp-vis/dataset/datasets--everettshen--StreetView360AtoZ/snapshots/f0b9ffb20c4dc68d4422db97b7da7b577970650e/data/527_1mQqOLH9D6b-yCinHlgwhw_32.87356037_-95.76610742.jpg,79.93,clear,2026-04-13T15:25:26
/home/alex/Desktop/school/comp-vis/dataset/datasets--everettshen--StreetView360AtoZ/snapshots/f0b9ffb20c4dc68d4422db97b7da7b577970650e/data/1869_JEvnQxxO_GtaUyFhai-FQA_48.19068279_9.97281913.jpg,39.37,clear,2026-04-13T15:25:29
/home/alex/Desktop/school/comp-vis/dataset/datasets--everettshen--StreetView360AtoZ/snapshots/f0b9ffb20c4dc68d4422db97b7da7b577970650e/data/2986_21zzsOdYRix7F3cE_WzqnA_32.48187531_-100.40860968.jpg,27.65,clear,2026-04-13T15:25:30
/home/alex/Desktop/school/comp-vis/dataset/datasets--everettshen--StreetView360AtoZ/snapshots/f0b9ffb20c4dc68d4422db97b7da7b577970650e/data/2827_PvOk_FOzSPjvjOVtcXs0eg_-22.11090142_-54.16951677.jpg,64.31,clear,2026-04-13T15:25:32
/home/alex/Desktop/school/comp-vis/dataset/datasets--everettshen--StreetView360AtoZ/snapshots/f0b9ffb20c4dc68d4422db97b7da7b577970650e/data/1110_ymyxyN-gWa4SYIN859Lc-Q_39.19533747_20.17251548.jpg,38.76,clear,2026-04-13T15:25:39
/home/alex/Desktop/school/comp-vis/dataset/datasets--everettshen--StreetView360AtoZ/snapshots/f0b9ffb20c4dc68d4422db97b7da7b577970650e/data/1251_LhDcp9F7Pu3QO8-CcPuPhQ_48.93025081_15.23940459.jpg,34.56,clear,2026-04-13T15:25:44
/home/alex/Desktop/school/comp-vis/dataset/datasets--everettshen--StreetView360AtoZ/snapshots/f0b9ffb20c4dc68d4422db97b7da7b577970650e/data/2522_2OKn1Ae57BC6SJ_EGTmOWw_38.60564721_-86.10134358.jpg,53.79,clear,2026-04-13T15:25:46
/home/alex/Desktop/school/comp-vis/dataset/datasets--everettshen--StreetView360AtoZ/snapshots/f0b9ffb20c4dc68d4422db97b7da7b577970650e/data/667_Ymqy1U-3pS2bIMYz6ZGgUg_50.61662647_-114.70434826.jpg,40.87,clear,2026-04-13T15:25:51
/home/alex/Desktop/school/comp-vis/dataset/datasets--everettshen--StreetView360AtoZ/snapshots/f0b9ffb20c4dc68d4422db97b7da7b577970650e/data/419_qoJkowmwLCVv4TLYq0kCSw_0.28118671_120.20645547.jpg,49.88,clear,2026-04-13T15:25:53
/home/alex/Desktop/school/comp-vis/dataset/datasets--everettshen--StreetView360AtoZ/snapshots/f0b9ffb20c4dc68d4422db97b7da7b577970650e/data/2736_Ngi8wU_wztIqLHE9N24mNA_61.01599570_69.03814567.jpg,27.95,clear,2026-04-13T15:26:00
/home/alex/Desktop/school/comp-vis/dataset/datasets--everettshen--StreetView360AtoZ/snapshots/f0b9ffb20c4dc68d4422db97b7da7b577970650e/data/998_hxGtxmo4tgS15fmd40eL8Q_45.98823952_27.21573487.jpg,59.80,clear,2026-04-13T15:26:02
/home/alex/Desktop/school/comp-vis/dataset/datasets--everettshen--StreetView360AtoZ/snapshots/f0b9ffb20c4dc68d4422db97b7da7b577970650e/data/483_il3eXU7V_weQ40Nt3TwPpw_52.49059756_-0.71181860.jpg,17.73,clear,2026-04-13T15:26:09
/home/alex/Desktop/school/comp-vis/dataset/datasets--everettshen--StreetView360AtoZ/snapshots/f0b9ffb20c4dc68d4422db97b7da7b577970650e/data/2245_pmHBCzi8KbLkqD-7iY1nug_44.43760976_-118.19239081.jpg,18.03,clear,2026-04-13T15:26:11
/home/alex/Desktop/school/comp-vis/dataset/datasets--everettshen--StreetView360AtoZ/snapshots/f0b9ffb20c4dc68d4422db97b7da7b577970650e/data/358_1EYpJfFX2TxYRRb1Qho1bA_18.44517451_-69.94179224.jpg,41.47,clear,2026-04-13T15:26:12
/home/alex/Desktop/school/comp-vis/dataset/datasets--everettshen--StreetView360AtoZ/snapshots/f0b9ffb20c4dc68d4422db97b7da7b577970650e/data/2533_bKnmnTP-V546xeovewzoDw_38.35282104_-2.65098679.jpg,48.98,clear,2026-04-13T15:26:18
/home/alex/Desktop/school/comp-vis/dataset/datasets--everettshen--StreetView360AtoZ/snapshots/f0b9ffb20c4dc68d4422db97b7da7b577970650e/data/1063_a0rfjifdGYg9EUn1ZmaZzQ_34.29236167_-82.34721808.jpg,42.67,clear,2026-04-13T15:26:20
/home/alex/Desktop/school/comp-vis/dataset/datasets--everettshen--StreetView360AtoZ/snapshots/f0b9ffb20c4dc68d4422db97b7da7b577970650e/data/1993_yXlEzL1zh6IC92yPNnllfA_-19.32985935_-43.93402965.jpg,72.42,clear,2026-04-13T15:26:22
/home/alex/Desktop/school/comp-vis/dataset/datasets--everettshen--StreetView360AtoZ/snapshots/f0b9ffb20c4dc68d4422db97b7da7b577970650e/data/2928_y73w0j0AYSQGmxOMg8B2Qg_50.03700546_11.99938531.jpg,49.28,clear,2026-04-13T15:26:23
/home/alex/Desktop/school/comp-vis/dataset/datasets--everettshen--StreetView360AtoZ/snapshots/f0b9ffb20c4dc68d4422db97b7da7b577970650e/data/465_TYlm7nd5X4pHf1akKwUpIQ_45.52612414_-122.41097657.jpg,55.89,clear,2026-04-13T15:26:29
/home/alex/Desktop/school/comp-vis/dataset/datasets--everettshen--StreetView360AtoZ/snapshots/f0b9ffb20c4dc68d4422db97b7da7b577970650e/data/359_wJW6W9XCnwr5rpAdhdcu_Q_37.07541234_21.98875465.jpg,44.77,clear,2026-04-13T15:26:34
/home/alex/Desktop/school/comp-vis/dataset/datasets--everettshen--StreetView360AtoZ/snapshots/f0b9ffb20c4dc68d4422db97b7da7b577970650e/data/2643_6PDmt1HFL_GYGkuw2zontg_48.96688087_-119.64166952.jpg,37.86,clear,2026-04-13T15:26:38
/home/alex/Desktop/school/comp-vis/dataset/datasets--everettshen--StreetView360AtoZ/snapshots/f0b9ffb20c4dc68d4422db97b7da7b577970650e/data/2413_dwxOAiMvZ6V3w0BbJxpPSA_33.40266521_-89.83090600.jpg,57.40,clear,2026-04-13T15:26:39
/home/alex/Desktop/school/comp-vis/dataset/datasets--everettshen--StreetView360AtoZ/snapshots/f0b9ffb20c4dc68d4422db97b7da7b577970650e/data/189_l-zCSj98QVRNx_exv3d1Bw_34.87470475_-98.22129310.jpg,37.56,clear,2026-04-13T15:26:40
/home/alex/Desktop/school/comp-vis/dataset/datasets--everettshen--StreetView360AtoZ/snapshots/f0b9ffb20c4dc68d4422db97b7da7b577970650e/data/1844_IGd-m33Odkz-5NM-X18FBw_40.07392463_-83.55668798.jpg,54.39,clear,2026-04-13T15:26:41
/home/alex/Desktop/school/comp-vis/dataset/datasets--everettshen--StreetView360AtoZ/snapshots/f0b9ffb20c4dc68d4422db97b7da7b577970650e/data/818_NLlk82S0MJpB6o4bYXjrtQ_36.60594151_-120.85884492.jpg,52.89,clear,2026-04-13T15:26:47
/home/alex/Desktop/school/comp-vis/dataset/datasets--everettshen--StreetView360AtoZ/snapshots/f0b9ffb20c4dc68d4422db97b7da7b577970650e/data/1626_Fb5j4mYNayWK4aezThmiXw_-26.18168007_28.19992899.jpg,63.71,clear,2026-04-13T15:26:58
/home/alex/Desktop/school/comp-vis/dataset/datasets--everettshen--StreetView360AtoZ/snapshots/f0b9ffb20c4dc68d4422db97b7da7b577970650e/data/1960_01Yj7Y1-dTaRB7-Yguvn8w_42.87877014_-84.06364139.jpg,26.74,clear,2026-04-13T15:27:00
/home/alex/Desktop/school/comp-vis/dataset/datasets--everettshen--StreetView360AtoZ/snapshots/f0b9ffb20c4dc68d4422db97b7da7b577970650e/data/1245_uh87HkKxi1_68PQ0ClLTTA_47.42256517_4.67250769.jpg,62.50,clear,2026-04-13T15:27:02
/home/alex/Desktop/school/comp-vis/dataset/datasets--everettshen--StreetView360AtoZ/snapshots/f0b9ffb20c4dc68d4422db97b7da7b577970650e/data/2835_MwdIxk5pD1pGcxeEolwjsg_48.91147871_-101.01789218.jpg,41.17,clear,2026-04-13T15:27:04
/home/alex/Desktop/school/comp-vis/dataset/datasets--everettshen--StreetView360AtoZ/snapshots/f0b9ffb20c4dc68d4422db97b7da7b577970650e/data/414_ZSFH30Z2r36BjntABP7EzA_38.09829534_-85.39544509.jpg,54.99,clear,2026-04-13T15:27:09
/home/alex/Desktop/school/comp-vis/dataset/datasets--everettshen--StreetView360AtoZ/snapshots/f0b9ffb20c4dc68d4422db97b7da7b577970650e/data/448_w1SJV4F1O6-BieTN0Md2Fg_-3.60964712_39.85051869.jpg,73.32,clear,2026-04-13T15:27:14
/home/alex/Desktop/school/comp-vis/dataset/datasets--everettshen--StreetView360AtoZ/snapshots/f0b9ffb20c4dc68d4422db97b7da7b577970650e/data/2754_G6Gw0s0dV0cvopYTzZj84Q_50.80758904_13.07194631.jpg,43.87,clear,2026-04-13T15:27:18
/home/alex/Desktop/school/comp-vis/dataset/datasets--everettshen--StreetView360AtoZ/snapshots/f0b9ffb20c4dc68d4422db97b7da7b577970650e/data/531_siTahmEBRwB0Grs_D210ng_45.63128136_5.57101479.jpg,28.25,clear,2026-04-13T15:27:20
/home/alex/Desktop/school/comp-vis/dataset/datasets--everettshen--StreetView360AtoZ/snapshots/f0b9ffb20c4dc68d4422db97b7da7b577970650e/data/1719_T5G1-PJ9yI5VOWMCwenj_w_45.53074511_11.29550518.jpg,31.25,clear,2026-04-13T15:27:24
/home/alex/Desktop/school/comp-vis/dataset/datasets--everettshen--StreetView360AtoZ/snapshots/f0b9ffb20c4dc68d4422db97b7da7b577970650e/data/558_suu68Z-X25p3wQGk80rk7A_45.19300116_5.73162074.jpg,46.28,clear,2026-04-13T15:27:27
/home/alex/Desktop/school/comp-vis/dataset/datasets--everettshen--StreetView360AtoZ/snapshots/f0b9ffb20c4dc68d4422db97b7da7b577970650e/data/2272_RHSDGnV7N8GIEo_iWs7gvA_-20.73132996_-48.05786436.jpg,56.19,clear,2026-04-13T15:27:29
/home/alex/Desktop/school/comp-vis/dataset/datasets--everettshen--StreetView360AtoZ/snapshots/f0b9ffb20c4dc68d4422db97b7da7b577970650e/data/925_nFKYTUPntmm_pOvW2fdxAw_33.53004912_-80.57156984.jpg,18.93,clear,2026-04-13T15:27:32
/home/alex/Desktop/school/comp-vis/dataset/datasets--everettshen--StreetView360AtoZ/snapshots/f0b9ffb20c4dc68d4422db97b7da7b577970650e/data/2459_-JQMPQ-ePPl3u1XHPCjSXw_-33.93522965_119.99255934.jpg,39.97,clear,2026-04-13T15:27:34
/home/alex/Desktop/school/comp-vis/dataset/datasets--everettshen--StreetView360AtoZ/snapshots/f0b9ffb20c4dc68d4422db97b7da7b577970650e/data/2972_GgUhGDYIttx9eHja0skAvQ_40.61740684_9.74621654.jpg,13.82,clear,2026-04-13T15:27:35
/home/alex/Desktop/school/comp-vis/dataset/datasets--everettshen--StreetView360AtoZ/snapshots/f0b9ffb20c4dc68d4422db97b7da7b577970650e/data/1364_-NF2VLntl4gNlXbg_8kFcw_41.24228084_-96.66018645.jpg,25.54,clear,2026-04-13T15:27:36
/home/alex/Desktop/school/comp-vis/dataset/datasets--everettshen--StreetView360AtoZ/snapshots/f0b9ffb20c4dc68d4422db97b7da7b577970650e/data/1980_CY6nqMg7bPxNKrYR_uITrw_42.11928085_-72.25777366.jpg,25.54,clear,2026-04-13T15:27:39
/home/alex/Desktop/school/comp-vis/dataset/datasets--everettshen--StreetView360AtoZ/snapshots/f0b9ffb20c4dc68d4422db97b7da7b577970650e/data/119_KnQE4821WEyEDbZur9Dlcw_34.62390041_-78.60970564.jpg,32.15,clear,2026-04-13T15:27:41
/home/alex/Desktop/school/comp-vis/dataset/datasets--everettshen--StreetView360AtoZ/snapshots/f0b9ffb20c4dc68d4422db97b7da7b577970650e/data/681_zh8fzEnf-ZVatptf9FcP6Q_4.99792776_-73.47526955.jpg,65.51,clear,2026-04-13T15:27:43
/home/alex/Desktop/school/comp-vis/dataset/datasets--everettshen--StreetView360AtoZ/snapshots/f0b9ffb20c4dc68d4422db97b7da7b577970650e/data/232_0LsY8gywK5apv2VRjXynww_-29.59114519_-51.16030172.jpg,80.83,clear,2026-04-13T15:27:48
/home/alex/Desktop/school/comp-vis/dataset/datasets--everettshen--StreetView360AtoZ/snapshots/f0b9ffb20c4dc68d4422db97b7da7b577970650e/data/750_8WQYtIKxW4fzLOGX8NQ_xQ_32.32852100_-102.56039019.jpg,51.69,clear,2026-04-13T15:27:49
/home/alex/Desktop/school/comp-vis/dataset/datasets--everettshen--StreetView360AtoZ/snapshots/f0b9ffb20c4dc68d4422db97b7da7b577970650e/data/1230_C7QCY_8ZKp1C73kyhNpVBA_58.99773819_22.74872458.jpg,47.18,clear,2026-04-13T15:27:50
/home/alex/Desktop/school/comp-vis/dataset/datasets--everettshen--StreetView360AtoZ/snapshots/f0b9ffb20c4dc68d4422db97b7da7b577970650e/data/1300_w1SJV4F1O6-BieTN0Md2Fg_-3.60964712_39.85051869.jpg,73.92,clear,2026-04-13T15:27:51
/home/alex/Desktop/school/comp-vis/dataset/datasets--everettshen--StreetView360AtoZ/snapshots/f0b9ffb20c4dc68d4422db97b7da7b577970650e/data/983_GxBw_o_xqxIw1zQfMmtaJQ_38.05119066_21.92234262.jpg,51.69,clear,2026-04-13T15:27:53
/home/alex/Desktop/school/comp-vis/dataset/datasets--everettshen--StreetView360AtoZ/snapshots/f0b9ffb20c4dc68d4422db97b7da7b577970650e/data/210_BJ-3vqE2zJoZN4pcH50x1A_46.80752816_-0.68409695.jpg,22.24,clear,2026-04-13T15:27:58
/home/alex/Desktop/school/comp-vis/dataset/datasets--everettshen--StreetView360AtoZ/snapshots/f0b9ffb20c4dc68d4422db97b7da7b577970650e/data/1418_gZEN8KaoGiqbBg94FbKw6A_-10.55387308_105.65193355.jpg,39.07,clear,2026-04-13T15:28:00
/home/alex/Desktop/school/comp-vis/dataset/datasets--everettshen--StreetView360AtoZ/snapshots/f0b9ffb20c4dc68d4422db97b7da7b577970650e/data/2549_1Hn6cpywTwhO98tfO3N7bg_40.95868156_-96.74970813.jpg,23.74,clear,2026-04-13T15:28:05
/home/alex/Desktop/school/comp-vis/dataset/datasets--everettshen--StreetView360AtoZ/snapshots/f0b9ffb20c4dc68d4422db97b7da7b577970650e/data/3330_6oX0oXz57Mr5rklb74kWrQ_43.65057089_11.95646972.jpg,48.68,clear,2026-04-13T15:28:07
/home/alex/Desktop/school/comp-vis/dataset/datasets--everettshen--StreetView360AtoZ/snapshots/f0b9ffb20c4dc68d4422db97b7da7b577970650e/data/553_dH_Mm4UjREvlL8CI8Eqg-g_38.15827161_14.89148014.jpg,50.78,clear,2026-04-13T15:28:09
/home/alex/Desktop/school/comp-vis/dataset/datasets--everettshen--StreetView360AtoZ/snapshots/f0b9ffb20c4dc68d4422db97b7da7b577970650e/data/705_4eo6oNPh1fYWgAwSh20pug_39.66706055_35.88284619.jpg,59.20,clear,2026-04-13T15:28:10
/home/alex/Desktop/school/comp-vis/dataset/datasets--everettshen--StreetView360AtoZ/snapshots/f0b9ffb20c4dc68d4422db97b7da7b577970650e/data/190_XhgfgPZfHyRldCmAooEK3A_39.76976929_-79.47669841.jpg,52.29,clear,2026-04-13T15:28:14
/home/alex/Desktop/school/comp-vis/dataset/datasets--everettshen--StreetView360AtoZ/snapshots/f0b9ffb20c4dc68d4422db97b7da7b577970650e/data/907_Ps0cAlX0R0tdgWgAIBFDpA_50.80551797_-0.86669890.jpg,60.10,clear,2026-04-13T15:28:17
/home/alex/Desktop/school/comp-vis/dataset/datasets--everettshen--StreetView360AtoZ/snapshots/f0b9ffb20c4dc68d4422db97b7da7b577970650e/data/280_uSiHXsMaiaC7qiXOcpZcJQ_-20.44645840_-45.45017303.jpg,58.30,clear,2026-04-13T15:28:19
/home/alex/Desktop/school/comp-vis/dataset/datasets--everettshen--StreetView360AtoZ/snapshots/f0b9ffb20c4dc68d4422db97b7da7b577970650e/data/1513_zobHRFGqmwFODLClEKXJTQ_44.90167876_38.94465978.jpg,28.25,clear,2026-04-13T15:28:23
/home/alex/Desktop/school/comp-vis/dataset/datasets--everettshen--StreetView360AtoZ/snapshots/f0b9ffb20c4dc68d4422db97b7da7b577970650e/data/751_GQmflteBDgna85e4-KlOTA_49.13341887_-55.36532148.jpg,43.27,clear,2026-04-13T15:28:24
/home/alex/Desktop/school/comp-vis/dataset/datasets--everettshen--StreetView360AtoZ/snapshots/f0b9ffb20c4dc68d4422db97b7da7b577970650e/data/64_z2khf9N2rafvp7D1iI4fGw_23.84326036_121.50549555.jpg,41.77,clear,2026-04-13T15:50:40
/home/alex/Desktop/school/comp-vis/dataset/datasets--everettshen--StreetView360AtoZ/snapshots/f0b9ffb20c4dc68d4422db97b7da7b577970650e/data/1094_r_KPCjbpT2lX-8OoFhdnwQ_45.41757879_3.28442160.jpg,35.76,clear,2026-04-13T15:50:41
/home/alex/Desktop/school/comp-vis/dataset/datasets--everettshen--StreetView360AtoZ/snapshots/f0b9ffb20c4dc68d4422db97b7da7b577970650e/data/3122__ZjEqadvCuc3WEDgI5zmkQ_50.11227442_-120.79411734.jpg,62.50,clear,2026-04-13T15:50:42
/home/alex/Desktop/school/comp-vis/dataset/datasets--everettshen--StreetView360AtoZ/snapshots/f0b9ffb20c4dc68d4422db97b7da7b577970650e/data/2092_r0XDpLRo8mCrvAf_PU7sWw_-14.65731140_-74.34292051.jpg,59.50,clear,2026-04-13T15:50:55
/home/alex/Desktop/school/comp-vis/dataset/datasets--everettshen--StreetView360AtoZ/snapshots/f0b9ffb20c4dc68d4422db97b7da7b577970650e/data/407_a8P4uTS3aRzlkt9Aaa7wXA_49.94322875_12.88072434.jpg,24.94,clear,2026-04-13T15:50:56
/home/alex/Desktop/school/comp-vis/dataset/datasets--everettshen--StreetView360AtoZ/snapshots/f0b9ffb20c4dc68d4422db97b7da7b577970650e/data/934_CbsHMcw8_ANyh2JwPV-jEA_30.11395545_-107.61626270.jpg,46.28,clear,2026-04-13T15:51:02
/home/alex/Desktop/school/comp-vis/dataset/datasets--everettshen--StreetView360AtoZ/snapshots/f0b9ffb20c4dc68d4422db97b7da7b577970650e/data/1003_MxJlrisy1jGza9yUiGpDKw_46.25772547_7.36365008.jpg,61.60,clear,2026-04-13T15:51:14
/home/alex/Desktop/school/comp-vis/dataset/datasets--everettshen--StreetView360AtoZ/snapshots/f0b9ffb20c4dc68d4422db97b7da7b577970650e/data/584_NB0ESgRzsA9NhmSg0KKw3g_57.55781530_25.20836651.jpg,20.13,clear,2026-04-13T15:51:21
/home/alex/Desktop/school/comp-vis/dataset/datasets--everettshen--StreetView360AtoZ/snapshots/f0b9ffb20c4dc68d4422db97b7da7b577970650e/data/293_55h-g1VaPlQqMVsHyrukDQ_-27.40591488_-49.22097047.jpg,37.26,clear,2026-04-13T15:51:22
/home/alex/Desktop/school/comp-vis/dataset/datasets--everettshen--StreetView360AtoZ/snapshots/f0b9ffb20c4dc68d4422db97b7da7b577970650e/data/2515_8izKQnkQ9eWdkIHzAyJQWA_48.72811047_2.97512572.jpg,18.63,clear,2026-04-13T15:51:26
/home/alex/Desktop/school/comp-vis/dataset/datasets--everettshen--StreetView360AtoZ/snapshots/f0b9ffb20c4dc68d4422db97b7da7b577970650e/data/530_fy0L3ERUUl1k4c6EiLyK-w_-20.98287012_-55.13349109.jpg,26.44,clear,2026-04-13T15:51:31
/home/alex/Desktop/school/comp-vis/dataset/datasets--everettshen--StreetView360AtoZ/snapshots/f0b9ffb20c4dc68d4422db97b7da7b577970650e/data/762_Yk8znLuArgD7ICYagdeOmw_54.24937307_16.01471056.jpg,15.33,clear,2026-04-13T15:51:37
/home/alex/Desktop/school/comp-vis/dataset/datasets--everettshen--StreetView360AtoZ/snapshots/f0b9ffb20c4dc68d4422db97b7da7b577970650e/data/708_PrlPLK6U16tae7-CQS5f3w_10.96658647_-74.78333835.jpg,41.47,clear,2026-04-13T15:52:12
/home/alex/Desktop/school/comp-vis/dataset/datasets--everettshen--StreetView360AtoZ/snapshots/f0b9ffb20c4dc68d4422db97b7da7b577970650e/data/123_uxpCKJg-DCfefXqdOy0Yew_34.64944912_-99.33126990.jpg,28.25,clear,2026-04-13T15:52:21
/home/alex/Desktop/school/comp-vis/dataset/datasets--everettshen--StreetView360AtoZ/snapshots/f0b9ffb20c4dc68d4422db97b7da7b577970650e/data/101_FtFQQIrler8RMNnPTh2V2w_63.74999214_25.33328737.jpg,43.87,clear,2026-04-13T15:52:23
/home/alex/Desktop/school/comp-vis/dataset/datasets--everettshen--StreetView360AtoZ/snapshots/f0b9ffb20c4dc68d4422db97b7da7b577970650e/data/481_ohkb4RvmtgLPakcO6MjUHg_48.43326412_19.96658734.jpg,36.06,clear,2026-04-13T15:52:24
/home/alex/Desktop/school/comp-vis/dataset/datasets--everettshen--StreetView360AtoZ/snapshots/f0b9ffb20c4dc68d4422db97b7da7b577970650e/data/340_hQoZnELhyq_RRdDSeWkwNQ_43.55273851_-7.11719375.jpg,48.68,clear,2026-04-13T15:52:30
/home/alex/Desktop/school/comp-vis/dataset/datasets--everettshen--StreetView360AtoZ/snapshots/f0b9ffb20c4dc68d4422db97b7da7b577970650e/data/211_8hhF6bWojD86UrNW14mCUA_55.24963258_9.48765825.jpg,36.06,clear,2026-04-13T15:52:32
/home/alex/Desktop/school/comp-vis/dataset/datasets--everettshen--StreetView360AtoZ/snapshots/f0b9ffb20c4dc68d4422db97b7da7b577970650e/data/1701_Ts0Jek3w40U9p2nsTinc3g_-38.63336202_177.83270537.jpg,6.31,clear,2026-04-13T15:52:35
/home/alex/Desktop/school/comp-vis/dataset/datasets--everettshen--StreetView360AtoZ/snapshots/f0b9ffb20c4dc68d4422db97b7da7b577970650e/data/2428_RIHDkh_mZwgGJHOmq3IHjw_36.93275163_129.38430054.jpg,21.94,clear,2026-04-13T15:52:38
/home/alex/Desktop/school/comp-vis/dataset/datasets--everettshen--StreetView360AtoZ/snapshots/f0b9ffb20c4dc68d4422db97b7da7b577970650e/data/3244_Yb39GckSiZdvC-7CVV8AzQ_52.68371647_-101.11052029.jpg,49.88,clear,2026-04-13T15:52:39
/home/alex/Desktop/school/comp-vis/dataset/datasets--everettshen--StreetView360AtoZ/snapshots/f0b9ffb20c4dc68d4422db97b7da7b577970650e/data/3000_5Zh8d7ExN7K-n7lAjADT0w_-23.00592399_-49.31931988.jpg,23.14,clear,2026-04-13T15:52:50
/home/alex/Desktop/school/comp-vis/dataset/datasets--everettshen--StreetView360AtoZ/snapshots/f0b9ffb20c4dc68d4422db97b7da7b577970650e/data/68_ALQ0HswjzzdkO5qkLS9zIw_16.13464464_120.52689763.jpg,57.40,clear,2026-04-13T15:53:58
/home/alex/Desktop/school/comp-vis/dataset/datasets--everettshen--StreetView360AtoZ/snapshots/f0b9ffb20c4dc68d4422db97b7da7b577970650e/data/2400_v6QrNO8oafU1qHMIOBnIzg_-4.54589629_120.35838365.jpg,13.52,clear,2026-04-13T15:54:00
/home/alex/Desktop/school/comp-vis/dataset/datasets--everettshen--StreetView360AtoZ/snapshots/f0b9ffb20c4dc68d4422db97b7da7b577970650e/data/546_DkcNplbI9xthuf6U9PN10A_37.07390797_129.40639285.jpg,39.67,clear,2026-04-13T15:54:05
/home/alex/Desktop/school/comp-vis/dataset/datasets--everettshen--StreetView360AtoZ/snapshots/f0b9ffb20c4dc68d4422db97b7da7b577970650e/data/3095_mmIi9IlRDejw4i0KwqOIGA_17.37759224_79.44066322.jpg,61.90,clear,2026-04-13T15:54:06
/home/alex/Desktop/school/comp-vis/dataset/datasets--everettshen--StreetView360AtoZ/snapshots/f0b9ffb20c4dc68d4422db97b7da7b577970650e/data/2795_bbthAb80273g2BZQ4txmXw_67.43903272_-134.88468737.jpg,32.75,clear,2026-04-13T15:54:09
/home/alex/Desktop/school/comp-vis/dataset/datasets--everettshen--StreetView360AtoZ/snapshots/f0b9ffb20c4dc68d4422db97b7da7b577970650e/data/645_i9150zEDdcV3RF31shnmXQ_38.07673225_23.82089892.jpg,37.26,clear,2026-04-13T15:54:12
/home/alex/Desktop/school/comp-vis/dataset/datasets--everettshen--StreetView360AtoZ/snapshots/f0b9ffb20c4dc68d4422db97b7da7b577970650e/data/179_GNHoM5qnEGO5Uldrot-NwQ_10.54728805_78.46543156.jpg,57.40,clear,2026-04-13T15:54:13
/home/alex/Desktop/school/comp-vis/dataset/datasets--everettshen--StreetView360AtoZ/snapshots/f0b9ffb20c4dc68d4422db97b7da7b577970650e/data/26_MnTelUM-2wwFrj2NYmtApA_34.12688818_-116.32609224.jpg,43.27,clear,2026-04-13T15:54:14
/home/alex/Desktop/school/comp-vis/dataset/datasets--everettshen--StreetView360AtoZ/snapshots/f0b9ffb20c4dc68d4422db97b7da7b577970650e/data/342_2fKrh8ygO4rhf7q1XeERxw_39.61004704_-119.85641616.jpg,50.48,clear,2026-04-13T15:54:16
/home/alex/Desktop/school/comp-vis/dataset/datasets--everettshen--StreetView360AtoZ/snapshots/f0b9ffb20c4dc68d4422db97b7da7b577970650e/data/163_WjSVpW_iWhkWZaRTZfAfSw_51.93643877_108.06495170.jpg,17.43,clear,2026-04-13T15:54:23
/home/alex/Desktop/school/comp-vis/dataset/datasets--everettshen--StreetView360AtoZ/snapshots/f0b9ffb20c4dc68d4422db97b7da7b577970650e/data/796_rUFXrZY_jEslTXjatttefA_67.54965012_30.48233550.jpg,31.85,clear,2026-04-13T15:54:25
/home/alex/Desktop/school/comp-vis/dataset/datasets--everettshen--StreetView360AtoZ/snapshots/f0b9ffb20c4dc68d4422db97b7da7b577970650e/data/822_dS_LBJtkP_PLBZhDavfqQA_42.60700790_27.19978575.jpg,46.28,clear,2026-04-13T15:54:27
/home/alex/Desktop/school/comp-vis/dataset/datasets--everettshen--StreetView360AtoZ/snapshots/f0b9ffb20c4dc68d4422db97b7da7b577970650e/data/992_sYzJpf8qIxHzlWcv9Q_Vfg_42.39226782_-75.08538693.jpg,27.35,clear,2026-04-13T15:54:37
/home/alex/Desktop/school/comp-vis/dataset/datasets--everettshen--StreetView360AtoZ/snapshots/f0b9ffb20c4dc68d4422db97b7da7b577970650e/data/3409_OPYDwn3871KjqEXCKPXTMQ_34.24791525_-80.58308213.jpg,33.96,clear,2026-04-13T15:54:39
/home/alex/Desktop/school/comp-vis/dataset/datasets--everettshen--StreetView360AtoZ/snapshots/f0b9ffb20c4dc68d4422db97b7da7b577970650e/data/1300_PEa9aF20ERbtBP7O5uaztA_61.13050432_9.08530749.jpg,25.84,clear,2026-04-13T15:54:41
/home/alex/Desktop/school/comp-vis/dataset/datasets--everettshen--StreetView360AtoZ/snapshots/f0b9ffb20c4dc68d4422db97b7da7b577970650e/data/255_Cvq5rT60MfLfCbyasST1xA_-37.13191404_-56.87284350.jpg,61.90,clear,2026-04-13T15:54:44
/home/alex/Desktop/school/comp-vis/dataset/datasets--everettshen--StreetView360AtoZ/snapshots/f0b9ffb20c4dc68d4422db97b7da7b577970650e/data/2486_HLdh247MeKZ7aItf5yq37A_31.36482757_-116.32318087.jpg,39.67,clear,2026-04-13T15:55:03
/home/alex/Desktop/school/comp-vis/dataset/datasets--everettshen--StreetView360AtoZ/snapshots/f0b9ffb20c4dc68d4422db97b7da7b577970650e/data/1165_eto_p6Ggd3DcJsNQDAuXpA_34.90915770_-110.15652891.jpg,39.37,clear,2026-04-13T15:55:47
/home/alex/Desktop/school/comp-vis/dataset/datasets--everettshen--StreetView360AtoZ/snapshots/f0b9ffb20c4dc68d4422db97b7da7b577970650e/data/1541_duAKwyJSIHwblFClHvzQOw_36.26426244_29.40750789.jpg,65.81,clear,2026-04-13T15:55:51
/home/alex/Desktop/school/comp-vis/dataset/datasets--everettshen--StreetView360AtoZ/snapshots/f0b9ffb20c4dc68d4422db97b7da7b577970650e/data/600_X7TPlfRli1C8u91Z8e5k4A_20.97420611_82.38349811.jpg,35.46,clear,2026-04-13T15:55:52
/home/alex/Desktop/school/comp-vis/dataset/datasets--everettshen--StreetView360AtoZ/snapshots/f0b9ffb20c4dc68d4422db97b7da7b577970650e/data/785_U-3Cn7_dOR_rhROsVjuVjA_13.91547735_121.11384572.jpg,60.10,clear,2026-04-13T15:55:57
/home/alex/Desktop/school/comp-vis/dataset/datasets--everettshen--StreetView360AtoZ/snapshots/f0b9ffb20c4dc68d4422db97b7da7b577970650e/data/3009_ta82bygOUkOkhPQBa40eoA_60.53714361_-150.76588455.jpg,45.38,clear,2026-04-13T15:55:59
/home/alex/Desktop/school/comp-vis/dataset/datasets--everettshen--StreetView360AtoZ/snapshots/f0b9ffb20c4dc68d4422db97b7da7b577970650e/data/1538_dN_SMn8B7A6T8dFsU7vvCQ_48.61345706_12.21881481.jpg,24.04,clear,2026-04-13T15:56:02
/home/alex/Desktop/school/comp-vis/dataset/datasets--everettshen--StreetView360AtoZ/snapshots/f0b9ffb20c4dc68d4422db97b7da7b577970650e/data/951_tFApwucqVHZDLAWrhMyhZw_37.21918545_-3.60515230.jpg,32.15,clear,2026-04-13T15:56:06
/home/alex/Desktop/school/comp-vis/dataset/datasets--everettshen--StreetView360AtoZ/snapshots/f0b9ffb20c4dc68d4422db97b7da7b577970650e/data/769_IiU-xwzT6VhhKWU20kwn4w_52.28564009_22.07365321.jpg,53.19,clear,2026-04-13T15:56:09
/home/alex/Desktop/school/comp-vis/dataset/datasets--everettshen--StreetView360AtoZ/snapshots/f0b9ffb20c4dc68d4422db97b7da7b577970650e/data/1896_KggDWj4NtaqF7DTFXa8mZA_34.01364461_-118.13733957.jpg,17.13,clear,2026-04-13T15:56:13
/home/alex/Desktop/school/comp-vis/dataset/datasets--everettshen--StreetView360AtoZ/snapshots/f0b9ffb20c4dc68d4422db97b7da7b577970650e/data/2866_92PTbluXrM0t9SsdZdZVvw_60.71836163_-46.03551486.jpg,40.87,clear,2026-04-13T15:56:16
/home/alex/Desktop/school/comp-vis/dataset/datasets--everettshen--StreetView360AtoZ/snapshots/f0b9ffb20c4dc68d4422db97b7da7b577970650e/data/411_r_hFtqD7lDkt3sD9cRAkog_34.61146478_-118.27116026.jpg,27.35,clear,2026-04-13T15:56:23
/home/alex/Desktop/school/comp-vis/dataset/datasets--everettshen--StreetView360AtoZ/snapshots/f0b9ffb20c4dc68d4422db97b7da7b577970650e/data/1000_vndrMkPBye9554GhnjixQg_37.86692756_-25.83342649.jpg,47.18,clear,2026-04-13T15:56:25
/home/alex/Desktop/school/comp-vis/dataset/datasets--everettshen--StreetView360AtoZ/snapshots/f0b9ffb20c4dc68d4422db97b7da7b577970650e/data/625_dKRfraTin2TfSafYXgrClw_59.43329984_33.76649303.jpg,39.67,clear,2026-04-13T15:56:36
/home/alex/Desktop/school/comp-vis/dataset/datasets--everettshen--StreetView360AtoZ/snapshots/f0b9ffb20c4dc68d4422db97b7da7b577970650e/data/1729_YKMJ8LCrdJXR5Q8RMV0IjQ_49.08735807_20.42535717.jpg,55.89,clear,2026-04-13T15:56:42
/home/alex/Desktop/school/comp-vis/dataset/datasets--everettshen--StreetView360AtoZ/snapshots/f0b9ffb20c4dc68d4422db97b7da7b577970650e/data/2019_JdFPRFz5I5l_cC9aVCd9Dg_-18.58137634_-69.49394418.jpg,18.63,clear,2026-04-13T15:56:43
/home/alex/Desktop/school/comp-vis/dataset/datasets--everettshen--StreetView360AtoZ/snapshots/f0b9ffb20c4dc68d4422db97b7da7b577970650e/data/238_vIcHJa7Hqhem6BPMBXCFmA_25.44038136_81.90815293.jpg,45.68,clear,2026-04-13T15:56:46
/home/alex/Desktop/school/comp-vis/dataset/datasets--everettshen--StreetView360AtoZ/snapshots/f0b9ffb20c4dc68d4422db97b7da7b577970650e/data/3192_n1D-o8LI5YK_0V3_jAWDZw_16.92023996_-99.95807002.jpg,44.47,clear,2026-04-13T15:56:48
/home/alex/Desktop/school/comp-vis/dataset/datasets--everettshen--StreetView360AtoZ/snapshots/f0b9ffb20c4dc68d4422db97b7da7b577970650e/data/1721_dS_o8KcttruLa6i_O_KqvQ_-36.50471275_148.83636649.jpg,48.38,clear,2026-04-13T15:56:53
/home/alex/Desktop/school/comp-vis/dataset/datasets--everettshen--StreetView360AtoZ/snapshots/f0b9ffb20c4dc68d4422db97b7da7b577970650e/data/3268_npVnPD-E5BMuIntdXtYxIg_-34.76448773_-68.20607296.jpg,37.26,clear,2026-04-13T15:56:55
/home/alex/Desktop/school/comp-vis/dataset/datasets--everettshen--StreetView360AtoZ/snapshots/f0b9ffb20c4dc68d4422db97b7da7b577970650e/data/1793_TqVqLExEfuDaLs-SkMEYkg_-30.67638702_30.50705149.jpg,42.07,clear,2026-04-13T15:56:59
/home/alex/Desktop/school/comp-vis/dataset/datasets--everettshen--StreetView360AtoZ/snapshots/f0b9ffb20c4dc68d4422db97b7da7b577970650e/data/307_5zYz9PSnH8tcCRmn3pShXA_0.60666382_-50.69866126.jpg,68.51,clear,2026-04-13T15:57:08
/home/alex/Desktop/school/comp-vis/dataset/datasets--everettshen--StreetView360AtoZ/snapshots/f0b9ffb20c4dc68d4422db97b7da7b577970650e/data/1963_-aDU1oYaTCRFqVPbvYwrtw_38.75043104_21.64755674.jpg,38.76,clear,2026-04-13T15:57:10
/home/alex/Desktop/school/comp-vis/dataset/datasets--everettshen--StreetView360AtoZ/snapshots/f0b9ffb20c4dc68d4422db97b7da7b577970650e/data/1742_Ba7gZUDUhP4LgYoK41aWWQ_21.48089282_74.44924713.jpg,61.90,clear,2026-04-13T15:57:14
/home/alex/Desktop/school/comp-vis/dataset/datasets--everettshen--StreetView360AtoZ/snapshots/f0b9ffb20c4dc68d4422db97b7da7b577970650e/data/58_pLdgE36EnYfmUoRJhJORhg_45.87663848_13.34852666.jpg,39.97,clear,2026-04-13T15:57:16
/home/alex/Desktop/school/comp-vis/dataset/datasets--everettshen--StreetView360AtoZ/snapshots/f0b9ffb20c4dc68d4422db97b7da7b577970650e/data/2804_-azgbkegh2vMURnTdqYGTA_53.69970043_13.80582129.jpg,54.09,clear,2026-04-13T15:57:22
/home/alex/Desktop/school/comp-vis/dataset/datasets--everettshen--StreetView360AtoZ/snapshots/f0b9ffb20c4dc68d4422db97b7da7b577970650e/data/586_KefHVehWkVA7MOpH-Y4dCA_46.45738203_-60.46382819.jpg,46.58,clear,2026-04-13T15:57:23
/home/alex/Desktop/school/comp-vis/dataset/datasets--everettshen--StreetView360AtoZ/snapshots/f0b9ffb20c4dc68d4422db97b7da7b577970650e/data/501_Rz-naEJSertxL5tnmQPt_g_12.25546686_105.53586284.jpg,55.29,clear,2026-04-13T15:57:44
/home/alex/Desktop/school/comp-vis/dataset/datasets--everettshen--StreetView360AtoZ/snapshots/f0b9ffb20c4dc68d4422db97b7da7b577970650e/data/2962_cg7PskmVbBMriT2fGQUP8Q_-4.80639969_120.34439925.jpg,58.90,clear,2026-04-13T15:57:46
/home/alex/Desktop/school/comp-vis/dataset/datasets--everettshen--StreetView360AtoZ/snapshots/f0b9ffb20c4dc68d4422db97b7da7b577970650e/data/828_-dbBZnsgix4yWJ02ENuNrw_-36.69993376_143.16655786.jpg,36.36,clear,2026-04-13T15:57:51
/home/alex/Desktop/school/comp-vis/dataset/datasets--everettshen--StreetView360AtoZ/snapshots/f0b9ffb20c4dc68d4422db97b7da7b577970650e/data/346_Ybzrrd4gVLzK0mfv7MkUXA_49.50475420_10.89162328.jpg,61.60,clear,2026-04-13T15:57:53
/home/alex/Desktop/school/comp-vis/dataset/datasets--everettshen--StreetView360AtoZ/snapshots/f0b9ffb20c4dc68d4422db97b7da7b577970650e/data/1757_40LD80QrnPGfo8BhkWImhw_-3.05091274_-59.92072953.jpg,67.91,clear,2026-04-13T15:57:54
/home/alex/Desktop/school/comp-vis/dataset/datasets--everettshen--StreetView360AtoZ/snapshots/f0b9ffb20c4dc68d4422db97b7da7b577970650e/data/308_hm7une2TPIfRph3gGIwCnw_67.77496462_15.01579453.jpg,41.47,clear,2026-04-13T15:57:57
/home/alex/Desktop/school/comp-vis/dataset/datasets--everettshen--StreetView360AtoZ/snapshots/f0b9ffb20c4dc68d4422db97b7da7b577970650e/data/2371_6W8tiXLsuAtn0n46d4OG2w_45.01045090_0.05080707.jpg,56.79,clear,2026-04-13T15:58:00
/home/alex/Desktop/school/comp-vis/dataset/datasets--everettshen--StreetView360AtoZ/snapshots/f0b9ffb20c4dc68d4422db97b7da7b577970650e/data/382_MEEYlJxPd9_DMOwGHd9Muw_15.05713800_120.59896140.jpg,53.79,clear,2026-04-13T15:58:01
/home/alex/Desktop/school/comp-vis/dataset/datasets--everettshen--StreetView360AtoZ/snapshots/f0b9ffb20c4dc68d4422db97b7da7b577970650e/data/2722_boQZwFVnmR6GhAwvgPeS6w_33.00588660_-93.44125974.jpg,32.45,clear,2026-04-13T15:58:02
/home/alex/Desktop/school/comp-vis/dataset/datasets--everettshen--StreetView360AtoZ/snapshots/f0b9ffb20c4dc68d4422db97b7da7b577970650e/data/871_-tAD8UOnjButzHOWTgU0kA_-34.69433531_150.59850647.jpg,56.49,clear,2026-04-13T15:58:03
/home/alex/Desktop/school/comp-vis/dataset/datasets--everettshen--StreetView360AtoZ/snapshots/f0b9ffb20c4dc68d4422db97b7da7b577970650e/data/377_yjf-n7XjF4kF2lEXBP55fA_18.44869076_-66.14918517.jpg,47.48,clear,2026-04-13T15:58:04
/home/alex/Desktop/school/comp-vis/dataset/datasets--everettshen--StreetView360AtoZ/snapshots/f0b9ffb20c4dc68d4422db97b7da7b577970650e/data/510_URR0egmOzKRoMmTumZxPYA_-37.80536023_-72.69399100.jpg,51.99,clear,2026-04-13T15:58:07
/home/alex/Desktop/school/comp-vis/dataset/datasets--everettshen--StreetView360AtoZ/snapshots/f0b9ffb20c4dc68d4422db97b7da7b577970650e/data/1339_23A4TI_ME7V-oRIJjKefjQ_47.38324046_2.88351439.jpg,45.68,clear,2026-04-13T15:58:08
/home/alex/Desktop/school/comp-vis/dataset/datasets--everettshen--StreetView360AtoZ/snapshots/f0b9ffb20c4dc68d4422db97b7da7b577970650e/data/1926_cF7_eYVMjBThGwCn2YqCOA_7.24800293_100.30602689.jpg,64.31,clear,2026-04-13T15:58:10
/home/alex/Desktop/school/comp-vis/dataset/datasets--everettshen--StreetView360AtoZ/snapshots/f0b9ffb20c4dc68d4422db97b7da7b577970650e/data/2141_J1Yy6s9Ry0scUvTzMXp6_g_48.40829811_1.47771537.jpg,65.81,clear,2026-04-13T15:58:11
/home/alex/Desktop/school/comp-vis/dataset/datasets--everettshen--StreetView360AtoZ/snapshots/f0b9ffb20c4dc68d4422db97b7da7b577970650e/data/2735_cm9k0s8C6U0U4cqvRKiqMw_52.74064975_-1.18774530.jpg,13.22,clear,2026-04-13T15:58:18
/home/alex/Desktop/school/comp-vis/dataset/datasets--everettshen--StreetView360AtoZ/snapshots/f0b9ffb20c4dc68d4422db97b7da7b577970650e/data/84_oOG2LQc4XaGf7HpBF0nW7w_-31.91033118_-64.23767024.jpg,79.93,clear,2026-04-13T15:58:21
/home/alex/Desktop/school/comp-vis/dataset/datasets--everettshen--StreetView360AtoZ/snapshots/f0b9ffb20c4dc68d4422db97b7da7b577970650e/data/1542_nXmNizX7wgynb5L575n_qg_48.55809974_-2.06451167.jpg,16.83,clear,2026-04-13T15:58:22
/home/alex/Desktop/school/comp-vis/dataset/datasets--everettshen--StreetView360AtoZ/snapshots/f0b9ffb20c4dc68d4422db97b7da7b577970650e/data/885_v73568fZdZXgRhhq-IE-Ig_61.74194473_50.77634539.jpg,37.26,clear,2026-04-13T15:58:30
/home/alex/Desktop/school/comp-vis/dataset/datasets--everettshen--StreetView360AtoZ/snapshots/f0b9ffb20c4dc68d4422db97b7da7b577970650e/data/978_O5Agp7QXvW7q8BJsz66JUA_45.91573480_12.21458986.jpg,70.02,clear,2026-04-13T15:58:33
/home/alex/Desktop/school/comp-vis/dataset/datasets--everettshen--StreetView360AtoZ/snapshots/f0b9ffb20c4dc68d4422db97b7da7b577970650e/data/2946_BtsgxWdK0-z6JunVFaiwTw_38.44481163_43.32331853.jpg,75.13,clear,2026-04-13T15:58:34
/home/alex/Desktop/school/comp-vis/dataset/datasets--everettshen--StreetView360AtoZ/snapshots/f0b9ffb20c4dc68d4422db97b7da7b577970650e/data/1377_ObpT7pPWVqg0k9aEUnQJUA_62.78160940_6.46947171.jpg,16.23,clear,2026-04-13T15:58:38
/home/alex/Desktop/school/comp-vis/dataset/datasets--everettshen--StreetView360AtoZ/snapshots/f0b9ffb20c4dc68d4422db97b7da7b577970650e/data/414_clcnotNTcCgY-gZ2clWxzw_63.90811931_23.92481466.jpg,16.53,clear,2026-04-13T15:58:43
/home/alex/Desktop/school/comp-vis/dataset/datasets--everettshen--StreetView360AtoZ/snapshots/f0b9ffb20c4dc68d4422db97b7da7b577970650e/data/2235_HTAfDFyBfAXDFzd7oSVMFQ_-1.97499449_-48.95968042.jpg,71.52,clear,2026-04-13T15:58:45
/home/alex/Desktop/school/comp-vis/dataset/datasets--everettshen--StreetView360AtoZ/snapshots/f0b9ffb20c4dc68d4422db97b7da7b577970650e/data/944_8g2VFvIU7UwvAxDuuJcocA_41.10445740_-84.94379259.jpg,58.30,clear,2026-04-13T15:58:46
/home/alex/Desktop/school/comp-vis/dataset/datasets--everettshen--StreetView360AtoZ/snapshots/f0b9ffb20c4dc68d4422db97b7da7b577970650e/data/472_Xo6f4M2C0P5uP-0lMRWMgQ_42.87256866_1.56450509.jpg,45.08,clear,2026-04-13T15:58:56
/home/alex/Desktop/school/comp-vis/dataset/datasets--everettshen--StreetView360AtoZ/snapshots/f0b9ffb20c4dc68d4422db97b7da7b577970650e/data/565_vZkdyCLXHUnxyiPfxYJbHQ_-26.68679811_25.45936426.jpg,49.88,clear,2026-04-13T15:58:59
/home/alex/Desktop/school/comp-vis/dataset/datasets--everettshen--StreetView360AtoZ/snapshots/f0b9ffb20c4dc68d4422db97b7da7b577970650e/data/1112_Jyyzqy0IYP7ZMLHYK34zTQ_47.12813806_16.46744888.jpg,50.78,clear,2026-04-13T15:59:00
/home/alex/Desktop/school/comp-vis/dataset/datasets--everettshen--StreetView360AtoZ/snapshots/f0b9ffb20c4dc68d4422db97b7da7b577970650e/data/838_c9NUgIv-e7yzvk4Oj6GcGw_53.43967888_5.63322816.jpg,40.57,clear,2026-04-13T15:59:01
/home/alex/Desktop/school/comp-vis/dataset/datasets--everettshen--StreetView360AtoZ/snapshots/f0b9ffb20c4dc68d4422db97b7da7b577970650e/data/2109_NbbfVQn_BsywVgDlg7GWiw_-40.15280570_-71.34556545.jpg,33.36,clear,2026-04-13T15:59:02
/home/alex/Desktop/school/comp-vis/dataset/datasets--everettshen--StreetView360AtoZ/snapshots/f0b9ffb20c4dc68d4422db97b7da7b577970650e/data/1327_MY1Vh_ra2IgMkwrWo9Dvbw_48.46672272_16.00065634.jpg,46.88,clear,2026-04-13T15:59:05
/home/alex/Desktop/school/comp-vis/dataset/datasets--everettshen--StreetView360AtoZ/snapshots/f0b9ffb20c4dc68d4422db97b7da7b577970650e/data/1377_g0e0R3BPIyM0jgw7Eknz9Q_-17.35345173_-52.67826615.jpg,38.16,clear,2026-04-13T15:59:09
/home/alex/Desktop/school/comp-vis/dataset/datasets--everettshen--StreetView360AtoZ/snapshots/f0b9ffb20c4dc68d4422db97b7da7b577970650e/data/234_YQX4uImKgeNWcDvXo4-Xhw_17.72351110_75.77344229.jpg,34.86,clear,2026-04-13T15:59:18
/home/alex/Desktop/school/comp-vis/dataset/datasets--everettshen--StreetView360AtoZ/snapshots/f0b9ffb20c4dc68d4422db97b7da7b577970650e/data/2174_dFTo8l_2rxobU1ujtIy4rg_43.37066165_-121.06406153.jpg,58.00,clear,2026-04-13T15:59:21
/home/alex/Desktop/school/comp-vis/dataset/datasets--everettshen--StreetView360AtoZ/snapshots/f0b9ffb20c4dc68d4422db97b7da7b577970650e/data/226_Glh7tbtneTjgJDeLPi9zLg_-28.26064718_-52.39067984.jpg,31.25,clear,2026-04-13T15:59:28
/home/alex/Desktop/school/comp-vis/dataset/datasets--everettshen--StreetView360AtoZ/snapshots/f0b9ffb20c4dc68d4422db97b7da7b577970650e/data/106_BOEJ_dgBM3hebNAnsj9Qfg_37.49302914_-4.19382083.jpg,72.42,clear,2026-04-13T15:59:30
/home/alex/Desktop/school/comp-vis/dataset/datasets--everettshen--StreetView360AtoZ/snapshots/f0b9ffb20c4dc68d4422db97b7da7b577970650e/data/1904_V9-JPSXQDRsBhemPB5XfGw_-15.02931237_-40.95828249.jpg,31.25,clear,2026-04-13T15:59:33
/home/alex/Desktop/school/comp-vis/dataset/datasets--everettshen--StreetView360AtoZ/snapshots/f0b9ffb20c4dc68d4422db97b7da7b577970650e/data/2888_715A2cIEbNCZ1-ckPNE5bA_32.01753018_-90.56967218.jpg,54.69,clear,2026-04-13T15:59:48
/home/alex/Desktop/school/comp-vis/dataset/datasets--everettshen--StreetView360AtoZ/snapshots/f0b9ffb20c4dc68d4422db97b7da7b577970650e/data/2369_6YaRnPiFc0Evc_XL2quEBw_48.34719674_-100.40713440.jpg,33.66,clear,2026-04-13T15:59:49
/home/alex/Desktop/school/comp-vis/dataset/datasets--everettshen--StreetView360AtoZ/snapshots/f0b9ffb20c4dc68d4422db97b7da7b577970650e/data/3299_Qa-x4YFl3FATz4a_cLgMgw_56.19017468_40.52413074.jpg,18.33,clear,2026-04-13T15:59:56
/home/alex/Desktop/school/comp-vis/dataset/datasets--everettshen--StreetView360AtoZ/snapshots/f0b9ffb20c4dc68d4422db97b7da7b577970650e/data/417_ojs2Rlz6UPi6u8NrtSpQrg_48.59984470_34.79917063.jpg,43.87,clear,2026-04-13T15:59:58
/home/alex/Desktop/school/comp-vis/dataset/datasets--everettshen--StreetView360AtoZ/snapshots/f0b9ffb20c4dc68d4422db97b7da7b577970650e/data/1068_3sO0ZQo3sjhc0IY7lKa-EA_33.79530237_-85.26823597.jpg,19.53,clear,2026-04-13T16:00:01
/home/alex/Desktop/school/comp-vis/dataset/datasets--everettshen--StreetView360AtoZ/snapshots/f0b9ffb20c4dc68d4422db97b7da7b577970650e/data/2998_vgNJrjH0rvB1bj1ATA9-zA_40.99515570_23.48822394.jpg,68.21,clear,2026-04-13T16:00:03
/home/alex/Desktop/school/comp-vis/dataset/datasets--everettshen--StreetView360AtoZ/snapshots/f0b9ffb20c4dc68d4422db97b7da7b577970650e/data/2716_iRNwhCSroNshDGBAXsEq8g_42.54532322_13.62594469.jpg,46.88,clear,2026-04-13T16:00:10
/home/alex/Desktop/school/comp-vis/dataset/datasets--everettshen--StreetView360AtoZ/snapshots/f0b9ffb20c4dc68d4422db97b7da7b577970650e/data/3382_eZ0EfmPoBnNPIW4lxm4ndw_17.85564065_73.41802418.jpg,41.17,clear,2026-04-13T16:00:11
/home/alex/Desktop/school/comp-vis/dataset/datasets--everettshen--StreetView360AtoZ/snapshots/f0b9ffb20c4dc68d4422db97b7da7b577970650e/data/2061_ie6TE6lWmifRcwU646vmLg_32.63377779_129.83343329.jpg,27.05,clear,2026-04-13T16:00:14
/home/alex/Desktop/school/comp-vis/dataset/datasets--everettshen--StreetView360AtoZ/snapshots/f0b9ffb20c4dc68d4422db97b7da7b577970650e/data/3426_TsmPmkv9qxj3zcGWB_Qahw_-29.50190971_-51.96656017.jpg,71.82,clear,2026-04-13T16:00:17
/home/alex/Desktop/school/comp-vis/dataset/datasets--everettshen--StreetView360AtoZ/snapshots/f0b9ffb20c4dc68d4422db97b7da7b577970650e/data/2305_VzKzK2aHJLMmZPRSbJKBAg_56.00287571_-4.58383789.jpg,29.75,clear,2026-04-13T16:00:19
/home/alex/Desktop/school/comp-vis/dataset/datasets--everettshen--StreetView360AtoZ/snapshots/f0b9ffb20c4dc68d4422db97b7da7b577970650e/data/781_Wt66k8R_-q4rt6U34VLZQg_58.10224418_27.45023777.jpg,47.48,clear,2026-04-13T16:00:21
/home/alex/Desktop/school/comp-vis/dataset/datasets--everettshen--StreetView360AtoZ/snapshots/f0b9ffb20c4dc68d4422db97b7da7b577970650e/data/449_OxzggKWPSbH7Pt0Lflxy7A_41.05373695_0.43850235.jpg,66.41,clear,2026-04-13T16:00:33
/home/alex/Desktop/school/comp-vis/dataset/datasets--everettshen--StreetView360AtoZ/snapshots/f0b9ffb20c4dc68d4422db97b7da7b577970650e/data/2975_bu_0ZCaioDm8dqKmRcJLQQ_37.57292433_-1.34145582.jpg,80.23,clear,2026-04-13T16:00:35
/home/alex/Desktop/school/comp-vis/dataset/datasets--everettshen--StreetView360AtoZ/snapshots/f0b9ffb20c4dc68d4422db97b7da7b577970650e/data/355_MR3Cngs42qmDzuY3vFcLMg_30.49373283_-90.45786204.jpg,70.62,clear,2026-04-13T16:00:38
/home/alex/Desktop/school/comp-vis/dataset/datasets--everettshen--StreetView360AtoZ/snapshots/f0b9ffb20c4dc68d4422db97b7da7b577970650e/data/852_Es-dsEBPXhishYHSNgNZew_45.95494182_22.99408579.jpg,46.28,clear,2026-04-13T16:00:46
/home/alex/Desktop/school/comp-vis/dataset/datasets--everettshen--StreetView360AtoZ/snapshots/f0b9ffb20c4dc68d4422db97b7da7b577970650e/data/1874_TOhmYMnEtZKISZ76GtAspQ_-3.65953994_-79.62717335.jpg,44.17,clear,2026-04-13T16:00:54
/home/alex/Desktop/school/comp-vis/dataset/datasets--everettshen--StreetView360AtoZ/snapshots/f0b9ffb20c4dc68d4422db97b7da7b577970650e/data/2899_17xc0T5MpYXrFFkm8JovsQ_39.54301323_-95.05220916.jpg,50.48,clear,2026-04-13T16:01:01
/home/alex/Desktop/school/comp-vis/dataset/datasets--everettshen--StreetView360AtoZ/snapshots/f0b9ffb20c4dc68d4422db97b7da7b577970650e/data/1209_UaQXv15q6FLlaixg5m3JuA_-36.13316237_144.74906907.jpg,41.47,clear,2026-04-13T16:01:10
/home/alex/Desktop/school/comp-vis/dataset/datasets--everettshen--StreetView360AtoZ/snapshots/f0b9ffb20c4dc68d4422db97b7da7b577970650e/data/1048_aKPnk5N4u3xQkzqaxGawtw_-33.41625854_-71.13344867.jpg,62.50,clear,2026-04-13T16:01:11
/home/alex/Desktop/school/comp-vis/dataset/datasets--everettshen--StreetView360AtoZ/snapshots/f0b9ffb20c4dc68d4422db97b7da7b577970650e/data/1572_IoVjK06h8b5TrOVLl-AaCA_-45.46673026_168.68355761.jpg,61.30,clear,2026-04-13T16:01:12
/home/alex/Desktop/school/comp-vis/dataset/datasets--everettshen--StreetView360AtoZ/snapshots/f0b9ffb20c4dc68d4422db97b7da7b577970650e/data/366_C1pkCEs80Yi1Va8inGRzuA_37.80975662_-100.34522656.jpg,47.48,clear,2026-04-13T16:01:20
/home/alex/Desktop/school/comp-vis/dataset/datasets--everettshen--StreetView360AtoZ/snapshots/f0b9ffb20c4dc68d4422db97b7da7b577970650e/data/674_SkuZHzdssHkvWZKsTjFFdA_-35.09816841_173.80011805.jpg,14.72,clear,2026-04-13T16:01:26
/home/alex/Desktop/school/comp-vis/dataset/datasets--everettshen--StreetView360AtoZ/snapshots/f0b9ffb20c4dc68d4422db97b7da7b577970650e/data/390_RhNkAaGEGQ35Zz3rldP4nQ_34.02099965_-81.11875199.jpg,51.39,clear,2026-04-13T16:01:30
/home/alex/Desktop/school/comp-vis/dataset/datasets--everettshen--StreetView360AtoZ/snapshots/f0b9ffb20c4dc68d4422db97b7da7b577970650e/data/521_HvB0LmsQevCBi23LPKYVNw_54.46469271_20.67450009.jpg,31.85,clear,2026-04-13T16:01:32
/home/alex/Desktop/school/comp-vis/dataset/datasets--everettshen--StreetView360AtoZ/snapshots/f0b9ffb20c4dc68d4422db97b7da7b577970650e/data/2256_OnnBZmpAG2QgC0T20fdcGA_64.24484188_12.37859742.jpg,42.37,clear,2026-04-13T16:01:34
/home/alex/Desktop/school/comp-vis/dataset/datasets--everettshen--StreetView360AtoZ/snapshots/f0b9ffb20c4dc68d4422db97b7da7b577970650e/data/1589_nxTeOOdNxXzWjf0M19tMeA_44.65911024_37.76572725.jpg,47.48,clear,2026-04-13T16:01:35
/home/alex/Desktop/school/comp-vis/dataset/datasets--everettshen--StreetView360AtoZ/snapshots/f0b9ffb20c4dc68d4422db97b7da7b577970650e/data/666_ecB7TH609sU2VzZ79IOXyg_12.37037599_-69.15361451.jpg,38.46,clear,2026-04-13T16:01:36
/home/alex/Desktop/school/comp-vis/dataset/datasets--everettshen--StreetView360AtoZ/snapshots/f0b9ffb20c4dc68d4422db97b7da7b577970650e/data/525_zpL6xR6iKQkwFHz-Y1Kpew_14.92274044_77.17696274.jpg,28.55,clear,2026-04-13T16:01:37
/home/alex/Desktop/school/comp-vis/dataset/datasets--everettshen--StreetView360AtoZ/snapshots/f0b9ffb20c4dc68d4422db97b7da7b577970650e/data/1473_xR9BfU2jUzUyP-K42qz6lw_49.85012526_13.83536520.jpg,48.08,clear,2026-04-13T16:01:41
/home/alex/Desktop/school/comp-vis/dataset/datasets--everettshen--StreetView360AtoZ/snapshots/f0b9ffb20c4dc68d4422db97b7da7b577970650e/data/1284_2I58Zh200gqgC1zRH-CTnA_55.54820198_-1.69327096.jpg,18.03,clear,2026-04-13T16:01:44
/home/alex/Desktop/school/comp-vis/dataset/datasets--everettshen--StreetView360AtoZ/snapshots/f0b9ffb20c4dc68d4422db97b7da7b577970650e/data/991_ycBHMlCoILBjAlOQV53DsQ_43.03339201_-82.24946226.jpg,45.68,clear,2026-04-13T16:01:45
/home/alex/Desktop/school/comp-vis/dataset/datasets--everettshen--StreetView360AtoZ/snapshots/f0b9ffb20c4dc68d4422db97b7da7b577970650e/data/3246_YLAg-RYAMJjUmUors4p2LA_40.16754949_31.92100453.jpg,39.37,clear,2026-04-13T16:01:49
/home/alex/Desktop/school/comp-vis/dataset/datasets--everettshen--StreetView360AtoZ/snapshots/f0b9ffb20c4dc68d4422db97b7da7b577970650e/data/938_vHJPa8ag3zMUMBzXDZjlqw_-10.94986621_-75.22343947.jpg,71.82,clear,2026-04-13T16:01:50
/home/alex/Desktop/school/comp-vis/dataset/datasets--everettshen--StreetView360AtoZ/snapshots/f0b9ffb20c4dc68d4422db97b7da7b577970650e/data/1038_x_T-r_jwRj5BsfkH_ILPjA_33.37121414_126.57068669.jpg,59.20,clear,2026-04-13T16:01:51
/home/alex/Desktop/school/comp-vis/dataset/datasets--everettshen--StreetView360AtoZ/snapshots/f0b9ffb20c4dc68d4422db97b7da7b577970650e/data/107__YQL8MsPoVdY-_kOm_M0Yw_26.75064373_-106.04783781.jpg,37.86,clear,2026-04-13T16:01:53
/home/alex/Desktop/school/comp-vis/dataset/datasets--everettshen--StreetView360AtoZ/snapshots/f0b9ffb20c4dc68d4422db97b7da7b577970650e/data/2891_14j7lFs-Xbl6PPXeMlnLAQ_61.53507206_10.15333164.jpg,50.18,clear,2026-04-13T16:01:54
/home/alex/Desktop/school/comp-vis/dataset/datasets--everettshen--StreetView360AtoZ/snapshots/f0b9ffb20c4dc68d4422db97b7da7b577970650e/data/629_DfWkuy3qFtyirfbe9btsqQ_47.90342789_142.18810568.jpg,67.91,clear,2026-04-13T16:01:58
/home/alex/Desktop/school/comp-vis/dataset/datasets--everettshen--StreetView360AtoZ/snapshots/f0b9ffb20c4dc68d4422db97b7da7b577970650e/data/552_F1avzvsoZxdRUUOlhyPoeA_39.93707535_-85.83512393.jpg,41.77,clear,2026-04-13T16:02:00
/home/alex/Desktop/school/comp-vis/dataset/datasets--everettshen--StreetView360AtoZ/snapshots/f0b9ffb20c4dc68d4422db97b7da7b577970650e/data/1512_viJRRtQdNeSjRgmyfzF5mQ_10.50208809_123.30305951.jpg,77.23,clear,2026-04-13T16:02:03
/home/alex/Desktop/school/comp-vis/dataset/datasets--everettshen--StreetView360AtoZ/snapshots/f0b9ffb20c4dc68d4422db97b7da7b577970650e/data/312_S7EZGFDRZdN6KGrVjwFDQA_37.87338370_-84.57943016.jpg,57.70,clear,2026-04-13T16:02:05
/home/alex/Desktop/school/comp-vis/dataset/datasets--everettshen--StreetView360AtoZ/snapshots/f0b9ffb20c4dc68d4422db97b7da7b577970650e/data/1184_Pmio3fjOlH9NcDvOW8cSNQ_-9.64174262_-35.71244164.jpg,39.67,clear,2026-04-13T16:02:06
/home/alex/Desktop/school/comp-vis/dataset/datasets--everettshen--StreetView360AtoZ/snapshots/f0b9ffb20c4dc68d4422db97b7da7b577970650e/data/609_a-ltQxlzxcm2KxvX19CROQ_27.63955060_-17.97881970.jpg,16.53,clear,2026-04-13T16:02:08
/home/alex/Desktop/school/comp-vis/dataset/datasets--everettshen--StreetView360AtoZ/snapshots/f0b9ffb20c4dc68d4422db97b7da7b577970650e/data/1819_qI-Rld6DsolwoRUYZJjiKQ_23.16223650_90.30421781.jpg,56.79,clear,2026-04-13T16:02:10
/home/alex/Desktop/school/comp-vis/dataset/datasets--everettshen--StreetView360AtoZ/snapshots/f0b9ffb20c4dc68d4422db97b7da7b577970650e/data/478_DuL7n6C1BgFyukrmi7Uq4g_43.20318759_-90.42734561.jpg,28.55,clear,2026-04-13T16:02:25
/home/alex/Desktop/school/comp-vis/dataset/datasets--everettshen--StreetView360AtoZ/snapshots/f0b9ffb20c4dc68d4422db97b7da7b577970650e/data/1468_WJEn3Ma5sLtj0wp25ipFlQ_9.76493903_124.49854220.jpg,52.59,clear,2026-04-13T16:02:28
/home/alex/Desktop/school/comp-vis/dataset/datasets--everettshen--StreetView360AtoZ/snapshots/f0b9ffb20c4dc68d4422db97b7da7b577970650e/data/2933_8jVSiWpJXGTdO6y9LVqUPQ_47.46653207_16.58247576.jpg,32.15,clear,2026-04-13T16:02:29
/home/alex/Desktop/school/comp-vis/dataset/datasets--everettshen--StreetView360AtoZ/snapshots/f0b9ffb20c4dc68d4422db97b7da7b577970650e/data/1586_UARcj1ckV_fhsZYDCoP-gA_44.25924810_7.38251087.jpg,61.90,clear,2026-04-13T16:02:31
/home/alex/Desktop/school/comp-vis/dataset/datasets--everettshen--StreetView360AtoZ/snapshots/f0b9ffb20c4dc68d4422db97b7da7b577970650e/data/1644_0RSIUbuDyduv3qNOYUPTtg_47.91084783_15.93593538.jpg,35.16,clear,2026-04-13T16:02:41
/home/alex/Desktop/school/comp-vis/dataset/datasets--everettshen--StreetView360AtoZ/snapshots/f0b9ffb20c4dc68d4422db97b7da7b577970650e/data/1208_C65DGSu4-56JI8g62_v9eg_45.21328099_11.59466229.jpg,25.24,clear,2026-04-13T16:02:44
/home/alex/Desktop/school/comp-vis/dataset/datasets--everettshen--StreetView360AtoZ/snapshots/f0b9ffb20c4dc68d4422db97b7da7b577970650e/data/1196_X3JThfqriruK-2ZeiCPVvA_59.88349374_11.56394686.jpg,48.98,clear,2026-04-13T16:02:46
/home/alex/Desktop/school/comp-vis/dataset/datasets--everettshen--StreetView360AtoZ/snapshots/f0b9ffb20c4dc68d4422db97b7da7b577970650e/data/3428_PULEBbNgB_nrWLYAcryDWA_38.97146856_-91.13118671.jpg,31.55,clear,2026-04-13T16:02:48
/home/alex/Desktop/school/comp-vis/dataset/datasets--everettshen--StreetView360AtoZ/snapshots/f0b9ffb20c4dc68d4422db97b7da7b577970650e/data/1028_Zz0znWLIp53aLgMbVYIv-A_49.97662114_3.38253340.jpg,37.26,clear,2026-04-13T16:02:51
/home/alex/Desktop/school/comp-vis/dataset/datasets--everettshen--StreetView360AtoZ/snapshots/f0b9ffb20c4dc68d4422db97b7da7b577970650e/data/2137_YSifOwN0dD_cIfzlHueOGA_-23.61690742_-52.21647313.jpg,38.76,clear,2026-04-13T16:02:52
/home/alex/Desktop/school/comp-vis/dataset/datasets--everettshen--StreetView360AtoZ/snapshots/f0b9ffb20c4dc68d4422db97b7da7b577970650e/data/2224_mI1sVIy72e6M8mG7DHA1GA_49.46467372_14.10584550.jpg,33.06,clear,2026-04-13T16:03:09
/home/alex/Desktop/school/comp-vis/dataset/datasets--everettshen--StreetView360AtoZ/snapshots/f0b9ffb20c4dc68d4422db97b7da7b577970650e/data/3109_vBOANjeo2i113afuRjTNcQ_42.14723072_-82.59383808.jpg,53.19,clear,2026-04-13T16:03:13
/home/alex/Desktop/school/comp-vis/dataset/datasets--everettshen--StreetView360AtoZ/snapshots/f0b9ffb20c4dc68d4422db97b7da7b577970650e/data/452_i6GTiip0B6js8c17a72rww_38.97665313_-85.10236226.jpg,33.06,clear,2026-04-13T16:03:14
/home/alex/Desktop/school/comp-vis/dataset/datasets--everettshen--StreetView360AtoZ/snapshots/f0b9ffb20c4dc68d4422db97b7da7b577970650e/data/1449_Goy0FbQakcae98V_Cdak5Q_38.70342296_-6.40169802.jpg,36.36,clear,2026-04-13T16:03:17
/home/alex/Desktop/school/comp-vis/dataset/datasets--everettshen--StreetView360AtoZ/snapshots/f0b9ffb20c4dc68d4422db97b7da7b577970650e/data/3320_cAv3nbQR6-BilM8Pb6nHTg_59.16307135_15.30838123.jpg,43.87,clear,2026-04-13T16:03:20
/home/alex/Desktop/school/comp-vis/dataset/datasets--everettshen--StreetView360AtoZ/snapshots/f0b9ffb20c4dc68d4422db97b7da7b577970650e/data/948_O58fFK-R6MVBAVymDRpifw_49.65161041_25.74392368.jpg,43.87,clear,2026-04-13T16:03:20
/home/alex/Desktop/school/comp-vis/dataset/datasets--everettshen--StreetView360AtoZ/snapshots/f0b9ffb20c4dc68d4422db97b7da7b577970650e/data/1287_Km3FsM0c6bJkbhNBx0fv-g_34.85116853_135.87802231.jpg,43.87,clear,2026-04-13T16:03:23
/home/alex/Desktop/school/comp-vis/dataset/datasets--everettshen--StreetView360AtoZ/snapshots/f0b9ffb20c4dc68d4422db97b7da7b577970650e/data/772_tUcWwiNn8BS_gCO_y_aRnw_55.02256781_15.05711596.jpg,33.36,clear,2026-04-13T16:03:28
/home/alex/Desktop/school/comp-vis/dataset/datasets--everettshen--StreetView360AtoZ/snapshots/f0b9ffb20c4dc68d4422db97b7da7b577970650e/data/21_d-888Dufg5Tv1B7QFG9l1A_44.49255545_9.67351890.jpg,60.10,clear,2026-04-13T16:03:29
/home/alex/Desktop/school/comp-vis/dataset/datasets--everettshen--StreetView360AtoZ/snapshots/f0b9ffb20c4dc68d4422db97b7da7b577970650e/data/941_DEhEiUPuprS5wj7xB2iL4w_43.92381828_11.03576837.jpg,17.43,clear,2026-04-13T16:03:32
/home/alex/Desktop/school/comp-vis/dataset/datasets--everettshen--StreetView360AtoZ/snapshots/f0b9ffb20c4dc68d4422db97b7da7b577970650e/data/1810_TZ76NEbPiNqZheXujjXvNQ_-37.77822100_175.11067891.jpg,25.54,clear,2026-04-13T16:03:33
/home/alex/Desktop/school/comp-vis/dataset/datasets--everettshen--StreetView360AtoZ/snapshots/f0b9ffb20c4dc68d4422db97b7da7b577970650e/data/679_Llt2bRJHg3MeGr5i1zIXaQ_28.70566538_77.46518857.jpg,34.56,clear,2026-04-13T16:03:35
/home/alex/Desktop/school/comp-vis/dataset/datasets--everettshen--StreetView360AtoZ/snapshots/f0b9ffb20c4dc68d4422db97b7da7b577970650e/data/621_arCq_tVkvBedGwZ8d2g8Sw_56.29364224_9.36056095.jpg,52.59,clear,2026-04-13T16:03:41
/home/alex/Desktop/school/comp-vis/dataset/datasets--everettshen--StreetView360AtoZ/snapshots/f0b9ffb20c4dc68d4422db97b7da7b577970650e/data/851_quvjYewp1lysK0g5CdgZ-Q_44.88992762_-96.85172593.jpg,15.33,clear,2026-04-13T16:03:47
/home/alex/Desktop/school/comp-vis/dataset/datasets--everettshen--StreetView360AtoZ/snapshots/f0b9ffb20c4dc68d4422db97b7da7b577970650e/data/279_xcubyw4ZEMdlTdeL0hJBPg_37.73282315_27.75675379.jpg,37.56,clear,2026-04-13T16:03:50
/home/alex/Desktop/school/comp-vis/dataset/datasets--everettshen--StreetView360AtoZ/snapshots/f0b9ffb20c4dc68d4422db97b7da7b577970650e/data/1001_yjiX86BamJCkU_ZbClHQVA_42.06753405_19.51294901.jpg,70.62,clear,2026-04-13T16:03:52
/home/alex/Desktop/school/comp-vis/dataset/datasets--everettshen--StreetView360AtoZ/snapshots/f0b9ffb20c4dc68d4422db97b7da7b577970650e/data/2480_sPqEnhAFC2SG45O4i6vpMw_34.04196421_-117.36319529.jpg,35.16,clear,2026-04-13T16:03:54
/home/alex/Desktop/school/comp-vis/dataset/datasets--everettshen--StreetView360AtoZ/snapshots/f0b9ffb20c4dc68d4422db97b7da7b577970650e/data/3442_lBy8rGgehXds55UPdDwfrQ_46.38299797_28.14952680.jpg,63.11,clear,2026-04-13T16:03:55
/home/alex/Desktop/school/comp-vis/dataset/datasets--everettshen--StreetView360AtoZ/snapshots/f0b9ffb20c4dc68d4422db97b7da7b577970650e/data/6_unGEQTC63IoEBFLnMlSxDg_35.39781307_-97.53900798.jpg,17.43,clear,2026-04-13T16:03:56
/home/alex/Desktop/school/comp-vis/dataset/datasets--everettshen--StreetView360AtoZ/snapshots/f0b9ffb20c4dc68d4422db97b7da7b577970650e/data/1548_VL6gx03qs8MTJ53zGbrH7Q_-3.49136131_-45.25093249.jpg,75.43,clear,2026-04-13T16:03:58
/home/alex/Desktop/school/comp-vis/dataset/datasets--everettshen--StreetView360AtoZ/snapshots/f0b9ffb20c4dc68d4422db97b7da7b577970650e/data/1667_-LCeIk_3l6WgmgRDihc0ag_53.46678201_56.03240416.jpg,58.00,clear,2026-04-13T16:04:02
/home/alex/Desktop/school/comp-vis/dataset/datasets--everettshen--StreetView360AtoZ/snapshots/f0b9ffb20c4dc68d4422db97b7da7b577970650e/data/865_ZnJnNi11cKCfXQuR2gCzBQ_23.17053355_90.33362158.jpg,53.79,clear,2026-04-13T16:04:04
/home/alex/Desktop/school/comp-vis/dataset/datasets--everettshen--StreetView360AtoZ/snapshots/f0b9ffb20c4dc68d4422db97b7da7b577970650e/data/99_bVHFZlbTzLokTDjTxPiIIw_51.41648336_-114.03530283.jpg,56.49,clear,2026-04-13T16:04:07
/home/alex/Desktop/school/comp-vis/dataset/datasets--everettshen--StreetView360AtoZ/snapshots/f0b9ffb20c4dc68d4422db97b7da7b577970650e/data/1228_ZPPNN2f5sC37a-s2bek_HQ_50.05232400_21.41484575.jpg,50.78,clear,2026-04-13T16:04:09
/home/alex/Desktop/school/comp-vis/dataset/datasets--everettshen--StreetView360AtoZ/snapshots/f0b9ffb20c4dc68d4422db97b7da7b577970650e/data/639_6x_lwAUk1BYIbV9PXNdCpQ_20.57808562_79.86360623.jpg,36.36,clear,2026-04-13T16:04:11
/home/alex/Desktop/school/comp-vis/dataset/datasets--everettshen--StreetView360AtoZ/snapshots/f0b9ffb20c4dc68d4422db97b7da7b577970650e/data/3213_kFptukmOqu-9nA0a8b75Kg_24.10856796_74.03942903.jpg,26.74,clear,2026-04-13T16:04:12
/home/alex/Desktop/school/comp-vis/dataset/datasets--everettshen--StreetView360AtoZ/snapshots/f0b9ffb20c4dc68d4422db97b7da7b577970650e/data/210_79Xuab-KvGwHctbORHS-9A_-23.36914823_150.49370448.jpg,48.08,clear,2026-04-13T16:04:16
/home/alex/Desktop/school/comp-vis/dataset/datasets--everettshen--StreetView360AtoZ/snapshots/f0b9ffb20c4dc68d4422db97b7da7b577970650e/data/860_xkSYQfE02GN8RJnHEk8C2A_27.64081240_74.50641966.jpg,30.65,clear,2026-04-13T16:04:17
/home/alex/Desktop/school/comp-vis/dataset/datasets--everettshen--StreetView360AtoZ/snapshots/f0b9ffb20c4dc68d4422db97b7da7b577970650e/data/722_zElMGChc4e7Utn2wTGbM3A_37.42997591_24.94454052.jpg,42.37,clear,2026-04-13T16:04:20
/home/alex/Desktop/school/comp-vis/dataset/datasets--everettshen--StreetView360AtoZ/snapshots/f0b9ffb20c4dc68d4422db97b7da7b577970650e/data/733_lAuk0GkHgq3cUTM9LdNjbQ_35.90379465_14.45519472.jpg,35.46,clear,2026-04-13T16:04:22
/home/alex/Desktop/school/comp-vis/dataset/datasets--everettshen--StreetView360AtoZ/snapshots/f0b9ffb20c4dc68d4422db97b7da7b577970650e/data/199_UoN_cdZ1Z9ncvZX3KbG8eg_2.21875745_102.45438578.jpg,44.77,clear,2026-04-13T16:04:23
/home/alex/Desktop/school/comp-vis/dataset/datasets--everettshen--StreetView360AtoZ/snapshots/f0b9ffb20c4dc68d4422db97b7da7b577970650e/data/2812_oVUCjByUgxQZCwOWL8vHog_58.28343210_7.35432939.jpg,48.68,clear,2026-04-13T16:04:27
/home/alex/Desktop/school/comp-vis/dataset/datasets--everettshen--StreetView360AtoZ/snapshots/f0b9ffb20c4dc68d4422db97b7da7b577970650e/data/2572_GJFntjHeU2-iLYkkUlNTeQ_51.94318777_-108.61245271.jpg,61.90,clear,2026-04-13T16:04:29
/home/alex/Desktop/school/comp-vis/dataset/datasets--everettshen--StreetView360AtoZ/snapshots/f0b9ffb20c4dc68d4422db97b7da7b577970650e/data/181_OwEuu-9t_rof9U-m7FioYA_-29.18387820_-58.07540756.jpg,42.07,clear,2026-04-13T16:04:30
/home/alex/Desktop/school/comp-vis/dataset/datasets--everettshen--StreetView360AtoZ/snapshots/f0b9ffb20c4dc68d4422db97b7da7b577970650e/data/2873_Yq6LdARp1rrAhb19hG_Bbg_48.49112450_9.20527475.jpg,41.17,clear,2026-04-13T16:04:32
/home/alex/Desktop/school/comp-vis/dataset/datasets--everettshen--StreetView360AtoZ/snapshots/f0b9ffb20c4dc68d4422db97b7da7b577970650e/data/1316_MutMMJKpJ_XNvzs7N7AzeQ_34.37554817_-101.57497828.jpg,22.84,clear,2026-04-13T16:04:35
/home/alex/Desktop/school/comp-vis/dataset/datasets--everettshen--StreetView360AtoZ/snapshots/f0b9ffb20c4dc68d4422db97b7da7b577970650e/data/1443_R2N86C1Nisbk6L9rxFzsxw_41.43098096_-96.76676386.jpg,35.46,clear,2026-04-13T16:04:37
/home/alex/Desktop/school/comp-vis/dataset/datasets--everettshen--StreetView360AtoZ/snapshots/f0b9ffb20c4dc68d4422db97b7da7b577970650e/data/1513_P9F__3vL7XkDedDMlT_lXg_34.04377860_-93.68895727.jpg,44.17,clear,2026-04-13T16:04:38
/home/alex/Desktop/school/comp-vis/dataset/datasets--everettshen--StreetView360AtoZ/snapshots/f0b9ffb20c4dc68d4422db97b7da7b577970650e/data/496_Gfdb3XlF4gipqYgf3SjugA_46.43371518_-81.14955977.jpg,66.41,clear,2026-04-13T16:04:42
/home/alex/Desktop/school/comp-vis/dataset/datasets--everettshen--StreetView360AtoZ/snapshots/f0b9ffb20c4dc68d4422db97b7da7b577970650e/data/2467_VOsmjq9Ww-58Fg1c2hNF0g_58.18134285_12.10981995.jpg,15.33,clear,2026-04-13T16:04:49
/home/alex/Desktop/school/comp-vis/dataset/datasets--everettshen--StreetView360AtoZ/snapshots/f0b9ffb20c4dc68d4422db97b7da7b577970650e/data/2387_z_dOYj7DLb43JmX2wdQE-w_59.21749889_11.69186099.jpg,22.84,clear,2026-04-13T16:04:51
/home/alex/Desktop/school/comp-vis/dataset/datasets--everettshen--StreetView360AtoZ/snapshots/f0b9ffb20c4dc68d4422db97b7da7b577970650e/data/310_7v05vgZPaFivsJ6nAljP9w_42.66969827_-4.30553738.jpg,44.47,clear,2026-04-13T16:04:52
/home/alex/Desktop/school/comp-vis/dataset/datasets--everettshen--StreetView360AtoZ/snapshots/f0b9ffb20c4dc68d4422db97b7da7b577970650e/data/1822_2W8D9iwja9SKdcxm37rEhA_-31.39231970_-71.43845496.jpg,79.33,clear,2026-04-13T16:04:59
/home/alex/Desktop/school/comp-vis/dataset/datasets--everettshen--StreetView360AtoZ/snapshots/f0b9ffb20c4dc68d4422db97b7da7b577970650e/data/826_P99VAaa1-afEzIKdnqAoVg_-38.95287221_-67.92536875.jpg,54.99,clear,2026-04-13T16:05:01
/home/alex/Desktop/school/comp-vis/dataset/datasets--everettshen--StreetView360AtoZ/snapshots/f0b9ffb20c4dc68d4422db97b7da7b577970650e/data/367_WIG9qOyhrrKvhha7HonAMg_58.98613487_14.09647357.jpg,19.53,clear,2026-04-13T16:05:09
/home/alex/Desktop/school/comp-vis/dataset/datasets--everettshen--StreetView360AtoZ/snapshots/f0b9ffb20c4dc68d4422db97b7da7b577970650e/data/1126_1U-BfES7ab1-rK-G8bP6hA_45.36067655_7.64603653.jpg,40.87,clear,2026-04-13T16:05:11
/home/alex/Desktop/school/comp-vis/dataset/datasets--everettshen--StreetView360AtoZ/snapshots/f0b9ffb20c4dc68d4422db97b7da7b577970650e/data/239_gTnJ5KPiXG0axrGXZnrPvw_61.38321467_11.62606454.jpg,19.23,clear,2026-04-13T16:05:23
/home/alex/Desktop/school/comp-vis/dataset/datasets--everettshen--StreetView360AtoZ/snapshots/f0b9ffb20c4dc68d4422db97b7da7b577970650e/data/531_2bL6OgCsvpp9c2yJcxMeXQ_42.59429271_-6.50393189.jpg,41.77,clear,2026-04-13T16:05:24
/home/alex/Desktop/school/comp-vis/dataset/datasets--everettshen--StreetView360AtoZ/snapshots/f0b9ffb20c4dc68d4422db97b7da7b577970650e/data/557_AWQCVx4Y0blRJh_i1CgYjg_-11.18379880_-40.50752250.jpg,58.90,clear,2026-04-13T16:05:38
/home/alex/Desktop/school/comp-vis/dataset/datasets--everettshen--StreetView360AtoZ/snapshots/f0b9ffb20c4dc68d4422db97b7da7b577970650e/data/150_YnmG2hm9tILSR8mDch3N7A_26.54954609_80.63316950.jpg,62.20,clear,2026-04-13T16:05:50
/home/alex/Desktop/school/comp-vis/dataset/datasets--everettshen--StreetView360AtoZ/snapshots/f0b9ffb20c4dc68d4422db97b7da7b577970650e/data/643_BlBt_YjAhU-PE0HT8hEUOw_44.52384073_10.73041250.jpg,14.72,clear,2026-04-13T16:05:58
/home/alex/Desktop/school/comp-vis/dataset/datasets--everettshen--StreetView360AtoZ/snapshots/f0b9ffb20c4dc68d4422db97b7da7b577970650e/data/971_hg4xgUsuw6-mpjX80M1QlA_-36.76453439_174.74826285.jpg,55.89,clear,2026-04-13T16:06:14
/home/alex/Desktop/school/comp-vis/dataset/datasets--everettshen--StreetView360AtoZ/snapshots/f0b9ffb20c4dc68d4422db97b7da7b577970650e/data/718_eR-G-gp5vSA8do6ysQwuaw_17.76892762_-96.95876423.jpg,51.69,clear,2026-04-13T16:06:16
/home/alex/Desktop/school/comp-vis/dataset/datasets--everettshen--StreetView360AtoZ/snapshots/f0b9ffb20c4dc68d4422db97b7da7b577970650e/data/1165_qx7IMdSvZhvb_AbkuQxgvw_60.14677229_24.41572684.jpg,48.38,clear,2026-04-13T16:06:22
/home/alex/Desktop/school/comp-vis/dataset/datasets--everettshen--StreetView360AtoZ/snapshots/f0b9ffb20c4dc68d4422db97b7da7b577970650e/data/1912_pAMkr5Au89iW_xf1ylqowg_18.12174597_120.68890743.jpg,43.57,clear,2026-04-13T16:06:23
/home/alex/Desktop/school/comp-vis/dataset/datasets--everettshen--StreetView360AtoZ/snapshots/f0b9ffb20c4dc68d4422db97b7da7b577970650e/data/1961_3flrdG77cL6tRpsGiZ_m9w_40.37337149_-74.08701441.jpg,53.79,clear,2026-04-13T16:06:26
/home/alex/Desktop/school/comp-vis/dataset/datasets--everettshen--StreetView360AtoZ/snapshots/f0b9ffb20c4dc68d4422db97b7da7b577970650e/data/1105_VD7bNB5Hj5LbIGNN4jNf8Q_52.16414997_9.91251271.jpg,48.68,clear,2026-04-13T16:06:29
/home/alex/Desktop/school/comp-vis/dataset/datasets--everettshen--StreetView360AtoZ/snapshots/f0b9ffb20c4dc68d4422db97b7da7b577970650e/data/742_01Yj7Y1-dTaRB7-Yguvn8w_42.87877014_-84.06364139.jpg,26.14,clear,2026-04-13T16:06:34
/home/alex/Desktop/school/comp-vis/dataset/datasets--everettshen--StreetView360AtoZ/snapshots/f0b9ffb20c4dc68d4422db97b7da7b577970650e/data/226_3mKEYzvrgqWuyjP2z5yXdQ_40.41361579_-6.86957548.jpg,53.19,clear,2026-04-13T16:06:36
/home/alex/Desktop/school/comp-vis/dataset/datasets--everettshen--StreetView360AtoZ/snapshots/f0b9ffb20c4dc68d4422db97b7da7b577970650e/data/2695_8YtL12lvoxgieZ1Onooh2w_25.43111721_-108.59135369.jpg,39.67,clear,2026-04-13T16:06:39
/home/alex/Desktop/school/comp-vis/dataset/datasets--everettshen--StreetView360AtoZ/snapshots/f0b9ffb20c4dc68d4422db97b7da7b577970650e/data/2550_CDu45PFdqz0qxthGMwAjVw_48.24073861_14.52603636.jpg,55.89,clear,2026-04-13T16:06:41
/home/alex/Desktop/school/comp-vis/dataset/datasets--everettshen--StreetView360AtoZ/snapshots/f0b9ffb20c4dc68d4422db97b7da7b577970650e/data/1390_C3L_AYdZmCfMd7IDltFG0Q_44.54308225_-94.36632114.jpg,25.24,clear,2026-04-13T16:06:46
/home/alex/Desktop/school/comp-vis/dataset/datasets--everettshen--StreetView360AtoZ/snapshots/f0b9ffb20c4dc68d4422db97b7da7b577970650e/data/566_Lsdkoln9s38glQCwimvofw_-16.36110708_-46.89836574.jpg,45.98,clear,2026-04-13T16:06:51
/home/alex/Desktop/school/comp-vis/dataset/datasets--everettshen--StreetView360AtoZ/snapshots/f0b9ffb20c4dc68d4422db97b7da7b577970650e/data/330_IHC25HmTWRf5bmvqcyzLkA_17.37669943_75.14881149.jpg,45.98,clear,2026-04-13T16:06:52
/home/alex/Desktop/school/comp-vis/dataset/datasets--everettshen--StreetView360AtoZ/snapshots/f0b9ffb20c4dc68d4422db97b7da7b577970650e/data/774_RMy9s6ROZNXtDQT4CoGC0Q_9.17630032_123.46459455.jpg,55.29,clear,2026-04-13T16:06:54
/home/alex/Desktop/school/comp-vis/dataset/datasets--everettshen--StreetView360AtoZ/snapshots/f0b9ffb20c4dc68d4422db97b7da7b577970650e/data/1510_58rFrFwIygPzeY4X5VB3Rw_-34.89996395_-57.93370589.jpg,63.41,clear,2026-04-13T16:06:56
/home/alex/Desktop/school/comp-vis/dataset/datasets--everettshen--StreetView360AtoZ/snapshots/f0b9ffb20c4dc68d4422db97b7da7b577970650e/data/857_2exxtQeW84As8MbMIiFGzA_43.27946165_21.98953452.jpg,63.41,clear,2026-04-13T16:06:56
/home/alex/Desktop/school/comp-vis/dataset/datasets--everettshen--StreetView360AtoZ/snapshots/f0b9ffb20c4dc68d4422db97b7da7b577970650e/data/2632_6RIWaI4jxKGnmXZ4XuKi7w_50.38322173_-101.70082994.jpg,53.79,clear,2026-04-13T16:07:00
/home/alex/Desktop/school/comp-vis/dataset/datasets--everettshen--StreetView360AtoZ/snapshots/f0b9ffb20c4dc68d4422db97b7da7b577970650e/data/56_NEkJ4AFdB0MAAAQvxgQKGg_37.69135225_129.03329041.jpg,55.89,clear,2026-04-13T16:07:03
/home/alex/Desktop/school/comp-vis/dataset/datasets--everettshen--StreetView360AtoZ/snapshots/f0b9ffb20c4dc68d4422db97b7da7b577970650e/data/508_HZOFOj6zpRpsZrhFzoZJHg_58.39480600_15.08720906.jpg,52.59,clear,2026-04-13T16:07:08
/home/alex/Desktop/school/comp-vis/dataset/datasets--everettshen--StreetView360AtoZ/snapshots/f0b9ffb20c4dc68d4422db97b7da7b577970650e/data/2094__5b6rrStiNMBiGEoHXX2jg_40.04858069_0.05209064.jpg,34.26,clear,2026-04-13T16:07:09
/home/alex/Desktop/school/comp-vis/dataset/datasets--everettshen--StreetView360AtoZ/snapshots/f0b9ffb20c4dc68d4422db97b7da7b577970650e/data/3404_v__cubK_9SSdttfM_A16TA_48.76319560_-0.73359315.jpg,39.67,clear,2026-04-13T16:07:15
/home/alex/Desktop/school/comp-vis/dataset/datasets--everettshen--StreetView360AtoZ/snapshots/f0b9ffb20c4dc68d4422db97b7da7b577970650e/data/1338_ZuOuDtWIh7eaqtNXsn8F6g_49.83397320_23.87880254.jpg,45.08,clear,2026-04-13T16:07:17
/home/alex/Desktop/school/comp-vis/dataset/datasets--everettshen--StreetView360AtoZ/snapshots/f0b9ffb20c4dc68d4422db97b7da7b577970650e/data/3029_Wf4fpPWrI_rtIxb45ICC6g_51.34941411_9.56052591.jpg,23.44,clear,2026-04-13T16:07:20
/home/alex/Desktop/school/comp-vis/dataset/datasets--everettshen--StreetView360AtoZ/snapshots/f0b9ffb20c4dc68d4422db97b7da7b577970650e/data/2657_EcxLN-ywezNDtB_jBSpKpg_-34.27621195_137.87252572.jpg,14.42,clear,2026-04-13T16:07:22
/home/alex/Desktop/school/comp-vis/dataset/datasets--everettshen--StreetView360AtoZ/snapshots/f0b9ffb20c4dc68d4422db97b7da7b577970650e/data/1547_iK0yc36bhMBSBCcvNHlXaA_34.03507769_-101.69652703.jpg,28.25,clear,2026-04-13T16:07:30
/home/alex/Desktop/school/comp-vis/dataset/datasets--everettshen--StreetView360AtoZ/snapshots/f0b9ffb20c4dc68d4422db97b7da7b577970650e/data/1302_ouWR5wTa8LslITOpiDYfJA_50.67610420_-120.24725566.jpg,55.59,clear,2026-04-13T16:07:32
/home/alex/Desktop/school/comp-vis/dataset/datasets--everettshen--StreetView360AtoZ/snapshots/f0b9ffb20c4dc68d4422db97b7da7b577970650e/data/621_neExAl26231AWF1T1vrIUw_42.68328978_25.83269582.jpg,66.71,clear,2026-04-13T16:07:36
/home/alex/Desktop/school/comp-vis/dataset/datasets--everettshen--StreetView360AtoZ/snapshots/f0b9ffb20c4dc68d4422db97b7da7b577970650e/data/1155_tymoCsTCtKj-IatqKgSCcQ_43.90891834_12.48204890.jpg,18.33,clear,2026-04-13T16:07:37
/home/alex/Desktop/school/comp-vis/dataset/datasets--everettshen--StreetView360AtoZ/snapshots/f0b9ffb20c4dc68d4422db97b7da7b577970650e/data/2466_iOYlLrB3b08hy0BwII1_eA_42.10307616_-75.37523445.jpg,53.49,clear,2026-04-13T16:07:39
/home/alex/Desktop/school/comp-vis/dataset/datasets--everettshen--StreetView360AtoZ/snapshots/f0b9ffb20c4dc68d4422db97b7da7b577970650e/data/2502_e1FFf1zQFwZAIbrUG-mECw_44.00283874_4.92726324.jpg,24.94,clear,2026-04-13T16:07:41
/home/alex/Desktop/school/comp-vis/dataset/datasets--everettshen--StreetView360AtoZ/snapshots/f0b9ffb20c4dc68d4422db97b7da7b577970650e/data/245_MOqRPACLLgfjd3FgrGlQfQ_-32.74110184_115.87452018.jpg,29.15,clear,2026-04-13T16:07:44
/home/alex/Desktop/school/comp-vis/dataset/datasets--everettshen--StreetView360AtoZ/snapshots/f0b9ffb20c4dc68d4422db97b7da7b577970650e/data/1408_0RUs6dOJIEGTvM_0c7jGHg_46.07693519_2.07899889.jpg,52.29,clear,2026-04-13T16:07:45
/home/alex/Desktop/school/comp-vis/dataset/datasets--everettshen--StreetView360AtoZ/snapshots/f0b9ffb20c4dc68d4422db97b7da7b577970650e/data/1701_5zYz9PSnH8tcCRmn3pShXA_0.60666382_-50.69866126.jpg,68.21,clear,2026-04-13T16:07:47
/home/alex/Desktop/school/comp-vis/dataset/datasets--everettshen--StreetView360AtoZ/snapshots/f0b9ffb20c4dc68d4422db97b7da7b577970650e/data/3203_jlPoRO0wRXRtRp41gWD8-Q_-31.77895487_-70.96375570.jpg,56.19,clear,2026-04-13T16:07:49
/home/alex/Desktop/school/comp-vis/dataset/datasets--everettshen--StreetView360AtoZ/snapshots/f0b9ffb20c4dc68d4422db97b7da7b577970650e/data/496_-0_SxMYASGBdeOmC9PtYog_45.80436971_-96.49916036.jpg,34.56,clear,2026-04-13T16:07:50
/home/alex/Desktop/school/comp-vis/dataset/datasets--everettshen--StreetView360AtoZ/snapshots/f0b9ffb20c4dc68d4422db97b7da7b577970650e/data/228_XW9tB-Bc88sOh_tmA_OXHg_32.71955266_-84.01039032.jpg,56.49,clear,2026-04-13T16:07:58
/home/alex/Desktop/school/comp-vis/dataset/datasets--everettshen--StreetView360AtoZ/snapshots/f0b9ffb20c4dc68d4422db97b7da7b577970650e/data/1026_wJW6W9XCnwr5rpAdhdcu_Q_37.07541234_21.98875465.jpg,45.08,clear,2026-04-13T16:08:01
/home/alex/Desktop/school/comp-vis/dataset/datasets--everettshen--StreetView360AtoZ/snapshots/f0b9ffb20c4dc68d4422db97b7da7b577970650e/data/1277_oyW9_aVqcQNwvp2cSxwFkA_-33.66309402_115.28427076.jpg,1.80,clear,2026-04-13T16:08:03
/home/alex/Desktop/school/comp-vis/dataset/datasets--everettshen--StreetView360AtoZ/snapshots/f0b9ffb20c4dc68d4422db97b7da7b577970650e/data/1730_FIB0VxhUrzgnajBve56qTg_-22.21747507_-51.64077177.jpg,52.59,clear,2026-04-13T16:08:05
/home/alex/Desktop/school/comp-vis/dataset/datasets--everettshen--StreetView360AtoZ/snapshots/f0b9ffb20c4dc68d4422db97b7da7b577970650e/data/1670_vHsdvoaziSq71T3u_KBIEg_22.73692365_120.24691153.jpg,80.53,clear,2026-04-13T16:08:11
/home/alex/Desktop/school/comp-vis/dataset/datasets--everettshen--StreetView360AtoZ/snapshots/f0b9ffb20c4dc68d4422db97b7da7b577970650e/data/679_n1Slji05mpNMHZmhEF8dwA_61.09962423_50.33244900.jpg,21.64,clear,2026-04-13T16:08:12
/home/alex/Desktop/school/comp-vis/dataset/datasets--everettshen--StreetView360AtoZ/snapshots/f0b9ffb20c4dc68d4422db97b7da7b577970650e/data/1604_yUY3ugP-i9nh22vTliKK-Q_48.62025466_10.14693866.jpg,46.28,clear,2026-04-13T16:08:15
/home/alex/Desktop/school/comp-vis/dataset/datasets--everettshen--StreetView360AtoZ/snapshots/f0b9ffb20c4dc68d4422db97b7da7b577970650e/data/1221_mYCX1OQKTysZ_xLEOlbc7A_70.12289117_22.98323549.jpg,32.45,clear,2026-04-13T16:08:32
/home/alex/Desktop/school/comp-vis/dataset/datasets--everettshen--StreetView360AtoZ/snapshots/f0b9ffb20c4dc68d4422db97b7da7b577970650e/data/2618_RBP9U9xyO31PlT6qKZisCQ_59.24165369_-125.98102559.jpg,23.74,clear,2026-04-13T16:08:36
/home/alex/Desktop/school/comp-vis/dataset/datasets--everettshen--StreetView360AtoZ/snapshots/f0b9ffb20c4dc68d4422db97b7da7b577970650e/data/161_LVD1AbjBzJc-kwjCrUk_2g_-39.01995463_-67.63568660.jpg,45.68,clear,2026-04-13T16:08:39
/home/alex/Desktop/school/comp-vis/dataset/datasets--everettshen--StreetView360AtoZ/snapshots/f0b9ffb20c4dc68d4422db97b7da7b577970650e/data/2105_P36qNllTX_1J0vJOnlo9Ew_37.75741039_-83.12153310.jpg,28.55,clear,2026-04-13T16:08:43
/home/alex/Desktop/school/comp-vis/dataset/datasets--everettshen--StreetView360AtoZ/snapshots/f0b9ffb20c4dc68d4422db97b7da7b577970650e/data/766_unIBYjHkGQRcAkNeLyBguw_50.59991817_-108.41836252.jpg,22.24,clear,2026-04-13T16:08:47
/home/alex/Desktop/school/comp-vis/dataset/datasets--everettshen--StreetView360AtoZ/snapshots/f0b9ffb20c4dc68d4422db97b7da7b577970650e/data/1726_8uzLxTROEZQjs_Fo_VmqYQ_18.08420960_-94.91745976.jpg,53.49,clear,2026-04-13T16:08:48
/home/alex/Desktop/school/comp-vis/dataset/datasets--everettshen--StreetView360AtoZ/snapshots/f0b9ffb20c4dc68d4422db97b7da7b577970650e/data/1771__v1PkMyVEz3fEe3GQEhb7Q_39.98920936_-89.88313352.jpg,47.48,clear,2026-04-13T16:08:50
/home/alex/Desktop/school/comp-vis/dataset/datasets--everettshen--StreetView360AtoZ/snapshots/f0b9ffb20c4dc68d4422db97b7da7b577970650e/data/2769_plipiviXhKT29YCqBD43uw_44.10219742_3.08729139.jpg,30.65,clear,2026-04-13T16:08:52
/home/alex/Desktop/school/comp-vis/dataset/datasets--everettshen--StreetView360AtoZ/snapshots/f0b9ffb20c4dc68d4422db97b7da7b577970650e/data/365_lUpi4xZL-9ZuRutT94jCVA_15.15260292_120.92408313.jpg,57.10,clear,2026-04-13T16:08:53
/home/alex/Desktop/school/comp-vis/dataset/datasets--everettshen--StreetView360AtoZ/snapshots/f0b9ffb20c4dc68d4422db97b7da7b577970650e/data/551_ZFuGZWaYThN0kyESjF9Jxw_21.31570741_-98.81325831.jpg,52.89,clear,2026-04-13T16:08:56
/home/alex/Desktop/school/comp-vis/dataset/datasets--everettshen--StreetView360AtoZ/snapshots/f0b9ffb20c4dc68d4422db97b7da7b577970650e/data/2082_eZVF20PO1zm5TJDoGnEomg_39.51124939_-96.07648340.jpg,52.89,clear,2026-04-13T16:08:59
/home/alex/Desktop/school/comp-vis/dataset/datasets--everettshen--StreetView360AtoZ/snapshots/f0b9ffb20c4dc68d4422db97b7da7b577970650e/data/1476_xJ9ANv5X6opm2oHbL3UI9w_16.51123597_104.69294902.jpg,52.89,clear,2026-04-13T16:09:07
/home/alex/Desktop/school/comp-vis/dataset/datasets--everettshen--StreetView360AtoZ/snapshots/f0b9ffb20c4dc68d4422db97b7da7b577970650e/data/462_Y5JGUatb6Q1zqaDACqqKig_43.43386111_144.09330752.jpg,69.42,clear,2026-04-13T16:09:09
/home/alex/Desktop/school/comp-vis/dataset/datasets--everettshen--StreetView360AtoZ/snapshots/f0b9ffb20c4dc68d4422db97b7da7b577970650e/data/622_mBd1HS9_Zhg90hEqMhDG-Q_-5.98974024_107.06819600.jpg,48.68,clear,2026-04-13T16:09:12
/home/alex/Desktop/school/comp-vis/dataset/datasets--everettshen--StreetView360AtoZ/snapshots/f0b9ffb20c4dc68d4422db97b7da7b577970650e/data/784__eYieXQrgr29LjS9L2ZcDw_43.40972466_-72.84269615.jpg,38.16,clear,2026-04-13T16:09:22
/home/alex/Desktop/school/comp-vis/dataset/datasets--everettshen--StreetView360AtoZ/snapshots/f0b9ffb20c4dc68d4422db97b7da7b577970650e/data/3137_VqvK18yfgDAKU9RdxIO1tw_47.20012571_117.35053483.jpg,45.98,clear,2026-04-13T16:09:25
/home/alex/Desktop/school/comp-vis/dataset/datasets--everettshen--StreetView360AtoZ/snapshots/f0b9ffb20c4dc68d4422db97b7da7b577970650e/data/651_Xu38aFUWG2uTIxX_-CKF3Q_45.32622923_16.28656245.jpg,42.07,clear,2026-04-13T16:09:26
/home/alex/Desktop/school/comp-vis/dataset/datasets--everettshen--StreetView360AtoZ/snapshots/f0b9ffb20c4dc68d4422db97b7da7b577970650e/data/49_VH80JcfEIYRXbB5rM5lecw_21.31171643_-87.74665043.jpg,57.70,clear,2026-04-13T16:09:29
/home/alex/Desktop/school/comp-vis/dataset/datasets--everettshen--StreetView360AtoZ/snapshots/f0b9ffb20c4dc68d4422db97b7da7b577970650e/data/2896_ojc_88QRDQQSPQ7ZXjyqLQ_46.72280328_-92.46158360.jpg,43.87,clear,2026-04-13T16:09:30
/home/alex/Desktop/school/comp-vis/dataset/datasets--everettshen--StreetView360AtoZ/snapshots/f0b9ffb20c4dc68d4422db97b7da7b577970650e/data/434_7mwRfpf--eCkeVuk4a9iWQ_51.25788288_5.07066319.jpg,38.76,clear,2026-04-13T16:09:33
/home/alex/Desktop/school/comp-vis/dataset/datasets--everettshen--StreetView360AtoZ/snapshots/f0b9ffb20c4dc68d4422db97b7da7b577970650e/data/2240_Q5ztEzs_EdwgEYwLjgH5CQ_62.62765527_23.81828226.jpg,45.08,clear,2026-04-13T16:09:35
/home/alex/Desktop/school/comp-vis/dataset/datasets--everettshen--StreetView360AtoZ/snapshots/f0b9ffb20c4dc68d4422db97b7da7b577970650e/data/179_zEVvxXocszMlNZmQ5eWoPQ_39.58831756_-89.78733160.jpg,50.48,clear,2026-04-13T16:09:39
/home/alex/Desktop/school/comp-vis/dataset/datasets--everettshen--StreetView360AtoZ/snapshots/f0b9ffb20c4dc68d4422db97b7da7b577970650e/data/2230_Q9OrOAwJwVUvgq1nYGDp6A_39.17747179_-91.85513293.jpg,64.01,clear,2026-04-13T16:09:42
/home/alex/Desktop/school/comp-vis/dataset/datasets--everettshen--StreetView360AtoZ/snapshots/f0b9ffb20c4dc68d4422db97b7da7b577970650e/data/66_tU1l3tjobI8AMMo068AEfg_37.12823230_-7.64941254.jpg,45.08,clear,2026-04-13T16:09:48
/home/alex/Desktop/school/comp-vis/dataset/datasets--everettshen--StreetView360AtoZ/snapshots/f0b9ffb20c4dc68d4422db97b7da7b577970650e/data/1008_gcKoefiZmv-Buyiqt5dpSA_14.61695260_121.13117127.jpg,47.78,clear,2026-04-13T16:09:58
/home/alex/Desktop/school/comp-vis/dataset/datasets--everettshen--StreetView360AtoZ/snapshots/f0b9ffb20c4dc68d4422db97b7da7b577970650e/data/2264_xnrCN6YNKwkay4v4cv0faw_37.14723305_-90.17940383.jpg,44.77,clear,2026-04-13T16:10:05
/home/alex/Desktop/school/comp-vis/dataset/datasets--everettshen--StreetView360AtoZ/snapshots/f0b9ffb20c4dc68d4422db97b7da7b577970650e/data/672_tB1PdukxGR--4WrYa8IbWA_20.78942714_-87.95954011.jpg,50.78,clear,2026-04-13T16:10:07
/home/alex/Desktop/school/comp-vis/dataset/datasets--everettshen--StreetView360AtoZ/snapshots/f0b9ffb20c4dc68d4422db97b7da7b577970650e/data/445_TOzIkArQjdB4RXaqr2gxwQ_42.99673412_-9.20930348.jpg,62.20,clear,2026-04-13T16:10:08
/home/alex/Desktop/school/comp-vis/dataset/datasets--everettshen--StreetView360AtoZ/snapshots/f0b9ffb20c4dc68d4422db97b7da7b577970650e/data/3287_IAfwM2EKdxNKSZukdwRzFA_-10.05019538_-39.78378588.jpg,64.01,clear,2026-04-13T16:10:13
/home/alex/Desktop/school/comp-vis/dataset/datasets--everettshen--StreetView360AtoZ/snapshots/f0b9ffb20c4dc68d4422db97b7da7b577970650e/data/689_jguAqJpnIdXTgOBMJqvBtw_43.66788748_-81.10596064.jpg,30.65,clear,2026-04-13T16:10:14
/home/alex/Desktop/school/comp-vis/dataset/datasets--everettshen--StreetView360AtoZ/snapshots/f0b9ffb20c4dc68d4422db97b7da7b577970650e/data/392_uXpoWiM4lmkb3gIgZtpGkQ_27.81304844_79.91284820.jpg,75.13,clear,2026-04-13T16:10:16
/home/alex/Desktop/school/comp-vis/dataset/datasets--everettshen--StreetView360AtoZ/snapshots/f0b9ffb20c4dc68d4422db97b7da7b577970650e/data/2929_W92zrLCt71wQZS3GHRNZGg_32.97307495_-82.80946816.jpg,30.05,clear,2026-04-13T16:10:18
/home/alex/Desktop/school/comp-vis/dataset/datasets--everettshen--StreetView360AtoZ/snapshots/f0b9ffb20c4dc68d4422db97b7da7b577970650e/data/560_DkC0DvWdicQoA2ky4gckDQ_-20.47150944_-55.78716429.jpg,57.70,clear,2026-04-13T16:10:21
/home/alex/Desktop/school/comp-vis/dataset/datasets--everettshen--StreetView360AtoZ/snapshots/f0b9ffb20c4dc68d4422db97b7da7b577970650e/data/401_bXUouTC_FRVohHTG2KXNyQ_36.38811412_30.27949090.jpg,55.59,clear,2026-04-13T16:10:24
/home/alex/Desktop/school/comp-vis/dataset/datasets--everettshen--StreetView360AtoZ/snapshots/f0b9ffb20c4dc68d4422db97b7da7b577970650e/data/1348_8QNZBAaH-9zuEMRmYSM6og_49.99950489_6.01666453.jpg,15.03,clear,2026-04-13T16:10:25
/home/alex/Desktop/school/comp-vis/dataset/datasets--everettshen--StreetView360AtoZ/snapshots/f0b9ffb20c4dc68d4422db97b7da7b577970650e/data/3139_suEs4pqoLLL-ak_qe13EKQ_43.66472992_-94.11039264.jpg,39.37,clear,2026-04-13T16:10:27
/home/alex/Desktop/school/comp-vis/dataset/datasets--everettshen--StreetView360AtoZ/snapshots/f0b9ffb20c4dc68d4422db97b7da7b577970650e/data/629_3jjdrrIS5YdCdk7M6i08mA_45.03325601_2.54362159.jpg,43.57,clear,2026-04-13T16:10:36
/home/alex/Desktop/school/comp-vis/dataset/datasets--everettshen--StreetView360AtoZ/snapshots/f0b9ffb20c4dc68d4422db97b7da7b577970650e/data/1675_HpqPl68DD1rIvMpOpX0tOw_56.29780491_9.66763558.jpg,31.55,clear,2026-04-13T16:10:44
/home/alex/Desktop/school/comp-vis/dataset/datasets--everettshen--StreetView360AtoZ/snapshots/f0b9ffb20c4dc68d4422db97b7da7b577970650e/data/486_V5EfRozQitZoYw_FwiVr4A_-11.89038519_-49.16126131.jpg,72.12,clear,2026-04-13T16:10:49
/home/alex/Desktop/school/comp-vis/dataset/datasets--everettshen--StreetView360AtoZ/snapshots/f0b9ffb20c4dc68d4422db97b7da7b577970650e/data/2720_AzBOoaOA9mU3Rra4kOuJnw_41.47149924_-75.60770352.jpg,44.47,clear,2026-04-13T16:10:52
/home/alex/Desktop/school/comp-vis/dataset/datasets--everettshen--StreetView360AtoZ/snapshots/f0b9ffb20c4dc68d4422db97b7da7b577970650e/data/1221_p5aTmHsjlZREYbpyKykCMw_35.35191669_24.43430340.jpg,51.69,clear,2026-04-13T16:10:56
/home/alex/Desktop/school/comp-vis/dataset/datasets--everettshen--StreetView360AtoZ/snapshots/f0b9ffb20c4dc68d4422db97b7da7b577970650e/data/765_hin4P1Q6hlkDVXgYSz7YeQ_35.84421417_126.92749824.jpg,13.22,clear,2026-04-13T16:11:07
/home/alex/Desktop/school/comp-vis/dataset/datasets--everettshen--StreetView360AtoZ/snapshots/f0b9ffb20c4dc68d4422db97b7da7b577970650e/data/2448_qnA1G25D4_EGoJbUzv0fmA_-21.26117220_-48.49659277.jpg,59.80,clear,2026-04-13T16:11:11
/home/alex/Desktop/school/comp-vis/dataset/datasets--everettshen--StreetView360AtoZ/snapshots/f0b9ffb20c4dc68d4422db97b7da7b577970650e/data/259_Ob2XC_JEb8sUI3MhCncmqw_32.13518217_-89.40268513.jpg,55.89,clear,2026-04-13T16:11:18
/home/alex/Desktop/school/comp-vis/dataset/datasets--everettshen--StreetView360AtoZ/snapshots/f0b9ffb20c4dc68d4422db97b7da7b577970650e/data/2861_rMxL9Po7CDEZvu0uoUqnpA_51.18889393_21.10010790.jpg,44.77,clear,2026-04-13T16:11:19
/home/alex/Desktop/school/comp-vis/dataset/datasets--everettshen--StreetView360AtoZ/snapshots/f0b9ffb20c4dc68d4422db97b7da7b577970650e/data/2719_zKflXzFWIVusvdMUagAH0Q_31.58558236_-102.88991076.jpg,39.37,clear,2026-04-13T16:11:21
/home/alex/Desktop/school/comp-vis/dataset/datasets--everettshen--StreetView360AtoZ/snapshots/f0b9ffb20c4dc68d4422db97b7da7b577970650e/data/1580_w7gx--vsVa2mrCs0ztcOjg_0.27274873_37.55337698.jpg,44.17,clear,2026-04-13T16:11:26
/home/alex/Desktop/school/comp-vis/dataset/datasets--everettshen--StreetView360AtoZ/snapshots/f0b9ffb20c4dc68d4422db97b7da7b577970650e/data/1859_gyimkRM2OBYg2s1CoyN7mw_40.66912442_-95.84086698.jpg,52.59,clear,2026-04-13T16:11:27
/home/alex/Desktop/school/comp-vis/dataset/datasets--everettshen--StreetView360AtoZ/snapshots/f0b9ffb20c4dc68d4422db97b7da7b577970650e/data/2645_JI0BIkpjF4XNrh1L9MdF8A_46.76370546_1.82511267.jpg,54.39,clear,2026-04-13T16:11:28
/home/alex/Desktop/school/comp-vis/dataset/datasets--everettshen--StreetView360AtoZ/snapshots/f0b9ffb20c4dc68d4422db97b7da7b577970650e/data/1198_NU1tAAhoabfDDm1oPnGAXA_-11.78459626_-38.35465973.jpg,72.72,clear,2026-04-13T16:11:32
/home/alex/Desktop/school/comp-vis/dataset/datasets--everettshen--StreetView360AtoZ/snapshots/f0b9ffb20c4dc68d4422db97b7da7b577970650e/data/80_wnAURrzVfQiEb1zK2vRyMg_-11.58147368_-50.93064115.jpg,54.09,clear,2026-04-13T16:11:37
/home/alex/Desktop/school/comp-vis/dataset/datasets--everettshen--StreetView360AtoZ/snapshots/f0b9ffb20c4dc68d4422db97b7da7b577970650e/data/655_edVaupoLJO1XOB_D8Y8zcw_34.19245165_-106.92296185.jpg,59.80,clear,2026-04-13T16:11:39
/home/alex/Desktop/school/comp-vis/dataset/datasets--everettshen--StreetView360AtoZ/snapshots/f0b9ffb20c4dc68d4422db97b7da7b577970650e/data/1368__D4xUCbK8Lq8oMUtzOI91g_43.23528918_-102.47094148.jpg,48.38,clear,2026-04-13T16:11:46
/home/alex/Desktop/school/comp-vis/dataset/datasets--everettshen--StreetView360AtoZ/snapshots/f0b9ffb20c4dc68d4422db97b7da7b577970650e/data/2778_QRkhBitIq8UVzVzr4ZSCvw_48.67246269_9.98675121.jpg,55.59,clear,2026-04-13T16:11:57
/home/alex/Desktop/school/comp-vis/dataset/datasets--everettshen--StreetView360AtoZ/snapshots/f0b9ffb20c4dc68d4422db97b7da7b577970650e/data/711_ETb3ga4VcpMKnmsl9_jFsg_48.45000427_24.54855236.jpg,36.06,clear,2026-04-13T16:12:00
/home/alex/Desktop/school/comp-vis/dataset/datasets--everettshen--StreetView360AtoZ/snapshots/f0b9ffb20c4dc68d4422db97b7da7b577970650e/data/2035_l-zCSj98QVRNx_exv3d1Bw_34.87470475_-98.22129310.jpg,36.96,clear,2026-04-13T16:12:02
/home/alex/Desktop/school/comp-vis/dataset/datasets--everettshen--StreetView360AtoZ/snapshots/f0b9ffb20c4dc68d4422db97b7da7b577970650e/data/3114__VBKl4m6ZgG7QF4dWdWtig_47.44436993_6.84769475.jpg,38.46,clear,2026-04-13T16:12:04
/home/alex/Desktop/school/comp-vis/dataset/datasets--everettshen--StreetView360AtoZ/snapshots/f0b9ffb20c4dc68d4422db97b7da7b577970650e/data/1629_YAgD8ipIQxcA_wlcwqCK9g_41.40979730_14.61865224.jpg,31.55,clear,2026-04-13T16:12:10
/home/alex/Desktop/school/comp-vis/dataset/datasets--everettshen--StreetView360AtoZ/snapshots/f0b9ffb20c4dc68d4422db97b7da7b577970650e/data/2786_1iU_wwxNjKHUBpthR8dKbw_54.72959750_-1.48072823.jpg,38.76,clear,2026-04-13T16:12:12
/home/alex/Desktop/school/comp-vis/dataset/datasets--everettshen--StreetView360AtoZ/snapshots/f0b9ffb20c4dc68d4422db97b7da7b577970650e/data/1395_jUoCAG00yyswflMXVwFfjA_39.50621485_-118.85205845.jpg,34.86,clear,2026-04-13T16:12:15
/home/alex/Desktop/school/comp-vis/dataset/datasets--everettshen--StreetView360AtoZ/snapshots/f0b9ffb20c4dc68d4422db97b7da7b577970650e/data/2161_EBJ3ZViBBT_8kowQhdg17g_22.05609399_73.83175555.jpg,42.07,clear,2026-04-13T16:12:17
/home/alex/Desktop/school/comp-vis/dataset/datasets--everettshen--StreetView360AtoZ/snapshots/f0b9ffb20c4dc68d4422db97b7da7b577970650e/data/2544_eLqgzcXxAdjYyuS-MG86kA_43.38701504_-95.12733780.jpg,47.78,clear,2026-04-13T16:12:19
/home/alex/Desktop/school/comp-vis/dataset/datasets--everettshen--StreetView360AtoZ/snapshots/f0b9ffb20c4dc68d4422db97b7da7b577970650e/data/2004_cb-rpYIHKwOdH42J0KLGZg_38.51225480_-7.28181478.jpg,23.74,clear,2026-04-13T16:12:23
/home/alex/Desktop/school/comp-vis/dataset/datasets--everettshen--StreetView360AtoZ/snapshots/f0b9ffb20c4dc68d4422db97b7da7b577970650e/data/381_8XVzu6PLrU3BrnOpHZTwdg_40.00704994_18.42568553.jpg,72.42,clear,2026-04-13T16:12:31
/home/alex/Desktop/school/comp-vis/dataset/datasets--everettshen--StreetView360AtoZ/snapshots/f0b9ffb20c4dc68d4422db97b7da7b577970650e/data/3195_RR1DNA_fon7a3CuGIT_r0A_61.26659736_73.39996325.jpg,34.26,clear,2026-04-13T16:12:36
/home/alex/Desktop/school/comp-vis/dataset/datasets--everettshen--StreetView360AtoZ/snapshots/f0b9ffb20c4dc68d4422db97b7da7b577970650e/data/877_cvc_6Eq9PjxiUaHEJZ_wqw_0.96532507_120.74050444.jpg,60.70,clear,2026-04-13T16:12:38
/home/alex/Desktop/school/comp-vis/dataset/datasets--everettshen--StreetView360AtoZ/snapshots/f0b9ffb20c4dc68d4422db97b7da7b577970650e/data/1506_RaQpPN5qoY1UnMNmoseoKA_29.43198869_-110.36292418.jpg,49.28,clear,2026-04-13T16:12:45
/home/alex/Desktop/school/comp-vis/dataset/datasets--everettshen--StreetView360AtoZ/snapshots/f0b9ffb20c4dc68d4422db97b7da7b577970650e/data/1361_Zg9clW82Vojfm4GLC89I-g_18.97039744_-98.16175891.jpg,48.38,clear,2026-04-13T16:12:51
/home/alex/Desktop/school/comp-vis/dataset/datasets--everettshen--StreetView360AtoZ/snapshots/f0b9ffb20c4dc68d4422db97b7da7b577970650e/data/164_79hyeUhOhwmd-I3pXV84YQ_61.55522858_9.94070428.jpg,32.45,clear,2026-04-13T16:12:53
/home/alex/Desktop/school/comp-vis/dataset/datasets--everettshen--StreetView360AtoZ/snapshots/f0b9ffb20c4dc68d4422db97b7da7b577970650e/data/2918_VNmE-mDPAZs_89C3F_Jm0Q_33.25181722_-95.37645232.jpg,53.79,clear,2026-04-13T16:12:55
/home/alex/Desktop/school/comp-vis/dataset/datasets--everettshen--StreetView360AtoZ/snapshots/f0b9ffb20c4dc68d4422db97b7da7b577970650e/data/2196_JeU4agYA7_LwEVliivRe5w_24.09673691_-110.38723112.jpg,80.53,clear,2026-04-13T16:13:01
/home/alex/Desktop/school/comp-vis/dataset/datasets--everettshen--StreetView360AtoZ/snapshots/f0b9ffb20c4dc68d4422db97b7da7b577970650e/data/2280_Qw0AjU9i_QVLK8CiAuTx-A_-33.60856044_25.92255693.jpg,79.33,clear,2026-04-13T16:13:03
/home/alex/Desktop/school/comp-vis/dataset/datasets--everettshen--StreetView360AtoZ/snapshots/f0b9ffb20c4dc68d4422db97b7da7b577970650e/data/667_ScuPOtFwwLzhZwzRED2DYA_18.63911205_-98.95906981.jpg,43.27,clear,2026-04-13T16:13:13
/home/alex/Desktop/school/comp-vis/dataset/datasets--everettshen--StreetView360AtoZ/snapshots/f0b9ffb20c4dc68d4422db97b7da7b577970650e/data/1327_TseWta_X7IzjdAsMzD5LvA_-34.74241816_138.70884081.jpg,54.99,clear,2026-04-13T16:13:17
/home/alex/Desktop/school/comp-vis/dataset/datasets--everettshen--StreetView360AtoZ/snapshots/f0b9ffb20c4dc68d4422db97b7da7b577970650e/data/1650_FJbokGeF7TZRtOl5mqXIiQ_-39.43323230_174.08374535.jpg,28.55,clear,2026-04-13T16:13:19
/home/alex/Desktop/school/comp-vis/dataset/datasets--everettshen--StreetView360AtoZ/snapshots/f0b9ffb20c4dc68d4422db97b7da7b577970650e/data/2329_drIX_YkNyWCi00YxJcIDBw_39.84391670_-89.02880747.jpg,35.76,clear,2026-04-13T16:13:22
/home/alex/Desktop/school/comp-vis/dataset/datasets--everettshen--StreetView360AtoZ/snapshots/f0b9ffb20c4dc68d4422db97b7da7b577970650e/data/101_YGPjakBVAVG3XrdV3U71tw_43.65983229_-90.80027294.jpg,35.46,clear,2026-04-13T16:13:25
/home/alex/Desktop/school/comp-vis/dataset/datasets--everettshen--StreetView360AtoZ/snapshots/f0b9ffb20c4dc68d4422db97b7da7b577970650e/data/2005_grXZyIoQmhb1cm3iI6ijVA_38.57641107_42.01584218.jpg,77.53,clear,2026-04-13T16:13:30
/home/alex/Desktop/school/comp-vis/dataset/datasets--everettshen--StreetView360AtoZ/snapshots/f0b9ffb20c4dc68d4422db97b7da7b577970650e/data/740_fKEsO9lWliG4_98R_-4rXw_48.70880655_9.61706070.jpg,63.41,clear,2026-04-13T16:13:31
/home/alex/Desktop/school/comp-vis/dataset/datasets--everettshen--StreetView360AtoZ/snapshots/f0b9ffb20c4dc68d4422db97b7da7b577970650e/data/395_npo9ssh6UPbrGnAVqc-ILg_41.61091130_14.06980096.jpg,56.79,clear,2026-04-13T16:13:35
/home/alex/Desktop/school/comp-vis/dataset/datasets--everettshen--StreetView360AtoZ/snapshots/f0b9ffb20c4dc68d4422db97b7da7b577970650e/data/539_vn3NDAIpOJnyVBpVfyrRtA_-40.76033006_145.29599498.jpg,44.17,clear,2026-04-13T16:13:37
/home/alex/Desktop/school/comp-vis/dataset/datasets--everettshen--StreetView360AtoZ/snapshots/f0b9ffb20c4dc68d4422db97b7da7b577970650e/data/1831_8w8mksYVLaXGuRbFJSweTw_24.46712259_-104.14886282.jpg,79.33,clear,2026-04-13T16:13:42
/home/alex/Desktop/school/comp-vis/dataset/datasets--everettshen--StreetView360AtoZ/snapshots/f0b9ffb20c4dc68d4422db97b7da7b577970650e/data/616_FUqC-utRzEQjeQRpa1I2RA_51.98641826_21.58672484.jpg,39.67,clear,2026-04-13T16:13:45
/home/alex/Desktop/school/comp-vis/dataset/datasets--everettshen--StreetView360AtoZ/snapshots/f0b9ffb20c4dc68d4422db97b7da7b577970650e/data/200_PUS69ZPvu4P6RnqRmsxD_g_37.39182159_-121.86310936.jpg,50.78,clear,2026-04-13T16:13:46
/home/alex/Desktop/school/comp-vis/dataset/datasets--everettshen--StreetView360AtoZ/snapshots/f0b9ffb20c4dc68d4422db97b7da7b577970650e/data/899_j0CLvnGd8c_1RluzZ010FQ_59.68905080_30.54977715.jpg,28.25,clear,2026-04-13T16:13:48
/home/alex/Desktop/school/comp-vis/dataset/datasets--everettshen--StreetView360AtoZ/snapshots/f0b9ffb20c4dc68d4422db97b7da7b577970650e/data/2959_lo88cdkZUvONbFH37YdlUA_53.60555057_47.00836086.jpg,24.34,clear,2026-04-13T16:13:50
/home/alex/Desktop/school/comp-vis/dataset/datasets--everettshen--StreetView360AtoZ/snapshots/f0b9ffb20c4dc68d4422db97b7da7b577970650e/data/3365_cZP0sKYTlEAf1jBbLCDkwQ_-26.41683827_-70.18034752.jpg,73.62,clear,2026-04-13T16:13:56
/home/alex/Desktop/school/comp-vis/dataset/datasets--everettshen--StreetView360AtoZ/snapshots/f0b9ffb20c4dc68d4422db97b7da7b577970650e/data/1939_w1cCd6Wj72DgC6lReEcAaA_49.68545712_-116.00778315.jpg,27.95,clear,2026-04-13T16:14:02
/home/alex/Desktop/school/comp-vis/dataset/datasets--everettshen--StreetView360AtoZ/snapshots/f0b9ffb20c4dc68d4422db97b7da7b577970650e/data/2679_n2SchmX_Ot7A8Ahq8aZlpw_62.49789058_6.12239196.jpg,26.44,clear,2026-04-13T16:14:05
/home/alex/Desktop/school/comp-vis/dataset/datasets--everettshen--StreetView360AtoZ/snapshots/f0b9ffb20c4dc68d4422db97b7da7b577970650e/data/1596_rUtHIZHg_E78n92vQUrm4g_39.93178988_-77.65551833.jpg,33.06,clear,2026-04-13T16:14:12
/home/alex/Desktop/school/comp-vis/dataset/datasets--everettshen--StreetView360AtoZ/snapshots/f0b9ffb20c4dc68d4422db97b7da7b577970650e/data/542_w7gx--vsVa2mrCs0ztcOjg_0.27274873_37.55337698.jpg,42.67,clear,2026-04-13T16:14:13
/home/alex/Desktop/school/comp-vis/dataset/datasets--everettshen--StreetView360AtoZ/snapshots/f0b9ffb20c4dc68d4422db97b7da7b577970650e/data/602_PVPEaS_Q3t9cds2B9zptkg_-33.02958363_-71.63761465.jpg,40.87,clear,2026-04-13T16:14:14
/home/alex/Desktop/school/comp-vis/dataset/datasets--everettshen--StreetView360AtoZ/snapshots/f0b9ffb20c4dc68d4422db97b7da7b577970650e/data/1607_G3NGT21936XhKIk7qQFKyQ_16.48926853_78.41216365.jpg,36.96,clear,2026-04-13T16:14:17
/home/alex/Desktop/school/comp-vis/dataset/datasets--everettshen--StreetView360AtoZ/snapshots/f0b9ffb20c4dc68d4422db97b7da7b577970650e/data/583_fV7ptxGJVALYIz8m_Xw6Hg_32.74443917_-81.16708449.jpg,29.45,clear,2026-04-13T16:14:20
/home/alex/Desktop/school/comp-vis/dataset/datasets--everettshen--StreetView360AtoZ/snapshots/f0b9ffb20c4dc68d4422db97b7da7b577970650e/data/811_anlpAIc_89vjpk2kyw1Rgw_-28.69984323_24.71657645.jpg,46.58,clear,2026-04-13T16:14:21
/home/alex/Desktop/school/comp-vis/dataset/datasets--everettshen--StreetView360AtoZ/snapshots/f0b9ffb20c4dc68d4422db97b7da7b577970650e/data/407_xZzbak05lw9KkQ1Qlkq0fg_-17.77219552_-42.67616132.jpg,51.99,clear,2026-04-13T16:14:23
/home/alex/Desktop/school/comp-vis/dataset/datasets--everettshen--StreetView360AtoZ/snapshots/f0b9ffb20c4dc68d4422db97b7da7b577970650e/data/1736_7F6nk8G2UCD84Zo5mW0teQ_33.09722666_-85.52452062.jpg,33.96,clear,2026-04-13T16:14:27
/home/alex/Desktop/school/comp-vis/dataset/datasets--everettshen--StreetView360AtoZ/snapshots/f0b9ffb20c4dc68d4422db97b7da7b577970650e/data/1401_QqbwNcmXz0PDtJPghCs5BA_59.36043876_13.93122657.jpg,22.54,clear,2026-04-13T16:14:36
/home/alex/Desktop/school/comp-vis/dataset/datasets--everettshen--StreetView360AtoZ/snapshots/f0b9ffb20c4dc68d4422db97b7da7b577970650e/data/1442_Ea9SkM4bLA03e_MbgLPIxg_46.18984587_7.19344143.jpg,46.28,clear,2026-04-13T16:14:40
/home/alex/Desktop/school/comp-vis/dataset/datasets--everettshen--StreetView360AtoZ/snapshots/f0b9ffb20c4dc68d4422db97b7da7b577970650e/data/637_goY8_nRDoTGlJww-ETRn7Q_48.81404907_26.00066983.jpg,47.78,clear,2026-04-13T16:14:47
/home/alex/Desktop/school/comp-vis/dataset/datasets--everettshen--StreetView360AtoZ/snapshots/f0b9ffb20c4dc68d4422db97b7da7b577970650e/data/366_ipUPNRS4T9sjh5Fn0u-74w_-29.36313964_-50.81139937.jpg,77.83,clear,2026-04-13T16:14:48
/home/alex/Desktop/school/comp-vis/dataset/datasets--everettshen--StreetView360AtoZ/snapshots/f0b9ffb20c4dc68d4422db97b7da7b577970650e/data/2701_zWQsVtC-CyDb08ZCKZHclg_37.34885085_-120.97957218.jpg,50.48,clear,2026-04-13T16:14:53
/home/alex/Desktop/school/comp-vis/dataset/datasets--everettshen--StreetView360AtoZ/snapshots/f0b9ffb20c4dc68d4422db97b7da7b577970650e/data/37_UvgeLp63gy84MkbgdvIk6g_48.21816638_-101.28420131.jpg,43.57,clear,2026-04-13T16:14:55
/home/alex/Desktop/school/comp-vis/dataset/datasets--everettshen--StreetView360AtoZ/snapshots/f0b9ffb20c4dc68d4422db97b7da7b577970650e/data/541_SF6tJyEjD_HxNxMBt12RsA_45.11549961_-123.31623420.jpg,24.04,clear,2026-04-13T16:14:57
/home/alex/Desktop/school/comp-vis/dataset/datasets--everettshen--StreetView360AtoZ/snapshots/f0b9ffb20c4dc68d4422db97b7da7b577970650e/data/2087_EJXgkJzlhITATN_rmWCU7Q_37.74472455_38.26780112.jpg,13.82,clear,2026-04-13T16:14:58
/home/alex/Desktop/school/comp-vis/dataset/datasets--everettshen--StreetView360AtoZ/snapshots/f0b9ffb20c4dc68d4422db97b7da7b577970650e/data/1158_pj2Vb4lppU-zEB8K1VWgWg_34.88257605_-82.27213064.jpg,31.55,clear,2026-04-13T16:15:00
/home/alex/Desktop/school/comp-vis/dataset/datasets--everettshen--StreetView360AtoZ/snapshots/f0b9ffb20c4dc68d4422db97b7da7b577970650e/data/3219_LUepb3Ueu_wzn66-xozhsA_45.62152181_-70.08636471.jpg,42.37,clear,2026-04-13T16:15:01
/home/alex/Desktop/school/comp-vis/dataset/datasets--everettshen--StreetView360AtoZ/snapshots/f0b9ffb20c4dc68d4422db97b7da7b577970650e/data/1185_uKVgeJVe-QqXRHZoboCp7w_-29.92013553_30.96470007.jpg,65.51,clear,2026-04-13T16:15:03
/home/alex/Desktop/school/comp-vis/dataset/datasets--everettshen--StreetView360AtoZ/snapshots/f0b9ffb20c4dc68d4422db97b7da7b577970650e/data/2987_SeOGA0WqrNqsTV2o934pvQ_-34.70193384_-55.88734338.jpg,51.39,clear,2026-04-13T16:15:06
/home/alex/Desktop/school/comp-vis/dataset/datasets--everettshen--StreetView360AtoZ/snapshots/f0b9ffb20c4dc68d4422db97b7da7b577970650e/data/529_OMQvpSSPcHd-3FBdbdwCHQ_45.56590320_20.86116020.jpg,54.39,clear,2026-04-13T16:15:09
/home/alex/Desktop/school/comp-vis/dataset/datasets--everettshen--StreetView360AtoZ/snapshots/f0b9ffb20c4dc68d4422db97b7da7b577970650e/data/638_nQVzGCH5zdPw3MgM5vVXtQ_63.42590531_10.39610904.jpg,21.94,clear,2026-04-13T16:15:17
/home/alex/Desktop/school/comp-vis/dataset/datasets--everettshen--StreetView360AtoZ/snapshots/f0b9ffb20c4dc68d4422db97b7da7b577970650e/data/580_g4T2o1Tpxk7ehHZFCzhnAA_38.24672261_-97.34602102.jpg,47.48,clear,2026-04-13T16:15:20
/home/alex/Desktop/school/comp-vis/dataset/datasets--everettshen--StreetView360AtoZ/snapshots/f0b9ffb20c4dc68d4422db97b7da7b577970650e/data/1583_6lXE31Z0ZSRWCKJRZL1iiw_44.55874459_-80.98940471.jpg,52.29,clear,2026-04-13T16:15:22
/home/alex/Desktop/school/comp-vis/dataset/datasets--everettshen--StreetView360AtoZ/snapshots/f0b9ffb20c4dc68d4422db97b7da7b577970650e/data/615_TIfRG6fNjAgQ7QmtZsxaYQ_58.08340976_13.51634610.jpg,43.57,clear,2026-04-13T16:15:26
/home/alex/Desktop/school/comp-vis/dataset/datasets--everettshen--StreetView360AtoZ/snapshots/f0b9ffb20c4dc68d4422db97b7da7b577970650e/data/1684_XPA9O37Brqsqdh1t1b4zfQ_51.57438985_22.13027586.jpg,58.60,clear,2026-04-13T16:15:27
/home/alex/Desktop/school/comp-vis/dataset/datasets--everettshen--StreetView360AtoZ/snapshots/f0b9ffb20c4dc68d4422db97b7da7b577970650e/data/668_2AhqCCCQ2qw3ihoY4UnlCw_53.74344630_-7.92353229.jpg,46.28,clear,2026-04-13T16:15:34
/home/alex/Desktop/school/comp-vis/dataset/datasets--everettshen--StreetView360AtoZ/snapshots/f0b9ffb20c4dc68d4422db97b7da7b577970650e/data/1805_tFz_0ckDK4IUTdJtMkOGbw_36.86670707_-80.41561869.jpg,55.89,clear,2026-04-13T16:15:35
/home/alex/Desktop/school/comp-vis/dataset/datasets--everettshen--StreetView360AtoZ/snapshots/f0b9ffb20c4dc68d4422db97b7da7b577970650e/data/1788_iUE2vpKsk8R5-aVM4_2oOw_13.34984864_77.45320188.jpg,40.57,clear,2026-04-13T16:15:38
/home/alex/Desktop/school/comp-vis/dataset/datasets--everettshen--StreetView360AtoZ/snapshots/f0b9ffb20c4dc68d4422db97b7da7b577970650e/data/1220_c3eSFrjC94dRQpm4cleKFg_19.10792358_77.49288234.jpg,43.27,clear,2026-04-13T16:15:40
/home/alex/Desktop/school/comp-vis/dataset/datasets--everettshen--StreetView360AtoZ/snapshots/f0b9ffb20c4dc68d4422db97b7da7b577970650e/data/1672_uI8oBNmstkh9XOPAAX3HhQ_41.56751810_-8.43853770.jpg,44.77,clear,2026-04-13T16:15:45
/home/alex/Desktop/school/comp-vis/dataset/datasets--everettshen--StreetView360AtoZ/snapshots/f0b9ffb20c4dc68d4422db97b7da7b577970650e/data/852_hL-VvBwSq45fAYzOjihA2g_14.52097983_-91.69671302.jpg,56.79,clear,2026-04-13T16:15:46
/home/alex/Desktop/school/comp-vis/dataset/datasets--everettshen--StreetView360AtoZ/snapshots/f0b9ffb20c4dc68d4422db97b7da7b577970650e/data/809_d8XVfdPl4cJZsRtZPpveUA_44.51675778_6.01731845.jpg,43.57,clear,2026-04-13T16:15:47
/home/alex/Desktop/school/comp-vis/dataset/datasets--everettshen--StreetView360AtoZ/snapshots/f0b9ffb20c4dc68d4422db97b7da7b577970650e/data/2850_mbj5OHLOjEStFJMehRKryg_51.59603889_16.04563145.jpg,26.44,clear,2026-04-13T16:15:51
/home/alex/Desktop/school/comp-vis/dataset/datasets--everettshen--StreetView360AtoZ/snapshots/f0b9ffb20c4dc68d4422db97b7da7b577970650e/data/537_MsEGbK_s7qLuUupvgm2LhA_-34.20942779_142.20237323.jpg,33.96,clear,2026-04-13T16:15:54
/home/alex/Desktop/school/comp-vis/dataset/datasets--everettshen--StreetView360AtoZ/snapshots/f0b9ffb20c4dc68d4422db97b7da7b577970650e/data/929_DEtQqOGmFjhRSAEKxZSYbw_47.46633892_-121.75004674.jpg,44.17,clear,2026-04-13T16:15:57
/home/alex/Desktop/school/comp-vis/dataset/datasets--everettshen--StreetView360AtoZ/snapshots/f0b9ffb20c4dc68d4422db97b7da7b577970650e/data/797_t57hd_KjLWWchiHMz9Ov0A_-13.93220781_-41.90202643.jpg,39.67,clear,2026-04-13T16:15:58
/home/alex/Desktop/school/comp-vis/dataset/datasets--everettshen--StreetView360AtoZ/snapshots/f0b9ffb20c4dc68d4422db97b7da7b577970650e/data/1759_qtXOIOxr-R32TqktHJT0SA_25.93168163_85.03840567.jpg,45.08,clear,2026-04-13T16:16:03
/home/alex/Desktop/school/comp-vis/dataset/datasets--everettshen--StreetView360AtoZ/snapshots/f0b9ffb20c4dc68d4422db97b7da7b577970650e/data/2770_raae8Yt9RO994Rt5N_n20Q_42.82979729_-103.00342987.jpg,28.25,clear,2026-04-13T16:16:04
/home/alex/Desktop/school/comp-vis/dataset/datasets--everettshen--StreetView360AtoZ/snapshots/f0b9ffb20c4dc68d4422db97b7da7b577970650e/data/534_oDWlHnGQRz8atSqFnQvskQ_-33.39630937_25.54701243.jpg,37.26,clear,2026-04-13T16:16:06
/home/alex/Desktop/school/comp-vis/dataset/datasets--everettshen--StreetView360AtoZ/snapshots/f0b9ffb20c4dc68d4422db97b7da7b577970650e/data/1628_dzIJbiB9pNaRyDxmFUr7MA_40.57291557_16.86596774.jpg,64.01,clear,2026-04-13T16:16:08
/home/alex/Desktop/school/comp-vis/dataset/datasets--everettshen--StreetView360AtoZ/snapshots/f0b9ffb20c4dc68d4422db97b7da7b577970650e/data/925_QlrMv8mhXuuj1q3qOk7TVg_42.58799492_-3.92498585.jpg,51.09,clear,2026-04-13T16:16:10
/home/alex/Desktop/school/comp-vis/dataset/datasets--everettshen--StreetView360AtoZ/snapshots/f0b9ffb20c4dc68d4422db97b7da7b577970650e/data/299_OZ7UmbHbBTUrWE-478EwWg_15.97567034_105.29232353.jpg,66.11,clear,2026-04-13T16:16:11
/home/alex/Desktop/school/comp-vis/dataset/datasets--everettshen--StreetView360AtoZ/snapshots/f0b9ffb20c4dc68d4422db97b7da7b577970650e/data/3437_jigZmO20dvwF3U08_zqLig_-28.53715793_-70.90136647.jpg,55.59,clear,2026-04-13T16:16:20
/home/alex/Desktop/school/comp-vis/dataset/datasets--everettshen--StreetView360AtoZ/snapshots/f0b9ffb20c4dc68d4422db97b7da7b577970650e/data/420_PfV4fnRkLN9fOS0iYgCOtg_32.58318975_-93.26024140.jpg,37.86,clear,2026-04-13T16:16:38
/home/alex/Desktop/school/comp-vis/dataset/datasets--everettshen--StreetView360AtoZ/snapshots/f0b9ffb20c4dc68d4422db97b7da7b577970650e/data/1288_Epq-7s7QxoDJykAS2lSQLA_13.44288497_80.09012097.jpg,48.08,clear,2026-04-13T16:16:45
/home/alex/Desktop/school/comp-vis/dataset/datasets--everettshen--StreetView360AtoZ/snapshots/f0b9ffb20c4dc68d4422db97b7da7b577970650e/data/2990_R7mtaYtK5HRt1WLewN4INg_41.80656869_-96.47867660.jpg,20.43,clear,2026-04-13T16:16:55
/home/alex/Desktop/school/comp-vis/dataset/datasets--everettshen--StreetView360AtoZ/snapshots/f0b9ffb20c4dc68d4422db97b7da7b577970650e/data/2355_049GJn3OzIsGe4EnRjVpsw_42.04502668_-104.94671065.jpg,50.18,clear,2026-04-13T16:17:01
/home/alex/Desktop/school/comp-vis/dataset/datasets--everettshen--StreetView360AtoZ/snapshots/f0b9ffb20c4dc68d4422db97b7da7b577970650e/data/814_vRlqH6Ho0F62Ygbp6aC-Bg_56.65187132_74.05053571.jpg,50.78,clear,2026-04-13T16:17:02
/home/alex/Desktop/school/comp-vis/dataset/datasets--everettshen--StreetView360AtoZ/snapshots/f0b9ffb20c4dc68d4422db97b7da7b577970650e/data/35_rfWawhTaaXzFE7zOdQ0ouA_18.32630424_78.33462322.jpg,61.90,clear,2026-04-13T16:17:07
/home/alex/Desktop/school/comp-vis/dataset/datasets--everettshen--StreetView360AtoZ/snapshots/f0b9ffb20c4dc68d4422db97b7da7b577970650e/data/2872_VejesG-JQw8weUYIcY7qtg_37.79846396_-121.05254068.jpg,27.65,clear,2026-04-13T16:17:09
/home/alex/Desktop/school/comp-vis/dataset/datasets--everettshen--StreetView360AtoZ/snapshots/f0b9ffb20c4dc68d4422db97b7da7b577970650e/data/1140_DkC0DvWdicQoA2ky4gckDQ_-20.47150944_-55.78716429.jpg,55.89,clear,2026-04-13T16:17:10
/home/alex/Desktop/school/comp-vis/dataset/datasets--everettshen--StreetView360AtoZ/snapshots/f0b9ffb20c4dc68d4422db97b7da7b577970650e/data/1807_RHWfYSBXKGys9MZIAkeUxA_68.77260243_16.17119755.jpg,43.27,clear,2026-04-13T16:17:15
/home/alex/Desktop/school/comp-vis/dataset/datasets--everettshen--StreetView360AtoZ/snapshots/f0b9ffb20c4dc68d4422db97b7da7b577970650e/data/1276_98QzE_vdFhx8a1XNeGgukQ_51.67257606_8.59523087.jpg,20.73,clear,2026-04-13T16:17:18
/home/alex/Desktop/school/comp-vis/dataset/datasets--everettshen--StreetView360AtoZ/snapshots/f0b9ffb20c4dc68d4422db97b7da7b577970650e/data/1446_1OF1OCc918wBRE2oq-LGug_49.13385152_-96.56165337.jpg,49.88,clear,2026-04-13T16:17:19
/home/alex/Desktop/school/comp-vis/dataset/datasets--everettshen--StreetView360AtoZ/snapshots/f0b9ffb20c4dc68d4422db97b7da7b577970650e/data/648_o7Ab7xi4iaKed9RN60tOGg_40.26390780_-8.27525654.jpg,39.97,clear,2026-04-13T16:17:23
/home/alex/Desktop/school/comp-vis/dataset/datasets--everettshen--StreetView360AtoZ/snapshots/f0b9ffb20c4dc68d4422db97b7da7b577970650e/data/307_OhQKPK9RcGstb3w8ZqaIcg_43.52669274_-71.46906941.jpg,35.46,clear,2026-04-13T16:17:24
/home/alex/Desktop/school/comp-vis/dataset/datasets--everettshen--StreetView360AtoZ/snapshots/f0b9ffb20c4dc68d4422db97b7da7b577970650e/data/47_6pZtp6TiakKHbrOkGlyNvA_38.19202495_140.59937678.jpg,76.93,clear,2026-04-13T16:17:29
/home/alex/Desktop/school/comp-vis/dataset/datasets--everettshen--StreetView360AtoZ/snapshots/f0b9ffb20c4dc68d4422db97b7da7b577970650e/data/67_AzBOoaOA9mU3Rra4kOuJnw_41.47149924_-75.60770352.jpg,43.87,clear,2026-04-13T16:17:30
/home/alex/Desktop/school/comp-vis/dataset/datasets--everettshen--StreetView360AtoZ/snapshots/f0b9ffb20c4dc68d4422db97b7da7b577970650e/data/79_xYfexcOWQkSRBkdGgiPjEQ_28.24948076_-82.70555561.jpg,41.77,clear,2026-04-13T16:17:34
/home/alex/Desktop/school/comp-vis/dataset/datasets--everettshen--StreetView360AtoZ/snapshots/f0b9ffb20c4dc68d4422db97b7da7b577970650e/data/2607_UuSBeoHsj0Xk_XgvgAgb1w_40.61243979_-83.21688549.jpg,31.25,clear,2026-04-13T16:17:36
/home/alex/Desktop/school/comp-vis/dataset/datasets--everettshen--StreetView360AtoZ/snapshots/f0b9ffb20c4dc68d4422db97b7da7b577970650e/data/700_SE2yt2kpsZhdbEZ8t3KixQ_39.44988261_-2.67410307.jpg,60.70,clear,2026-04-13T16:17:39
/home/alex/Desktop/school/comp-vis/dataset/datasets--everettshen--StreetView360AtoZ/snapshots/f0b9ffb20c4dc68d4422db97b7da7b577970650e/data/2444_8XPUTulpeZ9MXg3m60Z8Aw_42.88866812_143.93267627.jpg,63.11,clear,2026-04-13T16:17:40
/home/alex/Desktop/school/comp-vis/dataset/datasets--everettshen--StreetView360AtoZ/snapshots/f0b9ffb20c4dc68d4422db97b7da7b577970650e/data/1283_hAMuLpeCRNfApon8vl9Ifg_-34.79010798_-58.40282215.jpg,71.82,clear,2026-04-13T16:17:42
/home/alex/Desktop/school/comp-vis/dataset/datasets--everettshen--StreetView360AtoZ/snapshots/f0b9ffb20c4dc68d4422db97b7da7b577970650e/data/1267_wF5Q4mc1F_llC_4S0_wdBQ_13.68221102_103.17484667.jpg,55.59,clear,2026-04-13T16:17:45
/home/alex/Desktop/school/comp-vis/dataset/datasets--everettshen--StreetView360AtoZ/snapshots/f0b9ffb20c4dc68d4422db97b7da7b577970650e/data/3237_R1xph-b8KhJx_4RPZTFrvw_41.26742789_16.41785801.jpg,22.54,clear,2026-04-13T16:17:49
/home/alex/Desktop/school/comp-vis/dataset/datasets--everettshen--StreetView360AtoZ/snapshots/f0b9ffb20c4dc68d4422db97b7da7b577970650e/data/3311_iU4nZOd1kSdKFH6AJJ-aJw_50.94452971_5.10714195.jpg,34.56,clear,2026-04-13T16:17:51
/home/alex/Desktop/school/comp-vis/dataset/datasets--everettshen--StreetView360AtoZ/snapshots/f0b9ffb20c4dc68d4422db97b7da7b577970650e/data/1163_cFIhk4ZK498b50e8Aupqug_36.93454464_-121.76735283.jpg,44.47,clear,2026-04-13T16:17:54
/home/alex/Desktop/school/comp-vis/dataset/datasets--everettshen--StreetView360AtoZ/snapshots/f0b9ffb20c4dc68d4422db97b7da7b577970650e/data/985_u-MIEgvtgA4ywFEp593Zgw_12.58309686_-81.70644150.jpg,67.61,clear,2026-04-13T16:17:56
/home/alex/Desktop/school/comp-vis/dataset/datasets--everettshen--StreetView360AtoZ/snapshots/f0b9ffb20c4dc68d4422db97b7da7b577970650e/data/85_qLtWQH13RL7zzCsm13hvMA_41.37160712_-72.07339148.jpg,46.28,clear,2026-04-13T16:17:58
/home/alex/Desktop/school/comp-vis/dataset/datasets--everettshen--StreetView360AtoZ/snapshots/f0b9ffb20c4dc68d4422db97b7da7b577970650e/data/1788_lZq0Rqny39wJn1Qu5_B9lA_24.87871219_79.57310212.jpg,50.78,clear,2026-04-13T16:17:59
/home/alex/Desktop/school/comp-vis/dataset/datasets--everettshen--StreetView360AtoZ/snapshots/f0b9ffb20c4dc68d4422db97b7da7b577970650e/data/260_ne62pRxrCfVYCQL-4r8ZjQ_40.19677192_-92.54423840.jpg,42.67,clear,2026-04-13T16:19:47
/home/alex/Desktop/school/comp-vis/dataset/datasets--everettshen--StreetView360AtoZ/snapshots/f0b9ffb20c4dc68d4422db97b7da7b577970650e/data/2079_PHMG5nYcW4nc10quERNwCg_39.10836811_-89.81640719.jpg,43.27,clear,2026-04-13T16:19:50
/home/alex/Desktop/school/comp-vis/dataset/datasets--everettshen--StreetView360AtoZ/snapshots/f0b9ffb20c4dc68d4422db97b7da7b577970650e/data/455_BKAuCRSDm7UVKoyxX-vMtA_44.66338410_-103.85589518.jpg,18.93,clear,2026-04-13T16:19:54
/home/alex/Desktop/school/comp-vis/dataset/datasets--everettshen--StreetView360AtoZ/snapshots/f0b9ffb20c4dc68d4422db97b7da7b577970650e/data/1204_dPZFWrt1mG6oU8An5QHC4g_13.04180173_124.19411066.jpg,76.93,clear,2026-04-13T16:20:07
/home/alex/Desktop/school/comp-vis/dataset/datasets--everettshen--StreetView360AtoZ/snapshots/f0b9ffb20c4dc68d4422db97b7da7b577970650e/data/2748__IZDkK95e7QCsThTcy_P6A_43.64604140_4.03936755.jpg,21.64,clear,2026-04-13T16:20:11
/home/alex/Desktop/school/comp-vis/dataset/datasets--everettshen--StreetView360AtoZ/snapshots/f0b9ffb20c4dc68d4422db97b7da7b577970650e/data/540_PUGyy4G-xgd5BHthWH7HSA_-33.55618956_26.98201484.jpg,39.37,clear,2026-04-13T16:20:13
/home/alex/Desktop/school/comp-vis/dataset/datasets--everettshen--StreetView360AtoZ/snapshots/f0b9ffb20c4dc68d4422db97b7da7b577970650e/data/343_hxGtxmo4tgS15fmd40eL8Q_45.98823952_27.21573487.jpg,60.70,clear,2026-04-13T16:20:17
/home/alex/Desktop/school/comp-vis/dataset/datasets--everettshen--StreetView360AtoZ/snapshots/f0b9ffb20c4dc68d4422db97b7da7b577970650e/data/1524_PuEEaX9-tj-ppAK2ON2UJA_40.64318019_-3.17492345.jpg,26.74,clear,2026-04-13T16:20:18
/home/alex/Desktop/school/comp-vis/dataset/datasets--everettshen--StreetView360AtoZ/snapshots/f0b9ffb20c4dc68d4422db97b7da7b577970650e/data/2846_F0SagkHBK_WjL7aexiGfxQ_25.50564968_72.20192188.jpg,25.54,clear,2026-04-13T16:27:22
/home/alex/Desktop/school/comp-vis/dataset/datasets--everettshen--StreetView360AtoZ/snapshots/f0b9ffb20c4dc68d4422db97b7da7b577970650e/data/1058_3QFl30hRhfTn-DJUE8-blQ_-37.77636864_144.94594390.jpg,55.59,clear,2026-04-13T16:27:27
/home/alex/Desktop/school/comp-vis/dataset/datasets--everettshen--StreetView360AtoZ/snapshots/f0b9ffb20c4dc68d4422db97b7da7b577970650e/data/2354_osEAU_er9oB3K5J5IGm4GA_46.48336733_10.26666665.jpg,67.01,clear,2026-04-13T16:27:29
/home/alex/Desktop/school/comp-vis/dataset/datasets--everettshen--StreetView360AtoZ/snapshots/f0b9ffb20c4dc68d4422db97b7da7b577970650e/data/278_yED5HOtv2i4fnWtIUHyzBQ_15.13351579_75.55497909.jpg,52.89,clear,2026-04-13T16:27:33
/home/alex/Desktop/school/comp-vis/dataset/datasets--everettshen--StreetView360AtoZ/snapshots/f0b9ffb20c4dc68d4422db97b7da7b577970650e/data/903_3cgu3s7GkG6OeL_TxtZsYA_61.15113361_47.83415816.jpg,52.59,clear,2026-04-13T16:27:35
/home/alex/Desktop/school/comp-vis/dataset/datasets--everettshen--StreetView360AtoZ/snapshots/f0b9ffb20c4dc68d4422db97b7da7b577970650e/data/69_2RC9j7jVHJCUjcvIl_rEGQ_43.19804970_27.82288393.jpg,66.11,clear,2026-04-13T16:27:37
/home/alex/Desktop/school/comp-vis/dataset/datasets--everettshen--StreetView360AtoZ/snapshots/f0b9ffb20c4dc68d4422db97b7da7b577970650e/data/581_6l5X5ptao3SGdZd7DwcIuw_48.94468935_-57.91610877.jpg,40.57,clear,2026-04-13T16:27:39
/home/alex/Desktop/school/comp-vis/dataset/datasets--everettshen--StreetView360AtoZ/snapshots/f0b9ffb20c4dc68d4422db97b7da7b577970650e/data/1154_A9xI23almDGOKQMMtbxm_g_41.21664586_9.40015988.jpg,29.75,clear,2026-04-13T16:27:41
/home/alex/Desktop/school/comp-vis/dataset/datasets--everettshen--StreetView360AtoZ/snapshots/f0b9ffb20c4dc68d4422db97b7da7b577970650e/data/3381_cFljSeR9aD0yQFdR9xEWZg_9.65672893_6.04393004.jpg,42.07,clear,2026-04-13T16:27:42
/home/alex/Desktop/school/comp-vis/dataset/datasets--everettshen--StreetView360AtoZ/snapshots/f0b9ffb20c4dc68d4422db97b7da7b577970650e/data/913_eQAEw-FRw_1OcU8h1sjqVg_-18.89826074_-48.26585448.jpg,42.37,clear,2026-04-13T16:27:48
/home/alex/Desktop/school/comp-vis/dataset/datasets--everettshen--StreetView360AtoZ/snapshots/f0b9ffb20c4dc68d4422db97b7da7b577970650e/data/997_V6as4X-DdhKYr-h67yR4zQ_-30.85459804_-70.77105940.jpg,51.09,clear,2026-04-13T16:27:54
/home/alex/Desktop/school/comp-vis/dataset/datasets--everettshen--StreetView360AtoZ/snapshots/f0b9ffb20c4dc68d4422db97b7da7b577970650e/data/282_2RwKQbRSLnSsjFEZ1l-xUg_50.69795163_2.26051024.jpg,55.89,clear,2026-04-13T16:27:56
/home/alex/Desktop/school/comp-vis/dataset/datasets--everettshen--StreetView360AtoZ/snapshots/f0b9ffb20c4dc68d4422db97b7da7b577970650e/data/1888_l0Uf4A3rHKpy9h_qW1RexQ_35.35091790_129.12297652.jpg,36.36,clear,2026-04-13T16:27:58
/home/alex/Desktop/school/comp-vis/dataset/datasets--everettshen--StreetView360AtoZ/snapshots/f0b9ffb20c4dc68d4422db97b7da7b577970650e/data/1918_0J6YVnqsAFjQEjt-JtNJ8A_37.91445655_-3.00372515.jpg,61.30,clear,2026-04-13T16:27:59
/home/alex/Desktop/school/comp-vis/dataset/datasets--everettshen--StreetView360AtoZ/snapshots/f0b9ffb20c4dc68d4422db97b7da7b577970650e/data/1480_KoaFRItzFtiVOJTqJBzQ8A_-40.80545601_-62.98990631.jpg,43.87,clear,2026-04-13T16:28:02
/home/alex/Desktop/school/comp-vis/dataset/datasets--everettshen--StreetView360AtoZ/snapshots/f0b9ffb20c4dc68d4422db97b7da7b577970650e/data/3433_E3HTImUb4xjPBa8D99Npdw_39.53857822_-107.77814780.jpg,47.78,clear,2026-04-13T16:28:06
/home/alex/Desktop/school/comp-vis/dataset/datasets--everettshen--StreetView360AtoZ/snapshots/f0b9ffb20c4dc68d4422db97b7da7b577970650e/data/627_5RiadX1OZ01BD5iPtvuI7w_-18.54388338_-53.12908358.jpg,15.63,clear,2026-04-13T16:28:09
/home/alex/Desktop/school/comp-vis/dataset/datasets--everettshen--StreetView360AtoZ/snapshots/f0b9ffb20c4dc68d4422db97b7da7b577970650e/data/1916_v1Gq-loqo1zmUzubuAEkNw_15.39868815_75.68281388.jpg,34.56,clear,2026-04-13T16:28:11
/home/alex/Desktop/school/comp-vis/dataset/datasets--everettshen--StreetView360AtoZ/snapshots/f0b9ffb20c4dc68d4422db97b7da7b577970650e/data/807_Mj569BVfDVvvf7dMkHsArA_44.03515559_-69.53686675.jpg,29.15,clear,2026-04-13T16:28:14
/home/alex/Desktop/school/comp-vis/dataset/datasets--everettshen--StreetView360AtoZ/snapshots/f0b9ffb20c4dc68d4422db97b7da7b577970650e/data/2380_LpGz63j6OUujOGsIp-Jp4w_33.20897952_35.57804177.jpg,51.99,clear,2026-04-13T16:28:17
/home/alex/Desktop/school/comp-vis/dataset/datasets--everettshen--StreetView360AtoZ/snapshots/f0b9ffb20c4dc68d4422db97b7da7b577970650e/data/138_LJvYcY86FcdHMXq0XLZz0A_-21.63760151_-50.50008216.jpg,33.06,clear,2026-04-13T16:28:20
/home/alex/Desktop/school/comp-vis/dataset/datasets--everettshen--StreetView360AtoZ/snapshots/f0b9ffb20c4dc68d4422db97b7da7b577970650e/data/206_DvSeA01J-U70bfqM45auNQ_32.84645376_-83.63719659.jpg,37.86,clear,2026-04-13T16:28:21
/home/alex/Desktop/school/comp-vis/dataset/datasets--everettshen--StreetView360AtoZ/snapshots/f0b9ffb20c4dc68d4422db97b7da7b577970650e/data/732_o2mukJgZj3nTAbuC0hoeSA_44.13410730_-113.90440856.jpg,38.16,clear,2026-04-13T16:28:25
/home/alex/Desktop/school/comp-vis/dataset/datasets--everettshen--StreetView360AtoZ/snapshots/f0b9ffb20c4dc68d4422db97b7da7b577970650e/data/2590_yOG0pmr8HozKd4zL5LhlHg_37.97799901_139.36742290.jpg,16.83,clear,2026-04-13T16:28:28
/home/alex/Desktop/school/comp-vis/dataset/datasets--everettshen--StreetView360AtoZ/snapshots/f0b9ffb20c4dc68d4422db97b7da7b577970650e/data/808__EcECzPghCXjAzbQkcR56A_39.93389886_-120.89800764.jpg,31.85,clear,2026-04-13T16:28:29
/home/alex/Desktop/school/comp-vis/dataset/datasets--everettshen--StreetView360AtoZ/snapshots/f0b9ffb20c4dc68d4422db97b7da7b577970650e/data/541_B_jtJ_kFyN4qdaLdZchLgw_-13.54181025_-58.82024468.jpg,63.41,clear,2026-04-13T16:28:33
/home/alex/Desktop/school/comp-vis/dataset/datasets--everettshen--StreetView360AtoZ/snapshots/f0b9ffb20c4dc68d4422db97b7da7b577970650e/data/1041_UrxpNttEquIoEXqcHaeuOQ_57.55222643_25.43602501.jpg,37.26,clear,2026-04-13T16:28:36
/home/alex/Desktop/school/comp-vis/dataset/datasets--everettshen--StreetView360AtoZ/snapshots/f0b9ffb20c4dc68d4422db97b7da7b577970650e/data/2236_yFC2eps-K0aG1m3YK096aw_36.66115088_-93.01527154.jpg,61.30,clear,2026-04-13T16:28:48
/home/alex/Desktop/school/comp-vis/dataset/datasets--everettshen--StreetView360AtoZ/snapshots/f0b9ffb20c4dc68d4422db97b7da7b577970650e/data/2705_7OampA24k1aTDdCL-pEYOQ_25.98322562_87.50390505.jpg,35.46,clear,2026-04-13T16:28:50
/home/alex/Desktop/school/comp-vis/dataset/datasets--everettshen--StreetView360AtoZ/snapshots/f0b9ffb20c4dc68d4422db97b7da7b577970650e/data/2689_EuZ1WsOIBpLYvStgN9e6CA_34.77350689_-88.92460089.jpg,55.59,clear,2026-04-13T16:28:54
/home/alex/Desktop/school/comp-vis/dataset/datasets--everettshen--StreetView360AtoZ/snapshots/f0b9ffb20c4dc68d4422db97b7da7b577970650e/data/1317_BHA_APxa-pNg4L5hYyFp3A_-23.98224028_-50.14631157.jpg,67.61,clear,2026-04-13T16:28:55
/home/alex/Desktop/school/comp-vis/dataset/datasets--everettshen--StreetView360AtoZ/snapshots/f0b9ffb20c4dc68d4422db97b7da7b577970650e/data/1651_IZwm8bPsgy5UYBIBF8sGqQ_64.90000539_21.06669825.jpg,32.45,clear,2026-04-13T16:29:01
/home/alex/Desktop/school/comp-vis/dataset/datasets--everettshen--StreetView360AtoZ/snapshots/f0b9ffb20c4dc68d4422db97b7da7b577970650e/data/795_jLzM4lrUjmxYaFfFsq_KHQ_35.67937090_-81.24355363.jpg,57.10,clear,2026-04-13T16:29:03
/home/alex/Desktop/school/comp-vis/dataset/datasets--everettshen--StreetView360AtoZ/snapshots/f0b9ffb20c4dc68d4422db97b7da7b577970650e/data/1892_4QvhziNmSVgZgXFRnsS0lA_15.29082977_-91.48383280.jpg,44.77,clear,2026-04-13T16:29:06
/home/alex/Desktop/school/comp-vis/dataset/datasets--everettshen--StreetView360AtoZ/snapshots/f0b9ffb20c4dc68d4422db97b7da7b577970650e/data/3402_hcOv5KXgFvLTrcMmSz7czw_51.39988414_12.04618518.jpg,42.37,clear,2026-04-13T16:29:08
/home/alex/Desktop/school/comp-vis/dataset/datasets--everettshen--StreetView360AtoZ/snapshots/f0b9ffb20c4dc68d4422db97b7da7b577970650e/data/1824_dogRSz0DNnoaqLV3qoST1w_53.32617356_-3.40191112.jpg,57.10,clear,2026-04-13T16:29:15
/home/alex/Desktop/school/comp-vis/dataset/datasets--everettshen--StreetView360AtoZ/snapshots/f0b9ffb20c4dc68d4422db97b7da7b577970650e/data/989__e5ELOVXCs5XI_W3kEQIJA_-22.78237514_-43.33739917.jpg,41.77,clear,2026-04-13T16:29:17
/home/alex/Desktop/school/comp-vis/dataset/datasets--everettshen--StreetView360AtoZ/snapshots/f0b9ffb20c4dc68d4422db97b7da7b577970650e/data/2976_nB-T1sRW92mhEPQTq3IDuw_37.74541118_-2.54905132.jpg,42.67,clear,2026-04-13T16:29:26
/home/alex/Desktop/school/comp-vis/dataset/datasets--everettshen--StreetView360AtoZ/snapshots/f0b9ffb20c4dc68d4422db97b7da7b577970650e/data/762_1Guc-tWr-Wad6oYl3PRt1A_63.04437171_28.94908134.jpg,36.06,clear,2026-04-13T16:29:29
/home/alex/Desktop/school/comp-vis/dataset/datasets--everettshen--StreetView360AtoZ/snapshots/f0b9ffb20c4dc68d4422db97b7da7b577970650e/data/696_I2VxDPOBtVIN2TJBzcrhHQ_15.05954017_-91.11332840.jpg,53.79,clear,2026-04-13T16:38:48
/home/alex/Desktop/school/comp-vis/dataset/datasets--everettshen--StreetView360AtoZ/snapshots/f0b9ffb20c4dc68d4422db97b7da7b577970650e/data/1615_mC0UafQaIzv1qCmYMccwaQ_40.86162248_-99.98636171.jpg,43.87,clear,2026-04-13T16:38:51
/home/alex/Desktop/school/comp-vis/dataset/datasets--everettshen--StreetView360AtoZ/snapshots/f0b9ffb20c4dc68d4422db97b7da7b577970650e/data/2501_Ujz94JY-Vf5T3mX15StzUg_41.66256507_2.77922147.jpg,54.99,clear,2026-04-13T16:38:52
/home/alex/Desktop/school/comp-vis/dataset/datasets--everettshen--StreetView360AtoZ/snapshots/f0b9ffb20c4dc68d4422db97b7da7b577970650e/data/2576_nrB5eL6uBdrXglEU0LXeAg_40.21454219_-84.35643957.jpg,22.54,clear,2026-04-13T16:38:54
/home/alex/Desktop/school/comp-vis/dataset/datasets--everettshen--StreetView360AtoZ/snapshots/f0b9ffb20c4dc68d4422db97b7da7b577970650e/data/2585_aND5mefNP8qat5ir588iCQ_51.33946820_21.99253856.jpg,45.68,clear,2026-04-13T16:38:56
/home/alex/Desktop/school/comp-vis/dataset/datasets--everettshen--StreetView360AtoZ/snapshots/f0b9ffb20c4dc68d4422db97b7da7b577970650e/data/251__VBKl4m6ZgG7QF4dWdWtig_47.44436993_6.84769475.jpg,38.76,clear,2026-04-13T16:38:58
/home/alex/Desktop/school/comp-vis/dataset/datasets--everettshen--StreetView360AtoZ/snapshots/f0b9ffb20c4dc68d4422db97b7da7b577970650e/data/892_REQCd42lQQT6lKIPqHkM7A_53.58159647_15.54152584.jpg,59.20,clear,2026-04-13T16:39:07
/home/alex/Desktop/school/comp-vis/dataset/datasets--everettshen--StreetView360AtoZ/snapshots/f0b9ffb20c4dc68d4422db97b7da7b577970650e/data/917_3ynWbcZyppuUprbkYLDYZQ_20.60134894_-103.78400555.jpg,69.42,clear,2026-04-13T16:39:08
/home/alex/Desktop/school/comp-vis/dataset/datasets--everettshen--StreetView360AtoZ/snapshots/f0b9ffb20c4dc68d4422db97b7da7b577970650e/data/2540_VCGhGtsoWSoNk3Of_nOUOQ_39.54304643_8.63334690.jpg,45.68,clear,2026-04-13T16:39:13
/home/alex/Desktop/school/comp-vis/dataset/datasets--everettshen--StreetView360AtoZ/snapshots/f0b9ffb20c4dc68d4422db97b7da7b577970650e/data/1893_P9kgFdvRjkMLaIDWkOXcKQ_38.68303533_-112.14894598.jpg,48.08,clear,2026-04-13T16:39:16
/home/alex/Desktop/school/comp-vis/dataset/datasets--everettshen--StreetView360AtoZ/snapshots/f0b9ffb20c4dc68d4422db97b7da7b577970650e/data/3288_rdhqnVKSRnTUD2sRpN3FRw_55.88096379_9.74757842.jpg,33.36,clear,2026-04-13T16:39:19
/home/alex/Desktop/school/comp-vis/dataset/datasets--everettshen--StreetView360AtoZ/snapshots/f0b9ffb20c4dc68d4422db97b7da7b577970650e/data/316_hdQdosmbs60sKWBiNU1O3w_60.36018037_6.62997027.jpg,41.17,clear,2026-04-13T16:39:21
/home/alex/Desktop/school/comp-vis/dataset/datasets--everettshen--StreetView360AtoZ/snapshots/f0b9ffb20c4dc68d4422db97b7da7b577970650e/data/1077_GuPYpk7fmw3Amp1zETRhIA_43.29234167_141.84510726.jpg,39.97,clear,2026-04-13T16:39:22
/home/alex/Desktop/school/comp-vis/dataset/datasets--everettshen--StreetView360AtoZ/snapshots/f0b9ffb20c4dc68d4422db97b7da7b577970650e/data/1086_ZwikUNFVkGg2cWjCSlPH0w_19.10942845_-98.18299057.jpg,48.08,clear,2026-04-13T16:39:27
/home/alex/Desktop/school/comp-vis/dataset/datasets--everettshen--StreetView360AtoZ/snapshots/f0b9ffb20c4dc68d4422db97b7da7b577970650e/data/539_RfVLDCPG1qybcXfyg819sQ_-7.94498168_114.41682488.jpg,75.13,clear,2026-04-13T16:39:31
/home/alex/Desktop/school/comp-vis/dataset/datasets--everettshen--StreetView360AtoZ/snapshots/f0b9ffb20c4dc68d4422db97b7da7b577970650e/data/693_U0k5jzi3F2jPRhvk8dLO5w_55.86645748_48.84981771.jpg,35.16,clear,2026-04-13T16:39:35
/home/alex/Desktop/school/comp-vis/dataset/datasets--everettshen--StreetView360AtoZ/snapshots/f0b9ffb20c4dc68d4422db97b7da7b577970650e/data/658_uZ4Ujr-7P9sp5md2is7V3w_33.27234831_-95.58449387.jpg,62.20,clear,2026-04-13T16:39:40
/home/alex/Desktop/school/comp-vis/dataset/datasets--everettshen--StreetView360AtoZ/snapshots/f0b9ffb20c4dc68d4422db97b7da7b577970650e/data/459_Ia-dvecAu0jgP18Y8g6JXw_33.04889636_-95.71256820.jpg,49.28,clear,2026-04-13T16:39:42
/home/alex/Desktop/school/comp-vis/dataset/datasets--everettshen--StreetView360AtoZ/snapshots/f0b9ffb20c4dc68d4422db97b7da7b577970650e/data/1541_0Mnh-uH3mZoL2Yd0MxK-4A_27.22530375_-80.25173977.jpg,40.87,clear,2026-04-13T16:39:48
/home/alex/Desktop/school/comp-vis/dataset/datasets--everettshen--StreetView360AtoZ/snapshots/f0b9ffb20c4dc68d4422db97b7da7b577970650e/data/2702_Rof9BZ5S37R4s-4AJCp5GA_34.25523190_136.46112789.jpg,50.78,clear,2026-04-13T16:39:52
/home/alex/Desktop/school/comp-vis/dataset/datasets--everettshen--StreetView360AtoZ/snapshots/f0b9ffb20c4dc68d4422db97b7da7b577970650e/data/731_L1H6MtcWhYoT9jem3gHJFA_42.26071002_3.10460779.jpg,40.87,clear,2026-04-13T16:39:53
/home/alex/Desktop/school/comp-vis/dataset/datasets--everettshen--StreetView360AtoZ/snapshots/f0b9ffb20c4dc68d4422db97b7da7b577970650e/data/2889_vFXixKcgwBCjloe_G8JZKQ_42.06713397_-79.96875879.jpg,53.49,clear,2026-04-13T16:39:56
/home/alex/Desktop/school/comp-vis/dataset/datasets--everettshen--StreetView360AtoZ/snapshots/f0b9ffb20c4dc68d4422db97b7da7b577970650e/data/154_vdd6hFbyRCdnRbiCzFbjIg_48.34601903_13.77263986.jpg,61.60,clear,2026-04-13T16:39:57
/home/alex/Desktop/school/comp-vis/dataset/datasets--everettshen--StreetView360AtoZ/snapshots/f0b9ffb20c4dc68d4422db97b7da7b577970650e/data/64_vEwy2UR8Tq_5EL48sirkbA_-26.20014974_-58.14963644.jpg,33.96,clear,2026-04-13T16:40:00
/home/alex/Desktop/school/comp-vis/dataset/datasets--everettshen--StreetView360AtoZ/snapshots/f0b9ffb20c4dc68d4422db97b7da7b577970650e/data/3084_pLwrYY3qGxoVEua0d8flmQ_42.04720955_-97.83408265.jpg,46.28,clear,2026-04-13T16:40:10
/home/alex/Desktop/school/comp-vis/dataset/datasets--everettshen--StreetView360AtoZ/snapshots/f0b9ffb20c4dc68d4422db97b7da7b577970650e/data/1399_nntI6sEW7EYLg3zdEehb0Q_41.40995436_1.77498020.jpg,46.28,clear,2026-04-13T16:40:16
/home/alex/Desktop/school/comp-vis/dataset/datasets--everettshen--StreetView360AtoZ/snapshots/f0b9ffb20c4dc68d4422db97b7da7b577970650e/data/485_qv28verzekhIt1HiVIZMrQ_-34.71778788_138.64790083.jpg,50.78,clear,2026-04-13T16:40:18
/home/alex/Desktop/school/comp-vis/dataset/datasets--everettshen--StreetView360AtoZ/snapshots/f0b9ffb20c4dc68d4422db97b7da7b577970650e/data/485_qv28verzekhIt1HiVIZMrQ_-34.71778788_138.64790083.jpg,51.09,clear,2026-04-13T16:40:22
/home/alex/Desktop/school/comp-vis/dataset/datasets--everettshen--StreetView360AtoZ/snapshots/f0b9ffb20c4dc68d4422db97b7da7b577970650e/data/1279_g9siU_Zv9lOg3Fu1DlFb1Q_36.81620809_-76.38853314.jpg,45.08,clear,2026-04-13T16:40:26
/home/alex/Desktop/school/comp-vis/dataset/datasets--everettshen--StreetView360AtoZ/snapshots/f0b9ffb20c4dc68d4422db97b7da7b577970650e/data/1964_veWJgg6aNTiMbSVezdNedA_20.21095003_-100.89067989.jpg,45.08,clear,2026-04-13T16:40:27
/home/alex/Desktop/school/comp-vis/dataset/datasets--everettshen--StreetView360AtoZ/snapshots/f0b9ffb20c4dc68d4422db97b7da7b577970650e/data/520_yED5HOtv2i4fnWtIUHyzBQ_15.13351579_75.55497909.jpg,53.49,clear,2026-04-13T16:40:29
/home/alex/Desktop/school/comp-vis/dataset/datasets--everettshen--StreetView360AtoZ/snapshots/f0b9ffb20c4dc68d4422db97b7da7b577970650e/data/2894_ke1GtfWHy7RG1F48ryHUGA_26.23626984_84.30620141.jpg,53.19,clear,2026-04-13T16:40:32
/home/alex/Desktop/school/comp-vis/dataset/datasets--everettshen--StreetView360AtoZ/snapshots/f0b9ffb20c4dc68d4422db97b7da7b577970650e/data/1501_cSwyr3EefHzS2rmLXMKc1Q_33.57793889_-102.37870771.jpg,43.27,clear,2026-04-13T16:40:37
/home/alex/Desktop/school/comp-vis/dataset/datasets--everettshen--StreetView360AtoZ/snapshots/f0b9ffb20c4dc68d4422db97b7da7b577970650e/data/524_dFTo8l_2rxobU1ujtIy4rg_43.37066165_-121.06406153.jpg,62.80,clear,2026-04-13T16:40:38
/home/alex/Desktop/school/comp-vis/dataset/datasets--everettshen--StreetView360AtoZ/snapshots/f0b9ffb20c4dc68d4422db97b7da7b577970650e/data/3445_4CC5FOOj7CWHhmAAo9QMyQ_45.17620446_0.72672049.jpg,27.35,clear,2026-04-13T16:40:47
/home/alex/Desktop/school/comp-vis/dataset/datasets--everettshen--StreetView360AtoZ/snapshots/f0b9ffb20c4dc68d4422db97b7da7b577970650e/data/2324_SxjNj2AM_2X7wcdSH4wsCQ_-32.09998678_-67.93342221.jpg,26.44,clear,2026-04-13T16:40:48
/home/alex/Desktop/school/comp-vis/dataset/datasets--everettshen--StreetView360AtoZ/snapshots/f0b9ffb20c4dc68d4422db97b7da7b577970650e/data/1373_V0uMvu3CWnnNOCEu0fUv5A_18.62968362_-98.89699027.jpg,62.80,clear,2026-04-13T16:40:50
/home/alex/Desktop/school/comp-vis/dataset/datasets--everettshen--StreetView360AtoZ/snapshots/f0b9ffb20c4dc68d4422db97b7da7b577970650e/data/1319_1BEreTC8dwCOBWdMXm9VOw_34.04413521_-78.99319238.jpg,45.98,clear,2026-04-13T16:40:53
/home/alex/Desktop/school/comp-vis/dataset/datasets--everettshen--StreetView360AtoZ/snapshots/f0b9ffb20c4dc68d4422db97b7da7b577970650e/data/120_zElMGChc4e7Utn2wTGbM3A_37.42997591_24.94454052.jpg,43.27,clear,2026-04-13T16:40:57
/home/alex/Desktop/school/comp-vis/dataset/datasets--everettshen--StreetView360AtoZ/snapshots/f0b9ffb20c4dc68d4422db97b7da7b577970650e/data/1708_w0WmbJoJn6hcLFdLXLIpog_49.94097678_36.33167499.jpg,62.80,clear,2026-04-13T16:41:03
/home/alex/Desktop/school/comp-vis/dataset/datasets--everettshen--StreetView360AtoZ/snapshots/f0b9ffb20c4dc68d4422db97b7da7b577970650e/data/850_SJvLo1hRoY6adSF0dUBn7Q_42.34962421_-97.79167258.jpg,46.88,clear,2026-04-13T16:41:05
/home/alex/Desktop/school/comp-vis/dataset/datasets--everettshen--StreetView360AtoZ/snapshots/f0b9ffb20c4dc68d4422db97b7da7b577970650e/data/304_h82BmQF8xBVU9Fjqz5gVsg_38.92005119_-81.09320735.jpg,44.77,clear,2026-04-13T16:41:09
/home/alex/Desktop/school/comp-vis/dataset/datasets--everettshen--StreetView360AtoZ/snapshots/f0b9ffb20c4dc68d4422db97b7da7b577970650e/data/68_vVQwQU4jlisXip9PWsWIYQ_35.28233044_-91.36547832.jpg,32.15,clear,2026-04-13T16:41:15
/home/alex/Desktop/school/comp-vis/dataset/datasets--everettshen--StreetView360AtoZ/snapshots/f0b9ffb20c4dc68d4422db97b7da7b577970650e/data/1514_ziFX8e5CRbSzgk7Frl6J4Q_54.95359911_23.04768265.jpg,57.10,clear,2026-04-13T16:41:21
/home/alex/Desktop/school/comp-vis/dataset/datasets--everettshen--StreetView360AtoZ/snapshots/f0b9ffb20c4dc68d4422db97b7da7b577970650e/data/508_yLZeeNecFRLR3ufs761POA_46.21330363_6.98863284.jpg,44.47,clear,2026-04-13T16:41:23
/home/alex/Desktop/school/comp-vis/dataset/datasets--everettshen--StreetView360AtoZ/snapshots/f0b9ffb20c4dc68d4422db97b7da7b577970650e/data/2303_nhXAwcexWvn4awUuynoIew_45.44437804_-99.02935327.jpg,30.65,clear,2026-04-13T16:41:25
/home/alex/Desktop/school/comp-vis/dataset/datasets--everettshen--StreetView360AtoZ/snapshots/f0b9ffb20c4dc68d4422db97b7da7b577970650e/data/2606_eo1p_99Sk9Xiq5S2NJltIg_35.22395846_-114.02776921.jpg,65.21,clear,2026-04-13T16:41:27
/home/alex/Desktop/school/comp-vis/dataset/datasets--everettshen--StreetView360AtoZ/snapshots/f0b9ffb20c4dc68d4422db97b7da7b577970650e/data/316_eGTPvePyFCEmTZxU7M_AMQ_36.93635512_22.19161218.jpg,21.34,clear,2026-04-13T16:41:29
/home/alex/Desktop/school/comp-vis/dataset/datasets--everettshen--StreetView360AtoZ/snapshots/f0b9ffb20c4dc68d4422db97b7da7b577970650e/data/301_-WhES5igjtYIStX8f3j0kg_46.79476595_1.80470019.jpg,63.11,clear,2026-04-13T16:41:30
/home/alex/Desktop/school/comp-vis/dataset/datasets--everettshen--StreetView360AtoZ/snapshots/f0b9ffb20c4dc68d4422db97b7da7b577970650e/data/835_u_8GES-XVWRJcH9q29KvmA_36.50062533_-4.71293550.jpg,58.30,clear,2026-04-13T16:41:33
/home/alex/Desktop/school/comp-vis/dataset/datasets--everettshen--StreetView360AtoZ/snapshots/f0b9ffb20c4dc68d4422db97b7da7b577970650e/data/1218_iyKUlMqtOmWDT4pCIJu1QA_42.72425052_-73.70669767.jpg,54.99,clear,2026-04-13T16:41:48
/home/alex/Desktop/school/comp-vis/dataset/datasets--everettshen--StreetView360AtoZ/snapshots/f0b9ffb20c4dc68d4422db97b7da7b577970650e/data/1632_7Lxg61g-crvkX4UYh1R61Q_16.52678967_104.70167625.jpg,24.64,clear,2026-04-13T16:41:51
/home/alex/Desktop/school/comp-vis/dataset/datasets--everettshen--StreetView360AtoZ/snapshots/f0b9ffb20c4dc68d4422db97b7da7b577970650e/data/1733_beNF6oau0x23z3EmC3EHmw_-33.38426710_18.89948268.jpg,41.47,clear,2026-04-13T16:41:52
/home/alex/Desktop/school/comp-vis/dataset/datasets--everettshen--StreetView360AtoZ/snapshots/f0b9ffb20c4dc68d4422db97b7da7b577970650e/data/2213_xdGrHBrNsOyxvO1YDOZwow_39.90115362_-4.29753102.jpg,27.65,clear,2026-04-13T16:41:57
/home/alex/Desktop/school/comp-vis/dataset/datasets--everettshen--StreetView360AtoZ/snapshots/f0b9ffb20c4dc68d4422db97b7da7b577970650e/data/2012_sT_kO9rCrRF7wr7FKcAqKQ_40.58005196_29.47638909.jpg,39.07,clear,2026-04-13T16:41:58
/home/alex/Desktop/school/comp-vis/dataset/datasets--everettshen--StreetView360AtoZ/snapshots/f0b9ffb20c4dc68d4422db97b7da7b577970650e/data/1144_PEIzJC7e5lUDWa5aKt9p6g_41.57545690_12.78012069.jpg,50.18,clear,2026-04-13T16:41:59
/home/alex/Desktop/school/comp-vis/dataset/datasets--everettshen--StreetView360AtoZ/snapshots/f0b9ffb20c4dc68d4422db97b7da7b577970650e/data/144_1N9IJ7I5EwqhYrOc_pEJTA_57.06488136_8.77542773.jpg,33.66,clear,2026-04-13T16:42:03
/home/alex/Desktop/school/comp-vis/dataset/datasets--everettshen--StreetView360AtoZ/snapshots/f0b9ffb20c4dc68d4422db97b7da7b577970650e/data/460_WezX4haZKT4zCvvK00fZkw_45.90036030_-74.13200378.jpg,49.58,clear,2026-04-13T16:42:05
/home/alex/Desktop/school/comp-vis/dataset/datasets--everettshen--StreetView360AtoZ/snapshots/f0b9ffb20c4dc68d4422db97b7da7b577970650e/data/1617_wHOnsHNTFyC3C2b_zjvFcw_45.84977394_27.76678580.jpg,61.90,clear,2026-04-13T16:42:09
/home/alex/Desktop/school/comp-vis/dataset/datasets--everettshen--StreetView360AtoZ/snapshots/f0b9ffb20c4dc68d4422db97b7da7b577970650e/data/102_NBW4pKuCwLnXiou23SetAw_43.88628461_-75.44721170.jpg,33.06,clear,2026-04-13T16:42:15
/home/alex/Desktop/school/comp-vis/dataset/datasets--everettshen--StreetView360AtoZ/snapshots/f0b9ffb20c4dc68d4422db97b7da7b577970650e/data/801_QANVbpS4Kr9Ks0Rtd2S15A_37.12768217_138.06057985.jpg,45.68,clear,2026-04-13T16:42:20
/home/alex/Desktop/school/comp-vis/dataset/datasets--everettshen--StreetView360AtoZ/snapshots/f0b9ffb20c4dc68d4422db97b7da7b577970650e/data/1867_N4CpqQ1b85n8aSSystHMLA_15.02327296_-91.23805389.jpg,54.39,clear,2026-04-13T16:42:25
/home/alex/Desktop/school/comp-vis/dataset/datasets--everettshen--StreetView360AtoZ/snapshots/f0b9ffb20c4dc68d4422db97b7da7b577970650e/data/2140_8U2yRwlW2F27ZvHStcHlCg_43.09390672_-79.07515577.jpg,51.99,clear,2026-04-13T16:42:30
/home/alex/Desktop/school/comp-vis/dataset/datasets--everettshen--StreetView360AtoZ/snapshots/f0b9ffb20c4dc68d4422db97b7da7b577970650e/data/2140_8U2yRwlW2F27ZvHStcHlCg_43.09390672_-79.07515577.jpg,50.48,clear,2026-04-13T16:42:39
/home/alex/Desktop/school/comp-vis/dataset/datasets--everettshen--StreetView360AtoZ/snapshots/f0b9ffb20c4dc68d4422db97b7da7b577970650e/data/727_4q4rpW2NrXMZblZw0HFt2Q_39.09752698_-84.65823426.jpg,34.86,clear,2026-04-13T16:42:41
/home/alex/Desktop/school/comp-vis/dataset/datasets--everettshen--StreetView360AtoZ/snapshots/f0b9ffb20c4dc68d4422db97b7da7b577970650e/data/2482_mC6a28hLouVcG4NbHx9bRQ_-32.38782006_150.68931915.jpg,42.67,clear,2026-04-13T16:42:42
/home/alex/Desktop/school/comp-vis/dataset/datasets--everettshen--StreetView360AtoZ/snapshots/f0b9ffb20c4dc68d4422db97b7da7b577970650e/data/1205_ozM80sTxFcJZOLar91n8wg_-36.82818346_174.79026805.jpg,23.74,clear,2026-04-13T16:42:46
/home/alex/Desktop/school/comp-vis/dataset/datasets--everettshen--StreetView360AtoZ/snapshots/f0b9ffb20c4dc68d4422db97b7da7b577970650e/data/572_b9ZqizyQodyDCZxEBlw_9Q_35.67910269_128.33782114.jpg,37.86,clear,2026-04-13T16:43:06
/home/alex/Desktop/school/comp-vis/dataset/datasets--everettshen--StreetView360AtoZ/snapshots/f0b9ffb20c4dc68d4422db97b7da7b577970650e/data/1756_4hWT6Wrk_2NRNSJXsiEWSg_6.55223620_101.34482036.jpg,74.52,clear,2026-04-13T16:43:11
/home/alex/Desktop/school/comp-vis/dataset/datasets--everettshen--StreetView360AtoZ/snapshots/f0b9ffb20c4dc68d4422db97b7da7b577970650e/data/2096_uE8VrSNVqGxRw2Buu1K5HA_37.69011648_-96.78383201.jpg,30.65,clear,2026-04-13T16:43:13
/home/alex/Desktop/school/comp-vis/dataset/datasets--everettshen--StreetView360AtoZ/snapshots/f0b9ffb20c4dc68d4422db97b7da7b577970650e/data/349_rS1823JzBYS1vmfSHC2WjQ_10.53442101_122.51727276.jpg,60.10,clear,2026-04-13T16:43:14
/home/alex/Desktop/school/comp-vis/dataset/datasets--everettshen--StreetView360AtoZ/snapshots/f0b9ffb20c4dc68d4422db97b7da7b577970650e/data/661_eDSlIJNI6jaSQC2La1tKhw_-31.00880285_-62.66746089.jpg,30.65,clear,2026-04-13T16:43:17
/home/alex/Desktop/school/comp-vis/dataset/datasets--everettshen--StreetView360AtoZ/snapshots/f0b9ffb20c4dc68d4422db97b7da7b577970650e/data/2101_9codcCKn6ojXfavVs1GGlA_60.55224501_14.35193951.jpg,13.52,clear,2026-04-13T16:43:21
/home/alex/Desktop/school/comp-vis/dataset/datasets--everettshen--StreetView360AtoZ/snapshots/f0b9ffb20c4dc68d4422db97b7da7b577970650e/data/1460_2TK_ufASogg21JZ0pf50UA_10.48235979_8.59614559.jpg,60.10,clear,2026-04-13T16:43:29
/home/alex/Desktop/school/comp-vis/dataset/datasets--everettshen--StreetView360AtoZ/snapshots/f0b9ffb20c4dc68d4422db97b7da7b577970650e/data/429_TypExoB5v70NpJI6svGP2Q_-28.96119150_153.46304837.jpg,35.16,clear,2026-04-13T16:43:36
/home/alex/Desktop/school/comp-vis/dataset/datasets--everettshen--StreetView360AtoZ/snapshots/f0b9ffb20c4dc68d4422db97b7da7b577970650e/data/889_ggEvJGEkAENbXekwcACvZw_55.75514743_-6.45273945.jpg,49.28,clear,2026-04-13T16:43:39
/home/alex/Desktop/school/comp-vis/dataset/datasets--everettshen--StreetView360AtoZ/snapshots/f0b9ffb20c4dc68d4422db97b7da7b577970650e/data/3070_o1CSbob0jmLm5f7qMz0kBQ_10.99047184_104.78450283.jpg,68.81,clear,2026-04-13T16:43:45
/home/alex/Desktop/school/comp-vis/dataset/datasets--everettshen--StreetView360AtoZ/snapshots/f0b9ffb20c4dc68d4422db97b7da7b577970650e/data/166_FpXmLnbiOHd7ue_EkPpjOw_47.88258896_-100.24193680.jpg,64.61,clear,2026-04-13T16:43:54
/home/alex/Desktop/school/comp-vis/dataset/datasets--everettshen--StreetView360AtoZ/snapshots/f0b9ffb20c4dc68d4422db97b7da7b577970650e/data/578_DItThUThq_IgTtBXoj9u2g_45.86890103_15.51924305.jpg,23.14,clear,2026-04-13T16:43:58
/home/alex/Desktop/school/comp-vis/dataset/datasets--everettshen--StreetView360AtoZ/snapshots/f0b9ffb20c4dc68d4422db97b7da7b577970650e/data/1952_NUoOzD-V3ZnmKjyGL2fqpQ_-33.04437265_138.61804844.jpg,35.16,clear,2026-04-13T16:43:59
/home/alex/Desktop/school/comp-vis/dataset/datasets--everettshen--StreetView360AtoZ/snapshots/f0b9ffb20c4dc68d4422db97b7da7b577970650e/data/1846_z91pbSt9Yq6POjthzcD5Gw_41.65043154_23.83325520.jpg,46.88,clear,2026-04-13T16:44:01
/home/alex/Desktop/school/comp-vis/dataset/datasets--everettshen--StreetView360AtoZ/snapshots/f0b9ffb20c4dc68d4422db97b7da7b577970650e/data/1783_aMFHS6kWzdHlhqroLFqWtw_1.31422285_103.93638175.jpg,56.49,clear,2026-04-13T16:44:06
/home/alex/Desktop/school/comp-vis/dataset/datasets--everettshen--StreetView360AtoZ/snapshots/f0b9ffb20c4dc68d4422db97b7da7b577970650e/data/1445_k90J5Uek7gN_bm4Z5Wifvw_-17.39956920_-63.83342178.jpg,18.03,clear,2026-04-13T16:44:13
/home/alex/Desktop/school/comp-vis/dataset/datasets--everettshen--StreetView360AtoZ/snapshots/f0b9ffb20c4dc68d4422db97b7da7b577970650e/data/1610_fv-ZuzwYM0ZYtmZgTmIkWQ_42.67169757_-5.18277738.jpg,31.55,clear,2026-04-13T16:44:22
/home/alex/Desktop/school/comp-vis/dataset/datasets--everettshen--StreetView360AtoZ/snapshots/f0b9ffb20c4dc68d4422db97b7da7b577970650e/data/154_QvoFeSg_NvKoR7j6FfMsvQ_33.55185095_133.46108244.jpg,18.93,clear,2026-04-13T16:44:24
/home/alex/Desktop/school/comp-vis/dataset/datasets--everettshen--StreetView360AtoZ/snapshots/f0b9ffb20c4dc68d4422db97b7da7b577970650e/data/2960_PHy-KV57PZD027GJ8LOoKQ_45.26274280_-94.12427694.jpg,47.48,clear,2026-04-13T16:44:26
/home/alex/Desktop/school/comp-vis/dataset/datasets--everettshen--StreetView360AtoZ/snapshots/f0b9ffb20c4dc68d4422db97b7da7b577970650e/data/1665_53-PEcxKRL4hmXXcH-YaaA_-32.85293480_-68.82842110.jpg,48.68,clear,2026-04-13T16:44:29
/home/alex/Desktop/school/comp-vis/dataset/datasets--everettshen--StreetView360AtoZ/snapshots/f0b9ffb20c4dc68d4422db97b7da7b577970650e/data/1915_43BtSqKwVX4PJ-RF50owAg_7.30904308_124.78124675.jpg,78.13,clear,2026-04-13T16:44:31
/home/alex/Desktop/school/comp-vis/dataset/datasets--everettshen--StreetView360AtoZ/snapshots/f0b9ffb20c4dc68d4422db97b7da7b577970650e/data/3276_RTbTeexGRT9QZdcSSXCM4g_66.71354291_13.28715227.jpg,27.05,clear,2026-04-13T16:44:34
/home/alex/Desktop/school/comp-vis/dataset/datasets--everettshen--StreetView360AtoZ/snapshots/f0b9ffb20c4dc68d4422db97b7da7b577970650e/data/219_-GhwJxt9A910t0VikFpv-g_48.81121151_12.86623940.jpg,45.98,clear,2026-04-13T16:44:36
/home/alex/Desktop/school/comp-vis/dataset/datasets--everettshen--StreetView360AtoZ/snapshots/f0b9ffb20c4dc68d4422db97b7da7b577970650e/data/102_ZFS06zbYaHoA1sHNjjBJ9g_19.04894243_-99.31674502.jpg,61.30,clear,2026-04-13T16:44:40
/home/alex/Desktop/school/comp-vis/dataset/datasets--everettshen--StreetView360AtoZ/snapshots/f0b9ffb20c4dc68d4422db97b7da7b577970650e/data/904_hft4cNP9zeX9lLFQ50Kfsw_46.24690309_15.62998341.jpg,34.86,clear,2026-04-13T16:44:43
/home/alex/Desktop/school/comp-vis/dataset/datasets--everettshen--StreetView360AtoZ/snapshots/f0b9ffb20c4dc68d4422db97b7da7b577970650e/data/379_-uxOW5cE6m7XKMJhbscBwg_-32.07717924_133.48403288.jpg,25.24,clear,2026-04-13T16:44:44
/home/alex/Desktop/school/comp-vis/dataset/datasets--everettshen--StreetView360AtoZ/snapshots/f0b9ffb20c4dc68d4422db97b7da7b577970650e/data/754_t6t70NdqRytiiatCw_ZObA_34.23348353_-80.10677794.jpg,34.56,clear,2026-04-13T16:44:52
/home/alex/Desktop/school/comp-vis/dataset/datasets--everettshen--StreetView360AtoZ/snapshots/f0b9ffb20c4dc68d4422db97b7da7b577970650e/data/258_Y695SnkSJcJUlDoiRt4mcg_55.14778728_60.15131058.jpg,45.08,clear,2026-04-13T16:44:53
/home/alex/Desktop/school/comp-vis/dataset/datasets--everettshen--StreetView360AtoZ/snapshots/f0b9ffb20c4dc68d4422db97b7da7b577970650e/data/515_d5nVPjEJQZ6NYFdvro6CMg_41.37171205_-82.49364380.jpg,40.57,clear,2026-04-13T16:44:54
/home/alex/Desktop/school/comp-vis/dataset/datasets--everettshen--StreetView360AtoZ/snapshots/f0b9ffb20c4dc68d4422db97b7da7b577970650e/data/1935_dnHKbmeLIAIbv6M0cZDprw_33.10020316_139.78312759.jpg,70.02,clear,2026-04-13T16:44:59
/home/alex/Desktop/school/comp-vis/dataset/datasets--everettshen--StreetView360AtoZ/snapshots/f0b9ffb20c4dc68d4422db97b7da7b577970650e/data/3305_K8zqKplJWR1oyXgsOuq2IA_36.73590150_138.97714226.jpg,63.11,clear,2026-04-13T16:45:01
/home/alex/Desktop/school/comp-vis/dataset/datasets--everettshen--StreetView360AtoZ/snapshots/f0b9ffb20c4dc68d4422db97b7da7b577970650e/data/225_nugRq9uMDZQFb7BHQa7jRg_-2.89726518_119.85371950.jpg,54.09,clear,2026-04-13T16:45:03
/home/alex/Desktop/school/comp-vis/dataset/datasets--everettshen--StreetView360AtoZ/snapshots/f0b9ffb20c4dc68d4422db97b7da7b577970650e/data/3159_gOPgltGeZzwhGyyadkr1kg_37.06790036_-96.01475601.jpg,34.26,clear,2026-04-13T16:45:06
/home/alex/Desktop/school/comp-vis/dataset/datasets--everettshen--StreetView360AtoZ/snapshots/f0b9ffb20c4dc68d4422db97b7da7b577970650e/data/1047_ECe1nVVuHbxQvb7KThRdBw_49.89636705_28.59743335.jpg,40.27,clear,2026-04-13T16:45:08
/home/alex/Desktop/school/comp-vis/dataset/datasets--everettshen--StreetView360AtoZ/snapshots/f0b9ffb20c4dc68d4422db97b7da7b577970650e/data/3152_izI-4LGv9Dho2JNG6rEvEg_46.21951975_-66.61238349.jpg,15.93,clear,2026-04-13T16:45:10
/home/alex/Desktop/school/comp-vis/dataset/datasets--everettshen--StreetView360AtoZ/snapshots/f0b9ffb20c4dc68d4422db97b7da7b577970650e/data/2509_Af_sFjp_Ah2WJO4q2-AAIQ_33.99940910_-117.04796300.jpg,41.47,clear,2026-04-13T16:45:17
/home/alex/Desktop/school/comp-vis/dataset/datasets--everettshen--StreetView360AtoZ/snapshots/f0b9ffb20c4dc68d4422db97b7da7b577970650e/data/2670_c22ZLSFWS61Jtqjch7pyPw_13.67225788_103.71699336.jpg,20.13,clear,2026-04-13T16:45:20
/home/alex/Desktop/school/comp-vis/dataset/datasets--everettshen--StreetView360AtoZ/snapshots/f0b9ffb20c4dc68d4422db97b7da7b577970650e/data/1137_2D4TduEj48YwtKbhBIRyMA_44.75296952_-92.97323247.jpg,24.04,clear,2026-04-13T16:45:28
/home/alex/Desktop/school/comp-vis/dataset/datasets--everettshen--StreetView360AtoZ/snapshots/f0b9ffb20c4dc68d4422db97b7da7b577970650e/data/2788_Ocpw789cOo7Vf5gGsA3gRg_68.09664089_16.37523153.jpg,43.87,clear,2026-04-13T16:45:41
/home/alex/Desktop/school/comp-vis/dataset/datasets--everettshen--StreetView360AtoZ/snapshots/f0b9ffb20c4dc68d4422db97b7da7b577970650e/data/1718_l1oqwb47KJmKhXjYVBXOWw_37.81929495_128.63265870.jpg,37.26,clear,2026-04-13T16:45:43
/home/alex/Desktop/school/comp-vis/dataset/datasets--everettshen--StreetView360AtoZ/snapshots/f0b9ffb20c4dc68d4422db97b7da7b577970650e/data/2176_7h_N1Qso8C-l4JVxGMN35A_-3.58392597_-59.13120111.jpg,53.19,clear,2026-04-13T16:45:45
/home/alex/Desktop/school/comp-vis/dataset/datasets--everettshen--StreetView360AtoZ/snapshots/f0b9ffb20c4dc68d4422db97b7da7b577970650e/data/328_MxcmYo4rxG1H8ggXkI2WBA_39.76688205_-99.03160598.jpg,66.71,clear,2026-04-13T16:45:54
/home/alex/Desktop/school/comp-vis/dataset/datasets--everettshen--StreetView360AtoZ/snapshots/f0b9ffb20c4dc68d4422db97b7da7b577970650e/data/1124_CsmOnE8AIyEiUP-p-nc44g_0.62615445_34.57959885.jpg,58.90,clear,2026-04-13T16:46:03
/home/alex/Desktop/school/comp-vis/dataset/datasets--everettshen--StreetView360AtoZ/snapshots/f0b9ffb20c4dc68d4422db97b7da7b577970650e/data/1035_BDsCHVrBs-mrW3hti7y-eg_59.26104561_10.41588957.jpg,36.66,clear,2026-04-13T16:46:10
/home/alex/Desktop/school/comp-vis/dataset/datasets--everettshen--StreetView360AtoZ/snapshots/f0b9ffb20c4dc68d4422db97b7da7b577970650e/data/384_TgAC-FYdpy8F8X3dHRAQxQ_51.20196898_19.51354357.jpg,57.10,clear,2026-04-13T16:46:11
/home/alex/Desktop/school/comp-vis/dataset/datasets--everettshen--StreetView360AtoZ/snapshots/f0b9ffb20c4dc68d4422db97b7da7b577970650e/data/107_j9lXPLClUMSL25a2VQigmg_57.93023872_56.23611256.jpg,44.47,clear,2026-04-13T16:46:17
/home/alex/Desktop/school/comp-vis/dataset/datasets--everettshen--StreetView360AtoZ/snapshots/f0b9ffb20c4dc68d4422db97b7da7b577970650e/data/652_Pn73EXSu63Tx85iOWRbmuw_17.85165509_104.22979530.jpg,51.09,clear,2026-04-13T16:46:19
/home/alex/Desktop/school/comp-vis/dataset/datasets--everettshen--StreetView360AtoZ/snapshots/f0b9ffb20c4dc68d4422db97b7da7b577970650e/data/646_C2cKCWZjshhuD76TUAOf3Q_29.79799186_-98.71461580.jpg,36.66,clear,2026-04-13T16:46:21
/home/alex/Desktop/school/comp-vis/dataset/datasets--everettshen--StreetView360AtoZ/snapshots/f0b9ffb20c4dc68d4422db97b7da7b577970650e/data/562_1XVIQ-AlCw62_1LnuRQnzA_50.07033119_14.99011716.jpg,61.30,clear,2026-04-13T16:46:22
/home/alex/Desktop/school/comp-vis/dataset/datasets--everettshen--StreetView360AtoZ/snapshots/f0b9ffb20c4dc68d4422db97b7da7b577970650e/data/293_F21k4wUJiOEKyt-XLkdxAw_55.85417468_11.99886151.jpg,61.30,clear,2026-04-13T16:46:22
/home/alex/Desktop/school/comp-vis/dataset/datasets--everettshen--StreetView360AtoZ/snapshots/f0b9ffb20c4dc68d4422db97b7da7b577970650e/data/23_ZDSIhWcSHcYn7W504aKHkg_-32.06764236_-65.03024727.jpg,46.28,clear,2026-04-13T16:46:29
/home/alex/Desktop/school/comp-vis/dataset/datasets--everettshen--StreetView360AtoZ/snapshots/f0b9ffb20c4dc68d4422db97b7da7b577970650e/data/898_sYzJpf8qIxHzlWcv9Q_Vfg_42.39226782_-75.08538693.jpg,27.05,clear,2026-04-13T16:46:33
/home/alex/Desktop/school/comp-vis/dataset/datasets--everettshen--StreetView360AtoZ/snapshots/f0b9ffb20c4dc68d4422db97b7da7b577970650e/data/339_4IM42ajNO2NukRLF6Y0pYg_28.04991569_-14.34247582.jpg,22.84,clear,2026-04-13T16:46:37
/home/alex/Desktop/school/comp-vis/dataset/datasets--everettshen--StreetView360AtoZ/snapshots/f0b9ffb20c4dc68d4422db97b7da7b577970650e/data/3385_VPwEWWbJiwvqA85aB_lywA_44.02978919_22.90639169.jpg,52.59,clear,2026-04-13T16:46:46
/home/alex/Desktop/school/comp-vis/dataset/datasets--everettshen--StreetView360AtoZ/snapshots/f0b9ffb20c4dc68d4422db97b7da7b577970650e/data/743_j1vnqzfm_TQTEUVyQnI2Dg_39.97292867_-2.89827104.jpg,65.81,clear,2026-04-13T16:46:47
/home/alex/Desktop/school/comp-vis/dataset/datasets--everettshen--StreetView360AtoZ/snapshots/f0b9ffb20c4dc68d4422db97b7da7b577970650e/data/715_D6ox_nuBox7874Ae96F7pg_-27.60888000_-61.34493092.jpg,60.70,clear,2026-04-13T16:46:51
/home/alex/Desktop/school/comp-vis/dataset/datasets--everettshen--StreetView360AtoZ/snapshots/f0b9ffb20c4dc68d4422db97b7da7b577970650e/data/3134_QVXy4YgCCe5ut-H0wSu2Bg_38.07939443_-91.08630851.jpg,58.00,clear,2026-04-13T16:46:53
/home/alex/Desktop/school/comp-vis/dataset/datasets--everettshen--StreetView360AtoZ/snapshots/f0b9ffb20c4dc68d4422db97b7da7b577970650e/data/2233_3Sqi23R6bh6IF8_g8xnJ5w_10.14679142_78.79388853.jpg,39.07,clear,2026-04-13T16:46:54
/home/alex/Desktop/school/comp-vis/dataset/datasets--everettshen--StreetView360AtoZ/snapshots/f0b9ffb20c4dc68d4422db97b7da7b577970650e/data/3245_y0gSyDkGggmuFSAfqAOijA_-42.36286882_-73.58270502.jpg,43.27,clear,2026-04-13T16:46:56
/home/alex/Desktop/school/comp-vis/dataset/datasets--everettshen--StreetView360AtoZ/snapshots/f0b9ffb20c4dc68d4422db97b7da7b577970650e/data/715_-MjWDpsnaXYiCbYevMsQiA_53.51983597_11.07537585.jpg,49.28,clear,2026-04-13T16:47:02
/home/alex/Desktop/school/comp-vis/dataset/datasets--everettshen--StreetView360AtoZ/snapshots/f0b9ffb20c4dc68d4422db97b7da7b577970650e/data/1309_W8fY2HIQ5mK1xNXvb169PQ_45.12715875_1.58055964.jpg,55.89,clear,2026-04-13T16:47:04
/home/alex/Desktop/school/comp-vis/dataset/datasets--everettshen--StreetView360AtoZ/snapshots/f0b9ffb20c4dc68d4422db97b7da7b577970650e/data/1699_yqtjmv-jqMWw5esLk7laYg_36.48150206_-93.90600026.jpg,13.52,clear,2026-04-13T16:47:08
/home/alex/Desktop/school/comp-vis/dataset/datasets--everettshen--StreetView360AtoZ/snapshots/f0b9ffb20c4dc68d4422db97b7da7b577970650e/data/2443_6-dJRoMEEUcE14UOk3xhJw_-38.55674482_176.04477185.jpg,22.84,clear,2026-04-13T16:47:16
/home/alex/Desktop/school/comp-vis/dataset/datasets--everettshen--StreetView360AtoZ/snapshots/f0b9ffb20c4dc68d4422db97b7da7b577970650e/data/2816_9QV95EGUE8kBqJsRlBZLzw_42.02430436_-79.69587187.jpg,10.52,clear,2026-04-13T16:47:19
/home/alex/Desktop/school/comp-vis/dataset/datasets--everettshen--StreetView360AtoZ/snapshots/f0b9ffb20c4dc68d4422db97b7da7b577970650e/data/991_K5Y4lcMBZAGPgq51rnQHnw_32.71199503_-117.05035096.jpg,50.78,clear,2026-04-13T16:47:20
/home/alex/Desktop/school/comp-vis/dataset/datasets--everettshen--StreetView360AtoZ/snapshots/f0b9ffb20c4dc68d4422db97b7da7b577970650e/data/2066_unGEQTC63IoEBFLnMlSxDg_35.39781307_-97.53900798.jpg,21.94,clear,2026-04-13T16:47:23
/home/alex/Desktop/school/comp-vis/dataset/datasets--everettshen--StreetView360AtoZ/snapshots/f0b9ffb20c4dc68d4422db97b7da7b577970650e/data/2066_unGEQTC63IoEBFLnMlSxDg_35.39781307_-97.53900798.jpg,18.33,clear,2026-04-13T16:47:26
/home/alex/Desktop/school/comp-vis/dataset/datasets--everettshen--StreetView360AtoZ/snapshots/f0b9ffb20c4dc68d4422db97b7da7b577970650e/data/1716_l-OXN80gm3o4-diuuzXZBg_33.94759628_-78.22663633.jpg,37.86,clear,2026-04-13T16:47:29
/home/alex/Desktop/school/comp-vis/dataset/datasets--everettshen--StreetView360AtoZ/snapshots/f0b9ffb20c4dc68d4422db97b7da7b577970650e/data/1362_XAWdhGSdm9DTRgOjEO63rA_17.44650238_104.56819197.jpg,34.26,clear,2026-04-13T16:47:30
/home/alex/Desktop/school/comp-vis/dataset/datasets--everettshen--StreetView360AtoZ/snapshots/f0b9ffb20c4dc68d4422db97b7da7b577970650e/data/2922_24aUiQkJbO6HPi9gOG_lLw_56.23803275_23.96471187.jpg,44.47,clear,2026-04-13T16:47:33
/home/alex/Desktop/school/comp-vis/dataset/datasets--everettshen--StreetView360AtoZ/snapshots/f0b9ffb20c4dc68d4422db97b7da7b577970650e/data/257_n5Ojao2Erwcio2G2SGNnRw_22.74247497_-103.04470848.jpg,53.19,clear,2026-04-13T16:47:34
/home/alex/Desktop/school/comp-vis/dataset/datasets--everettshen--StreetView360AtoZ/snapshots/f0b9ffb20c4dc68d4422db97b7da7b577970650e/data/183_26Kzyv33SKK55306vgPzXw_35.71097097_128.32964252.jpg,32.75,clear,2026-04-13T16:47:38
/home/alex/Desktop/school/comp-vis/dataset/datasets--everettshen--StreetView360AtoZ/snapshots/f0b9ffb20c4dc68d4422db97b7da7b577970650e/data/690_3FbVT2QbovuxPPlL_vtDFQ_50.39969807_-122.70325264.jpg,47.18,clear,2026-04-13T16:47:41
/home/alex/Desktop/school/comp-vis/dataset/datasets--everettshen--StreetView360AtoZ/snapshots/f0b9ffb20c4dc68d4422db97b7da7b577970650e/data/529_Ymh4cdAOEMY_uF0yL5IZYQ_43.12874647_10.68143170.jpg,38.76,clear,2026-04-13T16:47:46
/home/alex/Desktop/school/comp-vis/dataset/datasets--everettshen--StreetView360AtoZ/snapshots/f0b9ffb20c4dc68d4422db97b7da7b577970650e/data/3090_KJkp31jl9R3FetgRxrwdIw_10.80664138_124.02964569.jpg,40.87,clear,2026-04-13T16:47:47
/home/alex/Desktop/school/comp-vis/dataset/datasets--everettshen--StreetView360AtoZ/snapshots/f0b9ffb20c4dc68d4422db97b7da7b577970650e/data/470_mI-l14Tqn_dna3AAHiWLyA_-23.74287746_-49.89010621.jpg,42.97,clear,2026-04-13T16:47:50
/home/alex/Desktop/school/comp-vis/dataset/datasets--everettshen--StreetView360AtoZ/snapshots/f0b9ffb20c4dc68d4422db97b7da7b577970650e/data/1000_pMgT1G9shhP7Dhpl2QXpgg_-17.29863170_-70.98817317.jpg,41.77,clear,2026-04-13T16:48:10
/home/alex/Desktop/school/comp-vis/dataset/datasets--everettshen--StreetView360AtoZ/snapshots/f0b9ffb20c4dc68d4422db97b7da7b577970650e/data/1054_UdVis1Vj6gdvd05WGmlebg_37.10055192_-92.56361595.jpg,39.97,clear,2026-04-13T16:48:11
/home/alex/Desktop/school/comp-vis/dataset/datasets--everettshen--StreetView360AtoZ/snapshots/f0b9ffb20c4dc68d4422db97b7da7b577970650e/data/520_SrvgS1B-5pg_vxhtO_4w1A_-31.10712403_-71.11191389.jpg,2.10,clear,2026-04-13T16:48:17
/home/alex/Desktop/school/comp-vis/dataset/datasets--everettshen--StreetView360AtoZ/snapshots/f0b9ffb20c4dc68d4422db97b7da7b577970650e/data/2242_U8YchDn6durXSLrpulUBMw_40.65429893_22.13662484.jpg,27.05,clear,2026-04-13T16:48:20
/home/alex/Desktop/school/comp-vis/dataset/datasets--everettshen--StreetView360AtoZ/snapshots/f0b9ffb20c4dc68d4422db97b7da7b577970650e/data/578_knp_Lmvz1Steijd8hWGkOA_51.41121277_20.59132769.jpg,42.97,clear,2026-04-13T16:48:23
/home/alex/Desktop/school/comp-vis/dataset/datasets--everettshen--StreetView360AtoZ/snapshots/f0b9ffb20c4dc68d4422db97b7da7b577970650e/data/873_7XKMUM0QdgyRpEL28_d2rA_40.06572920_-2.85412697.jpg,48.08,clear,2026-04-13T16:48:24
/home/alex/Desktop/school/comp-vis/dataset/datasets--everettshen--StreetView360AtoZ/snapshots/f0b9ffb20c4dc68d4422db97b7da7b577970650e/data/1778_Z4tnd5xyt_J1iECqYkB8ug_37.15126770_-119.50410085.jpg,21.94,clear,2026-04-13T16:48:28
/home/alex/Desktop/school/comp-vis/dataset/datasets--everettshen--StreetView360AtoZ/snapshots/f0b9ffb20c4dc68d4422db97b7da7b577970650e/data/1821_I6lwucMqUPcjdHsw500rGA_39.95222663_8.73408126.jpg,43.27,clear,2026-04-13T16:48:34
/home/alex/Desktop/school/comp-vis/dataset/datasets--everettshen--StreetView360AtoZ/snapshots/f0b9ffb20c4dc68d4422db97b7da7b577970650e/data/1267_wvXKWOg23cjcpIJ0XZsm3Q_36.62950770_-87.43391131.jpg,38.76,clear,2026-04-13T16:48:40
/home/alex/Desktop/school/comp-vis/dataset/datasets--everettshen--StreetView360AtoZ/snapshots/f0b9ffb20c4dc68d4422db97b7da7b577970650e/data/439_OVtDHF35EA8pC8V2X5rCRA_16.36741667_102.13863310.jpg,63.41,clear,2026-04-13T16:48:42
/home/alex/Desktop/school/comp-vis/dataset/datasets--everettshen--StreetView360AtoZ/snapshots/f0b9ffb20c4dc68d4422db97b7da7b577970650e/data/1052_m2BwFVjC-fobaLRA18Ea-w_15.02380932_120.67601272.jpg,80.83,clear,2026-04-13T16:48:53
/home/alex/Desktop/school/comp-vis/dataset/datasets--everettshen--StreetView360AtoZ/snapshots/f0b9ffb20c4dc68d4422db97b7da7b577970650e/data/2031_mI-l14Tqn_dna3AAHiWLyA_-23.74287746_-49.89010621.jpg,40.87,clear,2026-04-13T16:48:55
/home/alex/Desktop/school/comp-vis/dataset/datasets--everettshen--StreetView360AtoZ/snapshots/f0b9ffb20c4dc68d4422db97b7da7b577970650e/data/888_dRRd81me43BpM7jljYPScQ_19.26720020_73.17167430.jpg,33.36,clear,2026-04-13T16:49:02
/home/alex/Desktop/school/comp-vis/dataset/datasets--everettshen--StreetView360AtoZ/snapshots/f0b9ffb20c4dc68d4422db97b7da7b577970650e/data/832_5x0gDaFEddy58vU3SAOHUg_40.47594916_39.37053872.jpg,68.21,clear,2026-04-13T16:49:05
/home/alex/Desktop/school/comp-vis/dataset/datasets--everettshen--StreetView360AtoZ/snapshots/f0b9ffb20c4dc68d4422db97b7da7b577970650e/data/1308_GuMEwP2UxatTLkw2zYnZXw_26.79421242_84.59381475.jpg,54.69,clear,2026-04-13T16:49:11
/home/alex/Desktop/school/comp-vis/dataset/datasets--everettshen--StreetView360AtoZ/snapshots/f0b9ffb20c4dc68d4422db97b7da7b577970650e/data/538_ZAp0HBdMjjuc90Ds72VJVA_34.47231176_-87.28054099.jpg,36.06,clear,2026-04-13T16:49:13
/home/alex/Desktop/school/comp-vis/dataset/datasets--everettshen--StreetView360AtoZ/snapshots/f0b9ffb20c4dc68d4422db97b7da7b577970650e/data/2674_td31cEodSa4laX8nYdGApg_32.73293395_-80.25295146.jpg,33.06,clear,2026-04-13T16:49:14
/home/alex/Desktop/school/comp-vis/dataset/datasets--everettshen--StreetView360AtoZ/snapshots/f0b9ffb20c4dc68d4422db97b7da7b577970650e/data/375_Sb85NVCtJzpp2PmHYTaofQ_46.70931301_8.60375190.jpg,27.35,clear,2026-04-13T16:49:16
/home/alex/Desktop/school/comp-vis/dataset/datasets--everettshen--StreetView360AtoZ/snapshots/f0b9ffb20c4dc68d4422db97b7da7b577970650e/data/793_GBxDe0ovHTowC7cBIdDB1Q_47.49257831_11.10171759.jpg,50.48,clear,2026-04-13T16:49:18
/home/alex/Desktop/school/comp-vis/dataset/datasets--everettshen--StreetView360AtoZ/snapshots/f0b9ffb20c4dc68d4422db97b7da7b577970650e/data/2932_PZRuldlyqdQYu6E5wDkmZg_49.31036826_17.31258686.jpg,46.88,clear,2026-04-13T16:49:23
/home/alex/Desktop/school/comp-vis/dataset/datasets--everettshen--StreetView360AtoZ/snapshots/f0b9ffb20c4dc68d4422db97b7da7b577970650e/data/253_0SwghVi4M5MaaXLy9hqMCg_35.01650490_25.06630139.jpg,58.00,clear,2026-04-13T16:49:35
/home/alex/Desktop/school/comp-vis/dataset/datasets--everettshen--StreetView360AtoZ/snapshots/f0b9ffb20c4dc68d4422db97b7da7b577970650e/data/1616_zYGe5Kxqo3y7-M8-WxFA-g_36.80835279_31.36154703.jpg,15.33,clear,2026-04-13T16:49:41
/home/alex/Desktop/school/comp-vis/dataset/datasets--everettshen--StreetView360AtoZ/snapshots/f0b9ffb20c4dc68d4422db97b7da7b577970650e/data/1585_T9WRHpdZBOOCMvSdKv0Lmg_48.01149163_0.45585370.jpg,35.16,clear,2026-04-13T16:49:49
/home/alex/Desktop/school/comp-vis/dataset/datasets--everettshen--StreetView360AtoZ/snapshots/f0b9ffb20c4dc68d4422db97b7da7b577970650e/data/3222_wGFfa-ikoZ3dD3QVCEOZ2A_51.32789384_0.94696067.jpg,42.07,clear,2026-04-13T16:49:57
/home/alex/Desktop/school/comp-vis/dataset/datasets--everettshen--StreetView360AtoZ/snapshots/f0b9ffb20c4dc68d4422db97b7da7b577970650e/data/716_FZOjkbCe3__dJvR-vWBBSg_40.55324246_-7.19541076.jpg,48.98,clear,2026-04-13T16:50:00
/home/alex/Desktop/school/comp-vis/dataset/datasets--everettshen--StreetView360AtoZ/snapshots/f0b9ffb20c4dc68d4422db97b7da7b577970650e/data/94_TxWztVbt4Pe9rfXqUFc0ew_25.28044688_71.90216989.jpg,26.44,clear,2026-04-13T16:50:02
/home/alex/Desktop/school/comp-vis/dataset/datasets--everettshen--StreetView360AtoZ/snapshots/f0b9ffb20c4dc68d4422db97b7da7b577970650e/data/3179_O6B6FTkyT79X64AqIYbjFw_31.50428840_-90.79121590.jpg,68.21,clear,2026-04-13T16:50:04
/home/alex/Desktop/school/comp-vis/dataset/datasets--everettshen--StreetView360AtoZ/snapshots/f0b9ffb20c4dc68d4422db97b7da7b577970650e/data/1331_1sUFLvVAI3xqJne0NESYdw_-37.94883216_176.95024892.jpg,44.47,clear,2026-04-13T16:50:07
/home/alex/Desktop/school/comp-vis/dataset/datasets--everettshen--StreetView360AtoZ/snapshots/f0b9ffb20c4dc68d4422db97b7da7b577970650e/data/3103_Uzrwstq75mEzuHrvE19hEw_6.96128438_100.52935697.jpg,37.26,clear,2026-04-13T16:50:12
/home/alex/Desktop/school/comp-vis/dataset/datasets--everettshen--StreetView360AtoZ/snapshots/f0b9ffb20c4dc68d4422db97b7da7b577970650e/data/198_vCbsLV_i6eFFbhVpqFrIfQ_18.00726151_102.61019064.jpg,40.87,clear,2026-04-13T16:50:18
/home/alex/Desktop/school/comp-vis/dataset/datasets--everettshen--StreetView360AtoZ/snapshots/f0b9ffb20c4dc68d4422db97b7da7b577970650e/data/156_r8hQHU0crdS3btb6wfUqMg_6.52267811_101.66721358.jpg,40.87,clear,2026-04-13T16:50:36
/home/alex/Desktop/school/comp-vis/dataset/datasets--everettshen--StreetView360AtoZ/snapshots/f0b9ffb20c4dc68d4422db97b7da7b577970650e/data/1403_xVqBjLaHZ7W5azeEqyKf-w_39.11762372_22.04629366.jpg,40.87,clear,2026-04-13T16:50:37
/home/alex/Desktop/school/comp-vis/dataset/datasets--everettshen--StreetView360AtoZ/snapshots/f0b9ffb20c4dc68d4422db97b7da7b577970650e/data/10_OFEJE4rzF3lWKpA5iIYhbQ_50.40807181_6.30199330.jpg,36.06,clear,2026-04-13T16:50:39
/home/alex/Desktop/school/comp-vis/dataset/datasets--everettshen--StreetView360AtoZ/snapshots/f0b9ffb20c4dc68d4422db97b7da7b577970650e/data/208_3phWulaHTCxdhxsmZ1XpgQ_31.59918653_-106.24703887.jpg,29.75,clear,2026-04-13T16:50:40
/home/alex/Desktop/school/comp-vis/dataset/datasets--everettshen--StreetView360AtoZ/snapshots/f0b9ffb20c4dc68d4422db97b7da7b577970650e/data/1858_0xUqjfdRqkIJNxfvTisHTg_47.14967076_18.18350172.jpg,29.75,clear,2026-04-13T16:50:40
/home/alex/Desktop/school/comp-vis/dataset/datasets--everettshen--StreetView360AtoZ/snapshots/f0b9ffb20c4dc68d4422db97b7da7b577970650e/data/1858_0xUqjfdRqkIJNxfvTisHTg_47.14967076_18.18350172.jpg,27.65,clear,2026-04-13T16:50:42
/home/alex/Desktop/school/comp-vis/dataset/datasets--everettshen--StreetView360AtoZ/snapshots/f0b9ffb20c4dc68d4422db97b7da7b577970650e/data/369_cHsW6jubrkcQVJPbKQsowQ_-27.07756770_-53.00344933.jpg,81.74,clear,2026-04-13T16:50:48
/home/alex/Desktop/school/comp-vis/dataset/datasets--everettshen--StreetView360AtoZ/snapshots/f0b9ffb20c4dc68d4422db97b7da7b577970650e/data/1886_EcQUsUj7ShQ_CDRWVX5BnA_31.06210983_130.67846082.jpg,25.54,clear,2026-04-13T16:50:52
/home/alex/Desktop/school/comp-vis/dataset/datasets--everettshen--StreetView360AtoZ/snapshots/f0b9ffb20c4dc68d4422db97b7da7b577970650e/data/176_qbT-lXLHLSO7tC7oUscvYA_33.27927499_-84.87944661.jpg,58.00,clear,2026-04-13T16:50:55
/home/alex/Desktop/school/comp-vis/dataset/datasets--everettshen--StreetView360AtoZ/snapshots/f0b9ffb20c4dc68d4422db97b7da7b577970650e/data/554_KMaXPPrzbwlMwYoGLb6IWQ_-30.93774506_-62.88970537.jpg,30.95,clear,2026-04-13T16:50:58
/home/alex/Desktop/school/comp-vis/dataset/datasets--everettshen--StreetView360AtoZ/snapshots/f0b9ffb20c4dc68d4422db97b7da7b577970650e/data/480_hHYGOTONBGwZmx3SvH7HsA_43.08292179_-70.70806431.jpg,34.56,clear,2026-04-13T16:51:00
/home/alex/Desktop/school/comp-vis/dataset/datasets--everettshen--StreetView360AtoZ/snapshots/f0b9ffb20c4dc68d4422db97b7da7b577970650e/data/584_cCoL5dbmJ1W85iowh-qm0Q_63.37880728_28.66231265.jpg,35.46,clear,2026-04-13T16:51:02
/home/alex/Desktop/school/comp-vis/dataset/datasets--everettshen--StreetView360AtoZ/snapshots/f0b9ffb20c4dc68d4422db97b7da7b577970650e/data/296_Pq0vTKxB7gfqjxPu3C-IPA_41.91275165_15.78954554.jpg,66.11,clear,2026-04-13T16:51:04
/home/alex/Desktop/school/comp-vis/dataset/datasets--everettshen--StreetView360AtoZ/snapshots/f0b9ffb20c4dc68d4422db97b7da7b577970650e/data/2895_OVcA16ktKFyL72uwkcePMg_30.18332427_-96.92903471.jpg,59.50,clear,2026-04-13T16:51:09
/home/alex/Desktop/school/comp-vis/dataset/datasets--everettshen--StreetView360AtoZ/snapshots/f0b9ffb20c4dc68d4422db97b7da7b577970650e/data/2895_OVcA16ktKFyL72uwkcePMg_30.18332427_-96.92903471.jpg,60.10,clear,2026-04-13T16:51:11
/home/alex/Desktop/school/comp-vis/dataset/datasets--everettshen--StreetView360AtoZ/snapshots/f0b9ffb20c4dc68d4422db97b7da7b577970650e/data/305_UOzAqRYwoJJXIOgHSHQzOw_-8.74378322_-63.83475811.jpg,42.07,clear,2026-04-13T16:51:19
/home/alex/Desktop/school/comp-vis/dataset/datasets--everettshen--StreetView360AtoZ/snapshots/f0b9ffb20c4dc68d4422db97b7da7b577970650e/data/19_L-cGc43fVfSoVqUmTCy2Cw_34.49551858_-117.22231115.jpg,30.95,clear,2026-04-13T16:51:23
/home/alex/Desktop/school/comp-vis/dataset/datasets--everettshen--StreetView360AtoZ/snapshots/f0b9ffb20c4dc68d4422db97b7da7b577970650e/data/1771_VWie2k1Hbg8oTFgcnOzsYg_22.49027073_79.57478335.jpg,42.07,clear,2026-04-13T16:53:52
/home/alex/Desktop/school/comp-vis/dataset/datasets--everettshen--StreetView360AtoZ/snapshots/f0b9ffb20c4dc68d4422db97b7da7b577970650e/data/3262_ysbtfvWYR8Q7snqvOA3Kqg_-7.86446807_111.49560172.jpg,70.32,clear,2026-04-13T16:54:02
/home/alex/Desktop/school/comp-vis/dataset/datasets--everettshen--StreetView360AtoZ/snapshots/f0b9ffb20c4dc68d4422db97b7da7b577970650e/data/1476_4YH9XeSmlHQr-2BftMAEAg_54.69052261_73.37379435.jpg,30.35,clear,2026-04-13T16:54:06
/home/alex/Desktop/school/comp-vis/dataset/datasets--everettshen--StreetView360AtoZ/snapshots/f0b9ffb20c4dc68d4422db97b7da7b577970650e/data/1438_FHH86UqZJDXFjxFOiNqLxw_-37.56339051_144.87619602.jpg,13.82,clear,2026-04-13T16:54:07
/home/alex/Desktop/school/comp-vis/dataset/datasets--everettshen--StreetView360AtoZ/snapshots/f0b9ffb20c4dc68d4422db97b7da7b577970650e/data/1133_u4VmGQ5GHHFqyMAFnBu0Fg_-3.93369339_-38.31172173.jpg,44.47,clear,2026-04-13T16:54:10
/home/alex/Desktop/school/comp-vis/dataset/datasets--everettshen--StreetView360AtoZ/snapshots/f0b9ffb20c4dc68d4422db97b7da7b577970650e/data/1713__bCJm4kSR1YN-cz-ryNd0A_52.20505651_11.06183457.jpg,45.98,clear,2026-04-13T16:54:12
/home/alex/Desktop/school/comp-vis/dataset/datasets--everettshen--StreetView360AtoZ/snapshots/f0b9ffb20c4dc68d4422db97b7da7b577970650e/data/46_IKK7Yfy1-yeH4Hp7Rcec9A_47.91584238_9.64350416.jpg,57.10,clear,2026-04-13T16:54:13
/home/alex/Desktop/school/comp-vis/dataset/datasets--everettshen--StreetView360AtoZ/snapshots/f0b9ffb20c4dc68d4422db97b7da7b577970650e/data/1102_LYSKeF46BW6ZaflOdfXtpw_42.47740489_26.52080324.jpg,42.97,clear,2026-04-13T16:54:15
/home/alex/Desktop/school/comp-vis/dataset/datasets--everettshen--StreetView360AtoZ/snapshots/f0b9ffb20c4dc68d4422db97b7da7b577970650e/data/915_dC3wi1yP2tKmbn5k2FKN4Q_39.14139923_-104.08152630.jpg,54.39,clear,2026-04-13T16:54:16
/home/alex/Desktop/school/comp-vis/dataset/datasets--everettshen--StreetView360AtoZ/snapshots/f0b9ffb20c4dc68d4422db97b7da7b577970650e/data/692_FZ8gtoDL5LP9sCV8Klftbw_65.30036842_21.41651468.jpg,15.93,clear,2026-04-13T16:54:18
/home/alex/Desktop/school/comp-vis/dataset/datasets--everettshen--StreetView360AtoZ/snapshots/f0b9ffb20c4dc68d4422db97b7da7b577970650e/data/540_OZ-HKLZUBBospGOHxNfGoQ_24.44080362_72.71819327.jpg,32.75,clear,2026-04-13T16:54:22
/home/alex/Desktop/school/comp-vis/dataset/datasets--everettshen--StreetView360AtoZ/snapshots/f0b9ffb20c4dc68d4422db97b7da7b577970650e/data/2153_XtXzrJnsLs1ncUJPKF_H2g_37.87158765_32.50509251.jpg,47.18,clear,2026-04-13T16:54:23
/home/alex/Desktop/school/comp-vis/dataset/datasets--everettshen--StreetView360AtoZ/snapshots/f0b9ffb20c4dc68d4422db97b7da7b577970650e/data/1061_tKFUKKdt3iHQuS_J344rjg_43.23607657_-79.80675292.jpg,42.37,clear,2026-04-13T16:54:28
/home/alex/Desktop/school/comp-vis/dataset/datasets--everettshen--StreetView360AtoZ/snapshots/f0b9ffb20c4dc68d4422db97b7da7b577970650e/data/1985_DAD1NHlrZFrkTirMK6pGeQ_-15.22664459_-59.33523551.jpg,42.07,clear,2026-04-13T16:54:36
/home/alex/Desktop/school/comp-vis/dataset/datasets--everettshen--StreetView360AtoZ/snapshots/f0b9ffb20c4dc68d4422db97b7da7b577970650e/data/1847_AAIIiy_UxHiJSBjFUWmZSA_44.18347547_25.76655437.jpg,59.50,clear,2026-04-13T16:54:39
/home/alex/Desktop/school/comp-vis/dataset/datasets--everettshen--StreetView360AtoZ/snapshots/f0b9ffb20c4dc68d4422db97b7da7b577970650e/data/159_306THtF0Fgge5PlWvg7VPw_48.92783346_20.75591745.jpg,60.40,clear,2026-04-13T16:54:47
/home/alex/Desktop/school/comp-vis/dataset/datasets--everettshen--StreetView360AtoZ/snapshots/f0b9ffb20c4dc68d4422db97b7da7b577970650e/data/223_R8hr_UPB97YqIO21Q5KwiA_52.27629462_9.05414092.jpg,52.89,clear,2026-04-13T16:54:48
/home/alex/Desktop/school/comp-vis/dataset/datasets--everettshen--StreetView360AtoZ/snapshots/f0b9ffb20c4dc68d4422db97b7da7b577970650e/data/741_UqZEoYRYDFC0-7PpDJjqGA_46.82603843_-100.77304028.jpg,33.06,clear,2026-04-13T16:54:49
/home/alex/Desktop/school/comp-vis/dataset/datasets--everettshen--StreetView360AtoZ/snapshots/f0b9ffb20c4dc68d4422db97b7da7b577970650e/data/528_cvu6ChD1-0RgClk2r264kA_-29.66303722_-51.11666499.jpg,61.60,clear,2026-04-13T16:54:54
/home/alex/Desktop/school/comp-vis/dataset/datasets--everettshen--StreetView360AtoZ/snapshots/f0b9ffb20c4dc68d4422db97b7da7b577970650e/data/3265_zO16q7w6UWtnH56yEQ4cWA_24.02451790_88.99271488.jpg,58.60,clear,2026-04-13T16:55:03
/home/alex/Desktop/school/comp-vis/dataset/datasets--everettshen--StreetView360AtoZ/snapshots/f0b9ffb20c4dc68d4422db97b7da7b577970650e/data/850_t_ZpuaHRl5WK3pnSRlYDug_45.40139941_10.90698552.jpg,23.14,clear,2026-04-13T16:55:05
/home/alex/Desktop/school/comp-vis/dataset/datasets--everettshen--StreetView360AtoZ/snapshots/f0b9ffb20c4dc68d4422db97b7da7b577970650e/data/1813_zCdhdtCOsMNg0SA5UZcG3g_43.16785276_-2.06550360.jpg,45.08,clear,2026-04-13T16:55:12
/home/alex/Desktop/school/comp-vis/dataset/datasets--everettshen--StreetView360AtoZ/snapshots/f0b9ffb20c4dc68d4422db97b7da7b577970650e/data/659_SXG77QRQP3wZn5t7c_sAbQ_42.51519789_-96.41001537.jpg,71.22,clear,2026-04-13T16:55:16
/home/alex/Desktop/school/comp-vis/dataset/datasets--everettshen--StreetView360AtoZ/snapshots/f0b9ffb20c4dc68d4422db97b7da7b577970650e/data/1974_HZ6Ko3OP-UnVkOCaUR3kKQ_-15.00002044_-75.00012940.jpg,21.64,clear,2026-04-13T16:55:30
/home/alex/Desktop/school/comp-vis/dataset/datasets--everettshen--StreetView360AtoZ/snapshots/f0b9ffb20c4dc68d4422db97b7da7b577970650e/data/197_WZK7P4g4leuE6jBLjtvHTQ_39.91560289_141.93961082.jpg,26.44,clear,2026-04-13T16:55:32
/home/alex/Desktop/school/comp-vis/dataset/datasets--everettshen--StreetView360AtoZ/snapshots/f0b9ffb20c4dc68d4422db97b7da7b577970650e/data/1388_2XEfJl_YUTERaJJZZu-JDw_44.99036126_12.40180762.jpg,41.17,clear,2026-04-13T16:55:36
/home/alex/Desktop/school/comp-vis/dataset/datasets--everettshen--StreetView360AtoZ/snapshots/f0b9ffb20c4dc68d4422db97b7da7b577970650e/data/2598_KVFM73ElWNsDKKAs80eDrA_43.10328880_1.62984429.jpg,22.54,clear,2026-04-13T16:55:39
/home/alex/Desktop/school/comp-vis/dataset/datasets--everettshen--StreetView360AtoZ/snapshots/f0b9ffb20c4dc68d4422db97b7da7b577970650e/data/857_K_KNUM0---_0VEWKtk3OyQ_-26.49711688_31.37564038.jpg,42.37,clear,2026-04-13T16:55:40
/home/alex/Desktop/school/comp-vis/dataset/datasets--everettshen--StreetView360AtoZ/snapshots/f0b9ffb20c4dc68d4422db97b7da7b577970650e/data/14_K6ASRb0hlJP9pLDBeoAvMQ_-17.16670042_-70.94277317.jpg,47.48,clear,2026-04-13T16:55:42
/home/alex/Desktop/school/comp-vis/dataset/datasets--everettshen--StreetView360AtoZ/snapshots/f0b9ffb20c4dc68d4422db97b7da7b577970650e/data/2038_UdIlzPe6I__lDGpDo42ORA_38.95290227_32.60928326.jpg,73.32,clear,2026-04-13T16:55:44
/home/alex/Desktop/school/comp-vis/dataset/datasets--everettshen--StreetView360AtoZ/snapshots/f0b9ffb20c4dc68d4422db97b7da7b577970650e/data/600_u8AGFcgNUeRafTZp-BHOAw_13.90614528_100.31060472.jpg,51.69,clear,2026-04-13T16:55:46
/home/alex/Desktop/school/comp-vis/dataset/datasets--everettshen--StreetView360AtoZ/snapshots/f0b9ffb20c4dc68d4422db97b7da7b577970650e/data/362_Iznjq45oXl81H-pcbsDKzg_-0.59050261_123.25738179.jpg,41.77,clear,2026-04-13T16:55:48
/home/alex/Desktop/school/comp-vis/dataset/datasets--everettshen--StreetView360AtoZ/snapshots/f0b9ffb20c4dc68d4422db97b7da7b577970650e/data/2721_vuvtHZE3HOMN1Yu710v43w_10.93880131_124.54520705.jpg,37.86,clear,2026-04-13T16:55:50
/home/alex/Desktop/school/comp-vis/dataset/datasets--everettshen--StreetView360AtoZ/snapshots/f0b9ffb20c4dc68d4422db97b7da7b577970650e/data/787_QvHB6vOA1ETjvi3DF35SEg_31.67115820_-106.28148582.jpg,33.36,clear,2026-04-13T16:55:52
/home/alex/Desktop/school/comp-vis/dataset/datasets--everettshen--StreetView360AtoZ/snapshots/f0b9ffb20c4dc68d4422db97b7da7b577970650e/data/473_B_quLmNAA3XaSkDgRkOZLA_-20.02464369_148.26578428.jpg,55.59,clear,2026-04-13T16:55:57
/home/alex/Desktop/school/comp-vis/dataset/datasets--everettshen--StreetView360AtoZ/snapshots/f0b9ffb20c4dc68d4422db97b7da7b577970650e/data/503_mLHygchTOu5stjfeOSD43w_39.11026158_-108.35095144.jpg,42.37,clear,2026-04-13T16:55:58
/home/alex/Desktop/school/comp-vis/dataset/datasets--everettshen--StreetView360AtoZ/snapshots/f0b9ffb20c4dc68d4422db97b7da7b577970650e/data/2697_GEmtXXa5AlO4sS2KJj9peA_40.86421220_-98.00743669.jpg,72.42,clear,2026-04-13T16:56:02
/home/alex/Desktop/school/comp-vis/dataset/datasets--everettshen--StreetView360AtoZ/snapshots/f0b9ffb20c4dc68d4422db97b7da7b577970650e/data/2417_K-6mniFOg0N35KJk-btCqw_39.65937066_-110.85347961.jpg,56.19,clear,2026-04-13T16:56:04
/home/alex/Desktop/school/comp-vis/dataset/datasets--everettshen--StreetView360AtoZ/snapshots/f0b9ffb20c4dc68d4422db97b7da7b577970650e/data/479_tqPy2Bdr8-K1QcN_wISenA_-5.57665282_-36.90891796.jpg,36.66,clear,2026-04-13T16:56:05
/home/alex/Desktop/school/comp-vis/dataset/datasets--everettshen--StreetView360AtoZ/snapshots/f0b9ffb20c4dc68d4422db97b7da7b577970650e/data/2047_p6obbcM7UnvqFRkAPVeIhQ_19.80103147_-96.54119914.jpg,58.60,clear,2026-04-13T16:56:07
/home/alex/Desktop/school/comp-vis/dataset/datasets--everettshen--StreetView360AtoZ/snapshots/f0b9ffb20c4dc68d4422db97b7da7b577970650e/data/427_lvRzwFtVc3dkHB9jx7sWqg_47.29370881_-1.52670853.jpg,44.47,clear,2026-04-13T16:56:09
/home/alex/Desktop/school/comp-vis/dataset/datasets--everettshen--StreetView360AtoZ/snapshots/f0b9ffb20c4dc68d4422db97b7da7b577970650e/data/2898_HAKGSzQxy84a2cjtZbe7_w_45.39796989_36.86850113.jpg,31.25,clear,2026-04-13T16:56:10
/home/alex/Desktop/school/comp-vis/dataset/datasets--everettshen--StreetView360AtoZ/snapshots/f0b9ffb20c4dc68d4422db97b7da7b577970650e/data/2166_Ni8aa-vz6M3A7bXrKYf9vw_55.43381627_-116.48575646.jpg,49.88,clear,2026-04-13T16:56:23
/home/alex/Desktop/school/comp-vis/dataset/datasets--everettshen--StreetView360AtoZ/snapshots/f0b9ffb20c4dc68d4422db97b7da7b577970650e/data/1263_p85NssSuUHAJNBOviuY4Tw_44.70078043_8.32529180.jpg,50.48,clear,2026-04-13T16:56:28
/home/alex/Desktop/school/comp-vis/dataset/datasets--everettshen--StreetView360AtoZ/snapshots/f0b9ffb20c4dc68d4422db97b7da7b577970650e/data/3333_n1Slji05mpNMHZmhEF8dwA_61.09962423_50.33244900.jpg,11.12,clear,2026-04-13T16:56:37
/home/alex/Desktop/school/comp-vis/dataset/datasets--everettshen--StreetView360AtoZ/snapshots/f0b9ffb20c4dc68d4422db97b7da7b577970650e/data/138_xeCKJZR2D4irHk0v3hUzVA_37.41807454_-78.07578321.jpg,43.27,clear,2026-04-13T16:56:40
/home/alex/Desktop/school/comp-vis/dataset/datasets--everettshen--StreetView360AtoZ/snapshots/f0b9ffb20c4dc68d4422db97b7da7b577970650e/data/2199_-lVWyyqLGUKjNxjYK1uoLQ_15.68504902_-93.20813122.jpg,49.28,clear,2026-04-13T16:56:43
/home/alex/Desktop/school/comp-vis/dataset/datasets--everettshen--StreetView360AtoZ/snapshots/f0b9ffb20c4dc68d4422db97b7da7b577970650e/data/3422_vn3NDAIpOJnyVBpVfyrRtA_-40.76033006_145.29599498.jpg,43.27,clear,2026-04-13T16:56:45
/home/alex/Desktop/school/comp-vis/dataset/datasets--everettshen--StreetView360AtoZ/snapshots/f0b9ffb20c4dc68d4422db97b7da7b577970650e/data/761__rSjCUwwMGip7XP4ATCyCw_39.91761268_4.03623938.jpg,46.88,clear,2026-04-13T16:56:47
/home/alex/Desktop/school/comp-vis/dataset/datasets--everettshen--StreetView360AtoZ/snapshots/f0b9ffb20c4dc68d4422db97b7da7b577970650e/data/3189_GxBw_o_xqxIw1zQfMmtaJQ_38.05119066_21.92234262.jpg,50.48,clear,2026-04-13T16:56:49
/home/alex/Desktop/school/comp-vis/dataset/datasets--everettshen--StreetView360AtoZ/snapshots/f0b9ffb20c4dc68d4422db97b7da7b577970650e/data/3280_51X6AnMe_JqRFe1M6STp-g_45.88233467_-114.19244874.jpg,56.79,clear,2026-04-13T16:56:51
/home/alex/Desktop/school/comp-vis/dataset/datasets--everettshen--StreetView360AtoZ/snapshots/f0b9ffb20c4dc68d4422db97b7da7b577970650e/data/557_9wfGOCxKV6niaZ9-CQOKfg_33.98807426_-93.78765821.jpg,6.01,clear,2026-04-13T16:57:00
/home/alex/Desktop/school/comp-vis/dataset/datasets--everettshen--StreetView360AtoZ/snapshots/f0b9ffb20c4dc68d4422db97b7da7b577970650e/data/2708_wbYMJIEJaiGJGWVTpSXJpg_65.65005871_21.96654366.jpg,26.74,clear,2026-04-13T16:57:01
/home/alex/Desktop/school/comp-vis/dataset/datasets--everettshen--StreetView360AtoZ/snapshots/f0b9ffb20c4dc68d4422db97b7da7b577970650e/data/51_5Iv9GBiM62whDGvEF6JuEQ_43.92040935_3.70311855.jpg,62.20,clear,2026-04-13T16:57:03
/home/alex/Desktop/school/comp-vis/dataset/datasets--everettshen--StreetView360AtoZ/snapshots/f0b9ffb20c4dc68d4422db97b7da7b577970650e/data/30_SXG-PBgOQLlym0dd3McYkg_7.61104731_-72.64770730.jpg,71.52,clear,2026-04-13T16:57:04
/home/alex/Desktop/school/comp-vis/dataset/datasets--everettshen--StreetView360AtoZ/snapshots/f0b9ffb20c4dc68d4422db97b7da7b577970650e/data/861_nhXAwcexWvn4awUuynoIew_45.44437804_-99.02935327.jpg,31.25,clear,2026-04-13T16:57:06
/home/alex/Desktop/school/comp-vis/dataset/datasets--everettshen--StreetView360AtoZ/snapshots/f0b9ffb20c4dc68d4422db97b7da7b577970650e/data/652_B4YCjb996OE_AzjRiW5H_A_38.02825395_12.87943721.jpg,42.97,clear,2026-04-13T16:57:07
/home/alex/Desktop/school/comp-vis/dataset/datasets--everettshen--StreetView360AtoZ/snapshots/f0b9ffb20c4dc68d4422db97b7da7b577970650e/data/3302_GTR0rEFPlE7I79mLCwhhEQ_42.89615414_-92.80263168.jpg,45.98,clear,2026-04-13T16:57:13
/home/alex/Desktop/school/comp-vis/dataset/datasets--everettshen--StreetView360AtoZ/snapshots/f0b9ffb20c4dc68d4422db97b7da7b577970650e/data/1591_ViiB6XEISXm9aHaT5mjo-g_-25.54457310_-49.94501187.jpg,47.48,clear,2026-04-13T16:57:17
/home/alex/Desktop/school/comp-vis/dataset/datasets--everettshen--StreetView360AtoZ/snapshots/f0b9ffb20c4dc68d4422db97b7da7b577970650e/data/876_OyWTaQBbBHwGO-CQcglhvw_-5.05255301_120.12873241.jpg,76.63,clear,2026-04-13T16:57:23
/home/alex/Desktop/school/comp-vis/dataset/datasets--everettshen--StreetView360AtoZ/snapshots/f0b9ffb20c4dc68d4422db97b7da7b577970650e/data/417_3iiCSr95fSZWtG_d9s9BbQ_48.73730312_22.21281053.jpg,50.78,clear,2026-04-13T16:57:24
/home/alex/Desktop/school/comp-vis/dataset/datasets--everettshen--StreetView360AtoZ/snapshots/f0b9ffb20c4dc68d4422db97b7da7b577970650e/data/855_fZgPwUiSWgwfJagBnXK83g_31.85277061_-86.29428403.jpg,54.99,clear,2026-04-13T16:57:25
/home/alex/Desktop/school/comp-vis/dataset/datasets--everettshen--StreetView360AtoZ/snapshots/f0b9ffb20c4dc68d4422db97b7da7b577970650e/data/384_bjjuxSdI-NpxOVHZhyZ8ZQ_-34.33480023_-53.79533930.jpg,53.49,clear,2026-04-13T16:57:33
/home/alex/Desktop/school/comp-vis/dataset/datasets--everettshen--StreetView360AtoZ/snapshots/f0b9ffb20c4dc68d4422db97b7da7b577970650e/data/2257_i9RR1M25uCTpldaZ98fQSg_55.87275034_23.94897831.jpg,61.60,clear,2026-04-13T16:57:35
/home/alex/Desktop/school/comp-vis/dataset/datasets--everettshen--StreetView360AtoZ/snapshots/f0b9ffb20c4dc68d4422db97b7da7b577970650e/data/218_AU2g6GtuC-3dwG0WCsGQBA_-15.49537310_-44.36722052.jpg,46.58,clear,2026-04-13T16:57:46
/home/alex/Desktop/school/comp-vis/dataset/datasets--everettshen--StreetView360AtoZ/snapshots/f0b9ffb20c4dc68d4422db97b7da7b577970650e/data/336_6hRSfSXfLhTgEEwh6nACWg_36.14868896_-99.29938219.jpg,61.30,clear,2026-04-13T16:57:50
/home/alex/Desktop/school/comp-vis/dataset/datasets--everettshen--StreetView360AtoZ/snapshots/f0b9ffb20c4dc68d4422db97b7da7b577970650e/data/654_rfmai3Bxsoe5fQvhtqnrUw_-39.03353504_-67.58332054.jpg,60.10,clear,2026-04-13T16:57:51
/home/alex/Desktop/school/comp-vis/dataset/datasets--everettshen--StreetView360AtoZ/snapshots/f0b9ffb20c4dc68d4422db97b7da7b577970650e/data/6_o85cMrYqeu9yn4f42dNfgA_50.49573018_26.24088652.jpg,32.15,clear,2026-04-13T16:58:00
/home/alex/Desktop/school/comp-vis/dataset/datasets--everettshen--StreetView360AtoZ/snapshots/f0b9ffb20c4dc68d4422db97b7da7b577970650e/data/2777_8QNZBAaH-9zuEMRmYSM6og_49.99950489_6.01666453.jpg,15.93,clear,2026-04-13T16:58:03
/home/alex/Desktop/school/comp-vis/dataset/datasets--everettshen--StreetView360AtoZ/snapshots/f0b9ffb20c4dc68d4422db97b7da7b577970650e/data/2931_LBZMIQ3mdBAfInmeISR_iA_40.82256978_-83.22230511.jpg,73.32,clear,2026-04-13T16:58:04
/home/alex/Desktop/school/comp-vis/dataset/datasets--everettshen--StreetView360AtoZ/snapshots/f0b9ffb20c4dc68d4422db97b7da7b577970650e/data/1590_ELS89dfK-zrv_DIpPLxW4w_47.48864045_-69.28347535.jpg,45.08,clear,2026-04-13T16:58:13
/home/alex/Desktop/school/comp-vis/dataset/datasets--everettshen--StreetView360AtoZ/snapshots/f0b9ffb20c4dc68d4422db97b7da7b577970650e/data/884_gD2_WeOZFdIPBoXfcTB-Fw_-33.11187339_-64.34794098.jpg,42.97,clear,2026-04-13T16:58:14
/home/alex/Desktop/school/comp-vis/dataset/datasets--everettshen--StreetView360AtoZ/snapshots/f0b9ffb20c4dc68d4422db97b7da7b577970650e/data/1194_J1T0TyDqlm6ylKpd-yqUsw_41.76932236_-110.32556711.jpg,9.32,clear,2026-04-13T16:58:17
/home/alex/Desktop/school/comp-vis/dataset/datasets--everettshen--StreetView360AtoZ/snapshots/f0b9ffb20c4dc68d4422db97b7da7b577970650e/data/760_OMJZCpsJsRZUipxQBY2tmQ_30.49608995_77.81445392.jpg,39.97,clear,2026-04-13T16:58:18
/home/alex/Desktop/school/comp-vis/dataset/datasets--everettshen--StreetView360AtoZ/snapshots/f0b9ffb20c4dc68d4422db97b7da7b577970650e/data/2218_A9oPrzOvlWEdPTG12n52zg_-23.91674243_-61.81691608.jpg,49.58,clear,2026-04-13T16:58:21
/home/alex/Desktop/school/comp-vis/dataset/datasets--everettshen--StreetView360AtoZ/snapshots/f0b9ffb20c4dc68d4422db97b7da7b577970650e/data/3250_cXYkh2-B0FsM2dOlJ_zbyA_47.92979107_5.95719027.jpg,45.08,clear,2026-04-13T16:58:26
/home/alex/Desktop/school/comp-vis/dataset/datasets--everettshen--StreetView360AtoZ/snapshots/f0b9ffb20c4dc68d4422db97b7da7b577970650e/data/1973_Lc9AtLJraBPCJVlH1cXTXw_38.29814963_23.11016047.jpg,62.50,clear,2026-04-13T16:58:29
/home/alex/Desktop/school/comp-vis/dataset/datasets--everettshen--StreetView360AtoZ/snapshots/f0b9ffb20c4dc68d4422db97b7da7b577970650e/data/2973_rFagavBaJovNbrZ1It-36A_11.56388711_78.71583566.jpg,61.30,clear,2026-04-13T16:58:39
/home/alex/Desktop/school/comp-vis/dataset/datasets--everettshen--StreetView360AtoZ/snapshots/f0b9ffb20c4dc68d4422db97b7da7b577970650e/data/2175_jClII6sxzpzvo3vi5mvuTA_42.52425356_-74.98883557.jpg,31.55,clear,2026-04-13T16:58:40
/home/alex/Desktop/school/comp-vis/dataset/datasets--everettshen--StreetView360AtoZ/snapshots/f0b9ffb20c4dc68d4422db97b7da7b577970650e/data/2608_audl4A4KqgEFU2tCXrfYrQ_26.17374564_74.34818567.jpg,36.06,clear,2026-04-13T16:58:49
/home/alex/Desktop/school/comp-vis/dataset/datasets--everettshen--StreetView360AtoZ/snapshots/f0b9ffb20c4dc68d4422db97b7da7b577970650e/data/179_LEWOzd-QxC92A4MYjrqrzA_13.61389569_99.68573161.jpg,22.24,clear,2026-04-13T16:58:53
/home/alex/Desktop/school/comp-vis/dataset/datasets--everettshen--StreetView360AtoZ/snapshots/f0b9ffb20c4dc68d4422db97b7da7b577970650e/data/514_4xFsMXacFBA8qnI_5I4RFg_24.73672585_121.78517823.jpg,46.58,clear,2026-04-13T16:58:54
/home/alex/Desktop/school/comp-vis/dataset/datasets--everettshen--StreetView360AtoZ/snapshots/f0b9ffb20c4dc68d4422db97b7da7b577970650e/data/831_JK69Wectzywd7PQWDSJfIw_-27.64863769_153.38085329.jpg,35.46,clear,2026-04-13T16:59:03
/home/alex/Desktop/school/comp-vis/dataset/datasets--everettshen--StreetView360AtoZ/snapshots/f0b9ffb20c4dc68d4422db97b7da7b577970650e/data/1919_DJG82waTBYPjiKfrQwb-EQ_46.79705423_-1.15183941.jpg,12.02,clear,2026-04-13T16:59:04
/home/alex/Desktop/school/comp-vis/dataset/datasets--everettshen--StreetView360AtoZ/snapshots/f0b9ffb20c4dc68d4422db97b7da7b577970650e/data/601_eYjX4CzPc47V1zhokFt6ew_41.11869440_-98.83208568.jpg,59.50,clear,2026-04-13T16:59:06
/home/alex/Desktop/school/comp-vis/dataset/datasets--everettshen--StreetView360AtoZ/snapshots/f0b9ffb20c4dc68d4422db97b7da7b577970650e/data/1609_VacJE2-hWF5AD0LJkL_F0g_56.57340324_27.68235689.jpg,39.67,clear,2026-04-13T16:59:14
/home/alex/Desktop/school/comp-vis/dataset/datasets--everettshen--StreetView360AtoZ/snapshots/f0b9ffb20c4dc68d4422db97b7da7b577970650e/data/1671_2sfOciZadx7KmgqMC8XfSA_42.92769885_-101.10180876.jpg,16.23,clear,2026-04-13T16:59:16
/home/alex/Desktop/school/comp-vis/dataset/datasets--everettshen--StreetView360AtoZ/snapshots/f0b9ffb20c4dc68d4422db97b7da7b577970650e/data/1654_Hj_yh03PH-jWOrIovZKgqA_45.31079906_-88.10249195.jpg,39.07,clear,2026-04-13T16:59:18
/home/alex/Desktop/school/comp-vis/dataset/datasets--everettshen--StreetView360AtoZ/snapshots/f0b9ffb20c4dc68d4422db97b7da7b577970650e/data/834_LJBHX26VWXV6Mg3DGb8VTA_-46.35003568_168.85026511.jpg,57.70,clear,2026-04-13T16:59:20
/home/alex/Desktop/school/comp-vis/dataset/datasets--everettshen--StreetView360AtoZ/snapshots/f0b9ffb20c4dc68d4422db97b7da7b577970650e/data/2915__n19CsuOsObK464aTvECSg_21.46389648_-158.21280355.jpg,42.97,clear,2026-04-13T16:59:21
/home/alex/Desktop/school/comp-vis/dataset/datasets--everettshen--StreetView360AtoZ/snapshots/f0b9ffb20c4dc68d4422db97b7da7b577970650e/data/493_62yDqwW0fW_xYcBLRxuW9w_-37.35886623_146.16446274.jpg,53.19,clear,2026-04-13T16:59:23
/home/alex/Desktop/school/comp-vis/dataset/datasets--everettshen--StreetView360AtoZ/snapshots/f0b9ffb20c4dc68d4422db97b7da7b577970650e/data/1389_Aaag5l2PGNX89sMk1uhz5w_48.69946057_44.49476825.jpg,52.89,clear,2026-04-13T16:59:24
/home/alex/Desktop/school/comp-vis/dataset/datasets--everettshen--StreetView360AtoZ/snapshots/f0b9ffb20c4dc68d4422db97b7da7b577970650e/data/1861_xQMkgr_4EkMFfT3HWImxSQ_45.76189779_-63.70468079.jpg,52.29,clear,2026-04-13T16:59:35
/home/alex/Desktop/school/comp-vis/dataset/datasets--everettshen--StreetView360AtoZ/snapshots/f0b9ffb20c4dc68d4422db97b7da7b577970650e/data/168_8kFYmUJV9YK_B_VTWVhASA_43.24197486_-100.94970756.jpg,23.44,clear,2026-04-13T16:59:44
/home/alex/Desktop/school/comp-vis/dataset/datasets--everettshen--StreetView360AtoZ/snapshots/f0b9ffb20c4dc68d4422db97b7da7b577970650e/data/842_uhK6xeaOOkqgg55Wc3WhXg_37.24056298_-97.40252327.jpg,54.09,clear,2026-04-13T16:59:48
/home/alex/Desktop/school/comp-vis/dataset/datasets--everettshen--StreetView360AtoZ/snapshots/f0b9ffb20c4dc68d4422db97b7da7b577970650e/data/700_fde0wNfSP2U1yn_iJ_OqsA_54.88803496_37.43170046.jpg,30.65,clear,2026-04-13T16:59:56
/home/alex/Desktop/school/comp-vis/dataset/datasets--everettshen--StreetView360AtoZ/snapshots/f0b9ffb20c4dc68d4422db97b7da7b577970650e/data/303_I6lwucMqUPcjdHsw500rGA_39.95222663_8.73408126.jpg,46.28,clear,2026-04-13T17:00:01
/home/alex/Desktop/school/comp-vis/dataset/datasets--everettshen--StreetView360AtoZ/snapshots/f0b9ffb20c4dc68d4422db97b7da7b577970650e/data/1504_nU_AOY3_fB891tddeCvhzg_41.27760970_-70.11185531.jpg,32.75,clear,2026-04-13T17:00:07
/home/alex/Desktop/school/comp-vis/dataset/datasets--everettshen--StreetView360AtoZ/snapshots/f0b9ffb20c4dc68d4422db97b7da7b577970650e/data/1324_BVOyOU0KQ3lXZu91wAaIDw_-8.48966193_-35.00314121.jpg,32.75,clear,2026-04-13T17:00:07
/home/alex/Desktop/school/comp-vis/dataset/datasets--everettshen--StreetView360AtoZ/snapshots/f0b9ffb20c4dc68d4422db97b7da7b577970650e/data/1385_YLCG3C9B3css9n7UNqr1Hg_0.87188147_35.12147836.jpg,24.64,clear,2026-04-13T17:00:11
/home/alex/Desktop/school/comp-vis/dataset/datasets--everettshen--StreetView360AtoZ/snapshots/f0b9ffb20c4dc68d4422db97b7da7b577970650e/data/1269_fN5MHYsNcYRyi36evEWWaQ_-20.52411768_145.39742415.jpg,30.65,clear,2026-04-13T17:00:12
/home/alex/Desktop/school/comp-vis/dataset/datasets--everettshen--StreetView360AtoZ/snapshots/f0b9ffb20c4dc68d4422db97b7da7b577970650e/data/737_KPHn5KZSanfjY4TuNPjg-A_50.32254717_17.32752326.jpg,28.85,clear,2026-04-13T17:00:15
/home/alex/Desktop/school/comp-vis/dataset/datasets--everettshen--StreetView360AtoZ/snapshots/f0b9ffb20c4dc68d4422db97b7da7b577970650e/data/1797_HuU_5mbUTaLcsNdidq0NLw_52.07838693_21.55592526.jpg,39.37,clear,2026-04-13T17:00:18
/home/alex/Desktop/school/comp-vis/dataset/datasets--everettshen--StreetView360AtoZ/snapshots/f0b9ffb20c4dc68d4422db97b7da7b577970650e/data/3337_LstZoYOTOu1x-a05ZkJgbw_22.43122005_-97.96562323.jpg,36.66,clear,2026-04-13T17:00:19
/home/alex/Desktop/school/comp-vis/dataset/datasets--everettshen--StreetView360AtoZ/snapshots/f0b9ffb20c4dc68d4422db97b7da7b577970650e/data/399_nssfj1SWs49wbYD-AYaymw_15.68011025_-92.14818012.jpg,60.40,clear,2026-04-13T17:00:28
/home/alex/Desktop/school/comp-vis/dataset/datasets--everettshen--StreetView360AtoZ/snapshots/f0b9ffb20c4dc68d4422db97b7da7b577970650e/data/926_OWThiYoIMhUGOrd8DRkv0w_-6.02622684_107.32083139.jpg,56.49,clear,2026-04-13T17:00:29
/home/alex/Desktop/school/comp-vis/dataset/datasets--everettshen--StreetView360AtoZ/snapshots/f0b9ffb20c4dc68d4422db97b7da7b577970650e/data/2938_jfotMbRNbuPWLySs-vvAAg_47.04685601_2.34221615.jpg,60.70,clear,2026-04-13T17:00:37
/home/alex/Desktop/school/comp-vis/dataset/datasets--everettshen--StreetView360AtoZ/snapshots/f0b9ffb20c4dc68d4422db97b7da7b577970650e/data/552_CAw9bDyOhlstZycftN8u6A_51.82325180_5.37084521.jpg,35.76,clear,2026-04-13T17:00:39
/home/alex/Desktop/school/comp-vis/dataset/datasets--everettshen--StreetView360AtoZ/snapshots/f0b9ffb20c4dc68d4422db97b7da7b577970650e/data/1638_R1JVXZbziyo55mmURmTUiA_47.77371979_5.36614238.jpg,31.55,clear,2026-04-13T17:00:40
/home/alex/Desktop/school/comp-vis/dataset/datasets--everettshen--StreetView360AtoZ/snapshots/f0b9ffb20c4dc68d4422db97b7da7b577970650e/data/2589_koOuYmpiZDY3FM8PB3H0DQ_-17.73243754_-48.63792600.jpg,70.32,clear,2026-04-13T17:00:44
/home/alex/Desktop/school/comp-vis/dataset/datasets--everettshen--StreetView360AtoZ/snapshots/f0b9ffb20c4dc68d4422db97b7da7b577970650e/data/1145_i51WJ3WdJ35lqboTt81LWQ_19.81575382_-99.80017274.jpg,73.02,clear,2026-04-13T17:00:47
/home/alex/Desktop/school/comp-vis/dataset/datasets--everettshen--StreetView360AtoZ/snapshots/f0b9ffb20c4dc68d4422db97b7da7b577970650e/data/1075_1wY2N_wi9b8buzUEzyEnMw_40.24312310_14.99838626.jpg,38.46,clear,2026-04-13T17:00:49
/home/alex/Desktop/school/comp-vis/dataset/datasets--everettshen--StreetView360AtoZ/snapshots/f0b9ffb20c4dc68d4422db97b7da7b577970650e/data/109_npgTixGKhqmpUds6ZP8-dw_59.53546429_24.79929858.jpg,45.38,clear,2026-04-13T17:00:50
/home/alex/Desktop/school/comp-vis/dataset/datasets--everettshen--StreetView360AtoZ/snapshots/f0b9ffb20c4dc68d4422db97b7da7b577970650e/data/701_9S2sPMS95VPO33_9-tzJMA_16.51448906_104.72263855.jpg,45.98,clear,2026-04-13T17:00:55
/home/alex/Desktop/school/comp-vis/dataset/datasets--everettshen--StreetView360AtoZ/snapshots/f0b9ffb20c4dc68d4422db97b7da7b577970650e/data/880_If3p770Zs9qC6vzGN3doWQ_35.86417066_-90.60986223.jpg,24.04,clear,2026-04-13T17:00:56
/home/alex/Desktop/school/comp-vis/dataset/datasets--everettshen--StreetView360AtoZ/snapshots/f0b9ffb20c4dc68d4422db97b7da7b577970650e/data/1740_dRTkJPhsCFtnL2zLVivX5w_42.54844551_22.50943277.jpg,50.48,clear,2026-04-13T17:01:02
/home/alex/Desktop/school/comp-vis/dataset/datasets--everettshen--StreetView360AtoZ/snapshots/f0b9ffb20c4dc68d4422db97b7da7b577970650e/data/808_Jk32fTa3mSks032dLQOk0w_-7.54633744_-72.58399570.jpg,41.47,clear,2026-04-13T17:01:03
/home/alex/Desktop/school/comp-vis/dataset/datasets--everettshen--StreetView360AtoZ/snapshots/f0b9ffb20c4dc68d4422db97b7da7b577970650e/data/1730_9JnRcDa313myioq71fZdbA_43.83360843_-79.24964104.jpg,64.31,clear,2026-04-13T17:01:07
/home/alex/Desktop/school/comp-vis/dataset/datasets--everettshen--StreetView360AtoZ/snapshots/f0b9ffb20c4dc68d4422db97b7da7b577970650e/data/1353_9ptBhjsiW9xTN05zM94LOw_37.16850134_-7.51794699.jpg,62.80,clear,2026-04-13T17:01:08
/home/alex/Desktop/school/comp-vis/dataset/datasets--everettshen--StreetView360AtoZ/snapshots/f0b9ffb20c4dc68d4422db97b7da7b577970650e/data/1685_zcvh5H3Sjvd6x1OCaStfGA_-40.22646825_175.56464517.jpg,48.98,clear,2026-04-13T17:01:11
/home/alex/Desktop/school/comp-vis/dataset/datasets--everettshen--StreetView360AtoZ/snapshots/f0b9ffb20c4dc68d4422db97b7da7b577970650e/data/2541_CbGHkX6I7RCDBilYEFqINg_12.21863190_78.04756704.jpg,41.17,clear,2026-04-13T17:01:12
/home/alex/Desktop/school/comp-vis/dataset/datasets--everettshen--StreetView360AtoZ/snapshots/f0b9ffb20c4dc68d4422db97b7da7b577970650e/data/250_KVWNZLTKkwXBDjwGrJhhuw_20.10920775_78.88525542.jpg,27.95,clear,2026-04-13T17:01:16
/home/alex/Desktop/school/comp-vis/dataset/datasets--everettshen--StreetView360AtoZ/snapshots/f0b9ffb20c4dc68d4422db97b7da7b577970650e/data/817_-tDUr4m6rxkAOphhyXaGjQ_64.07293874_11.21747038.jpg,26.74,clear,2026-04-13T17:01:17
/home/alex/Desktop/school/comp-vis/dataset/datasets--everettshen--StreetView360AtoZ/snapshots/f0b9ffb20c4dc68d4422db97b7da7b577970650e/data/3380_dmy_Lu-4TPMatC7xuZqjaQ_35.15364782_-107.84687004.jpg,25.54,clear,2026-04-13T17:01:20
/home/alex/Desktop/school/comp-vis/dataset/datasets--everettshen--StreetView360AtoZ/snapshots/f0b9ffb20c4dc68d4422db97b7da7b577970650e/data/1818_aHECHuuSwXrIWwmMj2DenQ_-34.64853531_-71.17398642.jpg,33.36,clear,2026-04-13T17:01:23
/home/alex/Desktop/school/comp-vis/dataset/datasets--everettshen--StreetView360AtoZ/snapshots/f0b9ffb20c4dc68d4422db97b7da7b577970650e/data/2058_Evn1fnbXlyEjTF5bQEy9Mw_43.55327909_-99.68320421.jpg,20.13,clear,2026-04-13T17:01:30
/home/alex/Desktop/school/comp-vis/dataset/datasets--everettshen--StreetView360AtoZ/snapshots/f0b9ffb20c4dc68d4422db97b7da7b577970650e/data/1915__ZJFxxl-R2Zjv-VgPIQ-KQ_-32.42400693_-65.17779342.jpg,39.67,clear,2026-04-13T17:01:34
/home/alex/Desktop/school/comp-vis/dataset/datasets--everettshen--StreetView360AtoZ/snapshots/f0b9ffb20c4dc68d4422db97b7da7b577970650e/data/3135_VxNMKHKZblUu5HNpz3ILWA_47.18431774_5.90819530.jpg,43.57,clear,2026-04-13T17:01:36
/home/alex/Desktop/school/comp-vis/dataset/datasets--everettshen--StreetView360AtoZ/snapshots/f0b9ffb20c4dc68d4422db97b7da7b577970650e/data/644_llIrANsoYT0OaT448nlvMg_45.95803313_-107.98614570.jpg,48.08,clear,2026-04-13T17:01:39
/home/alex/Desktop/school/comp-vis/dataset/datasets--everettshen--StreetView360AtoZ/snapshots/f0b9ffb20c4dc68d4422db97b7da7b577970650e/data/408_wbYMJIEJaiGJGWVTpSXJpg_65.65005871_21.96654366.jpg,21.94,clear,2026-04-13T17:01:46
/home/alex/Desktop/school/comp-vis/dataset/datasets--everettshen--StreetView360AtoZ/snapshots/f0b9ffb20c4dc68d4422db97b7da7b577970650e/data/749_kP31PlV6nFTXsDA0t-qG4Q_-39.63837522_176.82028059.jpg,31.25,clear,2026-04-13T17:01:47
/home/alex/Desktop/school/comp-vis/dataset/datasets--everettshen--StreetView360AtoZ/snapshots/f0b9ffb20c4dc68d4422db97b7da7b577970650e/data/2637_rHrDtBtzk1LluWIxQlCGRQ_40.53048342_-101.02480746.jpg,36.66,clear,2026-04-13T17:01:50
/home/alex/Desktop/school/comp-vis/dataset/datasets--everettshen--StreetView360AtoZ/snapshots/f0b9ffb20c4dc68d4422db97b7da7b577970650e/data/105_s1rD5ZtYl15cikJe-iXrAA_44.35074153_10.63147007.jpg,37.26,clear,2026-04-13T17:01:52
/home/alex/Desktop/school/comp-vis/dataset/datasets--everettshen--StreetView360AtoZ/snapshots/f0b9ffb20c4dc68d4422db97b7da7b577970650e/data/2250_1l5bL_aBLRs6GuoocdiwGA_61.56394936_43.90752260.jpg,46.28,clear,2026-04-13T17:01:55
/home/alex/Desktop/school/comp-vis/dataset/datasets--everettshen--StreetView360AtoZ/snapshots/f0b9ffb20c4dc68d4422db97b7da7b577970650e/data/1863_4_yu50emlY3OuKBkuD5PYw_65.33067446_25.38036243.jpg,39.07,clear,2026-04-13T17:01:56
/home/alex/Desktop/school/comp-vis/dataset/datasets--everettshen--StreetView360AtoZ/snapshots/f0b9ffb20c4dc68d4422db97b7da7b577970650e/data/1545_Hco4Af6ZvsLnqeFaNZe2zQ_-35.08109769_-57.51266173.jpg,41.17,clear,2026-04-13T17:02:03
/home/alex/Desktop/school/comp-vis/dataset/datasets--everettshen--StreetView360AtoZ/snapshots/f0b9ffb20c4dc68d4422db97b7da7b577970650e/data/2260_SYGyYjF8YF7gh8a0TGUaog_34.28029960_-118.77895296.jpg,21.94,clear,2026-04-13T17:02:08
/home/alex/Desktop/school/comp-vis/dataset/datasets--everettshen--StreetView360AtoZ/snapshots/f0b9ffb20c4dc68d4422db97b7da7b577970650e/data/1996_lXgXvsnWBciaNVK6jaE22Q_68.55916545_15.77197076.jpg,35.16,clear,2026-04-13T17:02:10
/home/alex/Desktop/school/comp-vis/dataset/datasets--everettshen--StreetView360AtoZ/snapshots/f0b9ffb20c4dc68d4422db97b7da7b577970650e/data/1485_PEa9aF20ERbtBP7O5uaztA_61.13050432_9.08530749.jpg,22.84,clear,2026-04-13T17:02:12
/home/alex/Desktop/school/comp-vis/dataset/datasets--everettshen--StreetView360AtoZ/snapshots/f0b9ffb20c4dc68d4422db97b7da7b577970650e/data/942_OU3l55C2SxhG9HUnr9o-8g_45.46956998_-73.63154631.jpg,45.98,clear,2026-04-13T17:02:13
/home/alex/Desktop/school/comp-vis/dataset/datasets--everettshen--StreetView360AtoZ/snapshots/f0b9ffb20c4dc68d4422db97b7da7b577970650e/data/72_KfQiukvuALc3N559NP2CPw_11.76454211_76.67639569.jpg,53.19,clear,2026-04-13T17:02:15
/home/alex/Desktop/school/comp-vis/dataset/datasets--everettshen--StreetView360AtoZ/snapshots/f0b9ffb20c4dc68d4422db97b7da7b577970650e/data/144_Jms77ws-qvoKFwvy2B4FNA_49.45036073_-114.20190078.jpg,39.07,clear,2026-04-13T17:02:16
/home/alex/Desktop/school/comp-vis/dataset/datasets--everettshen--StreetView360AtoZ/snapshots/f0b9ffb20c4dc68d4422db97b7da7b577970650e/data/755_e06ohzpNluiTlDm1t2FNXQ_29.08000416_-98.44836319.jpg,31.55,clear,2026-04-13T17:02:20
/home/alex/Desktop/school/comp-vis/dataset/datasets--everettshen--StreetView360AtoZ/snapshots/f0b9ffb20c4dc68d4422db97b7da7b577970650e/data/2395_3Z0B2bsaiti_wpvTbGp9Tg_16.46550832_-15.69602598.jpg,53.19,clear,2026-04-13T17:02:23
/home/alex/Desktop/school/comp-vis/dataset/datasets--everettshen--StreetView360AtoZ/snapshots/f0b9ffb20c4dc68d4422db97b7da7b577970650e/data/82_o85cMrYqeu9yn4f42dNfgA_50.49573018_26.24088652.jpg,32.15,clear,2026-04-13T17:02:26
/home/alex/Desktop/school/comp-vis/dataset/datasets--everettshen--StreetView360AtoZ/snapshots/f0b9ffb20c4dc68d4422db97b7da7b577970650e/data/3160_8Nj27owCOI24MAxkKMJMRg_46.51236776_-84.28828871.jpg,32.15,clear,2026-04-13T17:02:28
/home/alex/Desktop/school/comp-vis/dataset/datasets--everettshen--StreetView360AtoZ/snapshots/f0b9ffb20c4dc68d4422db97b7da7b577970650e/data/289_-1yIQbmi4ouMI_0o142Isw_63.57526100_53.67093572.jpg,51.09,clear,2026-04-13T17:02:31
/home/alex/Desktop/school/comp-vis/dataset/datasets--everettshen--StreetView360AtoZ/snapshots/f0b9ffb20c4dc68d4422db97b7da7b577970650e/data/607_edY4wLad6VWE2tZAC70bCA_50.37705607_17.01494113.jpg,24.64,clear,2026-04-13T17:02:33
/home/alex/Desktop/school/comp-vis/dataset/datasets--everettshen--StreetView360AtoZ/snapshots/f0b9ffb20c4dc68d4422db97b7da7b577970650e/data/2263_dQE121lbBd_-hGQcnZynPA_21.44536118_-103.10808897.jpg,62.20,clear,2026-04-13T17:02:35
/home/alex/Desktop/school/comp-vis/dataset/datasets--everettshen--StreetView360AtoZ/snapshots/f0b9ffb20c4dc68d4422db97b7da7b577970650e/data/224_Ngi8wU_wztIqLHE9N24mNA_61.01599570_69.03814567.jpg,26.74,clear,2026-04-13T17:02:39
/home/alex/Desktop/school/comp-vis/dataset/datasets--everettshen--StreetView360AtoZ/snapshots/f0b9ffb20c4dc68d4422db97b7da7b577970650e/data/540_MxTudMH64EjUybo2SLNRyQ_56.55481551_-5.41049734.jpg,30.35,clear,2026-04-13T17:02:44
/home/alex/Desktop/school/comp-vis/dataset/datasets--everettshen--StreetView360AtoZ/snapshots/f0b9ffb20c4dc68d4422db97b7da7b577970650e/data/786_3b1QaD9edDVedZuK2x-6MA_35.78219746_-113.07235613.jpg,31.55,clear,2026-04-13T17:02:45
/home/alex/Desktop/school/comp-vis/dataset/datasets--everettshen--StreetView360AtoZ/snapshots/f0b9ffb20c4dc68d4422db97b7da7b577970650e/data/337_BzKKmiGDniFROxtP0P0cjA_19.67723785_-99.22441210.jpg,51.39,clear,2026-04-13T17:02:50
/home/alex/Desktop/school/comp-vis/dataset/datasets--everettshen--StreetView360AtoZ/snapshots/f0b9ffb20c4dc68d4422db97b7da7b577970650e/data/167_m7V0bxd6srBz4iGhPqrvRg_40.61645299_-94.47817276.jpg,48.08,clear,2026-04-13T17:02:51
/home/alex/Desktop/school/comp-vis/dataset/datasets--everettshen--StreetView360AtoZ/snapshots/f0b9ffb20c4dc68d4422db97b7da7b577970650e/data/1087_swuBY1Jga6eAeEPVsg9IBg_41.30270287_27.23450835.jpg,35.16,clear,2026-04-13T17:02:56
/home/alex/Desktop/school/comp-vis/dataset/datasets--everettshen--StreetView360AtoZ/snapshots/f0b9ffb20c4dc68d4422db97b7da7b577970650e/data/3058_oPjcwYNgthUWVYfMLs_Alw_-24.95170147_28.53269984.jpg,23.44,clear,2026-04-13T17:02:58
/home/alex/Desktop/school/comp-vis/dataset/datasets--everettshen--StreetView360AtoZ/snapshots/f0b9ffb20c4dc68d4422db97b7da7b577970650e/data/291_-jbtN38cgIQJ8mLuoqR49A_15.30399020_-91.49277661.jpg,77.83,clear,2026-04-13T17:03:02
/home/alex/Desktop/school/comp-vis/dataset/datasets--everettshen--StreetView360AtoZ/snapshots/f0b9ffb20c4dc68d4422db97b7da7b577970650e/data/519_hA3cj9iWBMIuq2vdYsEAAg_47.09724338_16.11929733.jpg,44.47,clear,2026-04-13T17:03:06
/home/alex/Desktop/school/comp-vis/dataset/datasets--everettshen--StreetView360AtoZ/snapshots/f0b9ffb20c4dc68d4422db97b7da7b577970650e/data/1227_U7G-j03o8F84F9MszfnQqw_-33.30903335_117.34337554.jpg,59.50,clear,2026-04-13T17:03:10
/home/alex/Desktop/school/comp-vis/dataset/datasets--everettshen--StreetView360AtoZ/snapshots/f0b9ffb20c4dc68d4422db97b7da7b577970650e/data/2542_xK4UVvJwfcRvst5XrbVqsg_-28.73292131_-53.61688993.jpg,37.56,clear,2026-04-13T17:03:13
/home/alex/Desktop/school/comp-vis/dataset/datasets--everettshen--StreetView360AtoZ/snapshots/f0b9ffb20c4dc68d4422db97b7da7b577970650e/data/1067_H9-ssyP96a9jNq4MO7V22w_41.83534663_12.88904726.jpg,43.57,clear,2026-04-13T17:03:17
/home/alex/Desktop/school/comp-vis/dataset/datasets--everettshen--StreetView360AtoZ/snapshots/f0b9ffb20c4dc68d4422db97b7da7b577970650e/data/419_EOzyvO5cWhQvrw4MNHcywQ_56.63307865_16.23357831.jpg,24.64,clear,2026-04-13T17:03:20
/home/alex/Desktop/school/comp-vis/dataset/datasets--everettshen--StreetView360AtoZ/snapshots/f0b9ffb20c4dc68d4422db97b7da7b577970650e/data/567_RYu8tETopq5vF7LufB4FVw_38.72859713_42.41626809.jpg,28.25,clear,2026-04-13T17:03:27
/home/alex/Desktop/school/comp-vis/dataset/datasets--everettshen--StreetView360AtoZ/snapshots/f0b9ffb20c4dc68d4422db97b7da7b577970650e/data/395_to3tFLcnxEdmzerS_3NEzw_-39.62753616_176.83076860.jpg,17.73,clear,2026-04-13T17:03:31
/home/alex/Desktop/school/comp-vis/dataset/datasets--everettshen--StreetView360AtoZ/snapshots/f0b9ffb20c4dc68d4422db97b7da7b577970650e/data/624_EiDOmGAorTrOKBhUo5nUQg_53.88469495_11.65939521.jpg,58.90,clear,2026-04-13T17:03:34
/home/alex/Desktop/school/comp-vis/dataset/datasets--everettshen--StreetView360AtoZ/snapshots/f0b9ffb20c4dc68d4422db97b7da7b577970650e/data/279_tvA17HdGFNnUeLNhay1Q7w_56.14712969_28.00539561.jpg,34.56,clear,2026-04-13T17:03:37
/home/alex/Desktop/school/comp-vis/dataset/datasets--everettshen--StreetView360AtoZ/snapshots/f0b9ffb20c4dc68d4422db97b7da7b577970650e/data/479_oVUCjByUgxQZCwOWL8vHog_58.28343210_7.35432939.jpg,50.48,clear,2026-04-13T17:03:40
/home/alex/Desktop/school/comp-vis/dataset/datasets--everettshen--StreetView360AtoZ/snapshots/f0b9ffb20c4dc68d4422db97b7da7b577970650e/data/433_fv-ZuzwYM0ZYtmZgTmIkWQ_42.67169757_-5.18277738.jpg,30.65,clear,2026-04-13T17:03:43
/home/alex/Desktop/school/comp-vis/dataset/datasets--everettshen--StreetView360AtoZ/snapshots/f0b9ffb20c4dc68d4422db97b7da7b577970650e/data/681_oM13KyoJ1qFgV4IA_U1DXw_14.75668210_103.19760525.jpg,52.59,clear,2026-04-13T17:03:44
/home/alex/Desktop/school/comp-vis/dataset/datasets--everettshen--StreetView360AtoZ/snapshots/f0b9ffb20c4dc68d4422db97b7da7b577970650e/data/1527_5lKHuHFBRA2MX9w4pRuHMQ_52.64178891_9.38905446.jpg,61.30,clear,2026-04-13T17:03:48
/home/alex/Desktop/school/comp-vis/dataset/datasets--everettshen--StreetView360AtoZ/snapshots/f0b9ffb20c4dc68d4422db97b7da7b577970650e/data/926_gWy-UHiB_e_WM7Bev7jmsw_53.16685139_5.70004282.jpg,36.36,clear,2026-04-13T17:03:50
/home/alex/Desktop/school/comp-vis/dataset/datasets--everettshen--StreetView360AtoZ/snapshots/f0b9ffb20c4dc68d4422db97b7da7b577970650e/data/1191_2t3PEHXaVHlC0-BtL-ph2g_44.83078709_-87.38863540.jpg,59.20,clear,2026-04-13T17:03:52
/home/alex/Desktop/school/comp-vis/dataset/datasets--everettshen--StreetView360AtoZ/snapshots/f0b9ffb20c4dc68d4422db97b7da7b577970650e/data/1102_pccLvmAOytdyjRaGv4POWg_15.28153122_104.96840024.jpg,59.50,clear,2026-04-13T17:03:56
/home/alex/Desktop/school/comp-vis/dataset/datasets--everettshen--StreetView360AtoZ/snapshots/f0b9ffb20c4dc68d4422db97b7da7b577970650e/data/69_zubLPO3i5cCxQF23kkzq3Q_54.61818010_83.29992118.jpg,31.55,clear,2026-04-13T17:04:03
/home/alex/Desktop/school/comp-vis/dataset/datasets--everettshen--StreetView360AtoZ/snapshots/f0b9ffb20c4dc68d4422db97b7da7b577970650e/data/1241_-iwCzfEbyzBpBra34Chnzw_-26.58324012_30.99634018.jpg,27.35,clear,2026-04-13T17:04:04
/home/alex/Desktop/school/comp-vis/dataset/datasets--everettshen--StreetView360AtoZ/snapshots/f0b9ffb20c4dc68d4422db97b7da7b577970650e/data/1369_FnfdFe3gOeDLI0SN1bEeow_41.05332927_-80.57377148.jpg,38.76,clear,2026-04-13T17:04:06
/home/alex/Desktop/school/comp-vis/dataset/datasets--everettshen--StreetView360AtoZ/snapshots/f0b9ffb20c4dc68d4422db97b7da7b577970650e/data/1921_b0YTbWAvPbf18-TTR8f7qw_37.62311561_126.88664862.jpg,37.26,clear,2026-04-13T17:04:10
/home/alex/Desktop/school/comp-vis/dataset/datasets--everettshen--StreetView360AtoZ/snapshots/f0b9ffb20c4dc68d4422db97b7da7b577970650e/data/1664_OmbW3-6e55kzKhKdbxwwjw_32.40990601_-87.03150013.jpg,50.18,clear,2026-04-13T17:04:14
/home/alex/Desktop/school/comp-vis/dataset/datasets--everettshen--StreetView360AtoZ/snapshots/f0b9ffb20c4dc68d4422db97b7da7b577970650e/data/1530_-RmZSlZM8kZJuS8LUdRryA_44.38505718_20.25610084.jpg,31.55,clear,2026-04-13T17:04:22
/home/alex/Desktop/school/comp-vis/dataset/datasets--everettshen--StreetView360AtoZ/snapshots/f0b9ffb20c4dc68d4422db97b7da7b577970650e/data/376_2Z9oPQLiROYEZ_LG5Uejkw_51.08288701_5.10063249.jpg,40.27,clear,2026-04-13T17:04:26
/home/alex/Desktop/school/comp-vis/dataset/datasets--everettshen--StreetView360AtoZ/snapshots/f0b9ffb20c4dc68d4422db97b7da7b577970650e/data/385_SAToW1fhkJleokY2XHIfAw_48.76570722_18.66710838.jpg,46.58,clear,2026-04-13T17:04:30
/home/alex/Desktop/school/comp-vis/dataset/datasets--everettshen--StreetView360AtoZ/snapshots/f0b9ffb20c4dc68d4422db97b7da7b577970650e/data/3301_zFR_tEdH-8hvW-Zgn56D2A_47.27976169_-2.46038284.jpg,61.30,clear,2026-04-13T17:04:32
/home/alex/Desktop/school/comp-vis/dataset/datasets--everettshen--StreetView360AtoZ/snapshots/f0b9ffb20c4dc68d4422db97b7da7b577970650e/data/1248_nH1DJXFaAj9H9hQ0PPbE_Q_38.23465444_128.56982017.jpg,33.36,clear,2026-04-13T17:04:39
/home/alex/Desktop/school/comp-vis/dataset/datasets--everettshen--StreetView360AtoZ/snapshots/f0b9ffb20c4dc68d4422db97b7da7b577970650e/data/1411_jz_lDk7xrE11OLQsclOd6A_-33.45543727_-70.64615534.jpg,27.05,clear,2026-04-13T17:04:42
/home/alex/Desktop/school/comp-vis/dataset/datasets--everettshen--StreetView360AtoZ/snapshots/f0b9ffb20c4dc68d4422db97b7da7b577970650e/data/313_ry3fGRZKp2mPfFMilct8kw_-34.08341518_20.09632728.jpg,49.88,clear,2026-04-13T17:04:43
/home/alex/Desktop/school/comp-vis/dataset/datasets--everettshen--StreetView360AtoZ/snapshots/f0b9ffb20c4dc68d4422db97b7da7b577970650e/data/2740_2iuStJocbyXO126V872EWA_-37.12420996_142.69928525.jpg,34.86,clear,2026-04-13T17:04:45
/home/alex/Desktop/school/comp-vis/dataset/datasets--everettshen--StreetView360AtoZ/snapshots/f0b9ffb20c4dc68d4422db97b7da7b577970650e/data/1402_Sb85NVCtJzpp2PmHYTaofQ_46.70931301_8.60375190.jpg,31.25,clear,2026-04-13T17:04:55
/home/alex/Desktop/school/comp-vis/dataset/datasets--everettshen--StreetView360AtoZ/snapshots/f0b9ffb20c4dc68d4422db97b7da7b577970650e/data/1444_u3gCDcmzhfqi-fH1kcbWmw_40.47973333_-99.12938980.jpg,24.94,clear,2026-04-13T17:04:58
/home/alex/Desktop/school/comp-vis/dataset/datasets--everettshen--StreetView360AtoZ/snapshots/f0b9ffb20c4dc68d4422db97b7da7b577970650e/data/207_YCVv7KJtKvdXuO0NsX-cAg_42.66628572_25.38317114.jpg,33.96,clear,2026-04-13T17:05:00
/home/alex/Desktop/school/comp-vis/dataset/datasets--everettshen--StreetView360AtoZ/snapshots/f0b9ffb20c4dc68d4422db97b7da7b577970650e/data/1989_3btPyyDGYdZS_uWLxUs9IQ_13.19015028_78.12070538.jpg,39.97,clear,2026-04-13T17:05:01
/home/alex/Desktop/school/comp-vis/dataset/datasets--everettshen--StreetView360AtoZ/snapshots/f0b9ffb20c4dc68d4422db97b7da7b577970650e/data/2361_qXbXOXHczMkCcNwrRtD78Q_39.96968064_-74.73299429.jpg,40.57,clear,2026-04-13T17:05:07
/home/alex/Desktop/school/comp-vis/dataset/datasets--everettshen--StreetView360AtoZ/snapshots/f0b9ffb20c4dc68d4422db97b7da7b577970650e/data/3310_7u4_EWb2raV6VYC9j96USA_34.76145213_-77.47117186.jpg,26.44,clear,2026-04-13T17:05:08
/home/alex/Desktop/school/comp-vis/dataset/datasets--everettshen--StreetView360AtoZ/snapshots/f0b9ffb20c4dc68d4422db97b7da7b577970650e/data/284_F4kADzvlqsDrK0Vg3WYDJw_42.84790196_-80.29598359.jpg,9.02,clear,2026-04-13T17:05:11
/home/alex/Desktop/school/comp-vis/dataset/datasets--everettshen--StreetView360AtoZ/snapshots/f0b9ffb20c4dc68d4422db97b7da7b577970650e/data/1859_LtURge2d6fJ3TGMgIHUoRA_59.48971551_10.31476388.jpg,44.47,clear,2026-04-13T17:05:12
/home/alex/Desktop/school/comp-vis/dataset/datasets--everettshen--StreetView360AtoZ/snapshots/f0b9ffb20c4dc68d4422db97b7da7b577970650e/data/1550_7hUrvquBKJ3U5XsM7Xvhwg_62.98281003_14.36725106.jpg,36.96,clear,2026-04-13T17:05:19
/home/alex/Desktop/school/comp-vis/dataset/datasets--everettshen--StreetView360AtoZ/snapshots/f0b9ffb20c4dc68d4422db97b7da7b577970650e/data/290_dsfj8_P4FeT4iIjQicEteA_45.06518038_13.97375843.jpg,28.55,clear,2026-04-13T17:05:20
/home/alex/Desktop/school/comp-vis/dataset/datasets--everettshen--StreetView360AtoZ/snapshots/f0b9ffb20c4dc68d4422db97b7da7b577970650e/data/942_xeLfnfvX8MK1QVVr6DuPPg_35.82359124_-88.92474811.jpg,53.19,clear,2026-04-13T17:05:23
/home/alex/Desktop/school/comp-vis/dataset/datasets--everettshen--StreetView360AtoZ/snapshots/f0b9ffb20c4dc68d4422db97b7da7b577970650e/data/3004_z4i15DhxIdzipi3z8Hqwfw_40.46388203_22.54470184.jpg,66.41,clear,2026-04-13T17:05:25
/home/alex/Desktop/school/comp-vis/dataset/datasets--everettshen--StreetView360AtoZ/snapshots/f0b9ffb20c4dc68d4422db97b7da7b577970650e/data/1663_01QbJC3O8xNtjyGDG4LezA_51.07073467_-98.26008611.jpg,31.25,clear,2026-04-13T17:05:29
/home/alex/Desktop/school/comp-vis/dataset/datasets--everettshen--StreetView360AtoZ/snapshots/f0b9ffb20c4dc68d4422db97b7da7b577970650e/data/777_wPlP_cRDCxGLKdNMt5vghw_38.76974595_20.72140662.jpg,18.93,clear,2026-04-13T17:05:31
/home/alex/Desktop/school/comp-vis/dataset/datasets--everettshen--StreetView360AtoZ/snapshots/f0b9ffb20c4dc68d4422db97b7da7b577970650e/data/799_MGyG8YuqI4USjqm_9WiZfw_23.12246708_120.42071551.jpg,48.38,clear,2026-04-13T17:05:33
/home/alex/Desktop/school/comp-vis/dataset/datasets--everettshen--StreetView360AtoZ/snapshots/f0b9ffb20c4dc68d4422db97b7da7b577970650e/data/2762_QuQz_0ryIrJ5opffM2XzGg_18.03274208_80.57902072.jpg,58.90,clear,2026-04-13T17:05:36
/home/alex/Desktop/school/comp-vis/dataset/datasets--everettshen--StreetView360AtoZ/snapshots/f0b9ffb20c4dc68d4422db97b7da7b577970650e/data/397_uPXbujAaHXKvCBVJOo9z9g_14.61431251_121.08386630.jpg,76.93,clear,2026-04-13T17:05:41
/home/alex/Desktop/school/comp-vis/dataset/datasets--everettshen--StreetView360AtoZ/snapshots/f0b9ffb20c4dc68d4422db97b7da7b577970650e/data/615_rEalqXWXwj8n4sJu1vYcMw_40.97276273_24.04042695.jpg,54.99,clear,2026-04-13T17:05:45
/home/alex/Desktop/school/comp-vis/dataset/datasets--everettshen--StreetView360AtoZ/snapshots/f0b9ffb20c4dc68d4422db97b7da7b577970650e/data/3393_NtYCOJwM7zZhWK6zdF0_MA_30.88947515_-91.35017356.jpg,73.62,clear,2026-04-13T17:05:56
/home/alex/Desktop/school/comp-vis/dataset/datasets--everettshen--StreetView360AtoZ/snapshots/f0b9ffb20c4dc68d4422db97b7da7b577970650e/data/9_Y7rdgVh8F592adEaLuNy0A_47.95062743_1.85977800.jpg,54.39,clear,2026-04-13T17:06:02
/home/alex/Desktop/school/comp-vis/dataset/datasets--everettshen--StreetView360AtoZ/snapshots/f0b9ffb20c4dc68d4422db97b7da7b577970650e/data/2017_hkA5_Xp8fghhOyVyaT3scg_45.22673981_-0.83086377.jpg,57.70,clear,2026-04-13T17:06:03
/home/alex/Desktop/school/comp-vis/dataset/datasets--everettshen--StreetView360AtoZ/snapshots/f0b9ffb20c4dc68d4422db97b7da7b577970650e/data/241_8pak33ARCCXXnO8IBKYbTQ_59.94655253_33.27516243.jpg,54.39,clear,2026-04-13T17:06:04
/home/alex/Desktop/school/comp-vis/dataset/datasets--everettshen--StreetView360AtoZ/snapshots/f0b9ffb20c4dc68d4422db97b7da7b577970650e/data/3352_fvh9C_g_u4YBTuJKniDUdg_39.26215957_-117.71843909.jpg,21.64,clear,2026-04-13T17:06:07
/home/alex/Desktop/school/comp-vis/dataset/datasets--everettshen--StreetView360AtoZ/snapshots/f0b9ffb20c4dc68d4422db97b7da7b577970650e/data/269_RaALuCAcZZYE83zPY7dZmA_35.39639180_140.02549652.jpg,39.97,clear,2026-04-13T17:06:08
/home/alex/Desktop/school/comp-vis/dataset/datasets--everettshen--StreetView360AtoZ/snapshots/f0b9ffb20c4dc68d4422db97b7da7b577970650e/data/3208_52e_pSvMglWMO_vCMaCJNg_40.40974511_-81.35182933.jpg,59.50,clear,2026-04-13T17:06:10
/home/alex/Desktop/school/comp-vis/dataset/datasets--everettshen--StreetView360AtoZ/snapshots/f0b9ffb20c4dc68d4422db97b7da7b577970650e/data/634_QgU-rFTksmUmQaE4A0WcPQ_31.48559646_-89.03278624.jpg,8.71,clear,2026-04-13T17:06:12
/home/alex/Desktop/school/comp-vis/dataset/datasets--everettshen--StreetView360AtoZ/snapshots/f0b9ffb20c4dc68d4422db97b7da7b577970650e/data/1879_mzg-NozLjTV-V6HEeWGshA_43.05275759_-83.65413411.jpg,51.09,clear,2026-04-13T17:06:14
/home/alex/Desktop/school/comp-vis/dataset/datasets--everettshen--StreetView360AtoZ/snapshots/f0b9ffb20c4dc68d4422db97b7da7b577970650e/data/869_FWLEWjoVOMDojIb7hRQUNQ_-30.56808647_-63.51553585.jpg,32.45,clear,2026-04-13T17:06:15
/home/alex/Desktop/school/comp-vis/dataset/datasets--everettshen--StreetView360AtoZ/snapshots/f0b9ffb20c4dc68d4422db97b7da7b577970650e/data/2025_uEDIjahMv51VjDkiDTDgtw_20.37093801_-103.83718371.jpg,67.61,clear,2026-04-13T17:06:22
/home/alex/Desktop/school/comp-vis/dataset/datasets--everettshen--StreetView360AtoZ/snapshots/f0b9ffb20c4dc68d4422db97b7da7b577970650e/data/1933_O8iiRf2OVWTeYWxONG-6cA_39.57444878_21.76312896.jpg,36.96,clear,2026-04-13T17:06:26
/home/alex/Desktop/school/comp-vis/dataset/datasets--everettshen--StreetView360AtoZ/snapshots/f0b9ffb20c4dc68d4422db97b7da7b577970650e/data/1590_3bxmTdtDrZxYhAlwvT5udA_43.39598248_-5.65521253.jpg,42.97,clear,2026-04-13T17:06:29
/home/alex/Desktop/school/comp-vis/dataset/datasets--everettshen--StreetView360AtoZ/snapshots/f0b9ffb20c4dc68d4422db97b7da7b577970650e/data/1126_dKRfraTin2TfSafYXgrClw_59.43329984_33.76649303.jpg,37.86,clear,2026-04-13T17:06:30
/home/alex/Desktop/school/comp-vis/dataset/datasets--everettshen--StreetView360AtoZ/snapshots/f0b9ffb20c4dc68d4422db97b7da7b577970650e/data/747_3BkcRrBGrtN3jgbjI4KvVw_32.08299641_34.80154471.jpg,18.93,clear,2026-04-13T17:06:32
/home/alex/Desktop/school/comp-vis/dataset/datasets--everettshen--StreetView360AtoZ/snapshots/f0b9ffb20c4dc68d4422db97b7da7b577970650e/data/835_py_rjE97-lMU4mYw-62JCg_19.21507377_-97.48532433.jpg,42.67,clear,2026-04-13T17:06:33
/home/alex/Desktop/school/comp-vis/dataset/datasets--everettshen--StreetView360AtoZ/snapshots/f0b9ffb20c4dc68d4422db97b7da7b577970650e/data/658_7Zj7zUzC-3XoK7IOuq-NQg_48.16443328_13.99727959.jpg,43.57,clear,2026-04-13T17:06:37
/home/alex/Desktop/school/comp-vis/dataset/datasets--everettshen--StreetView360AtoZ/snapshots/f0b9ffb20c4dc68d4422db97b7da7b577970650e/data/2027_CAcMVtzj5wQbs6afvQPs7Q_16.71146706_-96.00135417.jpg,47.18,clear,2026-04-13T17:06:40
/home/alex/Desktop/school/comp-vis/dataset/datasets--everettshen--StreetView360AtoZ/snapshots/f0b9ffb20c4dc68d4422db97b7da7b577970650e/data/1803_I4hpDFJoQHfSGGQPbzWOlw_37.91633472_-0.73301687.jpg,28.25,clear,2026-04-13T17:06:42
/home/alex/Desktop/school/comp-vis/dataset/datasets--everettshen--StreetView360AtoZ/snapshots/f0b9ffb20c4dc68d4422db97b7da7b577970650e/data/2728_Ojl8a80OHuJMlbD1QcgjTA_40.74272421_-84.10523682.jpg,36.66,clear,2026-04-13T17:06:46
/home/alex/Desktop/school/comp-vis/dataset/datasets--everettshen--StreetView360AtoZ/snapshots/f0b9ffb20c4dc68d4422db97b7da7b577970650e/data/144_Toh_yZUs4EgmoTQMaezNfg_28.02924034_-97.49824586.jpg,16.23,clear,2026-04-13T17:06:49
/home/alex/Desktop/school/comp-vis/dataset/datasets--everettshen--StreetView360AtoZ/snapshots/f0b9ffb20c4dc68d4422db97b7da7b577970650e/data/182_GEmtXXa5AlO4sS2KJj9peA_40.86421220_-98.00743669.jpg,72.72,clear,2026-04-13T17:06:51
/home/alex/Desktop/school/comp-vis/dataset/datasets--everettshen--StreetView360AtoZ/snapshots/f0b9ffb20c4dc68d4422db97b7da7b577970650e/data/3270_112XHthNApcld-uHMju7mw_48.74046623_13.60374756.jpg,47.18,clear,2026-04-13T17:06:53
/home/alex/Desktop/school/comp-vis/dataset/datasets--everettshen--StreetView360AtoZ/snapshots/f0b9ffb20c4dc68d4422db97b7da7b577970650e/data/3317_5QqJg5Y1FjXPzNvBAzckQw_-23.84088979_29.37903947.jpg,46.28,clear,2026-04-13T17:06:54
/home/alex/Desktop/school/comp-vis/dataset/datasets--everettshen--StreetView360AtoZ/snapshots/f0b9ffb20c4dc68d4422db97b7da7b577970650e/data/2404_oUlKLxU2t0tvBGQaHThumg_47.09259047_-1.41518378.jpg,42.37,clear,2026-04-13T17:06:56
/home/alex/Desktop/school/comp-vis/dataset/datasets--everettshen--StreetView360AtoZ/snapshots/f0b9ffb20c4dc68d4422db97b7da7b577970650e/data/904_QOMiEIFyb55UrB3zgh7dxA_61.59740306_47.95734737.jpg,40.57,clear,2026-04-13T17:06:57
/home/alex/Desktop/school/comp-vis/dataset/datasets--everettshen--StreetView360AtoZ/snapshots/f0b9ffb20c4dc68d4422db97b7da7b577970650e/data/362_qz980-lQaFufr5fZZxPV2w_53.71105433_11.53771691.jpg,39.97,clear,2026-04-13T17:07:01
/home/alex/Desktop/school/comp-vis/dataset/datasets--everettshen--StreetView360AtoZ/snapshots/f0b9ffb20c4dc68d4422db97b7da7b577970650e/data/561_dPv0AxjP4XtqZXAjySzRhA_-33.34976690_18.15014544.jpg,44.47,clear,2026-04-13T17:07:07
/home/alex/Desktop/school/comp-vis/dataset/datasets--everettshen--StreetView360AtoZ/snapshots/f0b9ffb20c4dc68d4422db97b7da7b577970650e/data/599_e2Rx-M0g4Z8BcQbjSeJ-lw_-4.48322034_-46.85296677.jpg,51.69,clear,2026-04-13T17:07:08
/home/alex/Desktop/school/comp-vis/dataset/datasets--everettshen--StreetView360AtoZ/snapshots/f0b9ffb20c4dc68d4422db97b7da7b577970650e/data/1467_YDxpr6-guTIpxWwT1GRE1Q_40.97000010_-8.55701997.jpg,61.00,clear,2026-04-13T17:07:10
/home/alex/Desktop/school/comp-vis/dataset/datasets--everettshen--StreetView360AtoZ/snapshots/f0b9ffb20c4dc68d4422db97b7da7b577970650e/data/302_lPoXvJ87NXgOofUYVyrwSg_-27.41808199_-59.02384914.jpg,27.05,clear,2026-04-13T17:07:14
/home/alex/Desktop/school/comp-vis/dataset/datasets--everettshen--StreetView360AtoZ/snapshots/f0b9ffb20c4dc68d4422db97b7da7b577970650e/data/836_Ass-HwVipuQg9bBODgl7Pg_40.09005439_-98.06785372.jpg,62.80,clear,2026-04-13T17:07:15
/home/alex/Desktop/school/comp-vis/dataset/datasets--everettshen--StreetView360AtoZ/snapshots/f0b9ffb20c4dc68d4422db97b7da7b577970650e/data/1433_as5opKpkvwZ58j7dzO7J9g_-32.38450268_-57.46235581.jpg,36.36,clear,2026-04-13T17:07:22
/home/alex/Desktop/school/comp-vis/dataset/datasets--everettshen--StreetView360AtoZ/snapshots/f0b9ffb20c4dc68d4422db97b7da7b577970650e/data/2543_JWjr53eYZwTzMtUclD4TlQ_40.19794512_-7.56230200.jpg,52.89,clear,2026-04-13T17:07:27
/home/alex/Desktop/school/comp-vis/dataset/datasets--everettshen--StreetView360AtoZ/snapshots/f0b9ffb20c4dc68d4422db97b7da7b577970650e/data/96_rLnD_rnCv9bFYTNwTY3sDQ_52.16721783_23.47049197.jpg,8.71,clear,2026-04-13T17:07:30
/home/alex/Desktop/school/comp-vis/dataset/datasets--everettshen--StreetView360AtoZ/snapshots/f0b9ffb20c4dc68d4422db97b7da7b577970650e/data/2390_x7rdT17J7qF2ZAahNhEHNw_46.82001322_0.36747626.jpg,42.07,clear,2026-04-13T17:07:32
/home/alex/Desktop/school/comp-vis/dataset/datasets--everettshen--StreetView360AtoZ/snapshots/f0b9ffb20c4dc68d4422db97b7da7b577970650e/data/1292_S9vSsdqwCXSVAN_2pgeLvQ_39.00910077_27.05936494.jpg,42.07,clear,2026-04-13T17:07:38
/home/alex/Desktop/school/comp-vis/dataset/datasets--everettshen--StreetView360AtoZ/snapshots/f0b9ffb20c4dc68d4422db97b7da7b577970650e/data/1475_znSGx0HBuXmExSKTztSnxg_56.42535528_40.42840149.jpg,41.47,clear,2026-04-13T17:07:43
/home/alex/Desktop/school/comp-vis/dataset/datasets--everettshen--StreetView360AtoZ/snapshots/f0b9ffb20c4dc68d4422db97b7da7b577970650e/data/958__y4C2zy4BiP37iwtu21tLA_-28.71595712_-63.11335169.jpg,81.14,clear,2026-04-13T17:07:49
/home/alex/Desktop/school/comp-vis/dataset/datasets--everettshen--StreetView360AtoZ/snapshots/f0b9ffb20c4dc68d4422db97b7da7b577970650e/data/1050_sTGas68QVu0JMupVJj755Q_57.22073255_10.51404624.jpg,32.45,clear,2026-04-13T17:07:55
/home/alex/Desktop/school/comp-vis/dataset/datasets--everettshen--StreetView360AtoZ/snapshots/f0b9ffb20c4dc68d4422db97b7da7b577970650e/data/1865_YKCNMbAf7jFkpF9cKWrhiw_26.64138284_74.18973341.jpg,64.01,clear,2026-04-13T17:07:56
/home/alex/Desktop/school/comp-vis/dataset/datasets--everettshen--StreetView360AtoZ/snapshots/f0b9ffb20c4dc68d4422db97b7da7b577970650e/data/1470_Q3Aeri0G-HvtXMTb_tHP8Q_17.31439154_104.56810831.jpg,79.33,clear,2026-04-13T17:07:59
/home/alex/Desktop/school/comp-vis/dataset/datasets--everettshen--StreetView360AtoZ/snapshots/f0b9ffb20c4dc68d4422db97b7da7b577970650e/data/11_1Unb1cAHVEGv8asYhMGhwg_-23.05666100_-49.62636121.jpg,78.43,clear,2026-04-13T17:08:02
/home/alex/Desktop/school/comp-vis/dataset/datasets--everettshen--StreetView360AtoZ/snapshots/f0b9ffb20c4dc68d4422db97b7da7b577970650e/data/757_Fyx_W8xlXpq6P0we9U-_kg_-23.77783063_-50.96053330.jpg,42.67,clear,2026-04-13T17:08:04
/home/alex/Desktop/school/comp-vis/dataset/datasets--everettshen--StreetView360AtoZ/snapshots/f0b9ffb20c4dc68d4422db97b7da7b577970650e/data/354_odVwWfQt0s81Em8zFiGRKg_23.44530613_-109.42542161.jpg,79.63,clear,2026-04-13T17:08:08
/home/alex/Desktop/school/comp-vis/dataset/datasets--everettshen--StreetView360AtoZ/snapshots/f0b9ffb20c4dc68d4422db97b7da7b577970650e/data/2088_acWKlBCUMa6io_Qc1DkqLw_24.64621082_76.04142164.jpg,55.59,clear,2026-04-13T17:08:09
/home/alex/Desktop/school/comp-vis/dataset/datasets--everettshen--StreetView360AtoZ/snapshots/f0b9ffb20c4dc68d4422db97b7da7b577970650e/data/24_UrA8iemM2JBXmIJROE6ADA_25.67861603_91.92682874.jpg,52.29,clear,2026-04-13T17:08:13
/home/alex/Desktop/school/comp-vis/dataset/datasets--everettshen--StreetView360AtoZ/snapshots/f0b9ffb20c4dc68d4422db97b7da7b577970650e/data/1490_T_lyBOH4WVcmjAzXxf4suA_-27.05817372_-65.21752302.jpg,40.27,clear,2026-04-13T17:08:14
/home/alex/Desktop/school/comp-vis/dataset/datasets--everettshen--StreetView360AtoZ/snapshots/f0b9ffb20c4dc68d4422db97b7da7b577970650e/data/430_oduGD5-B4ZJrUJzX2qS5OQ_42.95886212_-99.12693149.jpg,26.74,clear,2026-04-13T17:08:19
/home/alex/Desktop/school/comp-vis/dataset/datasets--everettshen--StreetView360AtoZ/snapshots/f0b9ffb20c4dc68d4422db97b7da7b577970650e/data/1013_c3l66H7_RMvHWvayuo7n5g_43.28113636_13.33397094.jpg,64.61,clear,2026-04-13T17:08:21
/home/alex/Desktop/school/comp-vis/dataset/datasets--everettshen--StreetView360AtoZ/snapshots/f0b9ffb20c4dc68d4422db97b7da7b577970650e/data/737_QYs7d8jgBvw-4IkfUgVSoQ_38.95220966_40.02741339.jpg,62.80,clear,2026-04-13T17:08:24
/home/alex/Desktop/school/comp-vis/dataset/datasets--everettshen--StreetView360AtoZ/snapshots/f0b9ffb20c4dc68d4422db97b7da7b577970650e/data/416_ENzD--Ee0NYpN-IKKLg5XQ_32.54974132_130.15853570.jpg,55.59,clear,2026-04-13T17:08:26
/home/alex/Desktop/school/comp-vis/dataset/datasets--everettshen--StreetView360AtoZ/snapshots/f0b9ffb20c4dc68d4422db97b7da7b577970650e/data/72_d16k6wi06l2IPQfhQIV6pg_-18.48930692_-64.10583420.jpg,73.92,clear,2026-04-13T17:08:28
/home/alex/Desktop/school/comp-vis/dataset/datasets--everettshen--StreetView360AtoZ/snapshots/f0b9ffb20c4dc68d4422db97b7da7b577970650e/data/751_yIioIN5qLG5Drc7qsDuUFg_33.23755060_126.42529064.jpg,41.47,clear,2026-04-13T17:08:30
/home/alex/Desktop/school/comp-vis/dataset/datasets--everettshen--StreetView360AtoZ/snapshots/f0b9ffb20c4dc68d4422db97b7da7b577970650e/data/207_8RtnFUu5anQMcLk3euKVag_45.88819374_11.50084987.jpg,45.38,clear,2026-04-13T17:08:31
/home/alex/Desktop/school/comp-vis/dataset/datasets--everettshen--StreetView360AtoZ/snapshots/f0b9ffb20c4dc68d4422db97b7da7b577970650e/data/909_4b6Kfcr8HYuGrIplvh2kaQ_49.15736912_-0.30928933.jpg,55.29,clear,2026-04-13T17:08:32
/home/alex/Desktop/school/comp-vis/dataset/datasets--everettshen--StreetView360AtoZ/snapshots/f0b9ffb20c4dc68d4422db97b7da7b577970650e/data/864_nMIGF9CNKBasLrZGOTyh-g_30.50174187_-87.90308495.jpg,47.18,clear,2026-04-13T17:08:38
/home/alex/Desktop/school/comp-vis/dataset/datasets--everettshen--StreetView360AtoZ/snapshots/f0b9ffb20c4dc68d4422db97b7da7b577970650e/data/2519_4HCXyabp8XMAxJwJ2y-sZA_43.83510237_2.86649241.jpg,47.48,clear,2026-04-13T17:08:43
/home/alex/Desktop/school/comp-vis/dataset/datasets--everettshen--StreetView360AtoZ/snapshots/f0b9ffb20c4dc68d4422db97b7da7b577970650e/data/1278_phQFmfxf7U3-ma6lWYzYLA_38.24454117_-122.02098486.jpg,67.61,clear,2026-04-13T17:08:46
/home/alex/Desktop/school/comp-vis/dataset/datasets--everettshen--StreetView360AtoZ/snapshots/f0b9ffb20c4dc68d4422db97b7da7b577970650e/data/102_Nl7vCPBQH8qNgK_u9ISRbA_26.46335459_-80.10290633.jpg,77.83,clear,2026-04-13T17:08:49
/home/alex/Desktop/school/comp-vis/dataset/datasets--everettshen--StreetView360AtoZ/snapshots/f0b9ffb20c4dc68d4422db97b7da7b577970650e/data/412_tKrjZBTJEMjq9xpEPdQf6Q_-22.16981433_-46.51861095.jpg,24.34,clear,2026-04-13T17:08:51
/home/alex/Desktop/school/comp-vis/dataset/datasets--everettshen--StreetView360AtoZ/snapshots/f0b9ffb20c4dc68d4422db97b7da7b577970650e/data/3351_qoJkowmwLCVv4TLYq0kCSw_0.28118671_120.20645547.jpg,51.99,clear,2026-04-13T17:08:52
/home/alex/Desktop/school/comp-vis/dataset/datasets--everettshen--StreetView360AtoZ/snapshots/f0b9ffb20c4dc68d4422db97b7da7b577970650e/data/1531_HuDHohtbd9rs1MxlAoqN1g_61.61401527_129.22766110.jpg,48.38,clear,2026-04-13T17:08:55
/home/alex/Desktop/school/comp-vis/dataset/datasets--everettshen--StreetView360AtoZ/snapshots/f0b9ffb20c4dc68d4422db97b7da7b577970650e/data/1130_-jEK3AAqT7FG_CB42BhDOA_65.34746019_-20.77169688.jpg,18.93,clear,2026-04-13T17:09:00
/home/alex/Desktop/school/comp-vis/dataset/datasets--everettshen--StreetView360AtoZ/snapshots/f0b9ffb20c4dc68d4422db97b7da7b577970650e/data/415_yBui7Ta_DYmynbQX8V694A_-36.57703164_146.15544821.jpg,40.27,clear,2026-04-13T17:09:06
/home/alex/Desktop/school/comp-vis/dataset/datasets--everettshen--StreetView360AtoZ/snapshots/f0b9ffb20c4dc68d4422db97b7da7b577970650e/data/1555_BrNdxyDosJDvHnV0sb5uNA_20.16932820_-100.21089109.jpg,80.83,clear,2026-04-13T17:09:11
/home/alex/Desktop/school/comp-vis/dataset/datasets--everettshen--StreetView360AtoZ/snapshots/f0b9ffb20c4dc68d4422db97b7da7b577970650e/data/2357_GksqR4wbApzrzKRXC7cseQ_42.44249077_-123.32512046.jpg,19.23,clear,2026-04-13T17:09:13
/home/alex/Desktop/school/comp-vis/dataset/datasets--everettshen--StreetView360AtoZ/snapshots/f0b9ffb20c4dc68d4422db97b7da7b577970650e/data/89_UA1VgAi0aMfZKcZyji8CAA_42.86671168_-79.56646068.jpg,55.29,clear,2026-04-13T17:09:14
/home/alex/Desktop/school/comp-vis/dataset/datasets--everettshen--StreetView360AtoZ/snapshots/f0b9ffb20c4dc68d4422db97b7da7b577970650e/data/1205_sX6urqRXcaX9v960QpyD9Q_-30.76497765_121.47375408.jpg,44.47,clear,2026-04-13T17:09:16
/home/alex/Desktop/school/comp-vis/dataset/datasets--everettshen--StreetView360AtoZ/snapshots/f0b9ffb20c4dc68d4422db97b7da7b577970650e/data/3371_QWJdtoL-ZFeGy3d0eSdqhQ_27.53266172_89.88293013.jpg,27.05,clear,2026-04-13T17:09:18
/home/alex/Desktop/school/comp-vis/dataset/datasets--everettshen--StreetView360AtoZ/snapshots/f0b9ffb20c4dc68d4422db97b7da7b577970650e/data/311_IKU9zNigkdIbbPWQOFQusQ_45.16510651_11.26482435.jpg,43.87,clear,2026-04-13T17:09:19
/home/alex/Desktop/school/comp-vis/dataset/datasets--everettshen--StreetView360AtoZ/snapshots/f0b9ffb20c4dc68d4422db97b7da7b577970650e/data/2970_mPUsDNyt8Pym5o5TQh9F5A_35.41672753_-78.94453058.jpg,39.67,clear,2026-04-13T17:09:20
/home/alex/Desktop/school/comp-vis/dataset/datasets--everettshen--StreetView360AtoZ/snapshots/f0b9ffb20c4dc68d4422db97b7da7b577970650e/data/1033_qCEjrP1Etqc_lDBLkfW8iw_25.15273960_121.74445940.jpg,62.50,clear,2026-04-13T17:09:21
/home/alex/Desktop/school/comp-vis/dataset/datasets--everettshen--StreetView360AtoZ/snapshots/f0b9ffb20c4dc68d4422db97b7da7b577970650e/data/506_u2G01eBG4wHB851ACLpSiA_39.10614194_-108.38337629.jpg,47.18,clear,2026-04-13T17:09:23
/home/alex/Desktop/school/comp-vis/dataset/datasets--everettshen--StreetView360AtoZ/snapshots/f0b9ffb20c4dc68d4422db97b7da7b577970650e/data/765_9zbbBJTmPcgOuymRRZ5bOw_38.02155872_-120.24681213.jpg,42.97,clear,2026-04-13T17:09:27
/home/alex/Desktop/school/comp-vis/dataset/datasets--everettshen--StreetView360AtoZ/snapshots/f0b9ffb20c4dc68d4422db97b7da7b577970650e/data/1186_KrAkimkwV3J2aIdotKqLNQ_37.53665317_-121.20525276.jpg,59.80,clear,2026-04-13T17:09:32
/home/alex/Desktop/school/comp-vis/dataset/datasets--everettshen--StreetView360AtoZ/snapshots/f0b9ffb20c4dc68d4422db97b7da7b577970650e/data/1103_1deGShuXG5O1e9Mb4pH2Xw_44.65899402_8.00377382.jpg,35.16,clear,2026-04-13T17:09:37
/home/alex/Desktop/school/comp-vis/dataset/datasets--everettshen--StreetView360AtoZ/snapshots/f0b9ffb20c4dc68d4422db97b7da7b577970650e/data/73_8vSCTyn8kqd7FxagH6rC-A_-0.27810772_100.42193085.jpg,70.62,clear,2026-04-13T17:09:38
/home/alex/Desktop/school/comp-vis/dataset/datasets--everettshen--StreetView360AtoZ/snapshots/f0b9ffb20c4dc68d4422db97b7da7b577970650e/data/623_wROyArDAOGqrGrZCsIS3dQ_37.27353745_-89.68102087.jpg,36.36,clear,2026-04-13T17:09:42
/home/alex/Desktop/school/comp-vis/dataset/datasets--everettshen--StreetView360AtoZ/snapshots/f0b9ffb20c4dc68d4422db97b7da7b577970650e/data/1714_qLR0ieh_JSoM_MmLA0CElQ_50.46804541_-3.53965625.jpg,50.78,clear,2026-04-13T17:09:44
/home/alex/Desktop/school/comp-vis/dataset/datasets--everettshen--StreetView360AtoZ/snapshots/f0b9ffb20c4dc68d4422db97b7da7b577970650e/data/126_fPrX_fEJt2Sx9VMdeFKEGQ_-37.18104485_142.88012637.jpg,68.51,clear,2026-04-13T17:09:48
/home/alex/Desktop/school/comp-vis/dataset/datasets--everettshen--StreetView360AtoZ/snapshots/f0b9ffb20c4dc68d4422db97b7da7b577970650e/data/756_93VVkWcM2Q7BBKaPKYuQ8w_17.64217576_-101.54421764.jpg,75.13,clear,2026-04-13T17:09:52
/home/alex/Desktop/school/comp-vis/dataset/datasets--everettshen--StreetView360AtoZ/snapshots/f0b9ffb20c4dc68d4422db97b7da7b577970650e/data/239_hrEfHMA_jlWK1buldqFUmQ_42.24956973_14.13562257.jpg,46.28,clear,2026-04-13T17:09:54
/home/alex/Desktop/school/comp-vis/dataset/datasets--everettshen--StreetView360AtoZ/snapshots/f0b9ffb20c4dc68d4422db97b7da7b577970650e/data/2335_N2W442J8TOLa4v9LybQfUw_57.13168214_65.54744073.jpg,42.37,clear,2026-04-13T17:09:58
/home/alex/Desktop/school/comp-vis/dataset/datasets--everettshen--StreetView360AtoZ/snapshots/f0b9ffb20c4dc68d4422db97b7da7b577970650e/data/611_cQSm_SU4N09CQf6jbaRnyQ_54.60581006_17.88214820.jpg,38.16,clear,2026-04-13T17:09:59
/home/alex/Desktop/school/comp-vis/dataset/datasets--everettshen--StreetView360AtoZ/snapshots/f0b9ffb20c4dc68d4422db97b7da7b577970650e/data/1872_WrF-ujwOZfAYGPz1MhVOcw_-33.25431365_-68.14897311.jpg,58.90,clear,2026-04-13T17:10:00
/home/alex/Desktop/school/comp-vis/dataset/datasets--everettshen--StreetView360AtoZ/snapshots/f0b9ffb20c4dc68d4422db97b7da7b577970650e/data/187_VNu2W7IWUg-QAtTsPXWXvQ_55.26522245_26.51180072.jpg,47.48,clear,2026-04-13T17:10:01
/home/alex/Desktop/school/comp-vis/dataset/datasets--everettshen--StreetView360AtoZ/snapshots/f0b9ffb20c4dc68d4422db97b7da7b577970650e/data/1970_t0e5lYGAQMPP8dVVHEuO5w_21.86868873_-102.68754487.jpg,38.46,clear,2026-04-13T17:10:04
/home/alex/Desktop/school/comp-vis/dataset/datasets--everettshen--StreetView360AtoZ/snapshots/f0b9ffb20c4dc68d4422db97b7da7b577970650e/data/2849_0SwghVi4M5MaaXLy9hqMCg_35.01650490_25.06630139.jpg,58.60,clear,2026-04-13T17:10:07
/home/alex/Desktop/school/comp-vis/dataset/datasets--everettshen--StreetView360AtoZ/snapshots/f0b9ffb20c4dc68d4422db97b7da7b577970650e/data/3289_OZMWXI5LlkogxKZFDl0xew_56.10885674_86.04363118.jpg,59.20,clear,2026-04-13T17:10:11
/home/alex/Desktop/school/comp-vis/dataset/datasets--everettshen--StreetView360AtoZ/snapshots/f0b9ffb20c4dc68d4422db97b7da7b577970650e/data/558_rfCHGQIXQgysYpDBtw_GEw_14.75636994_121.65535124.jpg,52.59,clear,2026-04-13T17:10:15
/home/alex/Desktop/school/comp-vis/dataset/datasets--everettshen--StreetView360AtoZ/snapshots/f0b9ffb20c4dc68d4422db97b7da7b577970650e/data/1372_1po98ZjU9XieNKEb4nDpFw_-33.58332446_-71.49997492.jpg,51.69,clear,2026-04-13T17:10:21
/home/alex/Desktop/school/comp-vis/dataset/datasets--everettshen--StreetView360AtoZ/snapshots/f0b9ffb20c4dc68d4422db97b7da7b577970650e/data/1152_35N6-xquiKu3kHmbg8AM0g_39.66461018_31.30555874.jpg,42.07,clear,2026-04-13T17:10:26
/home/alex/Desktop/school/comp-vis/dataset/datasets--everettshen--StreetView360AtoZ/snapshots/f0b9ffb20c4dc68d4422db97b7da7b577970650e/data/493_QUwkcXuP1LNhjhVNCC7N9w_45.71640323_7.13283125.jpg,35.76,clear,2026-04-13T17:10:28
/home/alex/Desktop/school/comp-vis/dataset/datasets--everettshen--StreetView360AtoZ/snapshots/f0b9ffb20c4dc68d4422db97b7da7b577970650e/data/2210_6yVCtBHhKfQU5iLTKhYS6A_48.67423880_-114.76996089.jpg,54.69,clear,2026-04-13T17:10:29
/home/alex/Desktop/school/comp-vis/dataset/datasets--everettshen--StreetView360AtoZ/snapshots/f0b9ffb20c4dc68d4422db97b7da7b577970650e/data/2399_4-b3fO-kLquS9FWs8ylRXg_49.17417973_1.33599306.jpg,51.99,clear,2026-04-13T17:10:30
/home/alex/Desktop/school/comp-vis/dataset/datasets--everettshen--StreetView360AtoZ/snapshots/f0b9ffb20c4dc68d4422db97b7da7b577970650e/data/860_tBgcAGz2Wy1vXBodXqn59g_19.11140281_84.68094273.jpg,45.68,clear,2026-04-13T17:10:34
/home/alex/Desktop/school/comp-vis/dataset/datasets--everettshen--StreetView360AtoZ/snapshots/f0b9ffb20c4dc68d4422db97b7da7b577970650e/data/582_7ba0kIeHae5L70uQzcBjfg_8.97324362_-75.86238687.jpg,47.48,clear,2026-04-13T17:10:37
/home/alex/Desktop/school/comp-vis/dataset/datasets--everettshen--StreetView360AtoZ/snapshots/f0b9ffb20c4dc68d4422db97b7da7b577970650e/data/222_LtURge2d6fJ3TGMgIHUoRA_59.48971551_10.31476388.jpg,44.47,clear,2026-04-13T17:10:42
/home/alex/Desktop/school/comp-vis/dataset/datasets--everettshen--StreetView360AtoZ/snapshots/f0b9ffb20c4dc68d4422db97b7da7b577970650e/data/51_aAP7F4InglcvVd6EMy0MZw_33.98430833_-104.67769019.jpg,25.54,clear,2026-04-13T17:10:44
/home/alex/Desktop/school/comp-vis/dataset/datasets--everettshen--StreetView360AtoZ/snapshots/f0b9ffb20c4dc68d4422db97b7da7b577970650e/data/891_MdgCAdrBgA_U1JdK1y5UrQ_46.21408243_2.02198968.jpg,48.38,clear,2026-04-13T17:10:46
/home/alex/Desktop/school/comp-vis/dataset/datasets--everettshen--StreetView360AtoZ/snapshots/f0b9ffb20c4dc68d4422db97b7da7b577970650e/data/1628_TMlVuslfaptj-Ep35okJNQ_42.96530972_47.49742722.jpg,34.86,clear,2026-04-13T17:10:47
/home/alex/Desktop/school/comp-vis/dataset/datasets--everettshen--StreetView360AtoZ/snapshots/f0b9ffb20c4dc68d4422db97b7da7b577970650e/data/3231_-UrtZusYV8TwRznE-X4TzQ_48.04993965_-118.98472153.jpg,31.85,clear,2026-04-13T17:10:57
/home/alex/Desktop/school/comp-vis/dataset/datasets--everettshen--StreetView360AtoZ/snapshots/f0b9ffb20c4dc68d4422db97b7da7b577970650e/data/722_fAfev_KH8SgcYIGi74SaQQ_46.14795315_-103.14302360.jpg,11.12,clear,2026-04-13T17:11:00
/home/alex/Desktop/school/comp-vis/dataset/datasets--everettshen--StreetView360AtoZ/snapshots/f0b9ffb20c4dc68d4422db97b7da7b577970650e/data/1412_q6yHUvq-ILnrDOHYy8Z3ug_46.95510930_-112.68123870.jpg,44.47,clear,2026-04-13T17:11:04
/home/alex/Desktop/school/comp-vis/dataset/datasets--everettshen--StreetView360AtoZ/snapshots/f0b9ffb20c4dc68d4422db97b7da7b577970650e/data/1043_1X_pBCP3a3aJQG617a8q5A_46.21420434_-0.55239215.jpg,37.86,clear,2026-04-13T17:11:05
/home/alex/Desktop/school/comp-vis/dataset/datasets--everettshen--StreetView360AtoZ/snapshots/f0b9ffb20c4dc68d4422db97b7da7b577970650e/data/573_nE7TIzpBRDp4FSkj3Yrw7w_59.10457300_9.65572503.jpg,31.55,clear,2026-04-13T17:11:07
/home/alex/Desktop/school/comp-vis/dataset/datasets--everettshen--StreetView360AtoZ/snapshots/f0b9ffb20c4dc68d4422db97b7da7b577970650e/data/1252_TcSbfoH7E-DaGMPRwCMvxg_46.53533309_-117.24520898.jpg,18.03,clear,2026-04-13T17:11:12
/home/alex/Desktop/school/comp-vis/dataset/datasets--everettshen--StreetView360AtoZ/snapshots/f0b9ffb20c4dc68d4422db97b7da7b577970650e/data/495_nIn3KpeB74Grny1ctnExGA_41.81686823_15.78397490.jpg,56.79,clear,2026-04-13T17:11:14
/home/alex/Desktop/school/comp-vis/dataset/datasets--everettshen--StreetView360AtoZ/snapshots/f0b9ffb20c4dc68d4422db97b7da7b577970650e/data/3394_M8w8NFKo6qJ4jvy3YgJqaQ_-26.68998970_-53.25189732.jpg,40.87,clear,2026-04-13T17:11:16
/home/alex/Desktop/school/comp-vis/dataset/datasets--everettshen--StreetView360AtoZ/snapshots/f0b9ffb20c4dc68d4422db97b7da7b577970650e/data/1754_yu8CK3kWNidDam-wdLJk1w_50.51697715_-116.03664674.jpg,51.99,clear,2026-04-13T17:11:18
/home/alex/Desktop/school/comp-vis/dataset/datasets--everettshen--StreetView360AtoZ/snapshots/f0b9ffb20c4dc68d4422db97b7da7b577970650e/data/456_prT54NObTgtN81iUYUo8Zw_51.87715293_19.04867918.jpg,58.30,clear,2026-04-13T17:11:24
/home/alex/Desktop/school/comp-vis/dataset/datasets--everettshen--StreetView360AtoZ/snapshots/f0b9ffb20c4dc68d4422db97b7da7b577970650e/data/442_NG-g79EJ1h0PeKNj7bHgSg_45.79370720_11.23996042.jpg,53.49,clear,2026-04-13T17:11:26
/home/alex/Desktop/school/comp-vis/dataset/datasets--everettshen--StreetView360AtoZ/snapshots/f0b9ffb20c4dc68d4422db97b7da7b577970650e/data/2356_jZvoNgclxlbikUEgrEE4Ag_44.31306423_-84.06767747.jpg,28.85,clear,2026-04-13T17:11:28
/home/alex/Desktop/school/comp-vis/dataset/datasets--everettshen--StreetView360AtoZ/snapshots/f0b9ffb20c4dc68d4422db97b7da7b577970650e/data/38_2oioqQV77JXgZyn5puKBXA_37.84413894_-90.60851036.jpg,59.80,clear,2026-04-13T17:11:29
/home/alex/Desktop/school/comp-vis/dataset/datasets--everettshen--StreetView360AtoZ/snapshots/f0b9ffb20c4dc68d4422db97b7da7b577970650e/data/2476_BckrFNkQxJOiq0AXmer07g_45.06620484_-64.58167437.jpg,49.58,clear,2026-04-13T17:11:30
/home/alex/Desktop/school/comp-vis/dataset/datasets--everettshen--StreetView360AtoZ/snapshots/f0b9ffb20c4dc68d4422db97b7da7b577970650e/data/2511_I5YsajLnXrdf__9tMR67pA_35.10950974_-82.03653368.jpg,42.07,clear,2026-04-13T17:11:34
/home/alex/Desktop/school/comp-vis/dataset/datasets--everettshen--StreetView360AtoZ/snapshots/f0b9ffb20c4dc68d4422db97b7da7b577970650e/data/771_ruwVMvS9nOfs8Zr_RWr1NQ_41.81969083_-6.61951782.jpg,59.20,clear,2026-04-13T17:11:36
/home/alex/Desktop/school/comp-vis/dataset/datasets--everettshen--StreetView360AtoZ/snapshots/f0b9ffb20c4dc68d4422db97b7da7b577970650e/data/761_lMZiIcurI2qXGPoUWDHV8A_49.70241461_-1.84321128.jpg,32.45,clear,2026-04-13T17:11:40
/home/alex/Desktop/school/comp-vis/dataset/datasets--everettshen--StreetView360AtoZ/snapshots/f0b9ffb20c4dc68d4422db97b7da7b577970650e/data/657_Xocc1NJCFtFJPfYvVz4ZZQ_47.16334546_-98.90698539.jpg,22.24,clear,2026-04-13T17:11:42
/home/alex/Desktop/school/comp-vis/dataset/datasets--everettshen--StreetView360AtoZ/snapshots/f0b9ffb20c4dc68d4422db97b7da7b577970650e/data/1645_Pr7nYxbTSkSEc089f5WoaQ_19.69900769_-99.17166308.jpg,42.07,clear,2026-04-13T17:11:43
/home/alex/Desktop/school/comp-vis/dataset/datasets--everettshen--StreetView360AtoZ/snapshots/f0b9ffb20c4dc68d4422db97b7da7b577970650e/data/1645_Pr7nYxbTSkSEc089f5WoaQ_19.69900769_-99.17166308.jpg,42.07,clear,2026-04-13T17:11:43
/home/alex/Desktop/school/comp-vis/dataset/datasets--everettshen--StreetView360AtoZ/snapshots/f0b9ffb20c4dc68d4422db97b7da7b577970650e/data/2299_ncNmTYsO5GR7DobVJonUxw_-6.91565385_113.89377034.jpg,38.76,clear,2026-04-13T17:11:47
/home/alex/Desktop/school/comp-vis/dataset/datasets--everettshen--StreetView360AtoZ/snapshots/f0b9ffb20c4dc68d4422db97b7da7b577970650e/data/882_BOYkjs9VI7bYIn6zHhzZFQ_34.20869533_-80.10224876.jpg,9.92,clear,2026-04-13T17:11:52
/home/alex/Desktop/school/comp-vis/dataset/datasets--everettshen--StreetView360AtoZ/snapshots/f0b9ffb20c4dc68d4422db97b7da7b577970650e/data/981_VxZC9LH8hyJk84KfsttQzw_47.59958709_38.86690966.jpg,37.26,clear,2026-04-13T17:11:54
/home/alex/Desktop/school/comp-vis/dataset/datasets--everettshen--StreetView360AtoZ/snapshots/f0b9ffb20c4dc68d4422db97b7da7b577970650e/data/173_O9748RteXQoAV7jT0nV0Uw_9.00273645_125.17529708.jpg,64.91,clear,2026-04-13T17:11:55
/home/alex/Desktop/school/comp-vis/dataset/datasets--everettshen--StreetView360AtoZ/snapshots/f0b9ffb20c4dc68d4422db97b7da7b577970650e/data/1948_JtDsDVxTuYnxfKp1QGP3jA_57.46697180_-4.41636616.jpg,40.27,clear,2026-04-13T17:11:57
/home/alex/Desktop/school/comp-vis/dataset/datasets--everettshen--StreetView360AtoZ/snapshots/f0b9ffb20c4dc68d4422db97b7da7b577970650e/data/176_X8ID8oDuQ4pHWxjkXONpeQ_46.28125752_-89.14864942.jpg,23.44,clear,2026-04-13T17:12:04
/home/alex/Desktop/school/comp-vis/dataset/datasets--everettshen--StreetView360AtoZ/snapshots/f0b9ffb20c4dc68d4422db97b7da7b577970650e/data/1497_RLKXhPwUzhQ72N8L7IzoHQ_47.93297023_14.65011833.jpg,21.34,clear,2026-04-13T17:12:08
/home/alex/Desktop/school/comp-vis/dataset/datasets--everettshen--StreetView360AtoZ/snapshots/f0b9ffb20c4dc68d4422db97b7da7b577970650e/data/1969_fzlm5VGd7oVi2f4Ld6OREA_39.08586279_21.83545516.jpg,26.74,clear,2026-04-13T17:12:10
/home/alex/Desktop/school/comp-vis/dataset/datasets--everettshen--StreetView360AtoZ/snapshots/f0b9ffb20c4dc68d4422db97b7da7b577970650e/data/2612_jB1ueW4ugEyBOpsvYQa11w_-11.34250297_-49.26904149.jpg,62.80,clear,2026-04-13T17:12:12
/home/alex/Desktop/school/comp-vis/dataset/datasets--everettshen--StreetView360AtoZ/snapshots/f0b9ffb20c4dc68d4422db97b7da7b577970650e/data/1273_s5sgz3wAuxjiOF-oh8DF2w_38.21388167_15.34592932.jpg,67.31,clear,2026-04-13T17:12:15
/home/alex/Desktop/school/comp-vis/dataset/datasets--everettshen--StreetView360AtoZ/snapshots/f0b9ffb20c4dc68d4422db97b7da7b577970650e/data/1469_L_r8qvthcZ8lqEwDJD3YCQ_-37.11120794_175.29638086.jpg,37.26,clear,2026-04-13T17:12:21
/home/alex/Desktop/school/comp-vis/dataset/datasets--everettshen--StreetView360AtoZ/snapshots/f0b9ffb20c4dc68d4422db97b7da7b577970650e/data/1272_2BVfOZ5Yg7GUW6RZ4CzvzA_62.98737497_21.96445007.jpg,33.36,clear,2026-04-13T17:12:24
/home/alex/Desktop/school/comp-vis/dataset/datasets--everettshen--StreetView360AtoZ/snapshots/f0b9ffb20c4dc68d4422db97b7da7b577970650e/data/1467_ry3fGRZKp2mPfFMilct8kw_-34.08341518_20.09632728.jpg,51.69,clear,2026-04-13T17:12:25
/home/alex/Desktop/school/comp-vis/dataset/datasets--everettshen--StreetView360AtoZ/snapshots/f0b9ffb20c4dc68d4422db97b7da7b577970650e/data/55_B_jtJ_kFyN4qdaLdZchLgw_-13.54181025_-58.82024468.jpg,63.71,clear,2026-04-13T17:12:27
/home/alex/Desktop/school/comp-vis/dataset/datasets--everettshen--StreetView360AtoZ/snapshots/f0b9ffb20c4dc68d4422db97b7da7b577970650e/data/839_kDtWEWyaEecihuused_dig_16.51910243_79.90810733.jpg,38.76,clear,2026-04-13T17:12:28
/home/alex/Desktop/school/comp-vis/dataset/datasets--everettshen--StreetView360AtoZ/snapshots/f0b9ffb20c4dc68d4422db97b7da7b577970650e/data/2756_1po98ZjU9XieNKEb4nDpFw_-33.58332446_-71.49997492.jpg,51.69,clear,2026-04-13T17:12:29
/home/alex/Desktop/school/comp-vis/dataset/datasets--everettshen--StreetView360AtoZ/snapshots/f0b9ffb20c4dc68d4422db97b7da7b577970650e/data/2545_yeFTcywgE2w5LyvdkThImg_50.96872155_8.04336466.jpg,54.99,clear,2026-04-13T17:12:31
/home/alex/Desktop/school/comp-vis/dataset/datasets--everettshen--StreetView360AtoZ/snapshots/f0b9ffb20c4dc68d4422db97b7da7b577970650e/data/1916_Rw9949drOqe98mlR5aaMJw_47.53960013_25.81122068.jpg,28.25,clear,2026-04-13T17:12:33
/home/alex/Desktop/school/comp-vis/dataset/datasets--everettshen--StreetView360AtoZ/snapshots/f0b9ffb20c4dc68d4422db97b7da7b577970650e/data/629_3rEGLMAYcSjtIO7rhAxKVQ_47.36851169_24.67141928.jpg,50.48,clear,2026-04-13T17:12:36
/home/alex/Desktop/school/comp-vis/dataset/datasets--everettshen--StreetView360AtoZ/snapshots/f0b9ffb20c4dc68d4422db97b7da7b577970650e/data/882_3_sMZOr1yPnHKZOHwEzpBQ_16.04626829_103.49507566.jpg,47.48,clear,2026-04-13T17:12:37
/home/alex/Desktop/school/comp-vis/dataset/datasets--everettshen--StreetView360AtoZ/snapshots/f0b9ffb20c4dc68d4422db97b7da7b577970650e/data/2980_A6ldywrW1yhoOyreRFmtJw_40.84232665_-73.02639165.jpg,44.47,clear,2026-04-13T17:12:38
/home/alex/Desktop/school/comp-vis/dataset/datasets--everettshen--StreetView360AtoZ/snapshots/f0b9ffb20c4dc68d4422db97b7da7b577970650e/data/1097_LjsxjYHOXQSmCEG3gbyl0A_31.79686890_-88.23749968.jpg,71.52,clear,2026-04-13T17:12:41
/home/alex/Desktop/school/comp-vis/dataset/datasets--everettshen--StreetView360AtoZ/snapshots/f0b9ffb20c4dc68d4422db97b7da7b577970650e/data/3389_fgw8enMFRL8mI9TSHkdN8g_47.61957489_34.59292473.jpg,51.99,clear,2026-04-13T17:12:42
/home/alex/Desktop/school/comp-vis/dataset/datasets--everettshen--StreetView360AtoZ/snapshots/f0b9ffb20c4dc68d4422db97b7da7b577970650e/data/990_bjjuxSdI-NpxOVHZhyZ8ZQ_-34.33480023_-53.79533930.jpg,51.39,clear,2026-04-13T17:12:43
/home/alex/Desktop/school/comp-vis/dataset/datasets--everettshen--StreetView360AtoZ/snapshots/f0b9ffb20c4dc68d4422db97b7da7b577970650e/data/943_oFO2M7fOifS_vMgKBZmZdQ_21.37382132_74.85650134.jpg,57.70,clear,2026-04-13T17:12:45
/home/alex/Desktop/school/comp-vis/dataset/datasets--everettshen--StreetView360AtoZ/snapshots/f0b9ffb20c4dc68d4422db97b7da7b577970650e/data/119_5xNeg4jWTJ1CvHjde34Csg_8.65854509_117.62150715.jpg,61.00,clear,2026-04-13T17:12:50
/home/alex/Desktop/school/comp-vis/dataset/datasets--everettshen--StreetView360AtoZ/snapshots/f0b9ffb20c4dc68d4422db97b7da7b577970650e/data/2028_0WTnxbStLxDheddURhyNHQ_41.78003211_-98.67859197.jpg,35.76,clear,2026-04-13T17:12:55
/home/alex/Desktop/school/comp-vis/dataset/datasets--everettshen--StreetView360AtoZ/snapshots/f0b9ffb20c4dc68d4422db97b7da7b577970650e/data/2427_1D48hJ4h1psj0jK4elIYqw_2.17902509_-74.77751227.jpg,80.23,clear,2026-04-13T17:13:02
/home/alex/Desktop/school/comp-vis/dataset/datasets--everettshen--StreetView360AtoZ/snapshots/f0b9ffb20c4dc68d4422db97b7da7b577970650e/data/2055_dnwLGAgYKnZqdKn1lasbNg_52.16022815_107.49743929.jpg,57.10,clear,2026-04-13T17:13:03
/home/alex/Desktop/school/comp-vis/dataset/datasets--everettshen--StreetView360AtoZ/snapshots/f0b9ffb20c4dc68d4422db97b7da7b577970650e/data/986_g_XZ0KjJqMHALSpM6a4qdw_42.86164706_-8.90241124.jpg,35.16,clear,2026-04-13T17:13:07
/home/alex/Desktop/school/comp-vis/dataset/datasets--everettshen--StreetView360AtoZ/snapshots/f0b9ffb20c4dc68d4422db97b7da7b577970650e/data/1325_YH0UqdQUSuOw9noC1BtYyA_50.41630912_25.76697739.jpg,62.20,clear,2026-04-13T17:13:08
/home/alex/Desktop/school/comp-vis/dataset/datasets--everettshen--StreetView360AtoZ/snapshots/f0b9ffb20c4dc68d4422db97b7da7b577970650e/data/285_OWbNu225gPlKLq7Bpdu6UA_43.16698000_-79.25079794.jpg,49.88,clear,2026-04-13T17:13:10
/home/alex/Desktop/school/comp-vis/dataset/datasets--everettshen--StreetView360AtoZ/snapshots/f0b9ffb20c4dc68d4422db97b7da7b577970650e/data/2718_jtiXTk3vlQ1otRUKHQwLNA_37.00009644_-121.52628174.jpg,48.98,clear,2026-04-13T17:13:11
/home/alex/Desktop/school/comp-vis/dataset/datasets--everettshen--StreetView360AtoZ/snapshots/f0b9ffb20c4dc68d4422db97b7da7b577970650e/data/1857_Ob2XC_JEb8sUI3MhCncmqw_32.13518217_-89.40268513.jpg,55.89,clear,2026-04-13T17:13:13
/home/alex/Desktop/school/comp-vis/dataset/datasets--everettshen--StreetView360AtoZ/snapshots/f0b9ffb20c4dc68d4422db97b7da7b577970650e/data/627_0BMr8lRYvX1QYDeqJX3hNg_39.84217769_32.53952995.jpg,36.06,clear,2026-04-13T17:13:15
/home/alex/Desktop/school/comp-vis/dataset/datasets--everettshen--StreetView360AtoZ/snapshots/f0b9ffb20c4dc68d4422db97b7da7b577970650e/data/2521_t9n7uOls2a29l8ghx0aMzA_-24.53245102_-53.74335694.jpg,49.88,clear,2026-04-13T17:13:16
/home/alex/Desktop/school/comp-vis/dataset/datasets--everettshen--StreetView360AtoZ/snapshots/f0b9ffb20c4dc68d4422db97b7da7b577970650e/data/425_Ytlf5F4X3x6ovC6og8EMwQ_36.64009706_23.01954474.jpg,35.16,clear,2026-04-13T17:13:26
/home/alex/Desktop/school/comp-vis/dataset/datasets--everettshen--StreetView360AtoZ/snapshots/f0b9ffb20c4dc68d4422db97b7da7b577970650e/data/2570_mnsWlhBo6sosevxqZrfZEg_43.90833628_1.45558831.jpg,37.56,clear,2026-04-13T17:13:27
/home/alex/Desktop/school/comp-vis/dataset/datasets--everettshen--StreetView360AtoZ/snapshots/f0b9ffb20c4dc68d4422db97b7da7b577970650e/data/1618_jwud1_GDUYjmlUjNZ7OjOg_16.55896539_104.69514760.jpg,45.08,clear,2026-04-13T17:13:29
/home/alex/Desktop/school/comp-vis/dataset/datasets--everettshen--StreetView360AtoZ/snapshots/f0b9ffb20c4dc68d4422db97b7da7b577970650e/data/95_zD-NzaR7gE8dZRKDirE1Ag_-42.81934625_147.81003615.jpg,58.00,clear,2026-04-13T17:13:31
/home/alex/Desktop/school/comp-vis/dataset/datasets--everettshen--StreetView360AtoZ/snapshots/f0b9ffb20c4dc68d4422db97b7da7b577970650e/data/3226_qVq33DE6fhI-YLLmbfuBEQ_63.28521882_30.06997115.jpg,33.36,clear,2026-04-13T17:13:32
/home/alex/Desktop/school/comp-vis/dataset/datasets--everettshen--StreetView360AtoZ/snapshots/f0b9ffb20c4dc68d4422db97b7da7b577970650e/data/1440_f7Feq87NYHRXtfxKK0GqSA_16.11789656_121.85992025.jpg,76.33,clear,2026-04-13T17:13:38
/home/alex/Desktop/school/comp-vis/dataset/datasets--everettshen--StreetView360AtoZ/snapshots/f0b9ffb20c4dc68d4422db97b7da7b577970650e/data/352_tklRnyz_NTwT07CH0Oi1hw_-23.76758777_-52.44411736.jpg,67.01,clear,2026-04-13T17:13:39
/home/alex/Desktop/school/comp-vis/dataset/datasets--everettshen--StreetView360AtoZ/snapshots/f0b9ffb20c4dc68d4422db97b7da7b577970650e/data/1195_Jo6t6eB9iX3jzdyIGep0iQ_42.09712378_-79.23654269.jpg,52.29,clear,2026-04-13T17:13:40
/home/alex/Desktop/school/comp-vis/dataset/datasets--everettshen--StreetView360AtoZ/snapshots/f0b9ffb20c4dc68d4422db97b7da7b577970650e/data/2821_mHanUZgvY8JjZCHa3Ds9Ew_56.46425033_14.08356621.jpg,45.68,clear,2026-04-13T17:13:41
/home/alex/Desktop/school/comp-vis/dataset/datasets--everettshen--StreetView360AtoZ/snapshots/f0b9ffb20c4dc68d4422db97b7da7b577970650e/data/1741_R8UFKB98JhuyLUCEOLdnOg_18.89922287_100.31221214.jpg,52.89,clear,2026-04-13T17:13:43
/home/alex/Desktop/school/comp-vis/dataset/datasets--everettshen--StreetView360AtoZ/snapshots/f0b9ffb20c4dc68d4422db97b7da7b577970650e/data/885_kSiMgFAtuvBneU6tM4dyHg_39.94927215_-80.75409026.jpg,71.22,clear,2026-04-13T17:13:49
/home/alex/Desktop/school/comp-vis/dataset/datasets--everettshen--StreetView360AtoZ/snapshots/f0b9ffb20c4dc68d4422db97b7da7b577970650e/data/2792_jllgoD0MvxUU2uhwEgRWRQ_38.52460843_-98.53695790.jpg,65.51,clear,2026-04-13T17:13:58
/home/alex/Desktop/school/comp-vis/dataset/datasets--everettshen--StreetView360AtoZ/snapshots/f0b9ffb20c4dc68d4422db97b7da7b577970650e/data/2879_f5kQKPGtknnPsoDIxU-9mA_45.39425181_-92.81705752.jpg,37.26,clear,2026-04-13T17:14:01
/home/alex/Desktop/school/comp-vis/dataset/datasets--everettshen--StreetView360AtoZ/snapshots/f0b9ffb20c4dc68d4422db97b7da7b577970650e/data/2663_ZKL2yimzFiZfC8iFSf12cg_45.85584065_-69.21740831.jpg,46.58,clear,2026-04-13T17:14:03
/home/alex/Desktop/school/comp-vis/dataset/datasets--everettshen--StreetView360AtoZ/snapshots/f0b9ffb20c4dc68d4422db97b7da7b577970650e/data/1480_gR5_M1RSwdGWCdcEGNMCTw_57.86666640_26.34421661.jpg,53.49,clear,2026-04-13T17:14:06
/home/alex/Desktop/school/comp-vis/dataset/datasets--everettshen--StreetView360AtoZ/snapshots/f0b9ffb20c4dc68d4422db97b7da7b577970650e/data/2319_zYGYU5jw83idJK7CnE60uw_32.73075504_-100.91212275.jpg,33.96,clear,2026-04-13T17:14:15
/home/alex/Desktop/school/comp-vis/dataset/datasets--everettshen--StreetView360AtoZ/snapshots/f0b9ffb20c4dc68d4422db97b7da7b577970650e/data/2677_cWnC55GKOSrFTptySAk3uA_52.31006910_-114.09947897.jpg,22.24,clear,2026-04-13T17:14:16
/home/alex/Desktop/school/comp-vis/dataset/datasets--everettshen--StreetView360AtoZ/snapshots/f0b9ffb20c4dc68d4422db97b7da7b577970650e/data/1428_PDbENFacnLVjrYHn2fw9mg_48.78342989_-87.09992171.jpg,64.91,clear,2026-04-13T17:14:17
/home/alex/Desktop/school/comp-vis/dataset/datasets--everettshen--StreetView360AtoZ/snapshots/f0b9ffb20c4dc68d4422db97b7da7b577970650e/data/2666_B3HpLrBkVoSEYCyCiXw_Lw_29.06235969_79.53187081.jpg,60.40,clear,2026-04-13T17:14:18
/home/alex/Desktop/school/comp-vis/dataset/datasets--everettshen--StreetView360AtoZ/snapshots/f0b9ffb20c4dc68d4422db97b7da7b577970650e/data/1797_4fXUA9pOCLm2JEVBp7mpiQ_35.18250141_-101.00860898.jpg,41.77,clear,2026-04-13T17:14:19
/home/alex/Desktop/school/comp-vis/dataset/datasets--everettshen--StreetView360AtoZ/snapshots/f0b9ffb20c4dc68d4422db97b7da7b577970650e/data/365_lvoYRtNqOpgO0DUA2BHhIA_44.62895342_21.19541140.jpg,46.28,clear,2026-04-13T17:14:23
/home/alex/Desktop/school/comp-vis/dataset/datasets--everettshen--StreetView360AtoZ/snapshots/f0b9ffb20c4dc68d4422db97b7da7b577970650e/data/659_NVv524GBQvjjEFcsebR4-Q_49.98605797_10.67366344.jpg,45.98,clear,2026-04-13T17:14:25
/home/alex/Desktop/school/comp-vis/dataset/datasets--everettshen--StreetView360AtoZ/snapshots/f0b9ffb20c4dc68d4422db97b7da7b577970650e/data/603_9lRHLPrJAwVdDdOPF1A0uA_36.44421727_-103.19035475.jpg,37.86,clear,2026-04-13T17:14:26
/home/alex/Desktop/school/comp-vis/dataset/datasets--everettshen--StreetView360AtoZ/snapshots/f0b9ffb20c4dc68d4422db97b7da7b577970650e/data/3176_oDWlHnGQRz8atSqFnQvskQ_-33.39630937_25.54701243.jpg,37.56,clear,2026-04-13T17:14:29
/home/alex/Desktop/school/comp-vis/dataset/datasets--everettshen--StreetView360AtoZ/snapshots/f0b9ffb20c4dc68d4422db97b7da7b577970650e/data/673_6vjBB7uBE7-2Q285sl-VBw_54.84736189_9.41507088.jpg,41.77,clear,2026-04-13T17:14:30
/home/alex/Desktop/school/comp-vis/dataset/datasets--everettshen--StreetView360AtoZ/snapshots/f0b9ffb20c4dc68d4422db97b7da7b577970650e/data/1816_3aD1p6xqrEqFbrCVibKaMQ_50.78628468_10.99399752.jpg,43.87,clear,2026-04-13T17:14:40
/home/alex/Desktop/school/comp-vis/dataset/datasets--everettshen--StreetView360AtoZ/snapshots/f0b9ffb20c4dc68d4422db97b7da7b577970650e/data/2327_wXiMo-zBNHEydQ_KCzFLVg_11.74349152_11.96265443.jpg,23.14,clear,2026-04-13T17:14:48
/home/alex/Desktop/school/comp-vis/dataset/datasets--everettshen--StreetView360AtoZ/snapshots/f0b9ffb20c4dc68d4422db97b7da7b577970650e/data/1309_Bk3tamzic08L2mlws6zkMQ_27.08116491_74.57008456.jpg,45.08,clear,2026-04-13T17:14:49
/home/alex/Desktop/school/comp-vis/dataset/datasets--everettshen--StreetView360AtoZ/snapshots/f0b9ffb20c4dc68d4422db97b7da7b577970650e/data/2143_ONYGjg7TiA79RI1dn3-GzA_54.85409118_34.75336285.jpg,48.98,clear,2026-04-13T17:14:51
/home/alex/Desktop/school/comp-vis/dataset/datasets--everettshen--StreetView360AtoZ/snapshots/f0b9ffb20c4dc68d4422db97b7da7b577970650e/data/2951_00MreGJunlyuSftXhki11g_-6.89716433_106.14188227.jpg,61.60,clear,2026-04-13T17:14:53
/home/alex/Desktop/school/comp-vis/dataset/datasets--everettshen--StreetView360AtoZ/snapshots/f0b9ffb20c4dc68d4422db97b7da7b577970650e/data/215_4ptQGLS_kjFjrHDIE2APrA_39.32244774_26.69993689.jpg,35.16,clear,2026-04-13T17:14:54
/home/alex/Desktop/school/comp-vis/dataset/datasets--everettshen--StreetView360AtoZ/snapshots/f0b9ffb20c4dc68d4422db97b7da7b577970650e/data/1362_asGmIwuEtwaJD71lHwh7gg_-29.11949965_-59.64613916.jpg,19.53,clear,2026-04-13T17:14:56
/home/alex/Desktop/school/comp-vis/dataset/datasets--everettshen--StreetView360AtoZ/snapshots/f0b9ffb20c4dc68d4422db97b7da7b577970650e/data/2847_ljMs3U-TBUE7iaeI_XhE1g_34.28328679_-86.59525028.jpg,54.99,clear,2026-04-13T17:14:57
/home/alex/Desktop/school/comp-vis/dataset/datasets--everettshen--StreetView360AtoZ/snapshots/f0b9ffb20c4dc68d4422db97b7da7b577970650e/data/1579_mPziNZ9zkmh8uI9cQSXhtQ_31.22681430_-86.69140337.jpg,48.68,clear,2026-04-13T17:15:01
/home/alex/Desktop/school/comp-vis/dataset/datasets--everettshen--StreetView360AtoZ/snapshots/f0b9ffb20c4dc68d4422db97b7da7b577970650e/data/2295_DVM4wWu-PW78SiPJEDh7Uw_21.00103063_-87.68349743.jpg,52.29,clear,2026-04-13T17:15:02
/home/alex/Desktop/school/comp-vis/dataset/datasets--everettshen--StreetView360AtoZ/snapshots/f0b9ffb20c4dc68d4422db97b7da7b577970650e/data/2621_ANO5hyrOKfVutl7pyvCMIQ_39.63542469_-95.81137141.jpg,77.23,clear,2026-04-13T17:15:03
/home/alex/Desktop/school/comp-vis/dataset/datasets--everettshen--StreetView360AtoZ/snapshots/f0b9ffb20c4dc68d4422db97b7da7b577970650e/data/955_iPaF3iMpaHHwNQnCFEjbyQ_-23.06509387_-54.19058121.jpg,41.47,clear,2026-04-13T17:15:06
/home/alex/Desktop/school/comp-vis/dataset/datasets--everettshen--StreetView360AtoZ/snapshots/f0b9ffb20c4dc68d4422db97b7da7b577970650e/data/319_RG4g4TCRAqdpP4FzEn5-rg_37.55410432_25.14058497.jpg,36.36,clear,2026-04-13T17:15:07
/home/alex/Desktop/school/comp-vis/dataset/datasets--everettshen--StreetView360AtoZ/snapshots/f0b9ffb20c4dc68d4422db97b7da7b577970650e/data/1447_dmrL-6AgXUD_PKVSgomqFA_40.55056063_14.21691731.jpg,31.85,clear,2026-04-13T17:15:10
/home/alex/Desktop/school/comp-vis/dataset/datasets--everettshen--StreetView360AtoZ/snapshots/f0b9ffb20c4dc68d4422db97b7da7b577970650e/data/843_VFR9LTubj9efWCSUdRnN8w_19.19362698_84.24431845.jpg,35.46,clear,2026-04-13T17:15:13
/home/alex/Desktop/school/comp-vis/dataset/datasets--everettshen--StreetView360AtoZ/snapshots/f0b9ffb20c4dc68d4422db97b7da7b577970650e/data/350_X4W2jXQLyglpro2hvJfGuA_39.25778814_-81.61348003.jpg,39.37,clear,2026-04-13T17:15:15
/home/alex/Desktop/school/comp-vis/dataset/datasets--everettshen--StreetView360AtoZ/snapshots/f0b9ffb20c4dc68d4422db97b7da7b577970650e/data/1667_Am1h48dAPk49uTDOuzTrmg_50.40574529_4.20647913.jpg,62.50,clear,2026-04-13T17:15:16
/home/alex/Desktop/school/comp-vis/dataset/datasets--everettshen--StreetView360AtoZ/snapshots/f0b9ffb20c4dc68d4422db97b7da7b577970650e/data/529_w0JJEhp2IAzmXAShMeVylw_69.69219795_18.61887453.jpg,33.96,clear,2026-04-13T17:15:17
/home/alex/Desktop/school/comp-vis/dataset/datasets--everettshen--StreetView360AtoZ/snapshots/f0b9ffb20c4dc68d4422db97b7da7b577970650e/data/2323_ETTqe8EM50gEMWQaKMVmmQ_42.14251060_-7.06335256.jpg,72.72,clear,2026-04-13T17:15:22
/home/alex/Desktop/school/comp-vis/dataset/datasets--everettshen--StreetView360AtoZ/snapshots/f0b9ffb20c4dc68d4422db97b7da7b577970650e/data/1307_7QLTI0z4X6ZR8A9RH9_CmQ_35.29806643_-99.87664074.jpg,46.88,clear,2026-04-13T17:15:24
/home/alex/Desktop/school/comp-vis/dataset/datasets--everettshen--StreetView360AtoZ/snapshots/f0b9ffb20c4dc68d4422db97b7da7b577970650e/data/869_hv4BWp_8uuFPap_scr1QpA_-26.40085194_27.37764751.jpg,45.38,clear,2026-04-13T17:15:28
/home/alex/Desktop/school/comp-vis/dataset/datasets--everettshen--StreetView360AtoZ/snapshots/f0b9ffb20c4dc68d4422db97b7da7b577970650e/data/506_aBBb1kVkLbfMMZoEd5Vclg_35.15675341_-114.54627075.jpg,37.26,clear,2026-04-13T17:15:30
/home/alex/Desktop/school/comp-vis/dataset/datasets--everettshen--StreetView360AtoZ/snapshots/f0b9ffb20c4dc68d4422db97b7da7b577970650e/data/2078_18GaRc1rf3PS2_zRcFy_Gg_30.62811406_-83.57327130.jpg,42.07,clear,2026-04-13T17:15:32
/home/alex/Desktop/school/comp-vis/dataset/datasets--everettshen--StreetView360AtoZ/snapshots/f0b9ffb20c4dc68d4422db97b7da7b577970650e/data/886_sNCIu2IQgVMfz4IoRduDBA_-33.36913912_19.31109689.jpg,44.47,clear,2026-04-13T17:15:35
/home/alex/Desktop/school/comp-vis/dataset/datasets--everettshen--StreetView360AtoZ/snapshots/f0b9ffb20c4dc68d4422db97b7da7b577970650e/data/374__JHvw8lGvVOrVFxCX8PRiQ_54.92680807_25.79343684.jpg,53.79,clear,2026-04-13T17:15:36
/home/alex/Desktop/school/comp-vis/dataset/datasets--everettshen--StreetView360AtoZ/snapshots/f0b9ffb20c4dc68d4422db97b7da7b577970650e/data/340_dPbCUA9JVLhxNAPAGuc0iw_34.37627852_136.47773991.jpg,26.14,clear,2026-04-13T17:15:38
/home/alex/Desktop/school/comp-vis/dataset/datasets--everettshen--StreetView360AtoZ/snapshots/f0b9ffb20c4dc68d4422db97b7da7b577970650e/data/3441_C6UC9czokxa1zNEhNTTHJA_46.09769985_-70.64940504.jpg,48.98,clear,2026-04-13T17:15:40
/home/alex/Desktop/school/comp-vis/dataset/datasets--everettshen--StreetView360AtoZ/snapshots/f0b9ffb20c4dc68d4422db97b7da7b577970650e/data/805_z91pbSt9Yq6POjthzcD5Gw_41.65043154_23.83325520.jpg,45.68,clear,2026-04-13T17:15:42
/home/alex/Desktop/school/comp-vis/dataset/datasets--everettshen--StreetView360AtoZ/snapshots/f0b9ffb20c4dc68d4422db97b7da7b577970650e/data/1822_H9-ssyP96a9jNq4MO7V22w_41.83534663_12.88904726.jpg,48.08,clear,2026-04-13T17:15:44
/home/alex/Desktop/school/comp-vis/dataset/datasets--everettshen--StreetView360AtoZ/snapshots/f0b9ffb20c4dc68d4422db97b7da7b577970650e/data/867_-P3oRixrz-xgCi53FLBt4w_42.24555755_18.90480901.jpg,68.81,clear,2026-04-13T17:15:48
/home/alex/Desktop/school/comp-vis/dataset/datasets--everettshen--StreetView360AtoZ/snapshots/f0b9ffb20c4dc68d4422db97b7da7b577970650e/data/2642_2pDZO1QTimTktTQ8Cd8yMg_41.45110415_-4.51995445.jpg,60.10,clear,2026-04-13T17:15:49
/home/alex/Desktop/school/comp-vis/dataset/datasets--everettshen--StreetView360AtoZ/snapshots/f0b9ffb20c4dc68d4422db97b7da7b577970650e/data/3036_beQ5B97l-OS2-_35stouqQ_13.57781420_124.22691908.jpg,63.41,clear,2026-04-13T17:15:52
/home/alex/Desktop/school/comp-vis/dataset/datasets--everettshen--StreetView360AtoZ/snapshots/f0b9ffb20c4dc68d4422db97b7da7b577970650e/data/405_7odwF2Yqebuu9hsYDH15gQ_-38.36968361_146.69800389.jpg,53.79,clear,2026-04-13T17:15:53
/home/alex/Desktop/school/comp-vis/dataset/datasets--everettshen--StreetView360AtoZ/snapshots/f0b9ffb20c4dc68d4422db97b7da7b577970650e/data/1213_5-lh0MH-vbo6vb8bumSK_g_40.24301547_-109.01040402.jpg,50.48,clear,2026-04-13T17:15:56
/home/alex/Desktop/school/comp-vis/dataset/datasets--everettshen--StreetView360AtoZ/snapshots/f0b9ffb20c4dc68d4422db97b7da7b577970650e/data/1400_FIacZUUJv7sB-LEpmLoGdA_47.35325409_7.33834692.jpg,42.97,clear,2026-04-13T17:15:57
/home/alex/Desktop/school/comp-vis/dataset/datasets--everettshen--StreetView360AtoZ/snapshots/f0b9ffb20c4dc68d4422db97b7da7b577970650e/data/1661_8yQajtWGVBn1S4oUNtlmOg_35.33079976_-89.14773266.jpg,58.60,clear,2026-04-13T17:15:58
/home/alex/Desktop/school/comp-vis/dataset/datasets--everettshen--StreetView360AtoZ/snapshots/f0b9ffb20c4dc68d4422db97b7da7b577970650e/data/1539_bjjuxSdI-NpxOVHZhyZ8ZQ_-34.33480023_-53.79533930.jpg,51.69,clear,2026-04-13T17:16:01
/home/alex/Desktop/school/comp-vis/dataset/datasets--everettshen--StreetView360AtoZ/snapshots/f0b9ffb20c4dc68d4422db97b7da7b577970650e/data/1281_ZMhfgefypQuc1xBR68eNRQ_52.23442650_43.96169785.jpg,36.96,clear,2026-04-13T17:16:02
/home/alex/Desktop/school/comp-vis/dataset/datasets--everettshen--StreetView360AtoZ/snapshots/f0b9ffb20c4dc68d4422db97b7da7b577970650e/data/901_-FPTS_KKToiWDuI4Et5jkw_48.41647107_-71.24879482.jpg,49.58,clear,2026-04-13T17:16:06
/home/alex/Desktop/school/comp-vis/dataset/datasets--everettshen--StreetView360AtoZ/snapshots/f0b9ffb20c4dc68d4422db97b7da7b577970650e/data/648_lM22cnPCil4AuaEHt0STTg_35.13051495_-82.79209117.jpg,63.11,clear,2026-04-13T17:16:26
/home/alex/Desktop/school/comp-vis/dataset/datasets--everettshen--StreetView360AtoZ/snapshots/f0b9ffb20c4dc68d4422db97b7da7b577970650e/data/943_qR738wNlih8srWNsblDxWg_42.02133843_3.05141775.jpg,53.79,clear,2026-04-13T17:16:28
/home/alex/Desktop/school/comp-vis/dataset/datasets--everettshen--StreetView360AtoZ/snapshots/f0b9ffb20c4dc68d4422db97b7da7b577970650e/data/3439_FEEaD2kaucLMhuDDKaMp-Q_6.50822341_124.60031814.jpg,54.09,clear,2026-04-13T17:16:29
/home/alex/Desktop/school/comp-vis/dataset/datasets--everettshen--StreetView360AtoZ/snapshots/f0b9ffb20c4dc68d4422db97b7da7b577970650e/data/58_Uuhq25LrGRYDf7f0EZgj3g_55.41709548_86.11648819.jpg,39.97,clear,2026-04-13T17:16:31
/home/alex/Desktop/school/comp-vis/dataset/datasets--everettshen--StreetView360AtoZ/snapshots/f0b9ffb20c4dc68d4422db97b7da7b577970650e/data/2133_gcGF_B3GBkXtVuLKoPUa-w_38.26900441_22.02113538.jpg,52.59,clear,2026-04-13T17:16:33
/home/alex/Desktop/school/comp-vis/dataset/datasets--everettshen--StreetView360AtoZ/snapshots/f0b9ffb20c4dc68d4422db97b7da7b577970650e/data/3225_L9E84HNABLxqZCDMoDiKLg_54.31676974_-6.06656965.jpg,15.03,clear,2026-04-13T17:16:34
/home/alex/Desktop/school/comp-vis/dataset/datasets--everettshen--StreetView360AtoZ/snapshots/f0b9ffb20c4dc68d4422db97b7da7b577970650e/data/2669_YoVFKHuqtxZzdQuPz13c2g_-13.23100689_-70.75401799.jpg,65.21,clear,2026-04-13T17:16:37
/home/alex/Desktop/school/comp-vis/dataset/datasets--everettshen--StreetView360AtoZ/snapshots/f0b9ffb20c4dc68d4422db97b7da7b577970650e/data/2365_H2dlVtsNMRJzmuLo23XkbA_53.18309017_-0.58765200.jpg,53.49,clear,2026-04-13T17:16:39
/home/alex/Desktop/school/comp-vis/dataset/datasets--everettshen--StreetView360AtoZ/snapshots/f0b9ffb20c4dc68d4422db97b7da7b577970650e/data/3194_aG4VYVzpneVeQcDiRro_ug_49.12652429_-1.44142128.jpg,45.08,clear,2026-04-13T17:16:41
/home/alex/Desktop/school/comp-vis/dataset/datasets--everettshen--StreetView360AtoZ/snapshots/f0b9ffb20c4dc68d4422db97b7da7b577970650e/data/3007_oB0fzN6zR1ElZJoHeezpbA_15.80484913_121.15634545.jpg,11.72,clear,2026-04-13T17:16:43
/home/alex/Desktop/school/comp-vis/dataset/datasets--everettshen--StreetView360AtoZ/snapshots/f0b9ffb20c4dc68d4422db97b7da7b577970650e/data/3073_nnnymrLZrSqUMavkmI6sZQ_42.58737591_-120.18196470.jpg,38.76,clear,2026-04-13T17:16:45
/home/alex/Desktop/school/comp-vis/dataset/datasets--everettshen--StreetView360AtoZ/snapshots/f0b9ffb20c4dc68d4422db97b7da7b577970650e/data/62_hWyyEEhZgDHr4xI80kcStw_-24.56625265_-51.33285421.jpg,62.50,clear,2026-04-13T17:16:48
/home/alex/Desktop/school/comp-vis/dataset/datasets--everettshen--StreetView360AtoZ/snapshots/f0b9ffb20c4dc68d4422db97b7da7b577970650e/data/3120_B4sPfGFX0JvXFlxkNA3-Dw_43.17191826_-80.24771350.jpg,23.14,clear,2026-04-13T17:16:53
/home/alex/Desktop/school/comp-vis/dataset/datasets--everettshen--StreetView360AtoZ/snapshots/f0b9ffb20c4dc68d4422db97b7da7b577970650e/data/2582_YDxpr6-guTIpxWwT1GRE1Q_40.97000010_-8.55701997.jpg,62.20,clear,2026-04-13T17:16:56
/home/alex/Desktop/school/comp-vis/dataset/datasets--everettshen--StreetView360AtoZ/snapshots/f0b9ffb20c4dc68d4422db97b7da7b577970650e/data/1289_TIgNlO3JWbM5Zh6VI9_Ugg_41.30672911_-91.71316779.jpg,22.24,clear,2026-04-13T17:16:58
/home/alex/Desktop/school/comp-vis/dataset/datasets--everettshen--StreetView360AtoZ/snapshots/f0b9ffb20c4dc68d4422db97b7da7b577970650e/data/1843_Z4XnieqsMupAlKC0AdVSPA_54.18506015_15.55411901.jpg,58.60,clear,2026-04-13T17:17:00
/home/alex/Desktop/school/comp-vis/dataset/datasets--everettshen--StreetView360AtoZ/snapshots/f0b9ffb20c4dc68d4422db97b7da7b577970650e/data/680_TN6gSpEHgL-wAgnBuswMRQ_50.61279774_4.03640915.jpg,34.86,clear,2026-04-13T17:17:01
/home/alex/Desktop/school/comp-vis/dataset/datasets--everettshen--StreetView360AtoZ/snapshots/f0b9ffb20c4dc68d4422db97b7da7b577970650e/data/2135_rRU_A23UHQRc52-j3aRSPA_44.85453647_38.67765089.jpg,38.16,clear,2026-04-13T17:17:03
/home/alex/Desktop/school/comp-vis/dataset/datasets--everettshen--StreetView360AtoZ/snapshots/f0b9ffb20c4dc68d4422db97b7da7b577970650e/data/2277_IhQaxHSLr_WL_ORr7LKGiQ_36.38863159_-78.51405093.jpg,49.58,clear,2026-04-13T17:17:05
/home/alex/Desktop/school/comp-vis/dataset/datasets--everettshen--StreetView360AtoZ/snapshots/f0b9ffb20c4dc68d4422db97b7da7b577970650e/data/2364_9E8DX5YrhAN3eWKwiZVpYA_34.22438918_-101.31034939.jpg,17.13,clear,2026-04-13T17:17:07
/home/alex/Desktop/school/comp-vis/dataset/datasets--everettshen--StreetView360AtoZ/snapshots/f0b9ffb20c4dc68d4422db97b7da7b577970650e/data/1712_6pvjHGd0Mf9t4TIe6f7jhQ_35.87006982_-81.11371915.jpg,71.82,clear,2026-04-13T17:17:09
/home/alex/Desktop/school/comp-vis/dataset/datasets--everettshen--StreetView360AtoZ/snapshots/f0b9ffb20c4dc68d4422db97b7da7b577970650e/data/175_o4fnSc14oXiWwjJ68ESwwQ_35.47634713_24.03998914.jpg,51.99,clear,2026-04-13T17:17:11
/home/alex/Desktop/school/comp-vis/dataset/datasets--everettshen--StreetView360AtoZ/snapshots/f0b9ffb20c4dc68d4422db97b7da7b577970650e/data/205_xKgv7a3w-qzcLzCrDxCC6g_-34.84995435_-54.69896784.jpg,28.25,clear,2026-04-13T17:17:13
/home/alex/Desktop/school/comp-vis/dataset/datasets--everettshen--StreetView360AtoZ/snapshots/f0b9ffb20c4dc68d4422db97b7da7b577970650e/data/553_08o7C6O8WDUS-af_Xjpu9w_61.50537654_41.86853026.jpg,34.26,clear,2026-04-13T17:17:14
/home/alex/Desktop/school/comp-vis/dataset/datasets--everettshen--StreetView360AtoZ/snapshots/f0b9ffb20c4dc68d4422db97b7da7b577970650e/data/676_kNi_gaksV8BTbvHmAofGXA_34.95389215_-86.89286925.jpg,8.71,clear,2026-04-13T17:17:17
/home/alex/Desktop/school/comp-vis/dataset/datasets--everettshen--StreetView360AtoZ/snapshots/f0b9ffb20c4dc68d4422db97b7da7b577970650e/data/1188_ZaU65qmaoERC7jq99vkszg_57.27021530_21.96566901.jpg,20.43,clear,2026-04-13T17:17:18
/home/alex/Desktop/school/comp-vis/dataset/datasets--everettshen--StreetView360AtoZ/snapshots/f0b9ffb20c4dc68d4422db97b7da7b577970650e/data/1851_Z0u12RB7lmZ4FwBKjbN3kQ_38.86919282_-91.89850465.jpg,25.54,clear,2026-04-13T17:17:19
/home/alex/Desktop/school/comp-vis/dataset/datasets--everettshen--StreetView360AtoZ/snapshots/f0b9ffb20c4dc68d4422db97b7da7b577970650e/data/2806_a4LwhuIqItYIPgRm4OQUpg_50.77847218_17.93327918.jpg,39.07,clear,2026-04-13T17:17:23
/home/alex/Desktop/school/comp-vis/dataset/datasets--everettshen--StreetView360AtoZ/snapshots/f0b9ffb20c4dc68d4422db97b7da7b577970650e/data/1358_v_q2DK-6suSxKLEBzJGIOg_-29.53596620_-62.26363864.jpg,81.44,clear,2026-04-13T17:17:27
/home/alex/Desktop/school/comp-vis/dataset/datasets--everettshen--StreetView360AtoZ/snapshots/f0b9ffb20c4dc68d4422db97b7da7b577970650e/data/1056_bW_IQdUbWgBZDfBWdZIa2g_-32.15000677_-64.10942503.jpg,27.95,clear,2026-04-13T17:17:28
/home/alex/Desktop/school/comp-vis/dataset/datasets--everettshen--StreetView360AtoZ/snapshots/f0b9ffb20c4dc68d4422db97b7da7b577970650e/data/494_WpMvo_Yd3uN0eDd0HQXeHw_-20.32525177_27.13012444.jpg,58.00,clear,2026-04-13T17:17:30
/home/alex/Desktop/school/comp-vis/dataset/datasets--everettshen--StreetView360AtoZ/snapshots/f0b9ffb20c4dc68d4422db97b7da7b577970650e/data/88_os0PeZyaU-Wjc2ZcDLLxcg_43.25438405_-81.83255431.jpg,32.45,clear,2026-04-13T17:17:31
/home/alex/Desktop/school/comp-vis/dataset/datasets--everettshen--StreetView360AtoZ/snapshots/f0b9ffb20c4dc68d4422db97b7da7b577970650e/data/3165_E9wlUkdZnrXynYuS2jcY9A_42.41938593_-88.09729880.jpg,34.26,clear,2026-04-13T17:17:33
/home/alex/Desktop/school/comp-vis/dataset/datasets--everettshen--StreetView360AtoZ/snapshots/f0b9ffb20c4dc68d4422db97b7da7b577970650e/data/1428_ETb3ga4VcpMKnmsl9_jFsg_48.45000427_24.54855236.jpg,35.46,clear,2026-04-13T17:17:34
/home/alex/Desktop/school/comp-vis/dataset/datasets--everettshen--StreetView360AtoZ/snapshots/f0b9ffb20c4dc68d4422db97b7da7b577970650e/data/98_33hFl-eHEWRzOPbnKmZuXQ_-6.84599169_111.17666010.jpg,56.19,clear,2026-04-13T17:17:44
/home/alex/Desktop/school/comp-vis/dataset/datasets--everettshen--StreetView360AtoZ/snapshots/f0b9ffb20c4dc68d4422db97b7da7b577970650e/data/1012_p8HYczeuDvX89u-WHesxhw_37.51799798_-92.36794323.jpg,57.70,clear,2026-04-13T17:17:46
/home/alex/Desktop/school/comp-vis/dataset/datasets--everettshen--StreetView360AtoZ/snapshots/f0b9ffb20c4dc68d4422db97b7da7b577970650e/data/680_mDeEJWPQ1ubUGGGh1FafqQ_43.25750094_-2.90727875.jpg,48.08,clear,2026-04-13T17:17:48
/home/alex/Desktop/school/comp-vis/dataset/datasets--everettshen--StreetView360AtoZ/snapshots/f0b9ffb20c4dc68d4422db97b7da7b577970650e/data/1278_V5qlQNtP3_cXdVjAYdbjww_34.90949132_126.54228502.jpg,41.77,clear,2026-04-13T17:17:49
/home/alex/Desktop/school/comp-vis/dataset/datasets--everettshen--StreetView360AtoZ/snapshots/f0b9ffb20c4dc68d4422db97b7da7b577970650e/data/3432_7DQ4uG6__Uffs1yngZRRbQ_-22.88181031_-43.32782203.jpg,56.79,clear,2026-04-13T17:17:51
/home/alex/Desktop/school/comp-vis/dataset/datasets--everettshen--StreetView360AtoZ/snapshots/f0b9ffb20c4dc68d4422db97b7da7b577970650e/data/961_OzN5a8WnWIFvcLxyl5CIew_36.69733488_15.12371075.jpg,56.49,clear,2026-04-13T17:17:52
/home/alex/Desktop/school/comp-vis/dataset/datasets--everettshen--StreetView360AtoZ/snapshots/f0b9ffb20c4dc68d4422db97b7da7b577970650e/data/1657_UA9M4e8Jb03ugp2RM1Mmpg_62.76699941_14.43361209.jpg,38.16,clear,2026-04-13T17:17:55
/home/alex/Desktop/school/comp-vis/dataset/datasets--everettshen--StreetView360AtoZ/snapshots/f0b9ffb20c4dc68d4422db97b7da7b577970650e/data/413_-B6O3_Mx7g8OwqzcjP-Chw_11.56874931_105.21726790.jpg,74.52,clear,2026-04-13T17:17:58
/home/alex/Desktop/school/comp-vis/dataset/datasets--everettshen--StreetView360AtoZ/snapshots/f0b9ffb20c4dc68d4422db97b7da7b577970650e/data/830_049GJn3OzIsGe4EnRjVpsw_42.04502668_-104.94671065.jpg,57.10,clear,2026-04-13T17:18:00
/home/alex/Desktop/school/comp-vis/dataset/datasets--everettshen--StreetView360AtoZ/snapshots/f0b9ffb20c4dc68d4422db97b7da7b577970650e/data/804_ab9oHtMDl5kZGbDIo7lPrg_38.61663560_27.43812317.jpg,30.65,clear,2026-04-13T17:18:02
/home/alex/Desktop/school/comp-vis/dataset/datasets--everettshen--StreetView360AtoZ/snapshots/f0b9ffb20c4dc68d4422db97b7da7b577970650e/data/1917_OU_Qp0ovFsbPJ82xBJuPfA_-15.82331195_-50.60772107.jpg,54.39,clear,2026-04-13T17:18:04
/home/alex/Desktop/school/comp-vis/dataset/datasets--everettshen--StreetView360AtoZ/snapshots/f0b9ffb20c4dc68d4422db97b7da7b577970650e/data/3392_v2fm-24hfCfzBiazWB3luQ_-39.03187628_-67.53265429.jpg,54.99,clear,2026-04-13T17:18:10
/home/alex/Desktop/school/comp-vis/dataset/datasets--everettshen--StreetView360AtoZ/snapshots/f0b9ffb20c4dc68d4422db97b7da7b577970650e/data/2064_s_9Rn6HgpbwVbUyqxH1LwA_52.10312106_7.46755803.jpg,38.76,clear,2026-04-13T17:18:16
/home/alex/Desktop/school/comp-vis/dataset/datasets--everettshen--StreetView360AtoZ/snapshots/f0b9ffb20c4dc68d4422db97b7da7b577970650e/data/1679_e3ftQ1V1h03BA3oHnUACKQ_57.81672432_28.31665631.jpg,47.48,clear,2026-04-13T17:18:17
/home/alex/Desktop/school/comp-vis/dataset/datasets--everettshen--StreetView360AtoZ/snapshots/f0b9ffb20c4dc68d4422db97b7da7b577970650e/data/2963_SEWmZAoAtH_5jg2NAQ501A_11.00932002_-74.26047535.jpg,43.57,clear,2026-04-13T17:18:18
/home/alex/Desktop/school/comp-vis/dataset/datasets--everettshen--StreetView360AtoZ/snapshots/f0b9ffb20c4dc68d4422db97b7da7b577970650e/data/588_0n6el5eWSYDtIFWMCBLRrg_50.82423573_20.52075116.jpg,41.17,clear,2026-04-13T17:18:22
/home/alex/Desktop/school/comp-vis/dataset/datasets--everettshen--StreetView360AtoZ/snapshots/f0b9ffb20c4dc68d4422db97b7da7b577970650e/data/3261_7_FWgM0dO4ThFBtUqVSGOA_40.58511873_-75.53966631.jpg,54.09,clear,2026-04-13T17:18:31
/home/alex/Desktop/school/comp-vis/dataset/datasets--everettshen--StreetView360AtoZ/snapshots/f0b9ffb20c4dc68d4422db97b7da7b577970650e/data/1227_dPv0AxjP4XtqZXAjySzRhA_-33.34976690_18.15014544.jpg,44.77,clear,2026-04-13T17:18:32
/home/alex/Desktop/school/comp-vis/dataset/datasets--everettshen--StreetView360AtoZ/snapshots/f0b9ffb20c4dc68d4422db97b7da7b577970650e/data/181_u50US236AwvzM6_1K8PlFQ_36.70809479_-105.40617528.jpg,78.13,clear,2026-04-13T17:18:42
/home/alex/Desktop/school/comp-vis/dataset/datasets--everettshen--StreetView360AtoZ/snapshots/f0b9ffb20c4dc68d4422db97b7da7b577970650e/data/413_7YN8TfAbvkfRbLr4HyJqsA_39.85485912_-8.12978825.jpg,31.85,clear,2026-04-13T17:18:47
/home/alex/Desktop/school/comp-vis/dataset/datasets--everettshen--StreetView360AtoZ/snapshots/f0b9ffb20c4dc68d4422db97b7da7b577970650e/data/2278_00ShNWMExktBUwJbvqqhmw_-45.88336604_168.96658566.jpg,56.19,clear,2026-04-13T17:18:49
/home/alex/Desktop/school/comp-vis/dataset/datasets--everettshen--StreetView360AtoZ/snapshots/f0b9ffb20c4dc68d4422db97b7da7b577970650e/data/1614_CAxA5cFnKp9P16-fQHisKA_40.31111725_21.82447708.jpg,56.19,clear,2026-04-13T17:18:51
/home/alex/Desktop/school/comp-vis/dataset/datasets--everettshen--StreetView360AtoZ/snapshots/f0b9ffb20c4dc68d4422db97b7da7b577970650e/data/70_1YDhMk8kbJpkVWIRJ6bSYg_41.00402142_-85.77490693.jpg,58.30,clear,2026-04-13T17:18:54
/home/alex/Desktop/school/comp-vis/dataset/datasets--everettshen--StreetView360AtoZ/snapshots/f0b9ffb20c4dc68d4422db97b7da7b577970650e/data/1592_uvykvT_YXwwq7g_sFN97GQ_5.52379998_100.43149847.jpg,72.12,clear,2026-04-13T17:18:57
/home/alex/Desktop/school/comp-vis/dataset/datasets--everettshen--StreetView360AtoZ/snapshots/f0b9ffb20c4dc68d4422db97b7da7b577970650e/data/2392_2Ny4bXxzC_JV8wr18qGtFw_57.85399813_56.11533703.jpg,33.66,clear,2026-04-13T17:18:59
/home/alex/Desktop/school/comp-vis/dataset/datasets--everettshen--StreetView360AtoZ/snapshots/f0b9ffb20c4dc68d4422db97b7da7b577970650e/data/1681_nlkcdcFkc7oUnn_3w1CN7Q_44.97251352_-84.68254912.jpg,26.14,clear,2026-04-13T17:19:00
/home/alex/Desktop/school/comp-vis/dataset/datasets--everettshen--StreetView360AtoZ/snapshots/f0b9ffb20c4dc68d4422db97b7da7b577970650e/data/2591_WOsjcMz4mgEDbOiICeAtOw_61.31634428_12.26690715.jpg,56.19,clear,2026-04-13T17:19:01
/home/alex/Desktop/school/comp-vis/dataset/datasets--everettshen--StreetView360AtoZ/snapshots/f0b9ffb20c4dc68d4422db97b7da7b577970650e/data/7_UdeUTInv2H1McFx1zQvo_A_44.30669749_2.65564254.jpg,43.87,clear,2026-04-13T17:19:04
/home/alex/Desktop/school/comp-vis/dataset/datasets--everettshen--StreetView360AtoZ/snapshots/f0b9ffb20c4dc68d4422db97b7da7b577970650e/data/794_1c5d7CsG9ANaLafrlhRilw_60.61329526_12.01079721.jpg,36.66,clear,2026-04-13T17:19:05
/home/alex/Desktop/school/comp-vis/dataset/datasets--everettshen--StreetView360AtoZ/snapshots/f0b9ffb20c4dc68d4422db97b7da7b577970650e/data/1169_jlEdk2ERZWgyOZyH0bU8fQ_54.05078435_19.65725480.jpg,51.99,clear,2026-04-13T17:19:09
/home/alex/Desktop/school/comp-vis/dataset/datasets--everettshen--StreetView360AtoZ/snapshots/f0b9ffb20c4dc68d4422db97b7da7b577970650e/data/2726_DkpeJuDEWVO8FTt2z0dr8Q_38.85728569_-6.72726247.jpg,33.36,clear,2026-04-13T17:19:19
/home/alex/Desktop/school/comp-vis/dataset/datasets--everettshen--StreetView360AtoZ/snapshots/f0b9ffb20c4dc68d4422db97b7da7b577970650e/data/753_Pd2XAQwKJf7Zhb_u9OKqVg_34.54681184_-100.43849687.jpg,33.36,clear,2026-04-13T17:19:22
/home/alex/Desktop/school/comp-vis/dataset/datasets--everettshen--StreetView360AtoZ/snapshots/f0b9ffb20c4dc68d4422db97b7da7b577970650e/data/1672_TOzIkArQjdB4RXaqr2gxwQ_42.99673412_-9.20930348.jpg,63.11,clear,2026-04-13T17:19:23
/home/alex/Desktop/school/comp-vis/dataset/datasets--everettshen--StreetView360AtoZ/snapshots/f0b9ffb20c4dc68d4422db97b7da7b577970650e/data/1519_2W8D9iwja9SKdcxm37rEhA_-31.39231970_-71.43845496.jpg,78.43,clear,2026-04-13T17:19:26
/home/alex/Desktop/school/comp-vis/dataset/datasets--everettshen--StreetView360AtoZ/snapshots/f0b9ffb20c4dc68d4422db97b7da7b577970650e/data/713_1HKMVJSPDFE3EUMrb28mVA_45.87753716_-89.90026322.jpg,61.60,clear,2026-04-13T17:19:33
/home/alex/Desktop/school/comp-vis/dataset/datasets--everettshen--StreetView360AtoZ/snapshots/f0b9ffb20c4dc68d4422db97b7da7b577970650e/data/1297_xkSJP4zkBRF8btCHKr9HoQ_44.30793464_-71.74236406.jpg,50.18,clear,2026-04-13T17:19:34
/home/alex/Desktop/school/comp-vis/dataset/datasets--everettshen--StreetView360AtoZ/snapshots/f0b9ffb20c4dc68d4422db97b7da7b577970650e/data/232_oWQZo5YWs8XyHnp41-3w6A_41.85483253_-2.47021861.jpg,69.12,clear,2026-04-13T17:19:35
/home/alex/Desktop/school/comp-vis/dataset/datasets--everettshen--StreetView360AtoZ/snapshots/f0b9ffb20c4dc68d4422db97b7da7b577970650e/data/202_Y78H0jIM45aOIzbBs-oy4Q_53.66654308_36.17643962.jpg,33.06,clear,2026-04-13T17:19:38
/home/alex/Desktop/school/comp-vis/dataset/datasets--everettshen--StreetView360AtoZ/snapshots/f0b9ffb20c4dc68d4422db97b7da7b577970650e/data/331_k2So_TFnDU8xOjwAOp2pxg_-30.34287947_-59.51338877.jpg,43.27,clear,2026-04-13T17:19:39
/home/alex/Desktop/school/comp-vis/dataset/datasets--everettshen--StreetView360AtoZ/snapshots/f0b9ffb20c4dc68d4422db97b7da7b577970650e/data/3126_W_s203GbrD3P0UJSYSpVEw_36.43462828_139.27789300.jpg,44.17,clear,2026-04-13T17:44:36
/home/alex/Desktop/school/comp-vis/dataset/datasets--everettshen--StreetView360AtoZ/snapshots/f0b9ffb20c4dc68d4422db97b7da7b577970650e/data/1243_iKxTf-Tj-RivErpC1Kj8Lw_45.74377663_24.22531046.jpg,50.78,clear,2026-04-13T17:44:38
/home/alex/Desktop/school/comp-vis/dataset/datasets--everettshen--StreetView360AtoZ/snapshots/f0b9ffb20c4dc68d4422db97b7da7b577970650e/data/1072_lu9RPZ722HDU-4MyqBQ3Mg_-30.65214419_-61.04063232.jpg,46.88,clear,2026-04-13T17:44:40
/home/alex/Desktop/school/comp-vis/dataset/datasets--everettshen--StreetView360AtoZ/snapshots/f0b9ffb20c4dc68d4422db97b7da7b577970650e/data/604_pEdPnekQj0Y1L-e5jEBUzQ_44.41285567_-95.04688829.jpg,29.45,clear,2026-04-13T17:44:42
/home/alex/Desktop/school/comp-vis/dataset/datasets--everettshen--StreetView360AtoZ/snapshots/f0b9ffb20c4dc68d4422db97b7da7b577970650e/data/1229_WYrXb2Vvh0KfXC--6kzp1Q_48.34525397_15.91040446.jpg,62.50,clear,2026-04-13T17:44:43
/home/alex/Desktop/school/comp-vis/dataset/datasets--everettshen--StreetView360AtoZ/snapshots/f0b9ffb20c4dc68d4422db97b7da7b577970650e/data/1027_kbPbb_tS-E2SlTlYE1T9iQ_59.74725045_10.20700297.jpg,45.08,clear,2026-04-13T17:45:01
/home/alex/Desktop/school/comp-vis/dataset/datasets--everettshen--StreetView360AtoZ/snapshots/f0b9ffb20c4dc68d4422db97b7da7b577970650e/data/3033_M52y5u5KBbjfw822W41_jw_39.53336079_-1.60008143.jpg,50.48,clear,2026-04-13T17:45:02
/home/alex/Desktop/school/comp-vis/dataset/datasets--everettshen--StreetView360AtoZ/snapshots/f0b9ffb20c4dc68d4422db97b7da7b577970650e/data/376_x1JyPRTab7mNtsksUW4ZBA_51.71935257_13.64802204.jpg,46.88,clear,2026-04-13T17:45:04
/home/alex/Desktop/school/comp-vis/dataset/datasets--everettshen--StreetView360AtoZ/snapshots/f0b9ffb20c4dc68d4422db97b7da7b577970650e/data/1983_emmDCMVs7c0-Qu90RgatYA_36.41066644_-96.38495934.jpg,29.15,clear,2026-04-13T17:45:08
/home/alex/Desktop/school/comp-vis/dataset/datasets--everettshen--StreetView360AtoZ/snapshots/f0b9ffb20c4dc68d4422db97b7da7b577970650e/data/1891_YT9A1gWb2WWGjEeJ6dyw7Q_63.08560040_21.68333694.jpg,36.36,clear,2026-04-13T17:45:22
/home/alex/Desktop/school/comp-vis/dataset/datasets--everettshen--StreetView360AtoZ/snapshots/f0b9ffb20c4dc68d4422db97b7da7b577970650e/data/1659_GwNEIrLKaXSLsEQnT2C9eg_-34.78012691_-55.56718346.jpg,41.77,clear,2026-04-13T17:45:27
/home/alex/Desktop/school/comp-vis/dataset/datasets--everettshen--StreetView360AtoZ/snapshots/f0b9ffb20c4dc68d4422db97b7da7b577970650e/data/186_LiWkYdxASWcpkYnUoex6FQ_44.07792040_28.19365743.jpg,67.61,clear,2026-04-13T17:45:31
/home/alex/Desktop/school/comp-vis/dataset/datasets--everettshen--StreetView360AtoZ/snapshots/f0b9ffb20c4dc68d4422db97b7da7b577970650e/data/1664_-iGQrsQq3ytLhqqzAiqMUw_-25.40931358_28.28707456.jpg,53.79,clear,2026-04-13T17:45:32
/home/alex/Desktop/school/comp-vis/dataset/datasets--everettshen--StreetView360AtoZ/snapshots/f0b9ffb20c4dc68d4422db97b7da7b577970650e/data/263_hGPYVTVjbAX2L1iZcBskgg_49.33486396_-117.65748336.jpg,35.16,clear,2026-04-13T17:45:33
/home/alex/Desktop/school/comp-vis/dataset/datasets--everettshen--StreetView360AtoZ/snapshots/f0b9ffb20c4dc68d4422db97b7da7b577970650e/data/2548_KCKMZNk3ib99_m07F1Lf2g_42.45157193_-91.92194007.jpg,37.86,clear,2026-04-13T17:45:37
/home/alex/Desktop/school/comp-vis/dataset/datasets--everettshen--StreetView360AtoZ/snapshots/f0b9ffb20c4dc68d4422db97b7da7b577970650e/data/1909_EU8956aoHCfLdXUHVmYrDA_18.43407652_-98.70980028.jpg,30.35,clear,2026-04-13T17:45:40
/home/alex/Desktop/school/comp-vis/dataset/datasets--everettshen--StreetView360AtoZ/snapshots/f0b9ffb20c4dc68d4422db97b7da7b577970650e/data/3405_I7W-WrmcfxRe-H6yVL58rw_35.87322167_-84.13750048.jpg,49.28,clear,2026-04-13T17:45:41
/home/alex/Desktop/school/comp-vis/dataset/datasets--everettshen--StreetView360AtoZ/snapshots/f0b9ffb20c4dc68d4422db97b7da7b577970650e/data/3010_SXG77QRQP3wZn5t7c_sAbQ_42.51519789_-96.41001537.jpg,72.72,clear,2026-04-13T17:45:44
/home/alex/Desktop/school/comp-vis/dataset/datasets--everettshen--StreetView360AtoZ/snapshots/f0b9ffb20c4dc68d4422db97b7da7b577970650e/data/957_-AxerWeWpKZvhXwkEo4z3g_28.57488753_-81.88567358.jpg,54.99,clear,2026-04-13T17:45:46
/home/alex/Desktop/school/comp-vis/dataset/datasets--everettshen--StreetView360AtoZ/snapshots/f0b9ffb20c4dc68d4422db97b7da7b577970650e/data/1715_SGeAJ7SJttJSU7_ZvFjiEA_39.41622799_-0.39975775.jpg,46.28,clear,2026-04-13T17:45:47
/home/alex/Desktop/school/comp-vis/dataset/datasets--everettshen--StreetView360AtoZ/snapshots/f0b9ffb20c4dc68d4422db97b7da7b577970650e/data/700_dmppnbOJA9bOfPJL_PCNXw_44.70508723_3.38623523.jpg,39.07,clear,2026-04-13T17:45:50
/home/alex/Desktop/school/comp-vis/dataset/datasets--everettshen--StreetView360AtoZ/snapshots/f0b9ffb20c4dc68d4422db97b7da7b577970650e/data/2955_wHMdk6t5zz9zQ3AJSoHaeg_50.51697430_42.66656158.jpg,22.54,clear,2026-04-13T17:45:52
/home/alex/Desktop/school/comp-vis/dataset/datasets--everettshen--StreetView360AtoZ/snapshots/f0b9ffb20c4dc68d4422db97b7da7b577970650e/data/3043_AvLxoYGMPVGND6ZYc_jdag_41.40514937_-99.64055543.jpg,75.73,clear,2026-04-13T17:46:04
/home/alex/Desktop/school/comp-vis/dataset/datasets--everettshen--StreetView360AtoZ/snapshots/f0b9ffb20c4dc68d4422db97b7da7b577970650e/data/237_sMkAe8dqdNWCmih_9Z8H6Q_47.39771659_-120.30318129.jpg,28.25,clear,2026-04-13T17:46:07
/home/alex/Desktop/school/comp-vis/dataset/datasets--everettshen--StreetView360AtoZ/snapshots/f0b9ffb20c4dc68d4422db97b7da7b577970650e/data/1826_OgEPuqTP565NvZmuidHjiw_48.87326638_21.63002392.jpg,48.38,clear,2026-04-13T17:46:08
/home/alex/Desktop/school/comp-vis/dataset/datasets--everettshen--StreetView360AtoZ/snapshots/f0b9ffb20c4dc68d4422db97b7da7b577970650e/data/2713_SXpUDmo2IchLjQvFvChIZg_40.62242896_-2.63549829.jpg,12.92,clear,2026-04-13T17:46:16
/home/alex/Desktop/school/comp-vis/dataset/datasets--everettshen--StreetView360AtoZ/snapshots/f0b9ffb20c4dc68d4422db97b7da7b577970650e/data/125_Bi0M3Or98vr_2uPMbKC6Nw_-6.44654649_107.93485870.jpg,28.85,clear,2026-04-13T17:46:18
/home/alex/Desktop/school/comp-vis/dataset/datasets--everettshen--StreetView360AtoZ/snapshots/f0b9ffb20c4dc68d4422db97b7da7b577970650e/data/2557_XRpEuObJ3jT9cln65dipIA_32.33949256_-83.04206663.jpg,58.00,clear,2026-04-13T17:46:21
/home/alex/Desktop/school/comp-vis/dataset/datasets--everettshen--StreetView360AtoZ/snapshots/f0b9ffb20c4dc68d4422db97b7da7b577970650e/data/862_Gu80RTNcDANTWtWUousDBw_46.63970132_10.66657067.jpg,47.78,clear,2026-04-13T17:46:24
/home/alex/Desktop/school/comp-vis/dataset/datasets--everettshen--StreetView360AtoZ/snapshots/f0b9ffb20c4dc68d4422db97b7da7b577970650e/data/1071_eoLhcm_IyEgeJeMydU8hQQ_-28.23665167_21.35062608.jpg,28.55,clear,2026-04-13T17:46:29
/home/alex/Desktop/school/comp-vis/dataset/datasets--everettshen--StreetView360AtoZ/snapshots/f0b9ffb20c4dc68d4422db97b7da7b577970650e/data/216_E_F53W67ArlFxC4kmizwww_38.90352859_-84.03558398.jpg,39.67,clear,2026-04-13T17:46:34
/home/alex/Desktop/school/comp-vis/dataset/datasets--everettshen--StreetView360AtoZ/snapshots/f0b9ffb20c4dc68d4422db97b7da7b577970650e/data/83_hmbbgra4YtBsNicYXEqkSA_18.93109863_-99.02758925.jpg,49.58,clear,2026-04-13T17:46:37
/home/alex/Desktop/school/comp-vis/dataset/datasets--everettshen--StreetView360AtoZ/snapshots/f0b9ffb20c4dc68d4422db97b7da7b577970650e/data/433_3LREolxH8tmZe_oklPGOTQ_47.87370433_7.20640001.jpg,42.67,clear,2026-04-13T17:46:39
/home/alex/Desktop/school/comp-vis/dataset/datasets--everettshen--StreetView360AtoZ/snapshots/f0b9ffb20c4dc68d4422db97b7da7b577970650e/data/606_6gUB3bZ50jwZfEWp4VI4eQ_-26.37071259_-65.29342966.jpg,51.09,clear,2026-04-13T17:46:40
/home/alex/Desktop/school/comp-vis/dataset/datasets--everettshen--StreetView360AtoZ/snapshots/f0b9ffb20c4dc68d4422db97b7da7b577970650e/data/2622_xXi7clF5Zl0vwOzZwBlFeA_17.01815903_99.81828553.jpg,45.68,clear,2026-04-13T17:46:54
/home/alex/Desktop/school/comp-vis/dataset/datasets--everettshen--StreetView360AtoZ/snapshots/f0b9ffb20c4dc68d4422db97b7da7b577970650e/data/23_sT_kO9rCrRF7wr7FKcAqKQ_40.58005196_29.47638909.jpg,38.46,clear,2026-04-13T17:46:56
/home/alex/Desktop/school/comp-vis/dataset/datasets--everettshen--StreetView360AtoZ/snapshots/f0b9ffb20c4dc68d4422db97b7da7b577970650e/data/744_AOm9KCepH9YuiUCwB5yr3g_55.64529988_8.79165437.jpg,14.72,clear,2026-04-13T17:46:58
/home/alex/Desktop/school/comp-vis/dataset/datasets--everettshen--StreetView360AtoZ/snapshots/f0b9ffb20c4dc68d4422db97b7da7b577970650e/data/644_hqAwFCTrUAQjaVt2POAFSw_39.61541976_-85.44624577.jpg,27.05,clear,2026-04-13T17:46:59
/home/alex/Desktop/school/comp-vis/dataset/datasets--everettshen--StreetView360AtoZ/snapshots/f0b9ffb20c4dc68d4422db97b7da7b577970650e/data/928_oWQZo5YWs8XyHnp41-3w6A_41.85483253_-2.47021861.jpg,69.42,clear,2026-04-13T17:47:01
/home/alex/Desktop/school/comp-vis/dataset/datasets--everettshen--StreetView360AtoZ/snapshots/f0b9ffb20c4dc68d4422db97b7da7b577970650e/data/1699_MfGP9JzcJbqu2EBGGPV19A_46.61522725_142.77491291.jpg,48.68,clear,2026-04-13T17:47:02
/home/alex/Desktop/school/comp-vis/dataset/datasets--everettshen--StreetView360AtoZ/snapshots/f0b9ffb20c4dc68d4422db97b7da7b577970650e/data/935_eQAEw-FRw_1OcU8h1sjqVg_-18.89826074_-48.26585448.jpg,43.27,clear,2026-04-13T17:47:04
/home/alex/Desktop/school/comp-vis/dataset/datasets--everettshen--StreetView360AtoZ/snapshots/f0b9ffb20c4dc68d4422db97b7da7b577970650e/data/122_NG-g79EJ1h0PeKNj7bHgSg_45.79370720_11.23996042.jpg,52.29,clear,2026-04-13T17:47:06
/home/alex/Desktop/school/comp-vis/dataset/datasets--everettshen--StreetView360AtoZ/snapshots/f0b9ffb20c4dc68d4422db97b7da7b577970650e/data/1835_-xt7EWYqWJUznVyA4oTLXg_59.00206830_9.74560335.jpg,35.16,clear,2026-04-13T17:47:07
/home/alex/Desktop/school/comp-vis/dataset/datasets--everettshen--StreetView360AtoZ/snapshots/f0b9ffb20c4dc68d4422db97b7da7b577970650e/data/3078_AbFE96nG5G-QBKT6LrbP7A_32.64745911_-111.39360660.jpg,13.52,clear,2026-04-13T17:47:09
/home/alex/Desktop/school/comp-vis/dataset/datasets--everettshen--StreetView360AtoZ/snapshots/f0b9ffb20c4dc68d4422db97b7da7b577970650e/data/920_lQpqRBpJJSHOW_J58VOMVQ_-27.67575060_23.35148034.jpg,71.82,clear,2026-04-13T17:47:11
/home/alex/Desktop/school/comp-vis/dataset/datasets--everettshen--StreetView360AtoZ/snapshots/f0b9ffb20c4dc68d4422db97b7da7b577970650e/data/647_N53BQZitFdc_rXzxFJNFLw_49.79838885_72.87856262.jpg,17.43,clear,2026-04-13T17:47:14
/home/alex/Desktop/school/comp-vis/dataset/datasets--everettshen--StreetView360AtoZ/snapshots/f0b9ffb20c4dc68d4422db97b7da7b577970650e/data/1543_f5akGwf29hY669eO4JXLLA_58.13023077_25.17499713.jpg,47.78,clear,2026-04-13T17:47:16
/home/alex/Desktop/school/comp-vis/dataset/datasets--everettshen--StreetView360AtoZ/snapshots/f0b9ffb20c4dc68d4422db97b7da7b577970650e/data/75_ydwFAzQVu5WvtX9AAH6aXA_67.27850372_14.37896090.jpg,32.75,clear,2026-04-13T17:47:20
/home/alex/Desktop/school/comp-vis/dataset/datasets--everettshen--StreetView360AtoZ/snapshots/f0b9ffb20c4dc68d4422db97b7da7b577970650e/data/672_J1Yy6s9Ry0scUvTzMXp6_g_48.40829811_1.47771537.jpg,65.81,clear,2026-04-13T17:47:22
/home/alex/Desktop/school/comp-vis/dataset/datasets--everettshen--StreetView360AtoZ/snapshots/f0b9ffb20c4dc68d4422db97b7da7b577970650e/data/443_RD7GqqVH5BEJ4vBg1aAONw_35.78452988_-94.34218688.jpg,17.43,clear,2026-04-13T17:47:25
/home/alex/Desktop/school/comp-vis/dataset/datasets--everettshen--StreetView360AtoZ/snapshots/f0b9ffb20c4dc68d4422db97b7da7b577970650e/data/291_bHh-tgK6TkMVUlC1j5aYnw_32.09131147_-85.04124983.jpg,52.59,clear,2026-04-13T17:47:28
/home/alex/Desktop/school/comp-vis/dataset/datasets--everettshen--StreetView360AtoZ/snapshots/f0b9ffb20c4dc68d4422db97b7da7b577970650e/data/710_eGpi3LnfCQgXjkTzpTtwJQ_57.01111997_8.58236001.jpg,51.09,clear,2026-04-13T17:47:29
/home/alex/Desktop/school/comp-vis/dataset/datasets--everettshen--StreetView360AtoZ/snapshots/f0b9ffb20c4dc68d4422db97b7da7b577970650e/data/1099_WUZbSSjbFfS9XVWy5rYREA_61.37352763_21.99394113.jpg,48.98,clear,2026-04-13T17:47:33
/home/alex/Desktop/school/comp-vis/dataset/datasets--everettshen--StreetView360AtoZ/snapshots/f0b9ffb20c4dc68d4422db97b7da7b577970650e/data/2_jY0JWc9JcfTjRkl-MBLtag_49.24131573_-124.80334546.jpg,60.40,clear,2026-04-13T17:47:37
/home/alex/Desktop/school/comp-vis/dataset/datasets--everettshen--StreetView360AtoZ/snapshots/f0b9ffb20c4dc68d4422db97b7da7b577970650e/data/2578_KHXwULH3PjU2IlO-evCNJQ_40.71292569_-7.50357486.jpg,59.20,clear,2026-04-13T17:47:39
/home/alex/Desktop/school/comp-vis/dataset/datasets--everettshen--StreetView360AtoZ/snapshots/f0b9ffb20c4dc68d4422db97b7da7b577970650e/data/2052_g_XZ0KjJqMHALSpM6a4qdw_42.86164706_-8.90241124.jpg,28.85,clear,2026-04-13T17:47:40
/home/alex/Desktop/school/comp-vis/dataset/datasets--everettshen--StreetView360AtoZ/snapshots/f0b9ffb20c4dc68d4422db97b7da7b577970650e/data/1473_GWtH-dQDFasduAcqsDXOtQ_-31.46682460_148.98334769.jpg,59.80,clear,2026-04-13T17:47:47
/home/alex/Desktop/school/comp-vis/dataset/datasets--everettshen--StreetView360AtoZ/snapshots/f0b9ffb20c4dc68d4422db97b7da7b577970650e/data/2610_WRfCWEVety8jgoQYG2igpg_-38.81947956_143.52416062.jpg,56.19,clear,2026-04-13T17:47:49
/home/alex/Desktop/school/comp-vis/dataset/datasets--everettshen--StreetView360AtoZ/snapshots/f0b9ffb20c4dc68d4422db97b7da7b577970650e/data/1061_EiDOmGAorTrOKBhUo5nUQg_53.88469495_11.65939521.jpg,58.60,clear,2026-04-13T17:47:52
/home/alex/Desktop/school/comp-vis/dataset/datasets--everettshen--StreetView360AtoZ/snapshots/f0b9ffb20c4dc68d4422db97b7da7b577970650e/data/523_HNI1wnENqZMxg7GvziOoQA_-10.26445939_-37.31304076.jpg,64.61,clear,2026-04-13T17:47:54
/home/alex/Desktop/school/comp-vis/dataset/datasets--everettshen--StreetView360AtoZ/snapshots/f0b9ffb20c4dc68d4422db97b7da7b577970650e/data/49_KeYfW6kRt_H8N7A8G-tMmw_50.38581523_33.31070905.jpg,52.29,clear,2026-04-13T17:47:55
/home/alex/Desktop/school/comp-vis/dataset/datasets--everettshen--StreetView360AtoZ/snapshots/f0b9ffb20c4dc68d4422db97b7da7b577970650e/data/13_8uIAR765gxLGeYt28yhnLw_-26.00014449_-52.21954604.jpg,61.90,clear,2026-04-13T17:47:59
/home/alex/Desktop/school/comp-vis/dataset/datasets--everettshen--StreetView360AtoZ/snapshots/f0b9ffb20c4dc68d4422db97b7da7b577970650e/data/2336_fcWEdLPQZsuOVb5-zI8FIA_52.50978779_5.46813491.jpg,50.18,clear,2026-04-13T17:48:01
/home/alex/Desktop/school/comp-vis/dataset/datasets--everettshen--StreetView360AtoZ/snapshots/f0b9ffb20c4dc68d4422db97b7da7b577970650e/data/3331_4eo6oNPh1fYWgAwSh20pug_39.66706055_35.88284619.jpg,57.40,clear,2026-04-13T17:48:08
/home/alex/Desktop/school/comp-vis/dataset/datasets--everettshen--StreetView360AtoZ/snapshots/f0b9ffb20c4dc68d4422db97b7da7b577970650e/data/108_ovka-0CLWTMarzzXMTSlEQ_46.47751640_9.81061460.jpg,64.31,clear,2026-04-13T17:48:11
/home/alex/Desktop/school/comp-vis/dataset/datasets--everettshen--StreetView360AtoZ/snapshots/f0b9ffb20c4dc68d4422db97b7da7b577970650e/data/262_1nMz2Ktnkd2_eEJebGUmgg_-5.33418711_119.44510129.jpg,47.78,clear,2026-04-13T17:48:13
/home/alex/Desktop/school/comp-vis/dataset/datasets--everettshen--StreetView360AtoZ/snapshots/f0b9ffb20c4dc68d4422db97b7da7b577970650e/data/1333_-1Dqalw-9d35--P-5tQVGw_-33.69198829_136.27240027.jpg,45.08,clear,2026-04-13T17:48:21
/home/alex/Desktop/school/comp-vis/dataset/datasets--everettshen--StreetView360AtoZ/snapshots/f0b9ffb20c4dc68d4422db97b7da7b577970650e/data/630_ME9yVRChPKXGlb2Z4F0VYQ_-31.95624836_141.44437007.jpg,23.14,clear,2026-04-13T17:48:22
/home/alex/Desktop/school/comp-vis/dataset/datasets--everettshen--StreetView360AtoZ/snapshots/f0b9ffb20c4dc68d4422db97b7da7b577970650e/data/1941_1p1ImtQDaQauWHZJfA7kdQ_31.95767917_-102.06665315.jpg,34.26,clear,2026-04-13T17:48:24
/home/alex/Desktop/school/comp-vis/dataset/datasets--everettshen--StreetView360AtoZ/snapshots/f0b9ffb20c4dc68d4422db97b7da7b577970650e/data/3412_O6bn-W-Ht0pqv9Cf70x5pA_29.57103490_-98.43569203.jpg,21.04,clear,2026-04-13T17:48:27
/home/alex/Desktop/school/comp-vis/dataset/datasets--everettshen--StreetView360AtoZ/snapshots/f0b9ffb20c4dc68d4422db97b7da7b577970650e/data/408_Tx_j5Miqfr4ogrSMqsIZpg_-32.89672286_151.70248321.jpg,50.48,clear,2026-04-13T17:48:31
/home/alex/Desktop/school/comp-vis/dataset/datasets--everettshen--StreetView360AtoZ/snapshots/f0b9ffb20c4dc68d4422db97b7da7b577970650e/data/973_ruBVqeqomQ_gcmLefyq4PA_25.23483387_55.27937461.jpg,55.29,clear,2026-04-13T17:48:35
/home/alex/Desktop/school/comp-vis/dataset/datasets--everettshen--StreetView360AtoZ/snapshots/f0b9ffb20c4dc68d4422db97b7da7b577970650e/data/893_zL360jJkXtywCXt1XK6nTw_53.92572194_14.43654951.jpg,43.57,clear,2026-04-13T17:48:40
/home/alex/Desktop/school/comp-vis/dataset/datasets--everettshen--StreetView360AtoZ/snapshots/f0b9ffb20c4dc68d4422db97b7da7b577970650e/data/1294_o0j7K_BUTeexUpMkR-fRyQ_58.08435982_7.30503585.jpg,26.14,clear,2026-04-13T17:48:43
/home/alex/Desktop/school/comp-vis/dataset/datasets--everettshen--StreetView360AtoZ/snapshots/f0b9ffb20c4dc68d4422db97b7da7b577970650e/data/470_lte2xw_-pXIMoO8o_6_ONA_33.23482223_-99.70421078.jpg,21.64,clear,2026-04-13T17:48:48
/home/alex/Desktop/school/comp-vis/dataset/datasets--everettshen--StreetView360AtoZ/snapshots/f0b9ffb20c4dc68d4422db97b7da7b577970650e/data/323__7M3yeHMxKcrIx-utTdwhA_-20.15597467_23.65688866.jpg,46.88,clear,2026-04-13T17:48:49
/home/alex/Desktop/school/comp-vis/dataset/datasets--everettshen--StreetView360AtoZ/snapshots/f0b9ffb20c4dc68d4422db97b7da7b577970650e/data/770_eXBhlpqrtrgrGvK3tYv5ag_48.72256946_10.83716971.jpg,51.99,clear,2026-04-13T17:48:52
/home/alex/Desktop/school/comp-vis/dataset/datasets--everettshen--StreetView360AtoZ/snapshots/f0b9ffb20c4dc68d4422db97b7da7b577970650e/data/113_CsmOnE8AIyEiUP-p-nc44g_0.62615445_34.57959885.jpg,59.20,clear,2026-04-13T17:48:52
/home/alex/Desktop/school/comp-vis/dataset/datasets--everettshen--StreetView360AtoZ/snapshots/f0b9ffb20c4dc68d4422db97b7da7b577970650e/data/1031_SGgYfWCu1tNzJSmheCyFQQ_46.25131466_-73.61187786.jpg,45.38,clear,2026-04-13T17:48:53
/home/alex/Desktop/school/comp-vis/dataset/datasets--everettshen--StreetView360AtoZ/snapshots/f0b9ffb20c4dc68d4422db97b7da7b577970650e/data/1579_8p47utBQANS3D_PxU75H9A_11.51818365_11.18929754.jpg,71.52,clear,2026-04-13T17:48:54
/home/alex/Desktop/school/comp-vis/dataset/datasets--everettshen--StreetView360AtoZ/snapshots/f0b9ffb20c4dc68d4422db97b7da7b577970650e/data/639_vF9oPVTmjcPAQLuqFyWOTg_44.53070295_-70.54571694.jpg,66.11,clear,2026-04-13T17:48:56
/home/alex/Desktop/school/comp-vis/dataset/datasets--everettshen--StreetView360AtoZ/snapshots/f0b9ffb20c4dc68d4422db97b7da7b577970650e/data/926_PsLGZxKvPqZIrtHlzF37hA_50.07860580_21.63318927.jpg,39.37,clear,2026-04-13T17:48:59
/home/alex/Desktop/school/comp-vis/dataset/datasets--everettshen--StreetView360AtoZ/snapshots/f0b9ffb20c4dc68d4422db97b7da7b577970650e/data/2810_t_jWFo2zyqZW7QUaJAzvAw_38.03620022_-8.24112886.jpg,48.98,clear,2026-04-13T17:49:04
/home/alex/Desktop/school/comp-vis/dataset/datasets--everettshen--StreetView360AtoZ/snapshots/f0b9ffb20c4dc68d4422db97b7da7b577970650e/data/309_2fntyVOXLFg0lvRuw4lJYA_46.09787224_-118.91226317.jpg,16.83,clear,2026-04-13T17:49:16
/home/alex/Desktop/school/comp-vis/dataset/datasets--everettshen--StreetView360AtoZ/snapshots/f0b9ffb20c4dc68d4422db97b7da7b577970650e/data/3038_AsrUpZ6_heHfZuDadOK6hQ_-12.17526381_-39.21173538.jpg,19.83,clear,2026-04-13T17:49:17
/home/alex/Desktop/school/comp-vis/dataset/datasets--everettshen--StreetView360AtoZ/snapshots/f0b9ffb20c4dc68d4422db97b7da7b577970650e/data/1884_QBD5GHRkzF8shXgR_m447g_43.73400583_7.41341292.jpg,29.45,clear,2026-04-13T17:49:25
/home/alex/Desktop/school/comp-vis/dataset/datasets--everettshen--StreetView360AtoZ/snapshots/f0b9ffb20c4dc68d4422db97b7da7b577970650e/data/1483_2gMs5YyBaRlAUeLHRTWpeg_37.26883176_32.72857315.jpg,54.39,clear,2026-04-13T17:49:26
/home/alex/Desktop/school/comp-vis/dataset/datasets--everettshen--StreetView360AtoZ/snapshots/f0b9ffb20c4dc68d4422db97b7da7b577970650e/data/1668_ThXtCHvujcNlgg_K-1wrMw_-31.67028664_116.03100261.jpg,61.90,clear,2026-04-13T17:49:28
/home/alex/Desktop/school/comp-vis/dataset/datasets--everettshen--StreetView360AtoZ/snapshots/f0b9ffb20c4dc68d4422db97b7da7b577970650e/data/755_z-tP0D0i6vn5sujBAig2Sg_45.37367301_14.91806985.jpg,35.76,clear,2026-04-13T17:49:31
/home/alex/Desktop/school/comp-vis/dataset/datasets--everettshen--StreetView360AtoZ/snapshots/f0b9ffb20c4dc68d4422db97b7da7b577970650e/data/1146_8ClE8zM8XGNNSXjHxQoZow_36.32864342_-87.43385247.jpg,75.73,clear,2026-04-13T17:49:36
/home/alex/Desktop/school/comp-vis/dataset/datasets--everettshen--StreetView360AtoZ/snapshots/f0b9ffb20c4dc68d4422db97b7da7b577970650e/data/1444_MY1Vh_ra2IgMkwrWo9Dvbw_48.46672272_16.00065634.jpg,47.18,clear,2026-04-13T17:49:39
/home/alex/Desktop/school/comp-vis/dataset/datasets--everettshen--StreetView360AtoZ/snapshots/f0b9ffb20c4dc68d4422db97b7da7b577970650e/data/1666_pLYQMnF6_vFspn0VT5gEzA_-17.84863165_-40.35368763.jpg,41.77,clear,2026-04-13T17:49:41
/home/alex/Desktop/school/comp-vis/dataset/datasets--everettshen--StreetView360AtoZ/snapshots/f0b9ffb20c4dc68d4422db97b7da7b577970650e/data/928_VoV47O6AL2B8sWO8_FhaOQ_-26.13318187_28.15026272.jpg,52.29,clear,2026-04-13T17:49:48
/home/alex/Desktop/school/comp-vis/dataset/datasets--everettshen--StreetView360AtoZ/snapshots/f0b9ffb20c4dc68d4422db97b7da7b577970650e/data/1093_zhkUTVzQdV8MCyQ6dj3EmA_35.33488582_25.27690890.jpg,45.68,clear,2026-04-13T17:49:49
/home/alex/Desktop/school/comp-vis/dataset/datasets--everettshen--StreetView360AtoZ/snapshots/f0b9ffb20c4dc68d4422db97b7da7b577970650e/data/1363_gD2_WeOZFdIPBoXfcTB-Fw_-33.11187339_-64.34794098.jpg,43.57,clear,2026-04-13T17:49:50
/home/alex/Desktop/school/comp-vis/dataset/datasets--everettshen--StreetView360AtoZ/snapshots/f0b9ffb20c4dc68d4422db97b7da7b577970650e/data/1271_1hgCIg_6ha5VFi7nYG1LDA_61.33865959_11.24992532.jpg,45.38,clear,2026-04-13T17:49:51
/home/alex/Desktop/school/comp-vis/dataset/datasets--everettshen--StreetView360AtoZ/snapshots/f0b9ffb20c4dc68d4422db97b7da7b577970650e/data/797_-z6uVK2j9Y8lNCehxuKbMg_37.04000647_-120.15318888.jpg,34.56,clear,2026-04-13T17:49:54
/home/alex/Desktop/school/comp-vis/dataset/datasets--everettshen--StreetView360AtoZ/snapshots/f0b9ffb20c4dc68d4422db97b7da7b577970650e/data/1827_EvwGJWpdlkWUdp6rZfLWmw_34.98664344_-84.37116354.jpg,47.18,clear,2026-04-13T17:49:55
/home/alex/Desktop/school/comp-vis/dataset/datasets--everettshen--StreetView360AtoZ/snapshots/f0b9ffb20c4dc68d4422db97b7da7b577970650e/data/996_kVgjokxUH1meCS8WmpjNaA_37.11327683_129.37342197.jpg,50.48,clear,2026-04-13T17:49:56
/home/alex/Desktop/school/comp-vis/dataset/datasets--everettshen--StreetView360AtoZ/snapshots/f0b9ffb20c4dc68d4422db97b7da7b577970650e/data/387_QhszTOorJBkm84zzXvK5EA_2.72525165_98.35049542.jpg,49.88,clear,2026-04-13T17:50:04
/home/alex/Desktop/school/comp-vis/dataset/datasets--everettshen--StreetView360AtoZ/snapshots/f0b9ffb20c4dc68d4422db97b7da7b577970650e/data/329_rL4V8351NBTY1Kw4hZ_6sg_47.01697422_19.03381006.jpg,65.51,clear,2026-04-13T17:50:06
/home/alex/Desktop/school/comp-vis/dataset/datasets--everettshen--StreetView360AtoZ/snapshots/f0b9ffb20c4dc68d4422db97b7da7b577970650e/data/610_28HoNeK6lD8a3yAcDTWoag_16.78379139_99.79238381.jpg,40.27,clear,2026-04-13T17:50:15
/home/alex/Desktop/school/comp-vis/dataset/datasets--everettshen--StreetView360AtoZ/snapshots/f0b9ffb20c4dc68d4422db97b7da7b577970650e/data/249_qVq33DE6fhI-YLLmbfuBEQ_63.28521882_30.06997115.jpg,34.86,clear,2026-04-13T17:50:17
/home/alex/Desktop/school/comp-vis/dataset/datasets--everettshen--StreetView360AtoZ/snapshots/f0b9ffb20c4dc68d4422db97b7da7b577970650e/data/1119_3ZIXPv-SJkIR8ea0CfFkCQ_56.22986762_32.79465903.jpg,36.36,clear,2026-04-13T17:50:18
/home/alex/Desktop/school/comp-vis/dataset/datasets--everettshen--StreetView360AtoZ/snapshots/f0b9ffb20c4dc68d4422db97b7da7b577970650e/data/1203_-u6KX8pMt1WLL5JYkhDIYg_13.23953952_79.58837321.jpg,45.08,clear,2026-04-13T17:50:20
/home/alex/Desktop/school/comp-vis/dataset/datasets--everettshen--StreetView360AtoZ/snapshots/f0b9ffb20c4dc68d4422db97b7da7b577970650e/data/3425_9ewm1M5IxTFVYvqe3qHgcQ_49.88976318_-97.16069384.jpg,46.28,clear,2026-04-13T17:50:21
/home/alex/Desktop/school/comp-vis/dataset/datasets--everettshen--StreetView360AtoZ/snapshots/f0b9ffb20c4dc68d4422db97b7da7b577970650e/data/1182_09KLhbOMrzGDutq64pUOMA_-38.35822830_176.75016100.jpg,60.10,clear,2026-04-13T17:50:22
/home/alex/Desktop/school/comp-vis/dataset/datasets--everettshen--StreetView360AtoZ/snapshots/f0b9ffb20c4dc68d4422db97b7da7b577970650e/data/1090_SEWmZAoAtH_5jg2NAQ501A_11.00932002_-74.26047535.jpg,43.57,clear,2026-04-13T17:50:24
/home/alex/Desktop/school/comp-vis/dataset/datasets--everettshen--StreetView360AtoZ/snapshots/f0b9ffb20c4dc68d4422db97b7da7b577970650e/data/1429_zxKb2bSIyMtbWJxzKxmSxg_46.96268376_18.16052971.jpg,10.82,clear,2026-04-13T17:50:27
/home/alex/Desktop/school/comp-vis/dataset/datasets--everettshen--StreetView360AtoZ/snapshots/f0b9ffb20c4dc68d4422db97b7da7b577970650e/data/234_YcZ1aAldBHDonKZoy0N_Ig_15.59337217_121.21711946.jpg,52.89,clear,2026-04-13T17:50:30
/home/alex/Desktop/school/comp-vis/dataset/datasets--everettshen--StreetView360AtoZ/snapshots/f0b9ffb20c4dc68d4422db97b7da7b577970650e/data/911_B0rLxLEhCWzhvVGUD61l6w_46.72786512_0.65410074.jpg,27.35,clear,2026-04-13T17:50:32
/home/alex/Desktop/school/comp-vis/dataset/datasets--everettshen--StreetView360AtoZ/snapshots/f0b9ffb20c4dc68d4422db97b7da7b577970650e/data/1180_p7xAxKZCmIFafR_SJkDHaw_35.14251940_-119.45663538.jpg,73.02,clear,2026-04-13T17:50:34
/home/alex/Desktop/school/comp-vis/dataset/datasets--everettshen--StreetView360AtoZ/snapshots/f0b9ffb20c4dc68d4422db97b7da7b577970650e/data/731_l9NS2bNkmhVvCOlZLkizDg_-8.44540096_115.61460790.jpg,51.69,clear,2026-04-13T17:50:38
/home/alex/Desktop/school/comp-vis/dataset/datasets--everettshen--StreetView360AtoZ/snapshots/f0b9ffb20c4dc68d4422db97b7da7b577970650e/data/220_AWnnCgRjzN0NYR0UW0VoZQ_-19.93319202_-40.40590229.jpg,36.36,clear,2026-04-13T17:50:44
/home/alex/Desktop/school/comp-vis/dataset/datasets--everettshen--StreetView360AtoZ/snapshots/f0b9ffb20c4dc68d4422db97b7da7b577970650e/data/527_ja3DG4JW_2xHYjOaSQEHZQ_33.78601349_132.70483057.jpg,27.65,clear,2026-04-13T17:50:50
/home/alex/Desktop/school/comp-vis/dataset/datasets--everettshen--StreetView360AtoZ/snapshots/f0b9ffb20c4dc68d4422db97b7da7b577970650e/data/672_Iucrq0mxAOzBQa0gAUwHPA_-19.12925399_-40.55417307.jpg,24.94,clear,2026-04-13T17:50:54
/home/alex/Desktop/school/comp-vis/dataset/datasets--everettshen--StreetView360AtoZ/snapshots/f0b9ffb20c4dc68d4422db97b7da7b577970650e/data/38_laU4irRy6aQNN6afLyYgdA_37.04107496_27.40446170.jpg,26.14,clear,2026-04-13T17:50:56
/home/alex/Desktop/school/comp-vis/dataset/datasets--everettshen--StreetView360AtoZ/snapshots/f0b9ffb20c4dc68d4422db97b7da7b577970650e/data/2780_KJvWan8UhZ9dbNMVfZmv_g_26.58424679_80.95614357.jpg,51.69,clear,2026-04-13T17:51:01
/home/alex/Desktop/school/comp-vis/dataset/datasets--everettshen--StreetView360AtoZ/snapshots/f0b9ffb20c4dc68d4422db97b7da7b577970650e/data/2579_E5CSfI5YdqFk-VNOX0BoRg_29.32882029_-83.14445801.jpg,54.99,clear,2026-04-13T17:51:02
/home/alex/Desktop/school/comp-vis/dataset/datasets--everettshen--StreetView360AtoZ/snapshots/f0b9ffb20c4dc68d4422db97b7da7b577970650e/data/289_1O0D25BlNxgWvXD9RGFYMQ_38.64747547_-8.39266198.jpg,68.51,clear,2026-04-13T17:51:05
/home/alex/Desktop/school/comp-vis/dataset/datasets--everettshen--StreetView360AtoZ/snapshots/f0b9ffb20c4dc68d4422db97b7da7b577970650e/data/2742_GLjDfLC3Q5P0tPBLZPp9pA_44.92893892_2.53251982.jpg,51.09,clear,2026-04-13T17:51:08
/home/alex/Desktop/school/comp-vis/dataset/datasets--everettshen--StreetView360AtoZ/snapshots/f0b9ffb20c4dc68d4422db97b7da7b577970650e/data/1238_ZM00_gBayWMxK8JcBB3SxA_34.48381764_-114.32257065.jpg,30.35,clear,2026-04-13T17:51:17
/home/alex/Desktop/school/comp-vis/dataset/datasets--everettshen--StreetView360AtoZ/snapshots/f0b9ffb20c4dc68d4422db97b7da7b577970650e/data/1691_eL4Z21LKswFWanEA-s8RFQ_63.33328638_14.44984568.jpg,24.34,clear,2026-04-13T17:51:21
/home/alex/Desktop/school/comp-vis/dataset/datasets--everettshen--StreetView360AtoZ/snapshots/f0b9ffb20c4dc68d4422db97b7da7b577970650e/data/1125_eMkHu14HeRwkh5kBLV9Qgg_-33.97347855_25.62041721.jpg,25.84,clear,2026-04-13T17:51:24
/home/alex/Desktop/school/comp-vis/dataset/datasets--everettshen--StreetView360AtoZ/snapshots/f0b9ffb20c4dc68d4422db97b7da7b577970650e/data/1552_ZCXlN0sWY1z16CduEYEM3Q_38.74449400_30.24256948.jpg,24.94,clear,2026-04-13T17:51:27
/home/alex/Desktop/school/comp-vis/dataset/datasets--everettshen--StreetView360AtoZ/snapshots/f0b9ffb20c4dc68d4422db97b7da7b577970650e/data/3364_92i2dojSJIDV-Z-7kyg5DA_-4.47050330_105.08256169.jpg,56.49,clear,2026-04-13T17:51:31
/home/alex/Desktop/school/comp-vis/dataset/datasets--everettshen--StreetView360AtoZ/snapshots/f0b9ffb20c4dc68d4422db97b7da7b577970650e/data/2330_712RIcuxun0YYXVfvEB57w_50.92829577_-0.16596260.jpg,39.97,clear,2026-04-13T17:51:33
/home/alex/Desktop/school/comp-vis/dataset/datasets--everettshen--StreetView360AtoZ/snapshots/f0b9ffb20c4dc68d4422db97b7da7b577970650e/data/191_gmSWs05vN8DzxXiayJTjsw_27.75395864_-15.58024781.jpg,34.56,clear,2026-04-13T17:51:37
/home/alex/Desktop/school/comp-vis/dataset/datasets--everettshen--StreetView360AtoZ/snapshots/f0b9ffb20c4dc68d4422db97b7da7b577970650e/data/40_ZnUbrJyf6hYy4lsf1yQS_Q_-17.94427486_-47.46477675.jpg,73.02,clear,2026-04-13T17:51:39
/home/alex/Desktop/school/comp-vis/dataset/datasets--everettshen--StreetView360AtoZ/snapshots/f0b9ffb20c4dc68d4422db97b7da7b577970650e/data/580_AshTFtvAmv7OoY5cE9mhug_41.53750247_-74.41995062.jpg,42.67,clear,2026-04-13T17:51:45
/home/alex/Desktop/school/comp-vis/dataset/datasets--everettshen--StreetView360AtoZ/snapshots/f0b9ffb20c4dc68d4422db97b7da7b577970650e/data/627_Xu38aFUWG2uTIxX_-CKF3Q_45.32622923_16.28656245.jpg,42.07,clear,2026-04-13T17:51:48
/home/alex/Desktop/school/comp-vis/dataset/datasets--everettshen--StreetView360AtoZ/snapshots/f0b9ffb20c4dc68d4422db97b7da7b577970650e/data/1749_GiWz8P2VmORtgPiIgvmtow_37.59253796_-121.95610926.jpg,54.39,clear,2026-04-13T17:51:59
/home/alex/Desktop/school/comp-vis/dataset/datasets--everettshen--StreetView360AtoZ/snapshots/f0b9ffb20c4dc68d4422db97b7da7b577970650e/data/2403_O2tQjYPnb1c49cqkDityeg_59.46566620_17.82905294.jpg,30.35,clear,2026-04-13T17:52:07
/home/alex/Desktop/school/comp-vis/dataset/datasets--everettshen--StreetView360AtoZ/snapshots/f0b9ffb20c4dc68d4422db97b7da7b577970650e/data/2081_szVqB4g1HZcKTKdq5mtudg_-41.13300198_175.04979921.jpg,42.97,clear,2026-04-13T17:52:09
/home/alex/Desktop/school/comp-vis/dataset/datasets--everettshen--StreetView360AtoZ/snapshots/f0b9ffb20c4dc68d4422db97b7da7b577970650e/data/2021_mhkcrQ8vO3KyK2o3hnufsw_41.11567429_-97.59114824.jpg,33.36,clear,2026-04-13T17:52:10
/home/alex/Desktop/school/comp-vis/dataset/datasets--everettshen--StreetView360AtoZ/snapshots/f0b9ffb20c4dc68d4422db97b7da7b577970650e/data/835_9PbvE69CQM1cZy1k-3YBfg_62.59635627_9.56300629.jpg,43.57,clear,2026-04-13T17:52:15
/home/alex/Desktop/school/comp-vis/dataset/datasets--everettshen--StreetView360AtoZ/snapshots/f0b9ffb20c4dc68d4422db97b7da7b577970650e/data/3235_yRM3hWh7GMcZ4f3iBqT-LA_53.53114258_-64.00745427.jpg,22.84,clear,2026-04-13T17:52:18
/home/alex/Desktop/school/comp-vis/dataset/datasets--everettshen--StreetView360AtoZ/snapshots/f0b9ffb20c4dc68d4422db97b7da7b577970650e/data/1434_A_UUg9X_0DFXkfYY24urlw_-38.15014517_176.28358345.jpg,26.44,clear,2026-04-13T17:52:19
/home/alex/Desktop/school/comp-vis/dataset/datasets--everettshen--StreetView360AtoZ/snapshots/f0b9ffb20c4dc68d4422db97b7da7b577970650e/data/470_sgw_LSMLkRna2BukZEL4Zg_41.05496224_40.71535795.jpg,28.25,clear,2026-04-13T17:52:20
/home/alex/Desktop/school/comp-vis/dataset/datasets--everettshen--StreetView360AtoZ/snapshots/f0b9ffb20c4dc68d4422db97b7da7b577970650e/data/67_W2mGUKgFPMctpeAVT5ZvRQ_58.31336658_14.92551007.jpg,47.78,clear,2026-04-13T17:52:21
/home/alex/Desktop/school/comp-vis/dataset/datasets--everettshen--StreetView360AtoZ/snapshots/f0b9ffb20c4dc68d4422db97b7da7b577970650e/data/1014_nS_lE-Ll8A-JqcFO1PxKPw_43.35650806_-3.01119126.jpg,50.18,clear,2026-04-13T17:52:23
/home/alex/Desktop/school/comp-vis/dataset/datasets--everettshen--StreetView360AtoZ/snapshots/f0b9ffb20c4dc68d4422db97b7da7b577970650e/data/662_tXGbesVDbP_CpRv9RqjCcA_37.78716965_126.81905735.jpg,28.25,clear,2026-04-13T17:52:24
/home/alex/Desktop/school/comp-vis/dataset/datasets--everettshen--StreetView360AtoZ/snapshots/f0b9ffb20c4dc68d4422db97b7da7b577970650e/data/768_zWQsVtC-CyDb08ZCKZHclg_37.34885085_-120.97957218.jpg,49.88,clear,2026-04-13T17:52:27
/home/alex/Desktop/school/comp-vis/dataset/datasets--everettshen--StreetView360AtoZ/snapshots/f0b9ffb20c4dc68d4422db97b7da7b577970650e/data/104__Km5hyh3aPiTi8rayfG83Q_13.76075839_76.34866136.jpg,49.88,clear,2026-04-13T17:52:29
/home/alex/Desktop/school/comp-vis/dataset/datasets--everettshen--StreetView360AtoZ/snapshots/f0b9ffb20c4dc68d4422db97b7da7b577970650e/data/1786_4MdGF6NLf4BsrZTJ_DMwwg_-6.27599513_106.25066679.jpg,49.88,clear,2026-04-13T17:52:30
/home/alex/Desktop/school/comp-vis/dataset/datasets--everettshen--StreetView360AtoZ/snapshots/f0b9ffb20c4dc68d4422db97b7da7b577970650e/data/2647_9pvXzj1LjoKLL4hfVVqFNg_38.57595433_-75.06053995.jpg,55.29,clear,2026-04-13T17:52:32
/home/alex/Desktop/school/comp-vis/dataset/datasets--everettshen--StreetView360AtoZ/snapshots/f0b9ffb20c4dc68d4422db97b7da7b577970650e/data/721_gKM4aLVnZdpOL6QHm1dZiA_40.58491695_-74.30385523.jpg,58.30,clear,2026-04-13T17:52:33
/home/alex/Desktop/school/comp-vis/dataset/datasets--everettshen--StreetView360AtoZ/snapshots/f0b9ffb20c4dc68d4422db97b7da7b577970650e/data/322_MCDbxo2xpcZyxWGxP5poAg_36.58542062_-82.45773402.jpg,47.48,clear,2026-04-13T17:52:35
/home/alex/Desktop/school/comp-vis/dataset/datasets--everettshen--StreetView360AtoZ/snapshots/f0b9ffb20c4dc68d4422db97b7da7b577970650e/data/952_8M7d2MsR61xwnHupszY3zA_-25.94691841_-60.61945983.jpg,42.07,clear,2026-04-13T17:52:40
/home/alex/Desktop/school/comp-vis/dataset/datasets--everettshen--StreetView360AtoZ/snapshots/f0b9ffb20c4dc68d4422db97b7da7b577970650e/data/1461_ruMLUWNZXzWXwUnITs1dig_33.51308387_-117.32730177.jpg,7.81,clear,2026-04-13T17:52:44
/home/alex/Desktop/school/comp-vis/dataset/datasets--everettshen--StreetView360AtoZ/snapshots/f0b9ffb20c4dc68d4422db97b7da7b577970650e/data/1891_nLbVOhuk4PFJIfOJufD-5A_43.41194061_17.13573733.jpg,33.06,clear,2026-04-13T17:52:46
/home/alex/Desktop/school/comp-vis/dataset/datasets--everettshen--StreetView360AtoZ/snapshots/f0b9ffb20c4dc68d4422db97b7da7b577970650e/data/1336_7BvD8MCTqLTS6EHuLBEreg_59.78037060_28.48113506.jpg,50.78,clear,2026-04-13T17:52:55
/home/alex/Desktop/school/comp-vis/dataset/datasets--everettshen--StreetView360AtoZ/snapshots/f0b9ffb20c4dc68d4422db97b7da7b577970650e/data/1532_RNY0gqh-G-bBlLmOQV3VAw_61.86698066_34.15024756.jpg,8.41,clear,2026-04-13T17:53:04
/home/alex/Desktop/school/comp-vis/dataset/datasets--everettshen--StreetView360AtoZ/snapshots/f0b9ffb20c4dc68d4422db97b7da7b577970650e/data/726_7rvHuAvF2ol0iettZ9SMIg_45.91702441_1.01730262.jpg,33.96,clear,2026-04-13T17:53:06
/home/alex/Desktop/school/comp-vis/dataset/datasets--everettshen--StreetView360AtoZ/snapshots/f0b9ffb20c4dc68d4422db97b7da7b577970650e/data/589_lBy8rGgehXds55UPdDwfrQ_46.38299797_28.14952680.jpg,63.11,clear,2026-04-13T17:53:08
/home/alex/Desktop/school/comp-vis/dataset/datasets--everettshen--StreetView360AtoZ/snapshots/f0b9ffb20c4dc68d4422db97b7da7b577970650e/data/194_IFCadR34tVw4sT_XFeBBBA_-25.40775661_-52.41629448.jpg,47.78,clear,2026-04-13T17:53:11
/home/alex/Desktop/school/comp-vis/dataset/datasets--everettshen--StreetView360AtoZ/snapshots/f0b9ffb20c4dc68d4422db97b7da7b577970650e/data/1749_1VIyk7Vk5t1xuYBACttj1w_-29.94048874_-71.14766680.jpg,54.39,clear,2026-04-13T17:53:12
/home/alex/Desktop/school/comp-vis/dataset/datasets--everettshen--StreetView360AtoZ/snapshots/f0b9ffb20c4dc68d4422db97b7da7b577970650e/data/522_NQxjjo70Gba22Fq1KV1FwA_35.06171221_-108.84341109.jpg,64.31,clear,2026-04-13T17:53:13
/home/alex/Desktop/school/comp-vis/dataset/datasets--everettshen--StreetView360AtoZ/snapshots/f0b9ffb20c4dc68d4422db97b7da7b577970650e/data/0_EViu-jCQ3g2sGawYkzeJ3A_54.29258460_18.59956533.jpg,45.08,clear,2026-04-13T17:53:16
/home/alex/Desktop/school/comp-vis/dataset/datasets--everettshen--StreetView360AtoZ/snapshots/f0b9ffb20c4dc68d4422db97b7da7b577970650e/data/219_2ETG_BTGyn8BhIFAlx8g2g_-36.99711487_-73.15800422.jpg,58.90,clear,2026-04-13T17:53:18
/home/alex/Desktop/school/comp-vis/dataset/datasets--everettshen--StreetView360AtoZ/snapshots/f0b9ffb20c4dc68d4422db97b7da7b577970650e/data/2811_6ZioBfAYGkizyh8s3G1KVQ_-16.48106518_-49.09204980.jpg,60.10,clear,2026-04-13T17:53:27
/home/alex/Desktop/school/comp-vis/dataset/datasets--everettshen--StreetView360AtoZ/snapshots/f0b9ffb20c4dc68d4422db97b7da7b577970650e/data/587_-fYuKcAjPwAflKVIEZaRNQ_17.39049783_103.71673504.jpg,81.14,clear,2026-04-13T17:53:30
/home/alex/Desktop/school/comp-vis/dataset/datasets--everettshen--StreetView360AtoZ/snapshots/f0b9ffb20c4dc68d4422db97b7da7b577970650e/data/1826_BHA_APxa-pNg4L5hYyFp3A_-23.98224028_-50.14631157.jpg,69.12,clear,2026-04-13T17:53:35
/home/alex/Desktop/school/comp-vis/dataset/datasets--everettshen--StreetView360AtoZ/snapshots/f0b9ffb20c4dc68d4422db97b7da7b577970650e/data/251_m5bD6RzdrMF1leWsmPSQIg_50.85000389_5.69944262.jpg,58.30,clear,2026-04-13T17:53:40
/home/alex/Desktop/school/comp-vis/dataset/datasets--everettshen--StreetView360AtoZ/snapshots/f0b9ffb20c4dc68d4422db97b7da7b577970650e/data/389_h9xoYff0WVx4L9fv5dnkUw_49.61406733_15.41113662.jpg,36.66,clear,2026-04-13T17:53:55
/home/alex/Desktop/school/comp-vis/dataset/datasets--everettshen--StreetView360AtoZ/snapshots/f0b9ffb20c4dc68d4422db97b7da7b577970650e/data/2503_28YoScPOyaFd6299qrRk_Q_-8.70908556_118.01044355.jpg,74.22,clear,2026-04-13T17:53:58
/home/alex/Desktop/school/comp-vis/dataset/datasets--everettshen--StreetView360AtoZ/snapshots/f0b9ffb20c4dc68d4422db97b7da7b577970650e/data/1117_6D7v9B7qbadw1Wa4_hELXw_14.86373229_103.53041649.jpg,52.89,clear,2026-04-13T17:53:59
/home/alex/Desktop/school/comp-vis/dataset/datasets--everettshen--StreetView360AtoZ/snapshots/f0b9ffb20c4dc68d4422db97b7da7b577970650e/data/736_zXDJ6bTMRGmcNvW90bHq_g_46.89763681_-96.80329070.jpg,18.03,clear,2026-04-13T17:54:02
/home/alex/Desktop/school/comp-vis/dataset/datasets--everettshen--StreetView360AtoZ/snapshots/f0b9ffb20c4dc68d4422db97b7da7b577970650e/data/361_AAIIiy_UxHiJSBjFUWmZSA_44.18347547_25.76655437.jpg,60.40,clear,2026-04-13T17:54:04
/home/alex/Desktop/school/comp-vis/dataset/datasets--everettshen--StreetView360AtoZ/snapshots/f0b9ffb20c4dc68d4422db97b7da7b577970650e/data/760_9l8Aid_sxiGIDRA_RJaZLA_-27.37592167_-65.75604952.jpg,41.77,clear,2026-04-13T17:54:05
/home/alex/Desktop/school/comp-vis/dataset/datasets--everettshen--StreetView360AtoZ/snapshots/f0b9ffb20c4dc68d4422db97b7da7b577970650e/data/2834_6k6Aqg_Wrchhxk5IcXP8fg_55.77334442_12.13040341.jpg,35.46,clear,2026-04-13T17:54:11
/home/alex/Desktop/school/comp-vis/dataset/datasets--everettshen--StreetView360AtoZ/snapshots/f0b9ffb20c4dc68d4422db97b7da7b577970650e/data/1553_0KZvotiqKB6lKVu9nc5Fcg_17.32365533_104.59137997.jpg,53.49,clear,2026-04-13T17:54:24
/home/alex/Desktop/school/comp-vis/dataset/datasets--everettshen--StreetView360AtoZ/snapshots/f0b9ffb20c4dc68d4422db97b7da7b577970650e/data/981_ECzFTjuik2P7P3CCEX1BJQ_45.07368657_-67.05318656.jpg,45.98,clear,2026-04-13T17:54:27
/home/alex/Desktop/school/comp-vis/dataset/datasets--everettshen--StreetView360AtoZ/snapshots/f0b9ffb20c4dc68d4422db97b7da7b577970650e/data/1025_5D5lDVnsee6kTwEG19OZjQ_47.49962715_19.08342042.jpg,51.69,clear,2026-04-13T17:54:30
/home/alex/Desktop/school/comp-vis/dataset/datasets--everettshen--StreetView360AtoZ/snapshots/f0b9ffb20c4dc68d4422db97b7da7b577970650e/data/503_jigZmO20dvwF3U08_zqLig_-28.53715793_-70.90136647.jpg,55.29,clear,2026-04-13T17:54:31
/home/alex/Desktop/school/comp-vis/dataset/datasets--everettshen--StreetView360AtoZ/snapshots/f0b9ffb20c4dc68d4422db97b7da7b577970650e/data/2498_hK6HSBWqouwTtUxeO-E0mg_30.90552464_78.67962065.jpg,38.76,clear,2026-04-13T17:54:33
/home/alex/Desktop/school/comp-vis/dataset/datasets--everettshen--StreetView360AtoZ/snapshots/f0b9ffb20c4dc68d4422db97b7da7b577970650e/data/3238_-hLnKiRFH0BaCecrZNFUCw_-19.75000184_-43.94994821.jpg,51.69,clear,2026-04-13T17:54:35
/home/alex/Desktop/school/comp-vis/dataset/datasets--everettshen--StreetView360AtoZ/snapshots/f0b9ffb20c4dc68d4422db97b7da7b577970650e/data/1226_8LIpaca81giERfcgx0jF7A_33.80298946_-84.60292915.jpg,13.52,clear,2026-04-13T17:54:37
/home/alex/Desktop/school/comp-vis/dataset/datasets--everettshen--StreetView360AtoZ/snapshots/f0b9ffb20c4dc68d4422db97b7da7b577970650e/data/460_akqj_RCfNsVM-Ka6Eaaong_28.30372231_-81.41672396.jpg,67.61,clear,2026-04-13T17:54:39
/home/alex/Desktop/school/comp-vis/dataset/datasets--everettshen--StreetView360AtoZ/snapshots/f0b9ffb20c4dc68d4422db97b7da7b577970650e/data/3374_zMCEOzVh25kWFXnnaZmd0Q_56.64999747_43.46773140.jpg,51.39,clear,2026-04-13T17:54:44
/home/alex/Desktop/school/comp-vis/dataset/datasets--everettshen--StreetView360AtoZ/snapshots/f0b9ffb20c4dc68d4422db97b7da7b577970650e/data/123_IMYmoNOFDxLZuFc13hpYSg_-35.11761108_173.49048150.jpg,38.46,clear,2026-04-13T17:54:47
/home/alex/Desktop/school/comp-vis/dataset/datasets--everettshen--StreetView360AtoZ/snapshots/f0b9ffb20c4dc68d4422db97b7da7b577970650e/data/2717_ogiEgI2ZlHmMKVAaqQisiw_43.17925740_-107.25774451.jpg,46.88,clear,2026-04-13T17:54:50
/home/alex/Desktop/school/comp-vis/dataset/datasets--everettshen--StreetView360AtoZ/snapshots/f0b9ffb20c4dc68d4422db97b7da7b577970650e/data/1157_Wt66k8R_-q4rt6U34VLZQg_58.10224418_27.45023777.jpg,49.58,clear,2026-04-13T17:54:57
/home/alex/Desktop/school/comp-vis/dataset/datasets--everettshen--StreetView360AtoZ/snapshots/f0b9ffb20c4dc68d4422db97b7da7b577970650e/data/2745_4APOvN0ALWbXrtSa9CcZkg_32.00996586_-80.85236076.jpg,21.04,clear,2026-04-13T17:55:02
/home/alex/Desktop/school/comp-vis/dataset/datasets--everettshen--StreetView360AtoZ/snapshots/f0b9ffb20c4dc68d4422db97b7da7b577970650e/data/1624_aYHIYfq0V4KzPLk3JpOT-w_53.70025739_37.31598008.jpg,13.82,clear,2026-04-13T17:55:04
/home/alex/Desktop/school/comp-vis/dataset/datasets--everettshen--StreetView360AtoZ/snapshots/f0b9ffb20c4dc68d4422db97b7da7b577970650e/data/1418_wIuh9sNDg7cu_6XuZNoR4g_11.90841951_123.16895839.jpg,67.91,clear,2026-04-13T17:55:08
/home/alex/Desktop/school/comp-vis/dataset/datasets--everettshen--StreetView360AtoZ/snapshots/f0b9ffb20c4dc68d4422db97b7da7b577970650e/data/2050_GECE2pmdPTPKxCi7fYKPTw_31.93517286_-82.93915401.jpg,68.81,clear,2026-04-13T17:55:11
/home/alex/Desktop/school/comp-vis/dataset/datasets--everettshen--StreetView360AtoZ/snapshots/f0b9ffb20c4dc68d4422db97b7da7b577970650e/data/1824_ERMoNiFm80rcdECxXTpglQ_47.11415758_27.77337504.jpg,66.11,clear,2026-04-13T17:55:13
/home/alex/Desktop/school/comp-vis/dataset/datasets--everettshen--StreetView360AtoZ/snapshots/f0b9ffb20c4dc68d4422db97b7da7b577970650e/data/2874_arCq_tVkvBedGwZ8d2g8Sw_56.29364224_9.36056095.jpg,55.59,clear,2026-04-13T17:55:16
/home/alex/Desktop/school/comp-vis/dataset/datasets--everettshen--StreetView360AtoZ/snapshots/f0b9ffb20c4dc68d4422db97b7da7b577970650e/data/431_v48PgsZGodMrqrD8kG5lgQ_35.97807931_-97.02982507.jpg,69.42,clear,2026-04-13T17:55:27
/home/alex/Desktop/school/comp-vis/dataset/datasets--everettshen--StreetView360AtoZ/snapshots/f0b9ffb20c4dc68d4422db97b7da7b577970650e/data/3251_8c5hbWxigzToVMtjutYhpQ_34.91633446_136.96660654.jpg,58.00,clear,2026-04-13T17:55:28
/home/alex/Desktop/school/comp-vis/dataset/datasets--everettshen--StreetView360AtoZ/snapshots/f0b9ffb20c4dc68d4422db97b7da7b577970650e/data/1641_vEPOpVt3h4SWytqo3Z0g7A_56.31712005_10.81070890.jpg,15.33,clear,2026-04-13T17:55:30
/home/alex/Desktop/school/comp-vis/dataset/datasets--everettshen--StreetView360AtoZ/snapshots/f0b9ffb20c4dc68d4422db97b7da7b577970650e/data/1968_j0MjwYML5v6uWmF1NNz9ig_42.32156504_-103.07296603.jpg,21.34,clear,2026-04-13T17:55:32
/home/alex/Desktop/school/comp-vis/dataset/datasets--everettshen--StreetView360AtoZ/snapshots/f0b9ffb20c4dc68d4422db97b7da7b577970650e/data/321_M15cP2T2LYGGtUYnhSX0Ng_39.49964102_-74.68499383.jpg,24.94,clear,2026-04-13T17:55:36
/home/alex/Desktop/school/comp-vis/dataset/datasets--everettshen--StreetView360AtoZ/snapshots/f0b9ffb20c4dc68d4422db97b7da7b577970650e/data/567_sKdQO4vEx-lBjcg6qmbD4A_36.44204619_-77.09680632.jpg,39.37,clear,2026-04-13T17:55:37
/home/alex/Desktop/school/comp-vis/dataset/datasets--everettshen--StreetView360AtoZ/snapshots/f0b9ffb20c4dc68d4422db97b7da7b577970650e/data/1252_mG2xd6aOnKDDVl0tSJOz5A_38.42656026_20.55153475.jpg,29.75,clear,2026-04-13T17:55:39
/home/alex/Desktop/school/comp-vis/dataset/datasets--everettshen--StreetView360AtoZ/snapshots/f0b9ffb20c4dc68d4422db97b7da7b577970650e/data/40_O1VahJ2rqRwFWRaY0hchKQ_28.18253348_-81.59670560.jpg,42.67,clear,2026-04-13T17:55:41
/home/alex/Desktop/school/comp-vis/dataset/datasets--everettshen--StreetView360AtoZ/snapshots/f0b9ffb20c4dc68d4422db97b7da7b577970650e/data/254_vwNlt0v1xu4TQBE7xtC2RQ_16.94323262_102.37848787.jpg,48.68,clear,2026-04-13T17:55:42
/home/alex/Desktop/school/comp-vis/dataset/datasets--everettshen--StreetView360AtoZ/snapshots/f0b9ffb20c4dc68d4422db97b7da7b577970650e/data/80_EtfvrxTt5x2oufXJNKkyDg_38.74159503_-9.23208258.jpg,40.57,clear,2026-04-13T17:55:44
/home/alex/Desktop/school/comp-vis/dataset/datasets--everettshen--StreetView360AtoZ/snapshots/f0b9ffb20c4dc68d4422db97b7da7b577970650e/data/141_hc8fQLi4f2Mi0MrtWcKIDQ_50.49150523_12.39333201.jpg,34.86,clear,2026-04-13T17:55:47
/home/alex/Desktop/school/comp-vis/dataset/datasets--everettshen--StreetView360AtoZ/snapshots/f0b9ffb20c4dc68d4422db97b7da7b577970650e/data/2409_iHeOGRIxveTEl_UvLCMhig_59.87731268_6.42621119.jpg,18.93,clear,2026-04-13T17:56:01
/home/alex/Desktop/school/comp-vis/dataset/datasets--everettshen--StreetView360AtoZ/snapshots/f0b9ffb20c4dc68d4422db97b7da7b577970650e/data/78_BiIr_NecplAFVem7_Km5NQ_37.36768773_-8.77318705.jpg,32.75,clear,2026-04-13T17:56:02
/home/alex/Desktop/school/comp-vis/dataset/datasets--everettshen--StreetView360AtoZ/snapshots/f0b9ffb20c4dc68d4422db97b7da7b577970650e/data/574_hAMuLpeCRNfApon8vl9Ifg_-34.79010798_-58.40282215.jpg,72.72,clear,2026-04-13T17:56:07
/home/alex/Desktop/school/comp-vis/dataset/datasets--everettshen--StreetView360AtoZ/snapshots/f0b9ffb20c4dc68d4422db97b7da7b577970650e/data/1162_IQtyDV8ARkZ8Jkhb87N2Tg_50.82049607_6.97914478.jpg,38.76,clear,2026-04-13T17:56:09
/home/alex/Desktop/school/comp-vis/dataset/datasets--everettshen--StreetView360AtoZ/snapshots/f0b9ffb20c4dc68d4422db97b7da7b577970650e/data/127_azxIsgMFiMc03kfRLEJyGg_6.90741483_3.20862067.jpg,58.90,clear,2026-04-13T17:56:10
/home/alex/Desktop/school/comp-vis/dataset/datasets--everettshen--StreetView360AtoZ/snapshots/f0b9ffb20c4dc68d4422db97b7da7b577970650e/data/950__7M3yeHMxKcrIx-utTdwhA_-20.15597467_23.65688866.jpg,47.18,clear,2026-04-13T17:56:11
/home/alex/Desktop/school/comp-vis/dataset/datasets--everettshen--StreetView360AtoZ/snapshots/f0b9ffb20c4dc68d4422db97b7da7b577970650e/data/287_KmbTfx_PBcxVz4mXc2armQ_55.22485944_25.41668642.jpg,54.39,clear,2026-04-13T17:56:13
/home/alex/Desktop/school/comp-vis/dataset/datasets--everettshen--StreetView360AtoZ/snapshots/f0b9ffb20c4dc68d4422db97b7da7b577970650e/data/780_4I15OyFAoWPHk-DI20Mdmw_45.79239606_39.37012700.jpg,42.07,clear,2026-04-13T17:56:20
/home/alex/Desktop/school/comp-vis/dataset/datasets--everettshen--StreetView360AtoZ/snapshots/f0b9ffb20c4dc68d4422db97b7da7b577970650e/data/870_TIfRG6fNjAgQ7QmtZsxaYQ_58.08340976_13.51634610.jpg,46.28,clear,2026-04-13T17:56:22
/home/alex/Desktop/school/comp-vis/dataset/datasets--everettshen--StreetView360AtoZ/snapshots/f0b9ffb20c4dc68d4422db97b7da7b577970650e/data/1543_wFDZk54I1LC29GcnZcjZ2A_55.91708211_39.45016549.jpg,48.38,clear,2026-04-13T17:56:23
/home/alex/Desktop/school/comp-vis/dataset/datasets--everettshen--StreetView360AtoZ/snapshots/f0b9ffb20c4dc68d4422db97b7da7b577970650e/data/218_5bxayhlSk02fPF7SVbfo7g_53.11907751_-0.17982228.jpg,48.68,clear,2026-04-13T17:56:25
/home/alex/Desktop/school/comp-vis/dataset/datasets--everettshen--StreetView360AtoZ/snapshots/f0b9ffb20c4dc68d4422db97b7da7b577970650e/data/570_3sUQ4QApVj8TcJH4hzXICg_-6.89480442_112.90874570.jpg,56.19,clear,2026-04-13T17:56:26
/home/alex/Desktop/school/comp-vis/dataset/datasets--everettshen--StreetView360AtoZ/snapshots/f0b9ffb20c4dc68d4422db97b7da7b577970650e/data/1310_lexqIHnlt-tjo00sddRHeg_-32.62348643_-58.70329502.jpg,33.36,clear,2026-04-13T17:56:28
/home/alex/Desktop/school/comp-vis/dataset/datasets--everettshen--StreetView360AtoZ/snapshots/f0b9ffb20c4dc68d4422db97b7da7b577970650e/data/1544_UNp_W0EQNXZfGjftUHuvzw_18.34019211_-64.93015341.jpg,55.89,clear,2026-04-13T17:56:31
/home/alex/Desktop/school/comp-vis/dataset/datasets--everettshen--StreetView360AtoZ/snapshots/f0b9ffb20c4dc68d4422db97b7da7b577970650e/data/463_6ycuLsLgBjw6-yCRDCh_mg_36.66719506_31.64944034.jpg,58.00,clear,2026-04-13T17:56:32
/home/alex/Desktop/school/comp-vis/dataset/datasets--everettshen--StreetView360AtoZ/snapshots/f0b9ffb20c4dc68d4422db97b7da7b577970650e/data/51_ebyx3v7hld11Tozns_ZBbw_-37.66676458_141.51645037.jpg,6.01,clear,2026-04-13T17:56:35
/home/alex/Desktop/school/comp-vis/dataset/datasets--everettshen--StreetView360AtoZ/snapshots/f0b9ffb20c4dc68d4422db97b7da7b577970650e/data/834_4b6Kfcr8HYuGrIplvh2kaQ_49.15736912_-0.30928933.jpg,56.19,clear,2026-04-13T17:56:36
/home/alex/Desktop/school/comp-vis/dataset/datasets--everettshen--StreetView360AtoZ/snapshots/f0b9ffb20c4dc68d4422db97b7da7b577970650e/data/276_0Mnh-uH3mZoL2Yd0MxK-4A_27.22530375_-80.25173977.jpg,39.97,clear,2026-04-13T17:56:38
/home/alex/Desktop/school/comp-vis/dataset/datasets--everettshen--StreetView360AtoZ/snapshots/f0b9ffb20c4dc68d4422db97b7da7b577970650e/data/3028_QcFppkgKLcrq5e16-HsvZw_-0.86767361_121.58754201.jpg,79.03,clear,2026-04-13T17:56:42
/home/alex/Desktop/school/comp-vis/dataset/datasets--everettshen--StreetView360AtoZ/snapshots/f0b9ffb20c4dc68d4422db97b7da7b577970650e/data/487_5vxl0uyMNNUomDQdOk1iPg_42.36375146_-112.83067015.jpg,40.87,clear,2026-04-13T17:56:46
/home/alex/Desktop/school/comp-vis/dataset/datasets--everettshen--StreetView360AtoZ/snapshots/f0b9ffb20c4dc68d4422db97b7da7b577970650e/data/691_LORLvVjc03CAqSBGr4ff-Q_50.92204529_20.54125280.jpg,29.15,clear,2026-04-13T17:56:48
/home/alex/Desktop/school/comp-vis/dataset/datasets--everettshen--StreetView360AtoZ/snapshots/f0b9ffb20c4dc68d4422db97b7da7b577970650e/data/110_SLwRon_0lmXZ25vlbMvKdg_-37.00852895_175.28979766.jpg,39.97,clear,2026-04-13T17:56:50
/home/alex/Desktop/school/comp-vis/dataset/datasets--everettshen--StreetView360AtoZ/snapshots/f0b9ffb20c4dc68d4422db97b7da7b577970650e/data/323_r6QNeQDC3LRA7ehEC-vooQ_41.54314435_-83.66655391.jpg,60.70,clear,2026-04-13T17:56:52
/home/alex/Desktop/school/comp-vis/dataset/datasets--everettshen--StreetView360AtoZ/snapshots/f0b9ffb20c4dc68d4422db97b7da7b577970650e/data/302_utOLz3VMasppxLl495J9_Q_21.96613854_70.50046687.jpg,45.08,clear,2026-04-13T17:56:56
/home/alex/Desktop/school/comp-vis/dataset/datasets--everettshen--StreetView360AtoZ/snapshots/f0b9ffb20c4dc68d4422db97b7da7b577970650e/data/512_XC2fgHALtI9gt-aHh1oJUQ_42.86319464_-93.54851694.jpg,46.88,clear,2026-04-13T17:56:58
/home/alex/Desktop/school/comp-vis/dataset/datasets--everettshen--StreetView360AtoZ/snapshots/f0b9ffb20c4dc68d4422db97b7da7b577970650e/data/60_-aDU1oYaTCRFqVPbvYwrtw_38.75043104_21.64755674.jpg,39.37,clear,2026-04-13T17:57:00
/home/alex/Desktop/school/comp-vis/dataset/datasets--everettshen--StreetView360AtoZ/snapshots/f0b9ffb20c4dc68d4422db97b7da7b577970650e/data/143_S9lFoH6OhPddeZtk8BmF_g_33.46876105_-94.21916056.jpg,22.54,clear,2026-04-13T17:57:03
/home/alex/Desktop/school/comp-vis/dataset/datasets--everettshen--StreetView360AtoZ/snapshots/f0b9ffb20c4dc68d4422db97b7da7b577970650e/data/90_JbdLV5iUYI1h5w5B7KRJpQ_44.90688814_10.48410314.jpg,66.11,clear,2026-04-13T17:57:04
/home/alex/Desktop/school/comp-vis/dataset/datasets--everettshen--StreetView360AtoZ/snapshots/f0b9ffb20c4dc68d4422db97b7da7b577970650e/data/1764_ePko1H9QhD7PDhobt4WHhw_35.20923448_-85.88273110.jpg,29.75,clear,2026-04-13T17:57:06
/home/alex/Desktop/school/comp-vis/dataset/datasets--everettshen--StreetView360AtoZ/snapshots/f0b9ffb20c4dc68d4422db97b7da7b577970650e/data/850_r0npwdTBHPSvFbwiYJtNNQ_-27.01630492_26.49982387.jpg,44.47,clear,2026-04-13T17:57:10
/home/alex/Desktop/school/comp-vis/dataset/datasets--everettshen--StreetView360AtoZ/snapshots/f0b9ffb20c4dc68d4422db97b7da7b577970650e/data/1018_K_CnadLQtLytSj1_0ItWfw_25.39149086_75.66815178.jpg,45.98,clear,2026-04-13T17:57:12
/home/alex/Desktop/school/comp-vis/dataset/datasets--everettshen--StreetView360AtoZ/snapshots/f0b9ffb20c4dc68d4422db97b7da7b577970650e/data/812_lcDknPnnr8AIpOrejPbtuw_-5.12232379_-42.75745849.jpg,61.00,clear,2026-04-13T17:57:17
/home/alex/Desktop/school/comp-vis/dataset/datasets--everettshen--StreetView360AtoZ/snapshots/f0b9ffb20c4dc68d4422db97b7da7b577970650e/data/1462_9gcr4y5JikJL0FyPfyurFg_-10.04515954_-39.61226474.jpg,48.68,clear,2026-04-13T17:57:19
/home/alex/Desktop/school/comp-vis/dataset/datasets--everettshen--StreetView360AtoZ/snapshots/f0b9ffb20c4dc68d4422db97b7da7b577970650e/data/29_XfR1Yy29pcrfdRzBP2nUAQ_57.57685370_25.77597979.jpg,51.09,clear,2026-04-13T17:57:29
/home/alex/Desktop/school/comp-vis/dataset/datasets--everettshen--StreetView360AtoZ/snapshots/f0b9ffb20c4dc68d4422db97b7da7b577970650e/data/236_sAXQifHq4IkQpsLz3yqrcA_35.03439470_-80.18348790.jpg,48.98,clear,2026-04-13T17:57:31
/home/alex/Desktop/school/comp-vis/dataset/datasets--everettshen--StreetView360AtoZ/snapshots/f0b9ffb20c4dc68d4422db97b7da7b577970650e/data/379_wtfJwOuTMoUcZ2dFNdDhAQ_56.55873368_23.77250643.jpg,38.76,clear,2026-04-13T17:57:34
/home/alex/Desktop/school/comp-vis/dataset/datasets--everettshen--StreetView360AtoZ/snapshots/f0b9ffb20c4dc68d4422db97b7da7b577970650e/data/122_-gw8ySQGHc4T0in8kYk4QA_15.35491322_120.60509229.jpg,44.47,clear,2026-04-13T17:57:38
/home/alex/Desktop/school/comp-vis/dataset/datasets--everettshen--StreetView360AtoZ/snapshots/f0b9ffb20c4dc68d4422db97b7da7b577970650e/data/1496_ACS-TC5Cw7-J8cuzMOmCGA_44.87405927_-63.80696991.jpg,58.90,clear,2026-04-13T17:57:39
/home/alex/Desktop/school/comp-vis/dataset/datasets--everettshen--StreetView360AtoZ/snapshots/f0b9ffb20c4dc68d4422db97b7da7b577970650e/data/347_Vj1G2iLrl53YIwlAzR5CXA_31.34443258_-109.54533330.jpg,26.74,clear,2026-04-13T17:57:41
/home/alex/Desktop/school/comp-vis/dataset/datasets--everettshen--StreetView360AtoZ/snapshots/f0b9ffb20c4dc68d4422db97b7da7b577970650e/data/2688_5-C5KnOdpQcQSAeNZAOTZQ_36.82092991_-81.70076286.jpg,46.88,clear,2026-04-13T17:57:43
/home/alex/Desktop/school/comp-vis/dataset/datasets--everettshen--StreetView360AtoZ/snapshots/f0b9ffb20c4dc68d4422db97b7da7b577970650e/data/675_liKyJw9TYL6W9hHurp_F3A_46.81439066_6.83169092.jpg,43.87,clear,2026-04-13T17:57:45
/home/alex/Desktop/school/comp-vis/dataset/datasets--everettshen--StreetView360AtoZ/snapshots/f0b9ffb20c4dc68d4422db97b7da7b577970650e/data/2979_HZDFZKqOLE6jDWME-9jq7w_20.17634270_85.80034372.jpg,74.22,clear,2026-04-13T17:57:47
/home/alex/Desktop/school/comp-vis/dataset/datasets--everettshen--StreetView360AtoZ/snapshots/f0b9ffb20c4dc68d4422db97b7da7b577970650e/data/277_Kh9_fk2A4kCjV0zAVFKphg_28.42708021_75.65651411.jpg,64.31,clear,2026-04-13T17:57:49
/home/alex/Desktop/school/comp-vis/dataset/datasets--everettshen--StreetView360AtoZ/snapshots/f0b9ffb20c4dc68d4422db97b7da7b577970650e/data/2977_Fktt7LD2VdjMcfDhcyDvyw_20.70071568_-100.51820848.jpg,81.14,clear,2026-04-13T17:57:52
/home/alex/Desktop/school/comp-vis/dataset/datasets--everettshen--StreetView360AtoZ/snapshots/f0b9ffb20c4dc68d4422db97b7da7b577970650e/data/1710_DsJn7euCuxA6kxmaeUviXw_40.15993880_39.89198691.jpg,68.81,clear,2026-04-13T17:57:56
/home/alex/Desktop/school/comp-vis/dataset/datasets--everettshen--StreetView360AtoZ/snapshots/f0b9ffb20c4dc68d4422db97b7da7b577970650e/data/1765_CYtdN0-mYvVkPP8isZg0Jg_19.53397013_100.87050860.jpg,29.15,clear,2026-04-13T17:57:58
/home/alex/Desktop/school/comp-vis/dataset/datasets--everettshen--StreetView360AtoZ/snapshots/f0b9ffb20c4dc68d4422db97b7da7b577970650e/data/2596_Om1YFDee2kfO0EKuGjTGwA_-29.19167438_-54.86725560.jpg,61.60,clear,2026-04-13T17:58:00
/home/alex/Desktop/school/comp-vis/dataset/datasets--everettshen--StreetView360AtoZ/snapshots/f0b9ffb20c4dc68d4422db97b7da7b577970650e/data/213_lcu1DuFJ3Cd5UhNKd7X4lA_38.90102802_22.49024386.jpg,76.33,clear,2026-04-13T17:58:02
/home/alex/Desktop/school/comp-vis/dataset/datasets--everettshen--StreetView360AtoZ/snapshots/f0b9ffb20c4dc68d4422db97b7da7b577970650e/data/1210_-P3oRixrz-xgCi53FLBt4w_42.24555755_18.90480901.jpg,68.81,clear,2026-04-13T17:58:05
/home/alex/Desktop/school/comp-vis/dataset/datasets--everettshen--StreetView360AtoZ/snapshots/f0b9ffb20c4dc68d4422db97b7da7b577970650e/data/1306_RUV31mTRsiNo5WdxUCHE7A_52.54384632_107.10906294.jpg,38.16,clear,2026-04-13T17:58:08
/home/alex/Desktop/school/comp-vis/dataset/datasets--everettshen--StreetView360AtoZ/snapshots/f0b9ffb20c4dc68d4422db97b7da7b577970650e/data/290_1pecYKUqcayT3SSylBzOww_53.51306658_-113.23985423.jpg,48.98,clear,2026-04-13T17:58:09
/home/alex/Desktop/school/comp-vis/dataset/datasets--everettshen--StreetView360AtoZ/snapshots/f0b9ffb20c4dc68d4422db97b7da7b577970650e/data/357_3ZLeUqd0oHk9Q0iZ_LLgtA_44.16234556_0.60358297.jpg,36.96,clear,2026-04-13T17:58:13
/home/alex/Desktop/school/comp-vis/dataset/datasets--everettshen--StreetView360AtoZ/snapshots/f0b9ffb20c4dc68d4422db97b7da7b577970650e/data/155_jyhj9HZQZClxgylrzoK42A_51.38781031_12.24984613.jpg,44.77,clear,2026-04-13T17:58:19
/home/alex/Desktop/school/comp-vis/dataset/datasets--everettshen--StreetView360AtoZ/snapshots/f0b9ffb20c4dc68d4422db97b7da7b577970650e/data/1519_yGzaPa1eTB0kirbupk08tg_42.73235737_-0.31131985.jpg,52.29,clear,2026-04-13T17:58:21
/home/alex/Desktop/school/comp-vis/dataset/datasets--everettshen--StreetView360AtoZ/snapshots/f0b9ffb20c4dc68d4422db97b7da7b577970650e/data/244_dDASNOJDk5qSSi6RlI3QDw_31.76870332_-95.00471315.jpg,44.77,clear,2026-04-13T17:58:23
/home/alex/Desktop/school/comp-vis/dataset/datasets--everettshen--StreetView360AtoZ/snapshots/f0b9ffb20c4dc68d4422db97b7da7b577970650e/data/2164_n-4yjass2pHGvYbrKjbRLw_-29.13401045_31.39733035.jpg,73.32,clear,2026-04-13T17:58:25
/home/alex/Desktop/school/comp-vis/dataset/datasets--everettshen--StreetView360AtoZ/snapshots/f0b9ffb20c4dc68d4422db97b7da7b577970650e/data/575_Mjj1ES8xsg2bnLLWZrKhLQ_19.41547971_79.98933448.jpg,40.57,clear,2026-04-13T17:58:28
/home/alex/Desktop/school/comp-vis/dataset/datasets--everettshen--StreetView360AtoZ/snapshots/f0b9ffb20c4dc68d4422db97b7da7b577970650e/data/1786_aOxIIzu34opdrRr9MPsl1A_53.78672458_8.61306329.jpg,44.17,clear,2026-04-13T17:58:29
/home/alex/Desktop/school/comp-vis/dataset/datasets--everettshen--StreetView360AtoZ/snapshots/f0b9ffb20c4dc68d4422db97b7da7b577970650e/data/568_LFmSShHcp58ZiZkNB6Xo0g_-8.81952718_121.67993593.jpg,55.89,clear,2026-04-13T17:58:31
/home/alex/Desktop/school/comp-vis/dataset/datasets--everettshen--StreetView360AtoZ/snapshots/f0b9ffb20c4dc68d4422db97b7da7b577970650e/data/1435_TqVqLExEfuDaLs-SkMEYkg_-30.67638702_30.50705149.jpg,42.07,clear,2026-04-13T17:58:35
/home/alex/Desktop/school/comp-vis/dataset/datasets--everettshen--StreetView360AtoZ/snapshots/f0b9ffb20c4dc68d4422db97b7da7b577970650e/data/1820_4RP2vig87EiPROqMhBPs3w_31.13159907_-93.27068852.jpg,45.08,clear,2026-04-13T17:58:37
/home/alex/Desktop/school/comp-vis/dataset/datasets--everettshen--StreetView360AtoZ/snapshots/f0b9ffb20c4dc68d4422db97b7da7b577970650e/data/1335_JQ24uwEr_aSsDzK50UcVNw_40.30115002_140.55337342.jpg,48.98,clear,2026-04-13T17:58:39
/home/alex/Desktop/school/comp-vis/dataset/datasets--everettshen--StreetView360AtoZ/snapshots/f0b9ffb20c4dc68d4422db97b7da7b577970650e/data/563_93g2-owTOS4YdzFubNjNgw_53.01686580_-122.60240106.jpg,55.59,clear,2026-04-13T17:58:41
/home/alex/Desktop/school/comp-vis/dataset/datasets--everettshen--StreetView360AtoZ/snapshots/f0b9ffb20c4dc68d4422db97b7da7b577970650e/data/3011_E0k0v7JO7dWmL75o1Wp2YA_-21.84239652_-43.79307599.jpg,64.61,clear,2026-04-13T17:58:48
/home/alex/Desktop/school/comp-vis/dataset/datasets--everettshen--StreetView360AtoZ/snapshots/f0b9ffb20c4dc68d4422db97b7da7b577970650e/data/1471_fpnT25h3wnDD_eVUs2QocQ_45.70717138_21.59379133.jpg,29.15,clear,2026-04-13T17:58:50
/home/alex/Desktop/school/comp-vis/dataset/datasets--everettshen--StreetView360AtoZ/snapshots/f0b9ffb20c4dc68d4422db97b7da7b577970650e/data/1833_uqDsakxkwNIhbH3L_cEi3A_40.92256344_-4.43902674.jpg,73.02,clear,2026-04-13T17:58:53
/home/alex/Desktop/school/comp-vis/dataset/datasets--everettshen--StreetView360AtoZ/snapshots/f0b9ffb20c4dc68d4422db97b7da7b577970650e/data/695_izoP63rvF1zULHUCFwHtig_12.21983603_76.90212867.jpg,52.59,clear,2026-04-13T17:58:57
/home/alex/Desktop/school/comp-vis/dataset/datasets--everettshen--StreetView360AtoZ/snapshots/f0b9ffb20c4dc68d4422db97b7da7b577970650e/data/1731_LVFGlOgldaXMkaLJCVqsoQ_39.05305935_-93.83334703.jpg,70.62,clear,2026-04-13T17:59:00
/home/alex/Desktop/school/comp-vis/dataset/datasets--everettshen--StreetView360AtoZ/snapshots/f0b9ffb20c4dc68d4422db97b7da7b577970650e/data/3347_P2ySkuQbyZ0kjNzgKZ3-ww_35.70363079_-91.48229962.jpg,39.97,clear,2026-04-13T17:59:01
/home/alex/Desktop/school/comp-vis/dataset/datasets--everettshen--StreetView360AtoZ/snapshots/f0b9ffb20c4dc68d4422db97b7da7b577970650e/data/130_HllDVuTup5FGQZfdA8L_TA_41.55725758_-0.13365201.jpg,68.81,clear,2026-04-13T17:59:02
/home/alex/Desktop/school/comp-vis/dataset/datasets--everettshen--StreetView360AtoZ/snapshots/f0b9ffb20c4dc68d4422db97b7da7b577970650e/data/2461_Ass-HwVipuQg9bBODgl7Pg_40.09005439_-98.06785372.jpg,61.00,clear,2026-04-13T17:59:05
/home/alex/Desktop/school/comp-vis/dataset/datasets--everettshen--StreetView360AtoZ/snapshots/f0b9ffb20c4dc68d4422db97b7da7b577970650e/data/1592_Z_R_JiJG1vXyIKkk1tQuJA_-0.61364738_-47.35566136.jpg,61.30,clear,2026-04-13T17:59:08
/home/alex/Desktop/school/comp-vis/dataset/datasets--everettshen--StreetView360AtoZ/snapshots/f0b9ffb20c4dc68d4422db97b7da7b577970650e/data/936_c8R2w_J5ZTaCera0IpUajw_6.76487082_100.97048611.jpg,76.33,clear,2026-04-13T17:59:12
/home/alex/Desktop/school/comp-vis/dataset/datasets--everettshen--StreetView360AtoZ/snapshots/f0b9ffb20c4dc68d4422db97b7da7b577970650e/data/304_syONdS4xv2Um0HV8sdS41A_39.90758905_3.08121832.jpg,36.36,clear,2026-04-13T17:59:14
/home/alex/Desktop/school/comp-vis/dataset/datasets--everettshen--StreetView360AtoZ/snapshots/f0b9ffb20c4dc68d4422db97b7da7b577970650e/data/751_YR86HuUMjphwPD-GAU1SVA_33.37252827_-104.52936083.jpg,13.22,clear,2026-04-13T17:59:17
/home/alex/Desktop/school/comp-vis/dataset/datasets--everettshen--StreetView360AtoZ/snapshots/f0b9ffb20c4dc68d4422db97b7da7b577970650e/data/564_MFPz41P_rV39LIryEkklfw_49.21352023_-1.29801182.jpg,30.35,clear,2026-04-13T17:59:20
/home/alex/Desktop/school/comp-vis/dataset/datasets--everettshen--StreetView360AtoZ/snapshots/f0b9ffb20c4dc68d4422db97b7da7b577970650e/data/2749_w5gDCNcxgqle_6ZqPldqCw_16.61518946_74.71371513.jpg,48.38,clear,2026-04-13T17:59:22
/home/alex/Desktop/school/comp-vis/dataset/datasets--everettshen--StreetView360AtoZ/snapshots/f0b9ffb20c4dc68d4422db97b7da7b577970650e/data/861_VD7bNB5Hj5LbIGNN4jNf8Q_52.16414997_9.91251271.jpg,48.38,clear,2026-04-13T17:59:27
/home/alex/Desktop/school/comp-vis/dataset/datasets--everettshen--StreetView360AtoZ/snapshots/f0b9ffb20c4dc68d4422db97b7da7b577970650e/data/308_p1AsNaFZDwZ9iGDcQSs4Yw_-8.55300085_122.14645015.jpg,39.37,clear,2026-04-13T17:59:29
/home/alex/Desktop/school/comp-vis/dataset/datasets--everettshen--StreetView360AtoZ/snapshots/f0b9ffb20c4dc68d4422db97b7da7b577970650e/data/567_xReMs9L5aoLQTKDdpnFY5g_60.98386107_5.08507477.jpg,23.14,clear,2026-04-13T17:59:31
/home/alex/Desktop/school/comp-vis/dataset/datasets--everettshen--StreetView360AtoZ/snapshots/f0b9ffb20c4dc68d4422db97b7da7b577970650e/data/2800_fQ8GBmWSC3q5b6WoorUEmQ_43.69827484_-86.36374805.jpg,52.89,clear,2026-04-13T17:59:33
/home/alex/Desktop/school/comp-vis/dataset/datasets--everettshen--StreetView360AtoZ/snapshots/f0b9ffb20c4dc68d4422db97b7da7b577970650e/data/1678_4BPmXCNIkwVz0LHKtB-zlw_44.61413656_2.24812285.jpg,66.41,clear,2026-04-13T17:59:37
/home/alex/Desktop/school/comp-vis/dataset/datasets--everettshen--StreetView360AtoZ/snapshots/f0b9ffb20c4dc68d4422db97b7da7b577970650e/data/254_rGeFK6_blURI1L0sPvy7-w_13.67366786_103.19352221.jpg,31.25,clear,2026-04-13T17:59:38
/home/alex/Desktop/school/comp-vis/dataset/datasets--everettshen--StreetView360AtoZ/snapshots/f0b9ffb20c4dc68d4422db97b7da7b577970650e/data/2018_Fa0JoGlI7FPBBPW10biiOw_39.82984591_-82.82809646.jpg,21.94,clear,2026-04-13T17:59:39
/home/alex/Desktop/school/comp-vis/dataset/datasets--everettshen--StreetView360AtoZ/snapshots/f0b9ffb20c4dc68d4422db97b7da7b577970650e/data/630_zfFu9QGpA-2FKSu4Dzkmqw_-33.73207458_151.30115229.jpg,40.27,clear,2026-04-13T17:59:41
/home/alex/Desktop/school/comp-vis/dataset/datasets--everettshen--StreetView360AtoZ/snapshots/f0b9ffb20c4dc68d4422db97b7da7b577970650e/data/301_ek6MCalLmP8ErX09DIY2iQ_45.99303715_-86.01206344.jpg,54.99,clear,2026-04-13T17:59:44
/home/alex/Desktop/school/comp-vis/dataset/datasets--everettshen--StreetView360AtoZ/snapshots/f0b9ffb20c4dc68d4422db97b7da7b577970650e/data/724_S371bITvBhZbDABRw3QsUQ_41.44988457_31.78339753.jpg,61.60,clear,2026-04-13T17:59:48
/home/alex/Desktop/school/comp-vis/dataset/datasets--everettshen--StreetView360AtoZ/snapshots/f0b9ffb20c4dc68d4422db97b7da7b577970650e/data/2985_yZgYkboE2ADQwY-hyf84Gg_42.05506941_-124.28996671.jpg,23.44,clear,2026-04-13T17:59:53
/home/alex/Desktop/school/comp-vis/dataset/datasets--everettshen--StreetView360AtoZ/snapshots/f0b9ffb20c4dc68d4422db97b7da7b577970650e/data/640_CvgWvzyNszqFbDq3ghGaVQ_23.33357421_73.13635789.jpg,48.98,clear,2026-04-13T17:59:56
/home/alex/Desktop/school/comp-vis/dataset/datasets--everettshen--StreetView360AtoZ/snapshots/f0b9ffb20c4dc68d4422db97b7da7b577970650e/data/86_ice7PqNpVN0OsxQwf3-ybg_-21.78499923_-45.96314070.jpg,51.39,clear,2026-04-13T18:00:04
/home/alex/Desktop/school/comp-vis/dataset/datasets--everettshen--StreetView360AtoZ/snapshots/f0b9ffb20c4dc68d4422db97b7da7b577970650e/data/421_68dRGcX2M2CG8mZdYK6kNA_35.72671578_-77.95544714.jpg,64.31,clear,2026-04-13T18:00:05
/home/alex/Desktop/school/comp-vis/dataset/datasets--everettshen--StreetView360AtoZ/snapshots/f0b9ffb20c4dc68d4422db97b7da7b577970650e/data/986_Pq0vTKxB7gfqjxPu3C-IPA_41.91275165_15.78954554.jpg,64.31,clear,2026-04-13T18:00:06
/home/alex/Desktop/school/comp-vis/dataset/datasets--everettshen--StreetView360AtoZ/snapshots/f0b9ffb20c4dc68d4422db97b7da7b577970650e/data/1305_UCAt9sq5VZ4J00bjQ2yMyg_44.92210444_2.83748807.jpg,48.68,clear,2026-04-13T18:00:11
/home/alex/Desktop/school/comp-vis/dataset/datasets--everettshen--StreetView360AtoZ/snapshots/f0b9ffb20c4dc68d4422db97b7da7b577970650e/data/877_1frawj7Q1CbzlpThpkILLg_31.77284382_-95.66143736.jpg,27.65,clear,2026-04-13T18:00:13
/home/alex/Desktop/school/comp-vis/dataset/datasets--everettshen--StreetView360AtoZ/snapshots/f0b9ffb20c4dc68d4422db97b7da7b577970650e/data/2594_rFHzpmmpD2C4ZOx-9m59Jg_-29.94929039_114.98201125.jpg,52.29,clear,2026-04-13T18:00:15
/home/alex/Desktop/school/comp-vis/dataset/datasets--everettshen--StreetView360AtoZ/snapshots/f0b9ffb20c4dc68d4422db97b7da7b577970650e/data/1246_x2s0bxTmeqO_dCJrSk-PmQ_30.08473335_75.90426432.jpg,31.25,clear,2026-04-13T18:00:16
/home/alex/Desktop/school/comp-vis/dataset/datasets--everettshen--StreetView360AtoZ/snapshots/f0b9ffb20c4dc68d4422db97b7da7b577970650e/data/1521_z7lZI6xiBVoqT5_rPcck0w_3.00292256_-78.16598659.jpg,41.17,clear,2026-04-13T18:00:19
/home/alex/Desktop/school/comp-vis/dataset/datasets--everettshen--StreetView360AtoZ/snapshots/f0b9ffb20c4dc68d4422db97b7da7b577970650e/data/1131_3w9DCT2tQ1lh7NVI6lYGkw_-32.79945507_-60.72866502.jpg,59.20,clear,2026-04-13T18:00:20
/home/alex/Desktop/school/comp-vis/dataset/datasets--everettshen--StreetView360AtoZ/snapshots/f0b9ffb20c4dc68d4422db97b7da7b577970650e/data/492_O3ZQS3n4OlC1pvV5D1I7Tw_46.94291842_-65.51772200.jpg,35.76,clear,2026-04-13T18:00:22
/home/alex/Desktop/school/comp-vis/dataset/datasets--everettshen--StreetView360AtoZ/snapshots/f0b9ffb20c4dc68d4422db97b7da7b577970650e/data/1412_nnqlYNYod75ldKT5PykdlQ_43.95438463_12.44021498.jpg,12.02,clear,2026-04-13T18:00:28
/home/alex/Desktop/school/comp-vis/dataset/datasets--everettshen--StreetView360AtoZ/snapshots/f0b9ffb20c4dc68d4422db97b7da7b577970650e/data/869_PT_5wUfuofv1cIGMQ8Sv2g_47.97211961_2.94699492.jpg,51.69,clear,2026-04-13T18:00:30
/home/alex/Desktop/school/comp-vis/dataset/datasets--everettshen--StreetView360AtoZ/snapshots/f0b9ffb20c4dc68d4422db97b7da7b577970650e/data/3164_OaTwD9aKZRHD5rk9paCRHw_37.39658466_-120.63173352.jpg,56.19,clear,2026-04-13T18:00:32
/home/alex/Desktop/school/comp-vis/dataset/datasets--everettshen--StreetView360AtoZ/snapshots/f0b9ffb20c4dc68d4422db97b7da7b577970650e/data/792_8AvyKDWseZBqEEdl2-pqew_21.34694693_-158.08604684.jpg,65.81,clear,2026-04-13T18:00:35
/home/alex/Desktop/school/comp-vis/dataset/datasets--everettshen--StreetView360AtoZ/snapshots/f0b9ffb20c4dc68d4422db97b7da7b577970650e/data/624_UYHamw-8HZpgkEseMx1Vhw_-23.72941350_133.86599568.jpg,19.83,clear,2026-04-13T18:00:39
/home/alex/Desktop/school/comp-vis/dataset/datasets--everettshen--StreetView360AtoZ/snapshots/f0b9ffb20c4dc68d4422db97b7da7b577970650e/data/1921_SauQ0q-AF3GjJqe1TREFOQ_38.39557880_-91.87994311.jpg,64.31,clear,2026-04-13T18:00:40
/home/alex/Desktop/school/comp-vis/dataset/datasets--everettshen--StreetView360AtoZ/snapshots/f0b9ffb20c4dc68d4422db97b7da7b577970650e/data/1532_n-4yjass2pHGvYbrKjbRLw_-29.13401045_31.39733035.jpg,72.72,clear,2026-04-13T18:00:44
/home/alex/Desktop/school/comp-vis/dataset/datasets--everettshen--StreetView360AtoZ/snapshots/f0b9ffb20c4dc68d4422db97b7da7b577970650e/data/1621_bstIWUEuY5nXmXCx3uMX2A_41.87364688_-91.58518673.jpg,43.57,clear,2026-04-13T18:00:48
/home/alex/Desktop/school/comp-vis/dataset/datasets--everettshen--StreetView360AtoZ/snapshots/f0b9ffb20c4dc68d4422db97b7da7b577970650e/data/1238_-C81db5ENG0s99x7oxM1SA_45.75200217_-120.90448881.jpg,21.04,clear,2026-04-13T18:00:51
/home/alex/Desktop/school/comp-vis/dataset/datasets--everettshen--StreetView360AtoZ/snapshots/f0b9ffb20c4dc68d4422db97b7da7b577970650e/data/1042_5ikLxiY2SgUwfQwaWAqp1w_50.28168626_3.98450178.jpg,29.15,clear,2026-04-13T18:00:56
/home/alex/Desktop/school/comp-vis/dataset/datasets--everettshen--StreetView360AtoZ/snapshots/f0b9ffb20c4dc68d4422db97b7da7b577970650e/data/833_7MNeE1lQqdMJN9Sb0lFjFw_-33.95143292_-62.97273553.jpg,67.01,clear,2026-04-13T18:00:58
/home/alex/Desktop/school/comp-vis/dataset/datasets--everettshen--StreetView360AtoZ/snapshots/f0b9ffb20c4dc68d4422db97b7da7b577970650e/data/1706_9VFxEmM4iGrildJUSJnxVQ_42.38246117_-106.26889485.jpg,25.24,clear,2026-04-13T18:01:03
/home/alex/Desktop/school/comp-vis/dataset/datasets--everettshen--StreetView360AtoZ/snapshots/f0b9ffb20c4dc68d4422db97b7da7b577970650e/data/848_CRXvG0jGa4XvFbnDLYsbZQ_8.51167747_98.50075845.jpg,73.92,clear,2026-04-13T18:01:04
/home/alex/Desktop/school/comp-vis/dataset/datasets--everettshen--StreetView360AtoZ/snapshots/f0b9ffb20c4dc68d4422db97b7da7b577970650e/data/932_rnstb16eSh-IoxC8B2qaUg_31.96432854_-95.26137299.jpg,47.18,clear,2026-04-13T18:01:05
/home/alex/Desktop/school/comp-vis/dataset/datasets--everettshen--StreetView360AtoZ/snapshots/f0b9ffb20c4dc68d4422db97b7da7b577970650e/data/3186_RkKbHsgnzOXMCGFW07Vh9w_29.31376358_-96.10453038.jpg,30.35,clear,2026-04-13T18:01:08
/home/alex/Desktop/school/comp-vis/dataset/datasets--everettshen--StreetView360AtoZ/snapshots/f0b9ffb20c4dc68d4422db97b7da7b577970650e/data/2494_2zM7y3AoLnhuQ6ho5YNO5w_38.16679251_-94.71383287.jpg,66.11,clear,2026-04-13T18:01:11
/home/alex/Desktop/school/comp-vis/dataset/datasets--everettshen--StreetView360AtoZ/snapshots/f0b9ffb20c4dc68d4422db97b7da7b577970650e/data/3376_Ilp18CohuGJPGLGe2-KU0g_40.67231119_30.58506931.jpg,33.96,clear,2026-04-13T18:01:12
/home/alex/Desktop/school/comp-vis/dataset/datasets--everettshen--StreetView360AtoZ/snapshots/f0b9ffb20c4dc68d4422db97b7da7b577970650e/data/2412_v2sbujQRIs9jr2h956F6RA_45.41155301_21.14275208.jpg,66.11,clear,2026-04-13T18:01:24
/home/alex/Desktop/school/comp-vis/dataset/datasets--everettshen--StreetView360AtoZ/snapshots/f0b9ffb20c4dc68d4422db97b7da7b577970650e/data/2504_t94jbpQXkGXkYLwd44MXuQ_38.05939084_37.18823665.jpg,30.95,clear,2026-04-13T18:01:36
/home/alex/Desktop/school/comp-vis/dataset/datasets--everettshen--StreetView360AtoZ/snapshots/f0b9ffb20c4dc68d4422db97b7da7b577970650e/data/120_akqj_RCfNsVM-Ka6Eaaong_28.30372231_-81.41672396.jpg,65.51,clear,2026-04-13T18:01:38
/home/alex/Desktop/school/comp-vis/dataset/datasets--everettshen--StreetView360AtoZ/snapshots/f0b9ffb20c4dc68d4422db97b7da7b577970650e/data/2944_1g8zzvy9vmy9prrK56igGg_44.60597390_-79.39277842.jpg,67.01,clear,2026-04-13T18:01:43
/home/alex/Desktop/school/comp-vis/dataset/datasets--everettshen--StreetView360AtoZ/snapshots/f0b9ffb20c4dc68d4422db97b7da7b577970650e/data/1482_14lXVmIvf7iZVWEa63pSpQ_21.66274621_-98.96550056.jpg,59.20,clear,2026-04-13T18:01:52
/home/alex/Desktop/school/comp-vis/dataset/datasets--everettshen--StreetView360AtoZ/snapshots/f0b9ffb20c4dc68d4422db97b7da7b577970650e/data/531_vL49LCdil7Vlpf6SNmblUA_35.59993779_-120.65448394.jpg,73.62,clear,2026-04-13T18:01:54
/home/alex/Desktop/school/comp-vis/dataset/datasets--everettshen--StreetView360AtoZ/snapshots/f0b9ffb20c4dc68d4422db97b7da7b577970650e/data/96_EYNmUIDlX2IshDo_T81Myw_39.03611533_22.28419104.jpg,39.07,clear,2026-04-13T18:01:56
/home/alex/Desktop/school/comp-vis/dataset/datasets--everettshen--StreetView360AtoZ/snapshots/f0b9ffb20c4dc68d4422db97b7da7b577970650e/data/374_1wExQwodHew984AIL5C9-g_58.67267156_17.09783119.jpg,54.09,clear,2026-04-13T18:02:05
/home/alex/Desktop/school/comp-vis/dataset/datasets--everettshen--StreetView360AtoZ/snapshots/f0b9ffb20c4dc68d4422db97b7da7b577970650e/data/1427_V7EsRUrwqZstxQMFHDOaCg_51.89352986_12.60410121.jpg,39.67,clear,2026-04-13T18:02:11
/home/alex/Desktop/school/comp-vis/dataset/datasets--everettshen--StreetView360AtoZ/snapshots/f0b9ffb20c4dc68d4422db97b7da7b577970650e/data/905_8mWiLtKYhNVUfDLp8KeeTg_43.14427065_-2.55959943.jpg,48.08,clear,2026-04-13T18:02:16
/home/alex/Desktop/school/comp-vis/dataset/datasets--everettshen--StreetView360AtoZ/snapshots/f0b9ffb20c4dc68d4422db97b7da7b577970650e/data/1254_eoHbiKFRqqab0NfADgaD-g_41.43670503_-89.39356610.jpg,42.07,clear,2026-04-13T18:02:17
/home/alex/Desktop/school/comp-vis/dataset/datasets--everettshen--StreetView360AtoZ/snapshots/f0b9ffb20c4dc68d4422db97b7da7b577970650e/data/1641_DLiTwGxQW04krrMpDqvh9w_43.60911663_-96.46203714.jpg,18.03,clear,2026-04-13T18:02:18
/home/alex/Desktop/school/comp-vis/dataset/datasets--everettshen--StreetView360AtoZ/snapshots/f0b9ffb20c4dc68d4422db97b7da7b577970650e/data/3440_WVhx_Zxk2psJh28Xm-VbCA_46.98634249_-104.19002567.jpg,36.96,clear,2026-04-13T18:02:20
/home/alex/Desktop/school/comp-vis/dataset/datasets--everettshen--StreetView360AtoZ/snapshots/f0b9ffb20c4dc68d4422db97b7da7b577970650e/data/336_KmARZPgVQUAHPThkSANoHA_45.66612503_-88.90910132.jpg,28.85,clear,2026-04-13T18:02:23
/home/alex/Desktop/school/comp-vis/dataset/datasets--everettshen--StreetView360AtoZ/snapshots/f0b9ffb20c4dc68d4422db97b7da7b577970650e/data/2424_v2mEBOcNJAD83MvaPDQrNA_36.91904633_-6.08360777.jpg,36.06,clear,2026-04-13T18:02:26
/home/alex/Desktop/school/comp-vis/dataset/datasets--everettshen--StreetView360AtoZ/snapshots/f0b9ffb20c4dc68d4422db97b7da7b577970650e/data/2445_y8ixKcWrRz1zkvx_ilTWwg_38.00223423_127.23873552.jpg,20.73,clear,2026-04-13T18:02:30
/home/alex/Desktop/school/comp-vis/dataset/datasets--everettshen--StreetView360AtoZ/snapshots/f0b9ffb20c4dc68d4422db97b7da7b577970650e/data/1085_HOntkxyYRp4rGKmbO0Yx9g_55.53271938_41.96726133.jpg,51.09,clear,2026-04-13T18:02:31
/home/alex/Desktop/school/comp-vis/dataset/datasets--everettshen--StreetView360AtoZ/snapshots/f0b9ffb20c4dc68d4422db97b7da7b577970650e/data/616_Ludc6hIxLNb_kUSELntX3A_48.83607089_16.15559704.jpg,49.28,clear,2026-04-13T18:02:33
/home/alex/Desktop/school/comp-vis/dataset/datasets--everettshen--StreetView360AtoZ/snapshots/f0b9ffb20c4dc68d4422db97b7da7b577970650e/data/2828_uKVgeJVe-QqXRHZoboCp7w_-29.92013553_30.96470007.jpg,65.81,clear,2026-04-13T18:02:35
/home/alex/Desktop/school/comp-vis/dataset/datasets--everettshen--StreetView360AtoZ/snapshots/f0b9ffb20c4dc68d4422db97b7da7b577970650e/data/1038_WZItHRVLU3Pts32qcH566A_-16.47392581_-39.06383094.jpg,73.62,clear,2026-04-13T18:02:36
/home/alex/Desktop/school/comp-vis/dataset/datasets--everettshen--StreetView360AtoZ/snapshots/f0b9ffb20c4dc68d4422db97b7da7b577970650e/data/2106_U4E170pO-r4qi6Pvg8lY3A_13.24851896_77.70283830.jpg,69.42,clear,2026-04-13T18:02:37
/home/alex/Desktop/school/comp-vis/dataset/datasets--everettshen--StreetView360AtoZ/snapshots/f0b9ffb20c4dc68d4422db97b7da7b577970650e/data/2785_ZxVC8qLbrEBpR56_4B2euw_38.99004670_-80.20624588.jpg,20.43,clear,2026-04-13T18:02:42
/home/alex/Desktop/school/comp-vis/dataset/datasets--everettshen--StreetView360AtoZ/snapshots/f0b9ffb20c4dc68d4422db97b7da7b577970650e/data/1384_omtJYO9F6pygcjih6CTumw_50.35177900_10.90408920.jpg,27.95,clear,2026-04-13T18:02:45
/home/alex/Desktop/school/comp-vis/dataset/datasets--everettshen--StreetView360AtoZ/snapshots/f0b9ffb20c4dc68d4422db97b7da7b577970650e/data/1709_DmS5tH3vf9aG0nrASjWQXQ_47.14133656_-1.28258908.jpg,57.40,clear,2026-04-13T18:02:46
/home/alex/Desktop/school/comp-vis/dataset/datasets--everettshen--StreetView360AtoZ/snapshots/f0b9ffb20c4dc68d4422db97b7da7b577970650e/data/2783_LsqO1C-YQnpb63xyKJqinw_40.16589232_-74.91708552.jpg,39.97,clear,2026-04-13T18:02:47
/home/alex/Desktop/school/comp-vis/dataset/datasets--everettshen--StreetView360AtoZ/snapshots/f0b9ffb20c4dc68d4422db97b7da7b577970650e/data/1895_foBNeZHk7nPRn8HVWT9XUA_26.60345438_86.01285914.jpg,33.66,clear,2026-04-13T18:02:50
/home/alex/Desktop/school/comp-vis/dataset/datasets--everettshen--StreetView360AtoZ/snapshots/f0b9ffb20c4dc68d4422db97b7da7b577970650e/data/2456_8ulijKTvXAseFGFq4_AHmQ_46.98862737_5.14969386.jpg,53.19,clear,2026-04-13T18:02:54
/home/alex/Desktop/school/comp-vis/dataset/datasets--everettshen--StreetView360AtoZ/snapshots/f0b9ffb20c4dc68d4422db97b7da7b577970650e/data/1580_58rFrFwIygPzeY4X5VB3Rw_-34.89996395_-57.93370589.jpg,63.71,clear,2026-04-13T18:02:59
/home/alex/Desktop/school/comp-vis/dataset/datasets--everettshen--StreetView360AtoZ/snapshots/f0b9ffb20c4dc68d4422db97b7da7b577970650e/data/286_S5Ll-xaCo3Kf4OS1kqIryg_-34.37880934_-71.12263016.jpg,32.15,clear,2026-04-13T18:03:02
/home/alex/Desktop/school/comp-vis/dataset/datasets--everettshen--StreetView360AtoZ/snapshots/f0b9ffb20c4dc68d4422db97b7da7b577970650e/data/522_EOq0RHET1qFfO8ZuTBZQtw_34.55416905_-114.37239753.jpg,17.73,clear,2026-04-13T18:03:07
/home/alex/Desktop/school/comp-vis/dataset/datasets--everettshen--StreetView360AtoZ/snapshots/f0b9ffb20c4dc68d4422db97b7da7b577970650e/data/1185__Qkp1vFPeZ_bVmsOtuqICw_48.48783200_6.69473831.jpg,27.65,clear,2026-04-13T18:03:10
/home/alex/Desktop/school/comp-vis/dataset/datasets--everettshen--StreetView360AtoZ/snapshots/f0b9ffb20c4dc68d4422db97b7da7b577970650e/data/171_xKNB7mDFzO3NAnVu9Op6OQ_41.98540518_28.02999056.jpg,46.58,clear,2026-04-13T18:03:13
/home/alex/Desktop/school/comp-vis/dataset/datasets--everettshen--StreetView360AtoZ/snapshots/f0b9ffb20c4dc68d4422db97b7da7b577970650e/data/1841_F8SLb4SzFDuK1m7FwhbZew_43.83586613_-101.52238252.jpg,29.75,clear,2026-04-13T18:03:15
/home/alex/Desktop/school/comp-vis/dataset/datasets--everettshen--StreetView360AtoZ/snapshots/f0b9ffb20c4dc68d4422db97b7da7b577970650e/data/2116_wa25zTiVGtyAM-5LIWR4bQ_53.01420408_14.21910876.jpg,38.16,clear,2026-04-13T18:03:16
/home/alex/Desktop/school/comp-vis/dataset/datasets--everettshen--StreetView360AtoZ/snapshots/f0b9ffb20c4dc68d4422db97b7da7b577970650e/data/38_lQdc8aMHpqcYyFLvHdHQ8A_54.96651981_48.28500503.jpg,42.97,clear,2026-04-13T18:03:17
/home/alex/Desktop/school/comp-vis/dataset/datasets--everettshen--StreetView360AtoZ/snapshots/f0b9ffb20c4dc68d4422db97b7da7b577970650e/data/1001_irEnbVOUa_UQl5eywQ-z6Q_-29.47164594_-53.46900690.jpg,48.98,clear,2026-04-13T18:03:22
/home/alex/Desktop/school/comp-vis/dataset/datasets--everettshen--StreetView360AtoZ/snapshots/f0b9ffb20c4dc68d4422db97b7da7b577970650e/data/1482_WNWEJCw8BlxCKvJyYDA-xw_13.63696986_78.62956322.jpg,46.28,clear,2026-04-13T18:03:24
/home/alex/Desktop/school/comp-vis/dataset/datasets--everettshen--StreetView360AtoZ/snapshots/f0b9ffb20c4dc68d4422db97b7da7b577970650e/data/1057_JRBGR-M4wPCdpMkvCdhkSA_40.04406390_-94.82078797.jpg,37.86,clear,2026-04-13T18:03:26
/home/alex/Desktop/school/comp-vis/dataset/datasets--everettshen--StreetView360AtoZ/snapshots/f0b9ffb20c4dc68d4422db97b7da7b577970650e/data/858_Nuu0CHu8oFgpwbIiT_h2gA_34.80029138_-118.87376082.jpg,26.74,clear,2026-04-13T18:03:27
/home/alex/Desktop/school/comp-vis/dataset/datasets--everettshen--StreetView360AtoZ/snapshots/f0b9ffb20c4dc68d4422db97b7da7b577970650e/data/1232_Z5oS1K5PcMPM5Ouuot-QIw_37.87015345_139.08969993.jpg,42.97,clear,2026-04-13T18:03:32
/home/alex/Desktop/school/comp-vis/dataset/datasets--everettshen--StreetView360AtoZ/snapshots/f0b9ffb20c4dc68d4422db97b7da7b577970650e/data/836_noigGAkt653CI2YztHnKwg_46.14812842_-123.92827718.jpg,54.99,clear,2026-04-13T18:03:34
/home/alex/Desktop/school/comp-vis/dataset/datasets--everettshen--StreetView360AtoZ/snapshots/f0b9ffb20c4dc68d4422db97b7da7b577970650e/data/2629_30PrP9xt8qWeCEj0wy9AWw_52.52574127_-6.27009807.jpg,48.38,clear,2026-04-13T18:03:35
/home/alex/Desktop/school/comp-vis/dataset/datasets--everettshen--StreetView360AtoZ/snapshots/f0b9ffb20c4dc68d4422db97b7da7b577970650e/data/131_q9G3LSg1JSC4sOn-d5qiKQ_43.09782008_-93.80262365.jpg,59.50,clear,2026-04-13T18:03:42
/home/alex/Desktop/school/comp-vis/dataset/datasets--everettshen--StreetView360AtoZ/snapshots/f0b9ffb20c4dc68d4422db97b7da7b577970650e/data/283_3ZSK7Y7LhZczxuAl9O2kDA_-16.73494844_-43.86283818.jpg,48.08,clear,2026-04-13T18:03:43
/home/alex/Desktop/school/comp-vis/dataset/datasets--everettshen--StreetView360AtoZ/snapshots/f0b9ffb20c4dc68d4422db97b7da7b577970650e/data/559_IM_XmrbyY1Gy31wGlZ0jyw_47.46255362_22.88698405.jpg,47.48,clear,2026-04-13T18:03:44
/home/alex/Desktop/school/comp-vis/dataset/datasets--everettshen--StreetView360AtoZ/snapshots/f0b9ffb20c4dc68d4422db97b7da7b577970650e/data/2007__XUU3-QXghOlq3f13xkvwA_22.82393643_70.84716838.jpg,50.48,clear,2026-04-13T18:03:46
/home/alex/Desktop/school/comp-vis/dataset/datasets--everettshen--StreetView360AtoZ/snapshots/f0b9ffb20c4dc68d4422db97b7da7b577970650e/data/595_UD-x4q7agDcPStqCWEKzjA_39.71224141_-97.35981488.jpg,46.88,clear,2026-04-13T18:03:48
/home/alex/Desktop/school/comp-vis/dataset/datasets--everettshen--StreetView360AtoZ/snapshots/f0b9ffb20c4dc68d4422db97b7da7b577970650e/data/681_HZ6Ko3OP-UnVkOCaUR3kKQ_-15.00002044_-75.00012940.jpg,17.43,clear,2026-04-13T18:03:57
/home/alex/Desktop/school/comp-vis/dataset/datasets--everettshen--StreetView360AtoZ/snapshots/f0b9ffb20c4dc68d4422db97b7da7b577970650e/data/385_20kxAKQSWWBDdb-OPQPq5g_-12.76082904_-43.94998378.jpg,62.80,clear,2026-04-13T18:03:59
/home/alex/Desktop/school/comp-vis/dataset/datasets--everettshen--StreetView360AtoZ/snapshots/f0b9ffb20c4dc68d4422db97b7da7b577970650e/data/3141_5-Dg8mhP5uIbJHyERgbT5g_20.41792050_-97.01753140.jpg,53.19,clear,2026-04-13T18:04:00
/home/alex/Desktop/school/comp-vis/dataset/datasets--everettshen--StreetView360AtoZ/snapshots/f0b9ffb20c4dc68d4422db97b7da7b577970650e/data/388_vSczd4UEvybj0N2iV6djEA_33.47320686_-102.61870522.jpg,28.55,clear,2026-04-13T18:04:01
/home/alex/Desktop/school/comp-vis/dataset/datasets--everettshen--StreetView360AtoZ/snapshots/f0b9ffb20c4dc68d4422db97b7da7b577970650e/data/2487_d_LFN125atOyFrNe687d7g_43.41161904_1.38942505.jpg,42.67,clear,2026-04-13T18:04:06
/home/alex/Desktop/school/comp-vis/dataset/datasets--everettshen--StreetView360AtoZ/snapshots/f0b9ffb20c4dc68d4422db97b7da7b577970650e/data/1084_l0Av9heva5WT_nDusjoVcw_36.01008247_-95.67249532.jpg,23.44,clear,2026-04-13T18:04:08
/home/alex/Desktop/school/comp-vis/dataset/datasets--everettshen--StreetView360AtoZ/snapshots/f0b9ffb20c4dc68d4422db97b7da7b577970650e/data/2571_0OCsDMOhYVgdh06fxq7-2Q_44.40871537_43.85650296.jpg,47.18,clear,2026-04-13T18:04:10
/home/alex/Desktop/school/comp-vis/dataset/datasets--everettshen--StreetView360AtoZ/snapshots/f0b9ffb20c4dc68d4422db97b7da7b577970650e/data/1299_MY8fcCpivQ4DmbGFrUmgbQ_-28.92851513_153.49285591.jpg,71.22,clear,2026-04-13T18:04:11
/home/alex/Desktop/school/comp-vis/dataset/datasets--everettshen--StreetView360AtoZ/snapshots/f0b9ffb20c4dc68d4422db97b7da7b577970650e/data/611_TggHhuOtK8wfN9jIHvri0w_56.07576298_12.54003815.jpg,47.78,clear,2026-04-13T18:04:13
/home/alex/Desktop/school/comp-vis/dataset/datasets--everettshen--StreetView360AtoZ/snapshots/f0b9ffb20c4dc68d4422db97b7da7b577970650e/data/149_r6QNeQDC3LRA7ehEC-vooQ_41.54314435_-83.66655391.jpg,61.30,clear,2026-04-13T18:04:21
/home/alex/Desktop/school/comp-vis/dataset/datasets--everettshen--StreetView360AtoZ/snapshots/f0b9ffb20c4dc68d4422db97b7da7b577970650e/data/1850_hbrdAJurgy_du1oacPCj0w_-32.61619715_-55.83346511.jpg,67.91,clear,2026-04-13T18:04:23
/home/alex/Desktop/school/comp-vis/dataset/datasets--everettshen--StreetView360AtoZ/snapshots/f0b9ffb20c4dc68d4422db97b7da7b577970650e/data/1049_yb_du_PFD76mglztPDdqiw_-19.44971320_-54.98648502.jpg,81.14,clear,2026-04-13T18:04:28
/home/alex/Desktop/school/comp-vis/dataset/datasets--everettshen--StreetView360AtoZ/snapshots/f0b9ffb20c4dc68d4422db97b7da7b577970650e/data/1690_RN98-aSh-ndg0LTwe1MYwA_59.48338635_33.86720433.jpg,33.36,clear,2026-04-13T18:04:35
/home/alex/Desktop/school/comp-vis/dataset/datasets--everettshen--StreetView360AtoZ/snapshots/f0b9ffb20c4dc68d4422db97b7da7b577970650e/data/2402_NvqclLIzxwrV2YakJh7BLw_36.36180776_-6.17414970.jpg,40.27,clear,2026-04-13T18:04:38
/home/alex/Desktop/school/comp-vis/dataset/datasets--everettshen--StreetView360AtoZ/snapshots/f0b9ffb20c4dc68d4422db97b7da7b577970650e/data/204_COWdmkJJi5GYz6ZumPz88g_-14.74701398_-50.57182031.jpg,58.00,clear,2026-04-13T18:04:40
/home/alex/Desktop/school/comp-vis/dataset/datasets--everettshen--StreetView360AtoZ/snapshots/f0b9ffb20c4dc68d4422db97b7da7b577970650e/data/904_OOgeRx5PLj-cqK3_ZYsyvA_17.75289290_121.46981767.jpg,51.09,clear,2026-04-13T18:04:41
/home/alex/Desktop/school/comp-vis/dataset/datasets--everettshen--StreetView360AtoZ/snapshots/f0b9ffb20c4dc68d4422db97b7da7b577970650e/data/1422_NAZDsv5iy_yQn6jYZzoFFg_42.04215747_-100.83151130.jpg,65.51,clear,2026-04-13T18:04:46
/home/alex/Desktop/school/comp-vis/dataset/datasets--everettshen--StreetView360AtoZ/snapshots/f0b9ffb20c4dc68d4422db97b7da7b577970650e/data/1371_JBVI1wBLpZmqHFtUI3TMPw_-28.86719494_153.09964271.jpg,53.49,clear,2026-04-13T18:04:49
/home/alex/Desktop/school/comp-vis/dataset/datasets--everettshen--StreetView360AtoZ/snapshots/f0b9ffb20c4dc68d4422db97b7da7b577970650e/data/1695_8XfT4yftRASN3aW5batDCg_-15.56233036_-49.94887988.jpg,70.32,clear,2026-04-13T18:04:55
/home/alex/Desktop/school/comp-vis/dataset/datasets--everettshen--StreetView360AtoZ/snapshots/f0b9ffb20c4dc68d4422db97b7da7b577970650e/data/277_5qx6vkfqJMUUJnn39WFJmQ_48.74013789_-111.84090816.jpg,51.69,clear,2026-04-13T18:05:02
/home/alex/Desktop/school/comp-vis/dataset/datasets--everettshen--StreetView360AtoZ/snapshots/f0b9ffb20c4dc68d4422db97b7da7b577970650e/data/222_TYlm7nd5X4pHf1akKwUpIQ_45.52612414_-122.41097657.jpg,58.90,clear,2026-04-13T18:05:07
/home/alex/Desktop/school/comp-vis/dataset/datasets--everettshen--StreetView360AtoZ/snapshots/f0b9ffb20c4dc68d4422db97b7da7b577970650e/data/1691_VDPPxG9L5dr0y2Xlzwu2pg_32.18083408_-90.30012997.jpg,24.04,clear,2026-04-13T18:05:10
/home/alex/Desktop/school/comp-vis/dataset/datasets--everettshen--StreetView360AtoZ/snapshots/f0b9ffb20c4dc68d4422db97b7da7b577970650e/data/3086_zQVnIUNojDWE2j4p7am1nw_42.46341241_-75.01180577.jpg,38.46,clear,2026-04-13T18:05:14
/home/alex/Desktop/school/comp-vis/dataset/datasets--everettshen--StreetView360AtoZ/snapshots/f0b9ffb20c4dc68d4422db97b7da7b577970650e/data/509_thstaHgXgBMnlDWxClgMCA_38.79909371_42.73161096.jpg,33.66,clear,2026-04-13T18:05:15
/home/alex/Desktop/school/comp-vis/dataset/datasets--everettshen--StreetView360AtoZ/snapshots/f0b9ffb20c4dc68d4422db97b7da7b577970650e/data/2774_5ET9RwKnRjTjqxmckoe2rg_-3.78193171_-49.67381535.jpg,48.08,clear,2026-04-13T18:05:17
/home/alex/Desktop/school/comp-vis/dataset/datasets--everettshen--StreetView360AtoZ/snapshots/f0b9ffb20c4dc68d4422db97b7da7b577970650e/data/464_3YzjAndlcGTAv1Y53achiQ_-7.17283505_112.45508924.jpg,46.58,clear,2026-04-13T18:05:20
/home/alex/Desktop/school/comp-vis/dataset/datasets--everettshen--StreetView360AtoZ/snapshots/f0b9ffb20c4dc68d4422db97b7da7b577970650e/data/2809_ZQafYdxholYEY6Twzm_4wQ_44.14522521_-0.91836398.jpg,26.44,clear,2026-04-13T18:05:22
/home/alex/Desktop/school/comp-vis/dataset/datasets--everettshen--StreetView360AtoZ/snapshots/f0b9ffb20c4dc68d4422db97b7da7b577970650e/data/1027_mlFjC-5HbipRtpw13dNBAA_42.55983937_-83.83378278.jpg,38.16,clear,2026-04-13T18:05:27
/home/alex/Desktop/school/comp-vis/dataset/datasets--everettshen--StreetView360AtoZ/snapshots/f0b9ffb20c4dc68d4422db97b7da7b577970650e/data/1240_2SlEtkfmGMKxMPzTgN3aQg_39.77226289_-100.03511797.jpg,51.39,clear,2026-04-13T18:05:29
/home/alex/Desktop/school/comp-vis/dataset/datasets--everettshen--StreetView360AtoZ/snapshots/f0b9ffb20c4dc68d4422db97b7da7b577970650e/data/22_ZswBYzv_nxlrj9do3o-Fgw_29.39365558_-94.95114926.jpg,31.55,clear,2026-04-13T18:05:32
/home/alex/Desktop/school/comp-vis/dataset/datasets--everettshen--StreetView360AtoZ/snapshots/f0b9ffb20c4dc68d4422db97b7da7b577970650e/data/283_Q5ztEzs_EdwgEYwLjgH5CQ_62.62765527_23.81828226.jpg,45.38,clear,2026-04-13T18:05:33
/home/alex/Desktop/school/comp-vis/dataset/datasets--everettshen--StreetView360AtoZ/snapshots/f0b9ffb20c4dc68d4422db97b7da7b577970650e/data/220_Unymy9CiF86hBJPUeTUFLA_37.54030633_-5.08318754.jpg,44.17,clear,2026-04-13T18:05:35
/home/alex/Desktop/school/comp-vis/dataset/datasets--everettshen--StreetView360AtoZ/snapshots/f0b9ffb20c4dc68d4422db97b7da7b577970650e/data/963_35bPrCNgG_bm296Xtuq__A_61.40503391_7.29376564.jpg,44.17,clear,2026-04-13T18:05:36
/home/alex/Desktop/school/comp-vis/dataset/datasets--everettshen--StreetView360AtoZ/snapshots/f0b9ffb20c4dc68d4422db97b7da7b577970650e/data/1531_baMlT3KtDE5rs__3Zrqhng_22.22822815_-102.32195598.jpg,36.96,clear,2026-04-13T18:05:42
/home/alex/Desktop/school/comp-vis/dataset/datasets--everettshen--StreetView360AtoZ/snapshots/f0b9ffb20c4dc68d4422db97b7da7b577970650e/data/2489_qfY6V2-B2zj1BVItnAl4Gw_37.68300135_31.71837196.jpg,62.50,clear,2026-04-13T18:05:44
/home/alex/Desktop/school/comp-vis/dataset/datasets--everettshen--StreetView360AtoZ/snapshots/f0b9ffb20c4dc68d4422db97b7da7b577970650e/data/1520_HvgPK8qKQe4X0T-ejzsQvA_38.18580823_21.68025950.jpg,61.60,clear,2026-04-13T18:05:45
/home/alex/Desktop/school/comp-vis/dataset/datasets--everettshen--StreetView360AtoZ/snapshots/f0b9ffb20c4dc68d4422db97b7da7b577970650e/data/651_xfIPz1F1A1rBLqjTvqH_fA_44.98193735_22.69464421.jpg,31.25,clear,2026-04-13T18:05:46
/home/alex/Desktop/school/comp-vis/dataset/datasets--everettshen--StreetView360AtoZ/snapshots/f0b9ffb20c4dc68d4422db97b7da7b577970650e/data/769_vF9oPVTmjcPAQLuqFyWOTg_44.53070295_-70.54571694.jpg,67.31,clear,2026-04-13T18:05:49
/home/alex/Desktop/school/comp-vis/dataset/datasets--everettshen--StreetView360AtoZ/snapshots/f0b9ffb20c4dc68d4422db97b7da7b577970650e/data/1207_uU5WldbuJUvQqxqLrhGDgA_16.43096920_-96.63558655.jpg,50.18,clear,2026-04-13T18:05:51
/home/alex/Desktop/school/comp-vis/dataset/datasets--everettshen--StreetView360AtoZ/snapshots/f0b9ffb20c4dc68d4422db97b7da7b577970650e/data/2059_UNfBI8tO6_R8PHeXsY_EkA_43.81084564_-99.32986290.jpg,40.27,clear,2026-04-13T18:06:31
/home/alex/Desktop/school/comp-vis/dataset/datasets--everettshen--StreetView360AtoZ/snapshots/f0b9ffb20c4dc68d4422db97b7da7b577970650e/data/1615_gEVNXt6E7V6Yozl5gud7Lw_32.75514106_129.87019255.jpg,41.47,clear,2026-04-13T18:06:33
/home/alex/Desktop/school/comp-vis/dataset/datasets--everettshen--StreetView360AtoZ/snapshots/f0b9ffb20c4dc68d4422db97b7da7b577970650e/data/1696_JhARYKmOWwwh7hx7YrAxuw_29.93313182_-97.26045694.jpg,18.63,clear,2026-04-13T18:06:34
/home/alex/Desktop/school/comp-vis/dataset/datasets--everettshen--StreetView360AtoZ/snapshots/f0b9ffb20c4dc68d4422db97b7da7b577970650e/data/942_bL43fTZ053KHnQ__dUVPVQ_45.09974643_24.23353284.jpg,48.38,clear,2026-04-13T18:06:35
/home/alex/Desktop/school/comp-vis/dataset/datasets--everettshen--StreetView360AtoZ/snapshots/f0b9ffb20c4dc68d4422db97b7da7b577970650e/data/2407_rxkyNbwCNfsMfbL2GpVwnw_43.52828192_-121.94376984.jpg,38.76,clear,2026-04-13T18:06:38
/home/alex/Desktop/school/comp-vis/dataset/datasets--everettshen--StreetView360AtoZ/snapshots/f0b9ffb20c4dc68d4422db97b7da7b577970650e/data/306_sYJ7-VUKNY0X-y1awwveVQ_62.19003895_27.81183117.jpg,42.97,clear,2026-04-13T18:06:40
/home/alex/Desktop/school/comp-vis/dataset/datasets--everettshen--StreetView360AtoZ/snapshots/f0b9ffb20c4dc68d4422db97b7da7b577970650e/data/259_wTFG_c2YMJ7aQEicQMiVNg_46.78369784_-78.98351599.jpg,65.51,clear,2026-04-13T18:06:41
/home/alex/Desktop/school/comp-vis/dataset/datasets--everettshen--StreetView360AtoZ/snapshots/f0b9ffb20c4dc68d4422db97b7da7b577970650e/data/459_rzVYIx51inRVtg44TPDZRQ_38.17672836_16.12013303.jpg,36.66,clear,2026-04-13T18:06:45
/home/alex/Desktop/school/comp-vis/dataset/datasets--everettshen--StreetView360AtoZ/snapshots/f0b9ffb20c4dc68d4422db97b7da7b577970650e/data/663_IKU9zNigkdIbbPWQOFQusQ_45.16510651_11.26482435.jpg,43.27,clear,2026-04-13T18:06:46
/home/alex/Desktop/school/comp-vis/dataset/datasets--everettshen--StreetView360AtoZ/snapshots/f0b9ffb20c4dc68d4422db97b7da7b577970650e/data/3323_8q8HJcH8uzklyAd1z-LNtQ_34.27229517_-88.57091188.jpg,44.77,clear,2026-04-13T18:06:49
/home/alex/Desktop/school/comp-vis/dataset/datasets--everettshen--StreetView360AtoZ/snapshots/f0b9ffb20c4dc68d4422db97b7da7b577970650e/data/1113_4T2g2kWAL827-uDHpcRUqA_-28.60576662_151.94819285.jpg,58.30,clear,2026-04-13T18:06:51
/home/alex/Desktop/school/comp-vis/dataset/datasets--everettshen--StreetView360AtoZ/snapshots/f0b9ffb20c4dc68d4422db97b7da7b577970650e/data/3323_8q8HJcH8uzklyAd1z-LNtQ_34.27229517_-88.57091188.jpg,47.78,clear,2026-04-13T18:06:52
/home/alex/Desktop/school/comp-vis/dataset/datasets--everettshen--StreetView360AtoZ/snapshots/f0b9ffb20c4dc68d4422db97b7da7b577970650e/data/859_CWI4EITeXXIS-cCotgWU3w_54.80151723_24.66336299.jpg,47.48,clear,2026-04-13T18:06:54
/home/alex/Desktop/school/comp-vis/dataset/datasets--everettshen--StreetView360AtoZ/snapshots/f0b9ffb20c4dc68d4422db97b7da7b577970650e/data/577_WZItHRVLU3Pts32qcH566A_-16.47392581_-39.06383094.jpg,73.32,clear,2026-04-13T18:06:56
/home/alex/Desktop/school/comp-vis/dataset/datasets--everettshen--StreetView360AtoZ/snapshots/f0b9ffb20c4dc68d4422db97b7da7b577970650e/data/668_8UKMLZ5h5zPzIcf4Cye7JA_-27.44999381_153.06668635.jpg,55.89,clear,2026-04-13T18:06:59
/home/alex/Desktop/school/comp-vis/dataset/datasets--everettshen--StreetView360AtoZ/snapshots/f0b9ffb20c4dc68d4422db97b7da7b577970650e/data/1124_Icv-3YwG5jJrwS_7egAxUw_-22.45743291_118.70556275.jpg,45.08,clear,2026-04-13T18:07:00
/home/alex/Desktop/school/comp-vis/dataset/datasets--everettshen--StreetView360AtoZ/snapshots/f0b9ffb20c4dc68d4422db97b7da7b577970650e/data/2276_yCCgCj4x7nPC7hAvCIHTJQ_-38.34320095_143.57216524.jpg,45.08,clear,2026-04-13T18:07:02
/home/alex/Desktop/school/comp-vis/dataset/datasets--everettshen--StreetView360AtoZ/snapshots/f0b9ffb20c4dc68d4422db97b7da7b577970650e/data/2401_WlPvIce9npxScJNNmfaU6w_43.28153873_11.96911025.jpg,51.99,clear,2026-04-13T18:07:16
/home/alex/Desktop/school/comp-vis/dataset/datasets--everettshen--StreetView360AtoZ/snapshots/f0b9ffb20c4dc68d4422db97b7da7b577970650e/data/3048_FNhlSM4cFG2WypltGoVC3Q_41.62137919_-2.26067044.jpg,18.93,clear,2026-04-13T18:07:58
/home/alex/Desktop/school/comp-vis/dataset/datasets--everettshen--StreetView360AtoZ/snapshots/f0b9ffb20c4dc68d4422db97b7da7b577970650e/data/2993_6bZxpDUALtD6z_9aZ9vOMw_-27.51399113_-52.25413353.jpg,44.47,clear,2026-04-13T18:08:00
/home/alex/Desktop/school/comp-vis/dataset/datasets--everettshen--StreetView360AtoZ/snapshots/f0b9ffb20c4dc68d4422db97b7da7b577970650e/data/673_vQr5ZKZk0s6XhmJz8Y2s0A_-20.43777941_-48.01254955.jpg,57.10,clear,2026-04-13T18:08:01
/home/alex/Desktop/school/comp-vis/dataset/datasets--everettshen--StreetView360AtoZ/snapshots/f0b9ffb20c4dc68d4422db97b7da7b577970650e/data/2517_L1H6MtcWhYoT9jem3gHJFA_42.26071002_3.10460779.jpg,38.76,clear,2026-04-13T18:08:03
/home/alex/Desktop/school/comp-vis/dataset/datasets--everettshen--StreetView360AtoZ/snapshots/f0b9ffb20c4dc68d4422db97b7da7b577970650e/data/1864_HTfTOGFuKJT36cCOgad89Q_42.49121041_-81.98488463.jpg,22.54,clear,2026-04-13T18:08:05
/home/alex/Desktop/school/comp-vis/dataset/datasets--everettshen--StreetView360AtoZ/snapshots/f0b9ffb20c4dc68d4422db97b7da7b577970650e/data/271_Pr7nYxbTSkSEc089f5WoaQ_19.69900769_-99.17166308.jpg,38.76,clear,2026-04-13T18:08:06
/home/alex/Desktop/school/comp-vis/dataset/datasets--everettshen--StreetView360AtoZ/snapshots/f0b9ffb20c4dc68d4422db97b7da7b577970650e/data/482_OTsILUAlsYqCsyUBCdFhUA_-23.34717936_-52.09522892.jpg,44.17,clear,2026-04-13T18:08:07
/home/alex/Desktop/school/comp-vis/dataset/datasets--everettshen--StreetView360AtoZ/snapshots/f0b9ffb20c4dc68d4422db97b7da7b577970650e/data/134_dw9MnzlLlWzWZId-_kpcjA_18.88000828_-91.02790278.jpg,51.99,clear,2026-04-13T18:08:09
/home/alex/Desktop/school/comp-vis/dataset/datasets--everettshen--StreetView360AtoZ/snapshots/f0b9ffb20c4dc68d4422db97b7da7b577970650e/data/0_3i8lekiiEXayPwus0mPHgg_38.51271605_-109.47755135.jpg,46.88,clear,2026-04-13T18:08:12
/home/alex/Desktop/school/comp-vis/dataset/datasets--everettshen--StreetView360AtoZ/snapshots/f0b9ffb20c4dc68d4422db97b7da7b577970650e/data/2753_5BnSAg51D1aJfcw61y1enQ_26.93962431_-82.29858470.jpg,42.37,clear,2026-04-13T18:08:30
/home/alex/Desktop/school/comp-vis/dataset/datasets--everettshen--StreetView360AtoZ/snapshots/f0b9ffb20c4dc68d4422db97b7da7b577970650e/data/1132_ASsBjWXWaN7CSNm7TAQTSw_32.60240688_-114.98776330.jpg,38.16,clear,2026-04-13T18:08:31
/home/alex/Desktop/school/comp-vis/dataset/datasets--everettshen--StreetView360AtoZ/snapshots/f0b9ffb20c4dc68d4422db97b7da7b577970650e/data/1503_ExGjCIuUEMs0Q4TtPhUrPA_35.17189138_129.04191300.jpg,8.11,clear,2026-04-13T18:08:35
/home/alex/Desktop/school/comp-vis/dataset/datasets--everettshen--StreetView360AtoZ/snapshots/f0b9ffb20c4dc68d4422db97b7da7b577970650e/data/1776_syONdS4xv2Um0HV8sdS41A_39.90758905_3.08121832.jpg,39.67,clear,2026-04-13T18:08:36
/home/alex/Desktop/school/comp-vis/dataset/datasets--everettshen--StreetView360AtoZ/snapshots/f0b9ffb20c4dc68d4422db97b7da7b577970650e/data/696_jNr-fT_CgviT2jVBi6v5Ug_-27.22567453_-65.35682845.jpg,42.07,clear,2026-04-13T18:08:39
/home/alex/Desktop/school/comp-vis/dataset/datasets--everettshen--StreetView360AtoZ/snapshots/f0b9ffb20c4dc68d4422db97b7da7b577970650e/data/1073_3APY8UO8iKHmzSkKvmreLA_-22.06111507_-70.18563119.jpg,41.77,clear,2026-04-13T18:08:40
/home/alex/Desktop/school/comp-vis/dataset/datasets--everettshen--StreetView360AtoZ/snapshots/f0b9ffb20c4dc68d4422db97b7da7b577970650e/data/2658_EYTdc0ehmHlMiDZRSTTLdw_38.88588442_-104.80495068.jpg,12.02,clear,2026-04-13T18:08:44
/home/alex/Desktop/school/comp-vis/dataset/datasets--everettshen--StreetView360AtoZ/snapshots/f0b9ffb20c4dc68d4422db97b7da7b577970650e/data/2068_4WTjp2HoJV7lVOokA4HKug_-12.80869226_-42.16803032.jpg,48.68,clear,2026-04-13T18:08:46
/home/alex/Desktop/school/comp-vis/dataset/datasets--everettshen--StreetView360AtoZ/snapshots/f0b9ffb20c4dc68d4422db97b7da7b577970650e/data/3207_OlB-BHEei1ORFj3OrDHF1w_-15.89348303_-47.76196621.jpg,64.91,clear,2026-04-13T18:08:52
/home/alex/Desktop/school/comp-vis/dataset/datasets--everettshen--StreetView360AtoZ/snapshots/f0b9ffb20c4dc68d4422db97b7da7b577970650e/data/3355_b5vQ2xLcmCSXbcBj7hMonw_45.53294984_-100.27159977.jpg,43.87,clear,2026-04-13T18:08:56
/home/alex/Desktop/school/comp-vis/dataset/datasets--everettshen--StreetView360AtoZ/snapshots/f0b9ffb20c4dc68d4422db97b7da7b577970650e/data/910_iwKpwE0F2hDTFEW-JDy2Yg_47.58089533_3.77993626.jpg,65.21,clear,2026-04-13T18:08:58
/home/alex/Desktop/school/comp-vis/dataset/datasets--everettshen--StreetView360AtoZ/snapshots/f0b9ffb20c4dc68d4422db97b7da7b577970650e/data/1220_CDu45PFdqz0qxthGMwAjVw_48.24073861_14.52603636.jpg,55.29,clear,2026-04-13T18:09:01
/home/alex/Desktop/school/comp-vis/dataset/datasets--everettshen--StreetView360AtoZ/snapshots/f0b9ffb20c4dc68d4422db97b7da7b577970650e/data/1420_WI7m_TEBrqBbOh76eeVGtA_-5.59282383_119.89108032.jpg,50.48,clear,2026-04-13T18:09:02
/home/alex/Desktop/school/comp-vis/dataset/datasets--everettshen--StreetView360AtoZ/snapshots/f0b9ffb20c4dc68d4422db97b7da7b577970650e/data/619_8560kNe5_NV3nPU4rdkSeA_47.29987156_-101.62633199.jpg,51.39,clear,2026-04-13T18:09:05
/home/alex/Desktop/school/comp-vis/dataset/datasets--everettshen--StreetView360AtoZ/snapshots/f0b9ffb20c4dc68d4422db97b7da7b577970650e/data/2725_K_kbrsgMZCMJ3gVew9c3Aw_37.95546312_-97.42711214.jpg,55.89,clear,2026-04-13T18:09:07
/home/alex/Desktop/school/comp-vis/dataset/datasets--everettshen--StreetView360AtoZ/snapshots/f0b9ffb20c4dc68d4422db97b7da7b577970650e/data/1901_IuapiPWaY7OF5eCCIn5tqw_31.30532771_-94.27017836.jpg,8.41,clear,2026-04-13T18:09:08
/home/alex/Desktop/school/comp-vis/dataset/datasets--everettshen--StreetView360AtoZ/snapshots/f0b9ffb20c4dc68d4422db97b7da7b577970650e/data/523_N48xKrq2JF2Kc-eYgUKGzw_48.66279480_-118.06854478.jpg,36.66,clear,2026-04-13T18:09:10
/home/alex/Desktop/school/comp-vis/dataset/datasets--everettshen--StreetView360AtoZ/snapshots/f0b9ffb20c4dc68d4422db97b7da7b577970650e/data/661_wdPLKY1wt3cgKRreTwq77w_48.04551099_-65.49234481.jpg,46.58,clear,2026-04-13T18:09:11
/home/alex/Desktop/school/comp-vis/dataset/datasets--everettshen--StreetView360AtoZ/snapshots/f0b9ffb20c4dc68d4422db97b7da7b577970650e/data/1591_bFnPZLDe0qyry-Q2y8bjqg_44.33612715_-75.46690921.jpg,37.56,clear,2026-04-13T18:09:12
/home/alex/Desktop/school/comp-vis/dataset/datasets--everettshen--StreetView360AtoZ/snapshots/f0b9ffb20c4dc68d4422db97b7da7b577970650e/data/631_SBDvOK2U0Q2K-W2y8NoM9Q_25.27785199_51.52472112.jpg,68.21,clear,2026-04-13T18:09:16
/home/alex/Desktop/school/comp-vis/dataset/datasets--everettshen--StreetView360AtoZ/snapshots/f0b9ffb20c4dc68d4422db97b7da7b577970650e/data/239__aSmacVFzsmfPTqAmTQjjQ_60.36283435_5.14913635.jpg,50.48,clear,2026-04-13T18:09:25
/home/alex/Desktop/school/comp-vis/dataset/datasets--everettshen--StreetView360AtoZ/snapshots/f0b9ffb20c4dc68d4422db97b7da7b577970650e/data/350_DvNjX9htnLN0HaxUwkYcCQ_-45.03838390_169.19985481.jpg,63.11,clear,2026-04-13T18:09:29
/home/alex/Desktop/school/comp-vis/dataset/datasets--everettshen--StreetView360AtoZ/snapshots/f0b9ffb20c4dc68d4422db97b7da7b577970650e/data/142_gUrvkTVP-9334GykrWgYDg_45.94727409_-111.47715638.jpg,48.08,clear,2026-04-13T18:09:30
/home/alex/Desktop/school/comp-vis/dataset/datasets--everettshen--StreetView360AtoZ/snapshots/f0b9ffb20c4dc68d4422db97b7da7b577970650e/data/464_lTeTEXrs62YM5Tu9Lfrwrg_29.14687021_-98.91390127.jpg,56.79,clear,2026-04-13T18:09:34
/home/alex/Desktop/school/comp-vis/dataset/datasets--everettshen--StreetView360AtoZ/snapshots/f0b9ffb20c4dc68d4422db97b7da7b577970650e/data/924_ecB7TH609sU2VzZ79IOXyg_12.37037599_-69.15361451.jpg,36.66,clear,2026-04-13T18:09:35
/home/alex/Desktop/school/comp-vis/dataset/datasets--everettshen--StreetView360AtoZ/snapshots/f0b9ffb20c4dc68d4422db97b7da7b577970650e/data/1760_P_-HqTw7mK14Bh_pDSM3iQ_17.22681168_104.57770393.jpg,56.79,clear,2026-04-13T18:09:41
/home/alex/Desktop/school/comp-vis/dataset/datasets--everettshen--StreetView360AtoZ/snapshots/f0b9ffb20c4dc68d4422db97b7da7b577970650e/data/1414_RZhQ7x8ahUQUu6catN79-w_38.87962445_23.04646470.jpg,28.85,clear,2026-04-13T18:09:45
/home/alex/Desktop/school/comp-vis/dataset/datasets--everettshen--StreetView360AtoZ/snapshots/f0b9ffb20c4dc68d4422db97b7da7b577970650e/data/2440_sEJe2isZtLl2-az25JunSA_68.25614925_27.25645127.jpg,46.88,clear,2026-04-13T18:09:46
/home/alex/Desktop/school/comp-vis/dataset/datasets--everettshen--StreetView360AtoZ/snapshots/f0b9ffb20c4dc68d4422db97b7da7b577970650e/data/441_roYeon3HSOFcNrbgOOS6Yg_37.47733150_-105.84143534.jpg,69.72,clear,2026-04-13T18:09:48
/home/alex/Desktop/school/comp-vis/dataset/datasets--everettshen--StreetView360AtoZ/snapshots/f0b9ffb20c4dc68d4422db97b7da7b577970650e/data/63_NptaSr1MT-P20OkwHvPX8Q_42.53496104_2.24815214.jpg,35.16,clear,2026-04-13T18:09:49
/home/alex/Desktop/school/comp-vis/dataset/datasets--everettshen--StreetView360AtoZ/snapshots/f0b9ffb20c4dc68d4422db97b7da7b577970650e/data/3056_BqbnoKh6XHFGvuSCnLonuw_64.62423430_16.65574696.jpg,35.46,clear,2026-04-13T18:09:56
/home/alex/Desktop/school/comp-vis/dataset/datasets--everettshen--StreetView360AtoZ/snapshots/f0b9ffb20c4dc68d4422db97b7da7b577970650e/data/1499_qHwKn9WUgPRorTmpxxFrCQ_45.40536813_-87.53342374.jpg,44.17,clear,2026-04-13T18:10:06
/home/alex/Desktop/school/comp-vis/dataset/datasets--everettshen--StreetView360AtoZ/snapshots/f0b9ffb20c4dc68d4422db97b7da7b577970650e/data/809_cKdCZ8TcaZ0FTN3jomkVVA_48.78339419_-86.84999557.jpg,51.09,clear,2026-04-13T18:10:08
/home/alex/Desktop/school/comp-vis/dataset/datasets--everettshen--StreetView360AtoZ/snapshots/f0b9ffb20c4dc68d4422db97b7da7b577970650e/data/733_dmn0wkDAM3DoGey3gwhaOw_43.35205453_-84.60719859.jpg,17.43,clear,2026-04-13T18:10:09
/home/alex/Desktop/school/comp-vis/dataset/datasets--everettshen--StreetView360AtoZ/snapshots/f0b9ffb20c4dc68d4422db97b7da7b577970650e/data/3142_WvSnbyzvA1s9_-zRwBID4g_43.34517842_12.55596167.jpg,42.07,clear,2026-04-13T18:10:19
/home/alex/Desktop/school/comp-vis/dataset/datasets--everettshen--StreetView360AtoZ/snapshots/f0b9ffb20c4dc68d4422db97b7da7b577970650e/data/687_uP6BR5VXwkqiZvfQeEzWAg_46.98363914_15.91637575.jpg,21.04,clear,2026-04-13T18:10:22
/home/alex/Desktop/school/comp-vis/dataset/datasets--everettshen--StreetView360AtoZ/snapshots/f0b9ffb20c4dc68d4422db97b7da7b577970650e/data/2420_JEZPhewH1DaUXCHVmX_C1A_36.23334358_-89.54125246.jpg,58.90,clear,2026-04-13T18:10:25
/home/alex/Desktop/school/comp-vis/dataset/datasets--everettshen--StreetView360AtoZ/snapshots/f0b9ffb20c4dc68d4422db97b7da7b577970650e/data/2840_SmSbfRW-QW9m5AJRvlw2Xg_35.11998656_-101.86630576.jpg,26.74,clear,2026-04-13T18:10:26
/home/alex/Desktop/school/comp-vis/dataset/datasets--everettshen--StreetView360AtoZ/snapshots/f0b9ffb20c4dc68d4422db97b7da7b577970650e/data/261_eHjGH0pkjNmHO3Xc7FTqYA_51.19411424_4.55693562.jpg,57.10,clear,2026-04-13T18:10:30
/home/alex/Desktop/school/comp-vis/dataset/datasets--everettshen--StreetView360AtoZ/snapshots/f0b9ffb20c4dc68d4422db97b7da7b577970650e/data/1750_2wRsDemUbyQ9dzvlkuEowQ_64.06790642_-21.92627395.jpg,39.97,clear,2026-04-13T18:10:32
/home/alex/Desktop/school/comp-vis/dataset/datasets--everettshen--StreetView360AtoZ/snapshots/f0b9ffb20c4dc68d4422db97b7da7b577970650e/data/560_prRfmpfhKDaGqqWG3ZolMA_40.37533076_-80.70377310.jpg,57.70,clear,2026-04-13T18:10:38
/home/alex/Desktop/school/comp-vis/dataset/datasets--everettshen--StreetView360AtoZ/snapshots/f0b9ffb20c4dc68d4422db97b7da7b577970650e/data/1674_8wi7bHzmu5jEz6co7M-w-A_14.69198597_-91.27822472.jpg,35.46,clear,2026-04-13T18:10:39
/home/alex/Desktop/school/comp-vis/dataset/datasets--everettshen--StreetView360AtoZ/snapshots/f0b9ffb20c4dc68d4422db97b7da7b577970650e/data/3358_w7F2V8VRleRm-vggrOvEng_36.28605440_-82.58845707.jpg,41.47,clear,2026-04-13T18:10:41
/home/alex/Desktop/school/comp-vis/dataset/datasets--everettshen--StreetView360AtoZ/snapshots/f0b9ffb20c4dc68d4422db97b7da7b577970650e/data/1752_QgZIFfTRNiePNXRt1lhkPQ_62.60037503_29.76712152.jpg,27.05,clear,2026-04-13T18:10:47
/home/alex/Desktop/school/comp-vis/dataset/datasets--everettshen--StreetView360AtoZ/snapshots/f0b9ffb20c4dc68d4422db97b7da7b577970650e/data/52_lEE4mQj9Lgv_Im7PcgxqRA_-39.67811061_176.83019559.jpg,27.05,clear,2026-04-13T18:10:47
/home/alex/Desktop/school/comp-vis/dataset/datasets--everettshen--StreetView360AtoZ/snapshots/f0b9ffb20c4dc68d4422db97b7da7b577970650e/data/490_VxP6nV-xtapenqKVsqtoSQ_45.18967798_8.56007763.jpg,49.28,clear,2026-04-13T18:10:52
/home/alex/Desktop/school/comp-vis/dataset/datasets--everettshen--StreetView360AtoZ/snapshots/f0b9ffb20c4dc68d4422db97b7da7b577970650e/data/3228_oncd5LtH29ypL7i6ZtCx6w_-31.76378714_-52.48439493.jpg,57.10,clear,2026-04-13T18:10:53
/home/alex/Desktop/school/comp-vis/dataset/datasets--everettshen--StreetView360AtoZ/snapshots/f0b9ffb20c4dc68d4422db97b7da7b577970650e/data/1877_pc8PlV_WPwneOM5RHqynrw_46.11559827_-85.92733251.jpg,52.29,clear,2026-04-13T18:10:58
/home/alex/Desktop/school/comp-vis/dataset/datasets--everettshen--StreetView360AtoZ/snapshots/f0b9ffb20c4dc68d4422db97b7da7b577970650e/data/753_RI0ZlalT8pWSZjf_COW8Fg_57.23920729_9.70696060.jpg,41.17,clear,2026-04-13T18:11:00
/home/alex/Desktop/school/comp-vis/dataset/datasets--everettshen--StreetView360AtoZ/snapshots/f0b9ffb20c4dc68d4422db97b7da7b577970650e/data/880_s5sgz3wAuxjiOF-oh8DF2w_38.21388167_15.34592932.jpg,66.71,clear,2026-04-13T18:11:04
/home/alex/Desktop/school/comp-vis/dataset/datasets--everettshen--StreetView360AtoZ/snapshots/f0b9ffb20c4dc68d4422db97b7da7b577970650e/data/937_6g7UDJSzMdQ5P4qgd_MyQQ_51.10408197_13.17955644.jpg,17.43,clear,2026-04-13T18:11:08
/home/alex/Desktop/school/comp-vis/dataset/datasets--everettshen--StreetView360AtoZ/snapshots/f0b9ffb20c4dc68d4422db97b7da7b577970650e/data/675_nGAmzmM-gVpft-4T5BzcYw_34.15112812_-86.92807601.jpg,72.42,clear,2026-04-13T18:11:09
/home/alex/Desktop/school/comp-vis/dataset/datasets--everettshen--StreetView360AtoZ/snapshots/f0b9ffb20c4dc68d4422db97b7da7b577970650e/data/3218_RZhQ7x8ahUQUu6catN79-w_38.87962445_23.04646470.jpg,28.55,clear,2026-04-13T18:11:10
/home/alex/Desktop/school/comp-vis/dataset/datasets--everettshen--StreetView360AtoZ/snapshots/f0b9ffb20c4dc68d4422db97b7da7b577970650e/data/3293__RiXuFnaMv57yX-NIed8Tg_33.21245170_129.43628080.jpg,32.15,clear,2026-04-13T18:11:11
/home/alex/Desktop/school/comp-vis/dataset/datasets--everettshen--StreetView360AtoZ/snapshots/f0b9ffb20c4dc68d4422db97b7da7b577970650e/data/507__ZJFxxl-R2Zjv-VgPIQ-KQ_-32.42400693_-65.17779342.jpg,38.46,clear,2026-04-13T18:11:18
/home/alex/Desktop/school/comp-vis/dataset/datasets--everettshen--StreetView360AtoZ/snapshots/f0b9ffb20c4dc68d4422db97b7da7b577970650e/data/1318_uxxJeOxZ3ngUJAS-tZceeQ_34.07835399_-116.03659613.jpg,22.24,clear,2026-04-13T18:11:20
/home/alex/Desktop/school/comp-vis/dataset/datasets--everettshen--StreetView360AtoZ/snapshots/f0b9ffb20c4dc68d4422db97b7da7b577970650e/data/891_pc8PlV_WPwneOM5RHqynrw_46.11559827_-85.92733251.jpg,44.77,clear,2026-04-13T18:11:22
/home/alex/Desktop/school/comp-vis/dataset/datasets--everettshen--StreetView360AtoZ/snapshots/f0b9ffb20c4dc68d4422db97b7da7b577970650e/data/570_Y_7kZIOGSAT1cO759czdDg_44.61631397_-65.69193344.jpg,35.16,clear,2026-04-13T18:11:24
/home/alex/Desktop/school/comp-vis/dataset/datasets--everettshen--StreetView360AtoZ/snapshots/f0b9ffb20c4dc68d4422db97b7da7b577970650e/data/2568_0hiOtRX9bBJohFoSPuGltw_-27.61293200_152.78914905.jpg,60.10,clear,2026-04-13T18:11:27
/home/alex/Desktop/school/comp-vis/dataset/datasets--everettshen--StreetView360AtoZ/snapshots/f0b9ffb20c4dc68d4422db97b7da7b577970650e/data/2730_wVx2DJolSw6BktXbQu78LQ_33.25249305_-83.90245133.jpg,29.15,clear,2026-04-13T18:11:31
/home/alex/Desktop/school/comp-vis/dataset/datasets--everettshen--StreetView360AtoZ/snapshots/f0b9ffb20c4dc68d4422db97b7da7b577970650e/data/502_On1ctVjvxBbHGttpmLXwUA_43.46362552_-98.64827767.jpg,17.43,clear,2026-04-13T18:11:34
/home/alex/Desktop/school/comp-vis/dataset/datasets--everettshen--StreetView360AtoZ/snapshots/f0b9ffb20c4dc68d4422db97b7da7b577970650e/data/572_LudymOYZBU501RX6wDJlwg_39.89838725_-81.82736466.jpg,29.75,clear,2026-04-13T18:11:36
/home/alex/Desktop/school/comp-vis/dataset/datasets--everettshen--StreetView360AtoZ/snapshots/f0b9ffb20c4dc68d4422db97b7da7b577970650e/data/591_xLXfT_qrSF7h_fr3avgEcQ_55.77548019_38.75617479.jpg,21.34,clear,2026-04-13T18:11:37
/home/alex/Desktop/school/comp-vis/dataset/datasets--everettshen--StreetView360AtoZ/snapshots/f0b9ffb20c4dc68d4422db97b7da7b577970650e/data/363_Ueiu2UC5eue7ImblKdCoTg_38.47696732_22.63426974.jpg,35.16,clear,2026-04-13T18:11:40
/home/alex/Desktop/school/comp-vis/dataset/datasets--everettshen--StreetView360AtoZ/snapshots/f0b9ffb20c4dc68d4422db97b7da7b577970650e/data/1213_qs4U43eJocOlljmCAsPUyA_40.25219131_-3.69656971.jpg,69.12,clear,2026-04-13T18:11:41
/home/alex/Desktop/school/comp-vis/dataset/datasets--everettshen--StreetView360AtoZ/snapshots/f0b9ffb20c4dc68d4422db97b7da7b577970650e/data/1883_gnxjXLIRNLyOyJjNldxBqA_32.12316056_-96.43643032.jpg,37.86,clear,2026-04-13T18:11:43
/home/alex/Desktop/school/comp-vis/dataset/datasets--everettshen--StreetView360AtoZ/snapshots/f0b9ffb20c4dc68d4422db97b7da7b577970650e/data/2037_HPxBR25CIQpql_g9bzveCw_35.75496620_-95.64044514.jpg,54.69,clear,2026-04-13T18:11:50
/home/alex/Desktop/school/comp-vis/dataset/datasets--everettshen--StreetView360AtoZ/snapshots/f0b9ffb20c4dc68d4422db97b7da7b577970650e/data/3214_OWbNu225gPlKLq7Bpdu6UA_43.16698000_-79.25079794.jpg,49.58,clear,2026-04-13T18:11:53
/home/alex/Desktop/school/comp-vis/dataset/datasets--everettshen--StreetView360AtoZ/snapshots/f0b9ffb20c4dc68d4422db97b7da7b577970650e/data/1990_dMk3yHFeKZYAgoe8CS-WLA_45.91374997_6.64754526.jpg,44.47,clear,2026-04-13T18:11:55
/home/alex/Desktop/school/comp-vis/dataset/datasets--everettshen--StreetView360AtoZ/snapshots/f0b9ffb20c4dc68d4422db97b7da7b577970650e/data/1840_4zuwSKGSumw55TTVfigXcw_48.54109558_-113.00522570.jpg,19.83,clear,2026-04-13T18:11:59
/home/alex/Desktop/school/comp-vis/dataset/datasets--everettshen--StreetView360AtoZ/snapshots/f0b9ffb20c4dc68d4422db97b7da7b577970650e/data/1834_cELPEjvbh-olpLOuseFc-A_44.10983978_0.81998687.jpg,58.60,clear,2026-04-13T18:12:00
/home/alex/Desktop/school/comp-vis/dataset/datasets--everettshen--StreetView360AtoZ/snapshots/f0b9ffb20c4dc68d4422db97b7da7b577970650e/data/1337_MwjC0DJWrXQYoVnOmJ9IVw_37.96949725_12.54480286.jpg,33.96,clear,2026-04-13T18:12:11
/home/alex/Desktop/school/comp-vis/dataset/datasets--everettshen--StreetView360AtoZ/snapshots/f0b9ffb20c4dc68d4422db97b7da7b577970650e/data/2604_ScseHabMVztxnl9bvMyzjA_55.10556275_37.69010904.jpg,27.05,clear,2026-04-13T18:12:24
/home/alex/Desktop/school/comp-vis/dataset/datasets--everettshen--StreetView360AtoZ/snapshots/f0b9ffb20c4dc68d4422db97b7da7b577970650e/data/340_QRuPKPf_kzUWOoJAVRkTVg_33.43815641_-112.59092691.jpg,40.87,clear,2026-04-13T18:12:26
/home/alex/Desktop/school/comp-vis/dataset/datasets--everettshen--StreetView360AtoZ/snapshots/f0b9ffb20c4dc68d4422db97b7da7b577970650e/data/344_A9n2UPz3KQxC2rA18E3Ohg_42.66794090_22.99728211.jpg,27.95,clear,2026-04-13T18:12:32
/home/alex/Desktop/school/comp-vis/dataset/datasets--everettshen--StreetView360AtoZ/snapshots/f0b9ffb20c4dc68d4422db97b7da7b577970650e/data/1332_sMHmRe3Qqzmt4GwBmuGA3Q_49.24738767_8.68359249.jpg,44.77,clear,2026-04-13T18:12:39
/home/alex/Desktop/school/comp-vis/dataset/datasets--everettshen--StreetView360AtoZ/snapshots/f0b9ffb20c4dc68d4422db97b7da7b577970650e/data/206_L-v1w4Pu5Pv5Ba6clAnGQQ_28.68727853_-97.35888012.jpg,24.64,clear,2026-04-13T18:12:41
/home/alex/Desktop/school/comp-vis/dataset/datasets--everettshen--StreetView360AtoZ/snapshots/f0b9ffb20c4dc68d4422db97b7da7b577970650e/data/1856_GvQNMC4J2p7NimGMGvA--w_54.61908685_17.37166177.jpg,28.55,clear,2026-04-13T18:12:50
/home/alex/Desktop/school/comp-vis/dataset/datasets--everettshen--StreetView360AtoZ/snapshots/f0b9ffb20c4dc68d4422db97b7da7b577970650e/data/1535_wj7_HTU_wzyuMplBSTWj9w_-10.17917344_-62.82308357.jpg,56.49,clear,2026-04-13T18:12:51
/home/alex/Desktop/school/comp-vis/dataset/datasets--everettshen--StreetView360AtoZ/snapshots/f0b9ffb20c4dc68d4422db97b7da7b577970650e/data/449_1WBeGFqLcwrfSY7CUwKO6Q_43.89162604_-97.18922440.jpg,37.86,clear,2026-04-13T18:12:53
/home/alex/Desktop/school/comp-vis/dataset/datasets--everettshen--StreetView360AtoZ/snapshots/f0b9ffb20c4dc68d4422db97b7da7b577970650e/data/2097_I0yE5wbGPCvmEeGSFhXi2w_63.37079233_40.34247432.jpg,20.73,clear,2026-04-13T18:12:54
/home/alex/Desktop/school/comp-vis/dataset/datasets--everettshen--StreetView360AtoZ/snapshots/f0b9ffb20c4dc68d4422db97b7da7b577970650e/data/2860_PdjMeJc2w7xzLA2q8pUiow_48.03396682_-108.46892026.jpg,38.46,clear,2026-04-13T18:12:55
/home/alex/Desktop/school/comp-vis/dataset/datasets--everettshen--StreetView360AtoZ/snapshots/f0b9ffb20c4dc68d4422db97b7da7b577970650e/data/1924_fczbPjSWnD2Iu31_ZTYFww_51.21009790_-102.49092368.jpg,40.57,clear,2026-04-13T18:13:11
/home/alex/Desktop/school/comp-vis/dataset/datasets--everettshen--StreetView360AtoZ/snapshots/f0b9ffb20c4dc68d4422db97b7da7b577970650e/data/2537_EF8Qwp5pJlsHgTQSm7zbJQ_41.27439965_15.37196168.jpg,36.66,clear,2026-04-13T18:13:12
/home/alex/Desktop/school/comp-vis/dataset/datasets--everettshen--StreetView360AtoZ/snapshots/f0b9ffb20c4dc68d4422db97b7da7b577970650e/data/564_6D7v9B7qbadw1Wa4_hELXw_14.86373229_103.53041649.jpg,52.59,clear,2026-04-13T18:13:15
/home/alex/Desktop/school/comp-vis/dataset/datasets--everettshen--StreetView360AtoZ/snapshots/f0b9ffb20c4dc68d4422db97b7da7b577970650e/data/2595_FB-eDawhvGVFa3kdrjgaRg_46.67814506_6.13567822.jpg,53.79,clear,2026-04-13T18:13:17
/home/alex/Desktop/school/comp-vis/dataset/datasets--everettshen--StreetView360AtoZ/snapshots/f0b9ffb20c4dc68d4422db97b7da7b577970650e/data/1623_trmuIx9FE3sv3Zq-Zu5HDQ_53.28394313_-9.04652399.jpg,56.79,clear,2026-04-13T18:13:20
/home/alex/Desktop/school/comp-vis/dataset/datasets--everettshen--StreetView360AtoZ/snapshots/f0b9ffb20c4dc68d4422db97b7da7b577970650e/data/2000_xw7WcF6l7YVH4j3qZlzXNA_-19.15239656_-47.67496898.jpg,39.07,clear,2026-04-13T18:13:21
/home/alex/Desktop/school/comp-vis/dataset/datasets--everettshen--StreetView360AtoZ/snapshots/f0b9ffb20c4dc68d4422db97b7da7b577970650e/data/598_MiQccqTlT9EgWAVSErGvmA_41.79250255_12.63091229.jpg,59.50,clear,2026-04-13T18:13:24
/home/alex/Desktop/school/comp-vis/dataset/datasets--everettshen--StreetView360AtoZ/snapshots/f0b9ffb20c4dc68d4422db97b7da7b577970650e/data/2249_a_1-Q1r_M8uBUsZVWvMiTA_-16.26028098_-56.62664660.jpg,54.39,clear,2026-04-13T18:13:29
/home/alex/Desktop/school/comp-vis/dataset/datasets--everettshen--StreetView360AtoZ/snapshots/f0b9ffb20c4dc68d4422db97b7da7b577970650e/data/826_COWdmkJJi5GYz6ZumPz88g_-14.74701398_-50.57182031.jpg,57.70,clear,2026-04-13T18:13:31
/home/alex/Desktop/school/comp-vis/dataset/datasets--everettshen--StreetView360AtoZ/snapshots/f0b9ffb20c4dc68d4422db97b7da7b577970650e/data/49_sj58h5yVe1J0unlZ-G9GuA_35.40272165_24.74859995.jpg,50.78,clear,2026-04-13T18:13:33
/home/alex/Desktop/school/comp-vis/dataset/datasets--everettshen--StreetView360AtoZ/snapshots/f0b9ffb20c4dc68d4422db97b7da7b577970650e/data/597_oZGQdnLPk_yjB4BLNB5BQw_52.73927962_15.21414336.jpg,40.27,clear,2026-04-13T18:13:36
/home/alex/Desktop/school/comp-vis/dataset/datasets--everettshen--StreetView360AtoZ/snapshots/f0b9ffb20c4dc68d4422db97b7da7b577970650e/data/822_tAe8fPyOQ47vWRGiv3--Qg_38.65192848_-92.16335337.jpg,67.01,clear,2026-04-13T18:13:38
/home/alex/Desktop/school/comp-vis/dataset/datasets--everettshen--StreetView360AtoZ/snapshots/f0b9ffb20c4dc68d4422db97b7da7b577970650e/data/921_RZhQ7x8ahUQUu6catN79-w_38.87962445_23.04646470.jpg,25.84,clear,2026-04-13T18:13:40
/home/alex/Desktop/school/comp-vis/dataset/datasets--everettshen--StreetView360AtoZ/snapshots/f0b9ffb20c4dc68d4422db97b7da7b577970650e/data/1303_QmrrsLroDnyhv8HT5COU6g_15.32302251_-91.48511307.jpg,43.87,clear,2026-04-13T18:13:48
/home/alex/Desktop/school/comp-vis/dataset/datasets--everettshen--StreetView360AtoZ/snapshots/f0b9ffb20c4dc68d4422db97b7da7b577970650e/data/249_1npKgpeETnQ4q5CQLiM4qA_48.20972395_4.19126893.jpg,42.37,clear,2026-04-13T18:13:50
/home/alex/Desktop/school/comp-vis/dataset/datasets--everettshen--StreetView360AtoZ/snapshots/f0b9ffb20c4dc68d4422db97b7da7b577970650e/data/1528_azaRlno4RxFGRFQXnmwBQA_18.46574390_-98.46892496.jpg,45.38,clear,2026-04-13T18:13:53
/home/alex/Desktop/school/comp-vis/dataset/datasets--everettshen--StreetView360AtoZ/snapshots/f0b9ffb20c4dc68d4422db97b7da7b577970650e/data/549_80whE127J_Wf2GQcqQ9bUw_53.48152076_12.46943767.jpg,38.46,clear,2026-04-13T18:13:57
/home/alex/Desktop/school/comp-vis/dataset/datasets--everettshen--StreetView360AtoZ/snapshots/f0b9ffb20c4dc68d4422db97b7da7b577970650e/data/2908_-HzBd3PktkSy8kcOaUZMDw_48.87225863_2.51285458.jpg,61.60,clear,2026-04-13T18:13:59
/home/alex/Desktop/school/comp-vis/dataset/datasets--everettshen--StreetView360AtoZ/snapshots/f0b9ffb20c4dc68d4422db97b7da7b577970650e/data/2942_JHR5YGA5rhZqdIJXhNP5kQ_18.76640145_-95.74876183.jpg,70.92,clear,2026-04-13T18:14:01
/home/alex/Desktop/school/comp-vis/dataset/datasets--everettshen--StreetView360AtoZ/snapshots/f0b9ffb20c4dc68d4422db97b7da7b577970650e/data/94_OU3l55C2SxhG9HUnr9o-8g_45.46956998_-73.63154631.jpg,44.77,clear,2026-04-13T18:14:02
/home/alex/Desktop/school/comp-vis/dataset/datasets--everettshen--StreetView360AtoZ/snapshots/f0b9ffb20c4dc68d4422db97b7da7b577970650e/data/1477_n97H9kOFL3dBzjIruYCcDg_40.51731306_-88.99880857.jpg,53.19,clear,2026-04-13T18:14:06
/home/alex/Desktop/school/comp-vis/dataset/datasets--everettshen--StreetView360AtoZ/snapshots/f0b9ffb20c4dc68d4422db97b7da7b577970650e/data/159_JNCxUphqjhiYMHuEvJo0PA_40.33061584_-81.15084725.jpg,47.48,clear,2026-04-13T18:14:12
/home/alex/Desktop/school/comp-vis/dataset/datasets--everettshen--StreetView360AtoZ/snapshots/f0b9ffb20c4dc68d4422db97b7da7b577970650e/data/121_5ET9RwKnRjTjqxmckoe2rg_-3.78193171_-49.67381535.jpg,48.38,clear,2026-04-13T18:14:14
/home/alex/Desktop/school/comp-vis/dataset/datasets--everettshen--StreetView360AtoZ/snapshots/f0b9ffb20c4dc68d4422db97b7da7b577970650e/data/2036_CjLOhIOHE0FZQBYTQqnnBg_-5.86757135_-35.18215868.jpg,30.05,clear,2026-04-13T18:14:18
/home/alex/Desktop/school/comp-vis/dataset/datasets--everettshen--StreetView360AtoZ/snapshots/f0b9ffb20c4dc68d4422db97b7da7b577970650e/data/1034_IH9UknfvOM8WXRNyY7J5Hg_20.65034166_-101.51653884.jpg,30.05,clear,2026-04-13T18:14:18
/home/alex/Desktop/school/comp-vis/dataset/datasets--everettshen--StreetView360AtoZ/snapshots/f0b9ffb20c4dc68d4422db97b7da7b577970650e/data/920_m_E9qn0tqd8Iq-S661iBPA_45.51504056_-61.07775400.jpg,43.87,clear,2026-04-13T18:14:22
/home/alex/Desktop/school/comp-vis/dataset/datasets--everettshen--StreetView360AtoZ/snapshots/f0b9ffb20c4dc68d4422db97b7da7b577970650e/data/622_XIjp3jqzsqyuRH-eEjZubA_53.21090587_112.77197999.jpg,26.44,clear,2026-04-13T18:14:25
/home/alex/Desktop/school/comp-vis/dataset/datasets--everettshen--StreetView360AtoZ/snapshots/f0b9ffb20c4dc68d4422db97b7da7b577970650e/data/1151_3TleBgwFgX6fw2TdBefOkw_35.03506833_-89.67150427.jpg,37.56,clear,2026-04-13T18:14:27
/home/alex/Desktop/school/comp-vis/dataset/datasets--everettshen--StreetView360AtoZ/snapshots/f0b9ffb20c4dc68d4422db97b7da7b577970650e/data/2458_FDwXMoMJrEDRRLC-kJNbKA_1.60196003_103.63945633.jpg,55.29,clear,2026-04-13T18:14:31
/home/alex/Desktop/school/comp-vis/dataset/datasets--everettshen--StreetView360AtoZ/snapshots/f0b9ffb20c4dc68d4422db97b7da7b577970650e/data/543_q2W-X5Wt2x3UuRsDKtxBYw_25.38159265_83.20841802.jpg,63.71,clear,2026-04-13T18:14:35
/home/alex/Desktop/school/comp-vis/dataset/datasets--everettshen--StreetView360AtoZ/snapshots/f0b9ffb20c4dc68d4422db97b7da7b577970650e/data/203_V4i_l0w0hBKUJh_Bgqdpfg_44.76215067_7.30591994.jpg,32.45,clear,2026-04-13T18:14:45
/home/alex/Desktop/school/comp-vis/dataset/datasets--everettshen--StreetView360AtoZ/snapshots/f0b9ffb20c4dc68d4422db97b7da7b577970650e/data/1793_oK3AvsAN0RuB8Yzaqs6sag_35.37940695_139.97296995.jpg,42.67,clear,2026-04-13T18:14:51
/home/alex/Desktop/school/comp-vis/dataset/datasets--everettshen--StreetView360AtoZ/snapshots/f0b9ffb20c4dc68d4422db97b7da7b577970650e/data/428_mhkcrQ8vO3KyK2o3hnufsw_41.11567429_-97.59114824.jpg,31.85,clear,2026-04-13T18:14:52
/home/alex/Desktop/school/comp-vis/dataset/datasets--everettshen--StreetView360AtoZ/snapshots/f0b9ffb20c4dc68d4422db97b7da7b577970650e/data/936_S5CKCKYGT0ELfeL5soDAYQ_40.63248499_-8.02005992.jpg,46.88,clear,2026-04-13T18:14:53
/home/alex/Desktop/school/comp-vis/dataset/datasets--everettshen--StreetView360AtoZ/snapshots/f0b9ffb20c4dc68d4422db97b7da7b577970650e/data/921_fXBu8bmMjTi5MD-y36ESGQ_38.91638073_141.50585543.jpg,70.02,clear,2026-04-13T18:14:55
/home/alex/Desktop/school/comp-vis/dataset/datasets--everettshen--StreetView360AtoZ/snapshots/f0b9ffb20c4dc68d4422db97b7da7b577970650e/data/643_xaDwpKaAU2txXJMh377aLg_46.84163671_11.62689611.jpg,33.36,clear,2026-04-13T18:14:56
/home/alex/Desktop/school/comp-vis/dataset/datasets--everettshen--StreetView360AtoZ/snapshots/f0b9ffb20c4dc68d4422db97b7da7b577970650e/data/1367_UVMp7bECaw1v1b5DYoZ8jg_39.62673743_-75.64177141.jpg,54.69,clear,2026-04-13T18:15:01
/home/alex/Desktop/school/comp-vis/dataset/datasets--everettshen--StreetView360AtoZ/snapshots/f0b9ffb20c4dc68d4422db97b7da7b577970650e/data/375_mzg-NozLjTV-V6HEeWGshA_43.05275759_-83.65413411.jpg,49.58,clear,2026-04-13T18:15:05
/home/alex/Desktop/school/comp-vis/dataset/datasets--everettshen--StreetView360AtoZ/snapshots/f0b9ffb20c4dc68d4422db97b7da7b577970650e/data/1706_evVOSK-5LV0K1CsQWhTXkg_-23.56737784_-47.88593070.jpg,53.79,clear,2026-04-13T18:15:08
/home/alex/Desktop/school/comp-vis/dataset/datasets--everettshen--StreetView360AtoZ/snapshots/f0b9ffb20c4dc68d4422db97b7da7b577970650e/data/592_qlB9QkVsAV5L08wzaMuGeg_30.48820468_-91.16175398.jpg,23.74,clear,2026-04-13T18:15:11
/home/alex/Desktop/school/comp-vis/dataset/datasets--everettshen--StreetView360AtoZ/snapshots/f0b9ffb20c4dc68d4422db97b7da7b577970650e/data/666_iVt3kAA9ijAkDYERgsScsA_46.20728921_-59.99335124.jpg,44.47,clear,2026-04-13T18:15:18
/home/alex/Desktop/school/comp-vis/dataset/datasets--everettshen--StreetView360AtoZ/snapshots/f0b9ffb20c4dc68d4422db97b7da7b577970650e/data/52_sC1VeEqlqmgnDIVMmJSOdg_51.42440379_-2.22399534.jpg,56.19,clear,2026-04-13T18:15:21
/home/alex/Desktop/school/comp-vis/dataset/datasets--everettshen--StreetView360AtoZ/snapshots/f0b9ffb20c4dc68d4422db97b7da7b577970650e/data/368_B0NjkgRrzxmK_G7ZjHEEMQ_43.20842158_11.76472065.jpg,28.55,clear,2026-04-13T18:16:12
/home/alex/Desktop/school/comp-vis/dataset/datasets--everettshen--StreetView360AtoZ/snapshots/f0b9ffb20c4dc68d4422db97b7da7b577970650e/data/3158_rtWt-aypnmxU65YHZDeJnw_43.87499148_-85.50998057.jpg,24.64,clear,2026-04-13T18:16:13
/home/alex/Desktop/school/comp-vis/dataset/datasets--everettshen--StreetView360AtoZ/snapshots/f0b9ffb20c4dc68d4422db97b7da7b577970650e/data/3156_3jIhvtPH9I-EIr1vAGP-cw_-5.33510048_-42.73368975.jpg,57.70,clear,2026-04-13T18:16:17
/home/alex/Desktop/school/comp-vis/dataset/datasets--everettshen--StreetView360AtoZ/snapshots/f0b9ffb20c4dc68d4422db97b7da7b577970650e/data/327_DMIkSi_K34xX8FKACpVGmw_19.68861599_-98.86106638.jpg,45.98,clear,2026-04-13T18:16:19
/home/alex/Desktop/school/comp-vis/dataset/datasets--everettshen--StreetView360AtoZ/snapshots/f0b9ffb20c4dc68d4422db97b7da7b577970650e/data/2934_ka21m-AFTd_EBQjvEnW_yw_45.79628113_38.98886910.jpg,35.16,clear,2026-04-13T18:16:24
/home/alex/Desktop/school/comp-vis/dataset/datasets--everettshen--StreetView360AtoZ/snapshots/f0b9ffb20c4dc68d4422db97b7da7b577970650e/data/1051_je_iFijYk6B7FtkDOiauoQ_37.31891557_127.06572322.jpg,12.92,clear,2026-04-13T18:16:31
/home/alex/Desktop/school/comp-vis/dataset/datasets--everettshen--StreetView360AtoZ/snapshots/f0b9ffb20c4dc68d4422db97b7da7b577970650e/data/2945_3PzVQ17IbfcwcYi-MRSm6Q_45.82218653_38.46835542.jpg,41.17,clear,2026-04-13T18:16:34
/home/alex/Desktop/school/comp-vis/dataset/datasets--everettshen--StreetView360AtoZ/snapshots/f0b9ffb20c4dc68d4422db97b7da7b577970650e/data/788_npo9ssh6UPbrGnAVqc-ILg_41.61091130_14.06980096.jpg,56.79,clear,2026-04-13T18:16:46
/home/alex/Desktop/school/comp-vis/dataset/datasets--everettshen--StreetView360AtoZ/snapshots/f0b9ffb20c4dc68d4422db97b7da7b577970650e/data/43_PRe4HKPrkMzZZ-kwgAVJag_46.85127754_-92.36410755.jpg,50.48,clear,2026-04-13T18:16:47
/home/alex/Desktop/school/comp-vis/dataset/datasets--everettshen--StreetView360AtoZ/snapshots/f0b9ffb20c4dc68d4422db97b7da7b577970650e/data/1456_gQh_z8j7nI7KtUwTMwGAyw_50.58291769_12.79982817.jpg,63.11,clear,2026-04-13T18:16:49
/home/alex/Desktop/school/comp-vis/dataset/datasets--everettshen--StreetView360AtoZ/snapshots/f0b9ffb20c4dc68d4422db97b7da7b577970650e/data/1405_XpSEXskB6P3abrgmjGvQcw_33.10962259_-93.26371332.jpg,64.61,clear,2026-04-13T18:16:51
/home/alex/Desktop/school/comp-vis/dataset/datasets--everettshen--StreetView360AtoZ/snapshots/f0b9ffb20c4dc68d4422db97b7da7b577970650e/data/1992_SDG3y5ZIDzpp-aH2dmoTzA_45.30509469_-92.36327615.jpg,10.52,clear,2026-04-13T18:16:57
/home/alex/Desktop/school/comp-vis/dataset/datasets--everettshen--StreetView360AtoZ/snapshots/f0b9ffb20c4dc68d4422db97b7da7b577970650e/data/632_kT_ZO0bCGNXn3o_Jpkhghw_34.74851013_131.88005611.jpg,39.67,clear,2026-04-13T18:16:59
/home/alex/Desktop/school/comp-vis/dataset/datasets--everettshen--StreetView360AtoZ/snapshots/f0b9ffb20c4dc68d4422db97b7da7b577970650e/data/88_3bdMvL-z9DqEuGFzCkqU7Q_31.40798056_-83.32889755.jpg,47.18,clear,2026-04-13T18:17:01
/home/alex/Desktop/school/comp-vis/dataset/datasets--everettshen--StreetView360AtoZ/snapshots/f0b9ffb20c4dc68d4422db97b7da7b577970650e/data/1329_UD-x4q7agDcPStqCWEKzjA_39.71224141_-97.35981488.jpg,48.68,clear,2026-04-13T18:17:07
/home/alex/Desktop/school/comp-vis/dataset/datasets--everettshen--StreetView360AtoZ/snapshots/f0b9ffb20c4dc68d4422db97b7da7b577970650e/data/2587_zTx9Oo7Fc0JiG8xNqZ0HNg_57.07331633_61.46531814.jpg,49.88,clear,2026-04-13T18:17:20
/home/alex/Desktop/school/comp-vis/dataset/datasets--everettshen--StreetView360AtoZ/snapshots/f0b9ffb20c4dc68d4422db97b7da7b577970650e/data/502_RW8RjV9Afsv0i0kZ-s-VbA_54.09939249_12.16485405.jpg,36.36,clear,2026-04-13T18:17:22
/home/alex/Desktop/school/comp-vis/dataset/datasets--everettshen--StreetView360AtoZ/snapshots/f0b9ffb20c4dc68d4422db97b7da7b577970650e/data/821_CPTzf5xB3UrlwD9aez--Qw_46.56927441_3.74598546.jpg,49.88,clear,2026-04-13T18:17:25
/home/alex/Desktop/school/comp-vis/dataset/datasets--everettshen--StreetView360AtoZ/snapshots/f0b9ffb20c4dc68d4422db97b7da7b577970650e/data/1734_2t9hos0MNaBT4TUf0P_N0A_42.74279543_-100.79096776.jpg,31.55,clear,2026-04-13T18:17:26
/home/alex/Desktop/school/comp-vis/dataset/datasets--everettshen--StreetView360AtoZ/snapshots/f0b9ffb20c4dc68d4422db97b7da7b577970650e/data/1455_Qqk7BDSnUI86bsii6ATHAw_43.45752963_6.47980988.jpg,39.07,clear,2026-04-13T18:17:28
/home/alex/Desktop/school/comp-vis/dataset/datasets--everettshen--StreetView360AtoZ/snapshots/f0b9ffb20c4dc68d4422db97b7da7b577970650e/data/778_GeI5UZQfnHW-DZdhEjvd6g_36.86261852_-76.30085717.jpg,43.87,clear,2026-04-13T18:17:35
/home/alex/Desktop/school/comp-vis/dataset/datasets--everettshen--StreetView360AtoZ/snapshots/f0b9ffb20c4dc68d4422db97b7da7b577970650e/data/3021_mL14tPS_IlvPs9wbs4tpIA_-0.84942681_123.41664981.jpg,70.92,clear,2026-04-13T18:17:37
/home/alex/Desktop/school/comp-vis/dataset/datasets--everettshen--StreetView360AtoZ/snapshots/f0b9ffb20c4dc68d4422db97b7da7b577970650e/data/653_O6bn-W-Ht0pqv9Cf70x5pA_29.57103490_-98.43569203.jpg,19.83,clear,2026-04-13T18:17:38
/home/alex/Desktop/school/comp-vis/dataset/datasets--everettshen--StreetView360AtoZ/snapshots/f0b9ffb20c4dc68d4422db97b7da7b577970650e/data/917_u-MIEgvtgA4ywFEp593Zgw_12.58309686_-81.70644150.jpg,64.01,clear,2026-04-13T18:17:39
/home/alex/Desktop/school/comp-vis/dataset/datasets--everettshen--StreetView360AtoZ/snapshots/f0b9ffb20c4dc68d4422db97b7da7b577970650e/data/253_EmGgLS2onRVtnh4SqbAYbQ_45.58866717_-111.64802954.jpg,45.08,clear,2026-04-13T18:17:40
/home/alex/Desktop/school/comp-vis/dataset/datasets--everettshen--StreetView360AtoZ/snapshots/f0b9ffb20c4dc68d4422db97b7da7b577970650e/data/326_GRzbnzHri5Gg1VjgnKrXhA_39.75483636_31.16909671.jpg,32.45,clear,2026-04-13T18:17:43
/home/alex/Desktop/school/comp-vis/dataset/datasets--everettshen--StreetView360AtoZ/snapshots/f0b9ffb20c4dc68d4422db97b7da7b577970650e/data/3037_VRz32zEYg4pH0XKeG8kDeA_38.36889236_-97.66287598.jpg,48.08,clear,2026-04-13T18:17:51
/home/alex/Desktop/school/comp-vis/dataset/datasets--everettshen--StreetView360AtoZ/snapshots/f0b9ffb20c4dc68d4422db97b7da7b577970650e/data/1007_XtXzrJnsLs1ncUJPKF_H2g_37.87158765_32.50509251.jpg,45.38,clear,2026-04-13T18:18:02
/home/alex/Desktop/school/comp-vis/dataset/datasets--everettshen--StreetView360AtoZ/snapshots/f0b9ffb20c4dc68d4422db97b7da7b577970650e/data/1303_zssjKyMgghl0dBOxhPS0hA_38.02323784_-1.70373189.jpg,36.06,clear,2026-04-13T18:18:05
/home/alex/Desktop/school/comp-vis/dataset/datasets--everettshen--StreetView360AtoZ/snapshots/f0b9ffb20c4dc68d4422db97b7da7b577970650e/data/161_2RC9j7jVHJCUjcvIl_rEGQ_43.19804970_27.82288393.jpg,67.31,clear,2026-04-13T18:18:06
/home/alex/Desktop/school/comp-vis/dataset/datasets--everettshen--StreetView360AtoZ/snapshots/f0b9ffb20c4dc68d4422db97b7da7b577970650e/data/1420_9LGipQVDGem7QD0Vd_GQGw_38.11662984_-6.51616118.jpg,42.97,clear,2026-04-13T18:18:08
/home/alex/Desktop/school/comp-vis/dataset/datasets--everettshen--StreetView360AtoZ/snapshots/f0b9ffb20c4dc68d4422db97b7da7b577970650e/data/484_OHcch4jgZb-u2kS8nxk6SA_39.63282905_-104.45421427.jpg,24.94,clear,2026-04-13T18:18:11
/home/alex/Desktop/school/comp-vis/dataset/datasets--everettshen--StreetView360AtoZ/snapshots/f0b9ffb20c4dc68d4422db97b7da7b577970650e/data/5_iKxTf-Tj-RivErpC1Kj8Lw_45.74377663_24.22531046.jpg,51.09,clear,2026-04-13T18:18:15
/home/alex/Desktop/school/comp-vis/dataset/datasets--everettshen--StreetView360AtoZ/snapshots/f0b9ffb20c4dc68d4422db97b7da7b577970650e/data/338_tFApwucqVHZDLAWrhMyhZw_37.21918545_-3.60515230.jpg,32.75,clear,2026-04-13T18:18:19
/home/alex/Desktop/school/comp-vis/dataset/datasets--everettshen--StreetView360AtoZ/snapshots/f0b9ffb20c4dc68d4422db97b7da7b577970650e/data/1922_MD4S6UeM1V1ZJ3kxsKFS1Q_-30.02293288_-70.63500150.jpg,48.38,clear,2026-04-13T18:18:21
/home/alex/Desktop/school/comp-vis/dataset/datasets--everettshen--StreetView360AtoZ/snapshots/f0b9ffb20c4dc68d4422db97b7da7b577970650e/data/2531_azMgSATpmF9liIKrdc7aMQ_43.19443119_-71.15084194.jpg,21.64,clear,2026-04-13T18:18:24
/home/alex/Desktop/school/comp-vis/dataset/datasets--everettshen--StreetView360AtoZ/snapshots/f0b9ffb20c4dc68d4422db97b7da7b577970650e/data/1405_93HnLEakZNa7s4WmhAWu0Q_19.95979494_-90.34707765.jpg,58.90,clear,2026-04-13T18:18:26
/home/alex/Desktop/school/comp-vis/dataset/datasets--everettshen--StreetView360AtoZ/snapshots/f0b9ffb20c4dc68d4422db97b7da7b577970650e/data/397_S5hhjpgKlROnzSX3xGKdIg_37.47104755_-102.03932526.jpg,48.98,clear,2026-04-13T18:18:30
/home/alex/Desktop/school/comp-vis/dataset/datasets--everettshen--StreetView360AtoZ/snapshots/f0b9ffb20c4dc68d4422db97b7da7b577970650e/data/2864_8pQlTfSKCX2QtPpDXLclBA_50.94772453_20.51369504.jpg,32.75,clear,2026-04-13T18:18:32
/home/alex/Desktop/school/comp-vis/dataset/datasets--everettshen--StreetView360AtoZ/snapshots/f0b9ffb20c4dc68d4422db97b7da7b577970650e/data/2814_0rjjNl85VHbzyosRd_722g_49.53524527_-115.74061763.jpg,48.68,clear,2026-04-13T18:18:33
/home/alex/Desktop/school/comp-vis/dataset/datasets--everettshen--StreetView360AtoZ/snapshots/f0b9ffb20c4dc68d4422db97b7da7b577970650e/data/2715_Px0T37ztGbkcHPlsAHsHzQ_-31.19750640_136.82759043.jpg,43.87,clear,2026-04-13T18:18:35
/home/alex/Desktop/school/comp-vis/dataset/datasets--everettshen--StreetView360AtoZ/snapshots/f0b9ffb20c4dc68d4422db97b7da7b577970650e/data/1809_RW8RjV9Afsv0i0kZ-s-VbA_54.09939249_12.16485405.jpg,36.66,clear,2026-04-13T18:18:38
/home/alex/Desktop/school/comp-vis/dataset/datasets--everettshen--StreetView360AtoZ/snapshots/f0b9ffb20c4dc68d4422db97b7da7b577970650e/data/1959_jguAqJpnIdXTgOBMJqvBtw_43.66788748_-81.10596064.jpg,36.66,clear,2026-04-13T18:18:40
/home/alex/Desktop/school/comp-vis/dataset/datasets--everettshen--StreetView360AtoZ/snapshots/f0b9ffb20c4dc68d4422db97b7da7b577970650e/data/2507_tvnQTthGWaTvVBPbNbjtQA_63.72349657_11.23607364.jpg,36.06,clear,2026-04-13T18:18:42
/home/alex/Desktop/school/comp-vis/dataset/datasets--everettshen--StreetView360AtoZ/snapshots/f0b9ffb20c4dc68d4422db97b7da7b577970650e/data/191_U8_OMx1Yz4iD9gbE0WL8pg_-5.14418561_-37.36909089.jpg,78.13,clear,2026-04-13T18:18:44
/home/alex/Desktop/school/comp-vis/dataset/datasets--everettshen--StreetView360AtoZ/snapshots/f0b9ffb20c4dc68d4422db97b7da7b577970650e/data/895_xvUIRxxXKn0WgWR8BZypJQ_-32.56949552_149.58522658.jpg,27.05,clear,2026-04-13T18:18:47
/home/alex/Desktop/school/comp-vis/dataset/datasets--everettshen--StreetView360AtoZ/snapshots/f0b9ffb20c4dc68d4422db97b7da7b577970650e/data/1864_35N6-xquiKu3kHmbg8AM0g_39.66461018_31.30555874.jpg,38.46,clear,2026-04-13T18:18:48
/home/alex/Desktop/school/comp-vis/dataset/datasets--everettshen--StreetView360AtoZ/snapshots/f0b9ffb20c4dc68d4422db97b7da7b577970650e/data/901_GYhdNCeyUHtd0oH49rEdzA_61.89049797_11.07728625.jpg,15.03,clear,2026-04-13T18:18:52
/home/alex/Desktop/school/comp-vis/dataset/datasets--everettshen--StreetView360AtoZ/snapshots/f0b9ffb20c4dc68d4422db97b7da7b577970650e/data/1009_xcLxJiRs14g5SC9jr_z75g_-34.48849399_-70.90693910.jpg,68.81,clear,2026-04-13T18:18:56
/home/alex/Desktop/school/comp-vis/dataset/datasets--everettshen--StreetView360AtoZ/snapshots/f0b9ffb20c4dc68d4422db97b7da7b577970650e/data/620_-T16fQ0SEW9Iis69SlBWLw_53.39998854_18.45011177.jpg,41.77,clear,2026-04-13T18:18:57
/home/alex/Desktop/school/comp-vis/dataset/datasets--everettshen--StreetView360AtoZ/snapshots/f0b9ffb20c4dc68d4422db97b7da7b577970650e/data/416_Vqkn7uTb8M4VvaGtLOK5JQ_52.25311230_20.30805220.jpg,61.30,clear,2026-04-13T18:18:59
/home/alex/Desktop/school/comp-vis/dataset/datasets--everettshen--StreetView360AtoZ/snapshots/f0b9ffb20c4dc68d4422db97b7da7b577970650e/data/972_QvhvBC9YvVnaILTwei0ZAA_46.41669896_26.43352348.jpg,33.66,clear,2026-04-13T18:19:01
/home/alex/Desktop/school/comp-vis/dataset/datasets--everettshen--StreetView360AtoZ/snapshots/f0b9ffb20c4dc68d4422db97b7da7b577970650e/data/1421_oij3LVW2J22laXC1YS9lZw_-12.15000032_-41.61624151.jpg,80.23,clear,2026-04-13T18:19:04
/home/alex/Desktop/school/comp-vis/dataset/datasets--everettshen--StreetView360AtoZ/snapshots/f0b9ffb20c4dc68d4422db97b7da7b577970650e/data/212_wKa2jF1132JA-QB3jWVD_g_19.42587466_-103.53795380.jpg,43.87,clear,2026-04-13T18:19:05
/home/alex/Desktop/school/comp-vis/dataset/datasets--everettshen--StreetView360AtoZ/snapshots/f0b9ffb20c4dc68d4422db97b7da7b577970650e/data/1606_HCVtyCIYXT0c-X_yCnGqOw_53.96751365_9.49448322.jpg,53.79,clear,2026-04-13T18:19:09
/home/alex/Desktop/school/comp-vis/dataset/datasets--everettshen--StreetView360AtoZ/snapshots/f0b9ffb20c4dc68d4422db97b7da7b577970650e/data/530_112XHthNApcld-uHMju7mw_48.74046623_13.60374756.jpg,45.38,clear,2026-04-13T18:19:12
/home/alex/Desktop/school/comp-vis/dataset/datasets--everettshen--StreetView360AtoZ/snapshots/f0b9ffb20c4dc68d4422db97b7da7b577970650e/data/1387_d368a250wRAPBso6_3bMZg_49.47343775_21.60268626.jpg,53.79,clear,2026-04-13T18:19:16
/home/alex/Desktop/school/comp-vis/dataset/datasets--everettshen--StreetView360AtoZ/snapshots/f0b9ffb20c4dc68d4422db97b7da7b577970650e/data/42_JwWw4BlarV66L-uzxeB5LA_39.98485162_-4.61274530.jpg,54.99,clear,2026-04-13T18:19:20
/home/alex/Desktop/school/comp-vis/dataset/datasets--everettshen--StreetView360AtoZ/snapshots/f0b9ffb20c4dc68d4422db97b7da7b577970650e/data/1200_1uhKXWHs2m89-unQ7BLDHA_35.79963513_126.90005106.jpg,43.27,clear,2026-04-13T18:19:21
/home/alex/Desktop/school/comp-vis/dataset/datasets--everettshen--StreetView360AtoZ/snapshots/f0b9ffb20c4dc68d4422db97b7da7b577970650e/data/2876_hWyyEEhZgDHr4xI80kcStw_-24.56625265_-51.33285421.jpg,61.30,clear,2026-04-13T18:19:25
/home/alex/Desktop/school/comp-vis/dataset/datasets--everettshen--StreetView360AtoZ/snapshots/f0b9ffb20c4dc68d4422db97b7da7b577970650e/data/2906_yANw1BwBsctXGaNkujobnQ_-30.16679160_30.81695314.jpg,41.47,clear,2026-04-13T18:19:28
/home/alex/Desktop/school/comp-vis/dataset/datasets--everettshen--StreetView360AtoZ/snapshots/f0b9ffb20c4dc68d4422db97b7da7b577970650e/data/272_LS-2rWPCZvUcV4Ay3vXMVg_41.05668451_13.92703202.jpg,38.76,clear,2026-04-13T18:19:29
/home/alex/Desktop/school/comp-vis/dataset/datasets--everettshen--StreetView360AtoZ/snapshots/f0b9ffb20c4dc68d4422db97b7da7b577970650e/data/247_RECFBlBoRN6nqCPqt2gayg_45.20231770_-64.11335536.jpg,55.89,clear,2026-04-13T18:19:33
/home/alex/Desktop/school/comp-vis/dataset/datasets--everettshen--StreetView360AtoZ/snapshots/f0b9ffb20c4dc68d4422db97b7da7b577970650e/data/1779_QqtSSF9dw9Q6zGhoQl-UZQ_47.50556051_7.73034360.jpg,50.18,clear,2026-04-13T18:19:34
/home/alex/Desktop/school/comp-vis/dataset/datasets--everettshen--StreetView360AtoZ/snapshots/f0b9ffb20c4dc68d4422db97b7da7b577970650e/data/848_Vr5BSeLl3R24ikCmt_kjLw_48.64863680_10.60824214.jpg,43.27,clear,2026-04-13T18:19:35
/home/alex/Desktop/school/comp-vis/dataset/datasets--everettshen--StreetView360AtoZ/snapshots/f0b9ffb20c4dc68d4422db97b7da7b577970650e/data/1585_KQYerNgd911qfwK4w0LsSQ_44.49411640_43.93963840.jpg,29.75,clear,2026-04-13T18:19:38
/home/alex/Desktop/school/comp-vis/dataset/datasets--everettshen--StreetView360AtoZ/snapshots/f0b9ffb20c4dc68d4422db97b7da7b577970650e/data/3423_NEoSo3kELbVXEL_2W75VKw_58.50328274_-117.14587289.jpg,52.29,clear,2026-04-13T18:19:48
/home/alex/Desktop/school/comp-vis/dataset/datasets--everettshen--StreetView360AtoZ/snapshots/f0b9ffb20c4dc68d4422db97b7da7b577970650e/data/1876_Wnql7h6MOPUMjlpN2aB89A_-40.29820790_175.81028132.jpg,19.83,clear,2026-04-13T18:19:52
/home/alex/Desktop/school/comp-vis/dataset/datasets--everettshen--StreetView360AtoZ/snapshots/f0b9ffb20c4dc68d4422db97b7da7b577970650e/data/1945_2F0eN3GWg9hP9L2zv_GmCA_35.73211985_-83.51823550.jpg,40.57,clear,2026-04-13T18:19:56
/home/alex/Desktop/school/comp-vis/dataset/datasets--everettshen--StreetView360AtoZ/snapshots/f0b9ffb20c4dc68d4422db97b7da7b577970650e/data/1825_vU_QEfXvVlTyuy_lFl_SiA_49.11987181_18.70690610.jpg,56.79,clear,2026-04-13T18:19:58
/home/alex/Desktop/school/comp-vis/dataset/datasets--everettshen--StreetView360AtoZ/snapshots/f0b9ffb20c4dc68d4422db97b7da7b577970650e/data/390_l3B6RP6uoo3IUf9I0N3Atg_46.21828942_-71.76227350.jpg,54.39,clear,2026-04-13T18:20:00
/home/alex/Desktop/school/comp-vis/dataset/datasets--everettshen--StreetView360AtoZ/snapshots/f0b9ffb20c4dc68d4422db97b7da7b577970650e/data/1455_ynTGaZBks47xx82lfXlH2w_46.13256314_-61.13981222.jpg,40.57,clear,2026-04-13T18:20:07
/home/alex/Desktop/school/comp-vis/dataset/datasets--everettshen--StreetView360AtoZ/snapshots/f0b9ffb20c4dc68d4422db97b7da7b577970650e/data/1233_d-888Dufg5Tv1B7QFG9l1A_44.49255545_9.67351890.jpg,59.20,clear,2026-04-13T18:20:10
/home/alex/Desktop/school/comp-vis/dataset/datasets--everettshen--StreetView360AtoZ/snapshots/f0b9ffb20c4dc68d4422db97b7da7b577970650e/data/911_k90J5Uek7gN_bm4Z5Wifvw_-17.39956920_-63.83342178.jpg,18.03,clear,2026-04-13T18:20:13
/home/alex/Desktop/school/comp-vis/dataset/datasets--everettshen--StreetView360AtoZ/snapshots/f0b9ffb20c4dc68d4422db97b7da7b577970650e/data/495_3P6BNRN6ECumDnmQyYGEDQ_33.17987360_-81.18530765.jpg,40.57,clear,2026-04-13T18:20:13
/home/alex/Desktop/school/comp-vis/dataset/datasets--everettshen--StreetView360AtoZ/snapshots/f0b9ffb20c4dc68d4422db97b7da7b577970650e/data/210_Dq7hlryCBfVn4js_pthSAQ_15.31493741_-91.49393119.jpg,21.04,clear,2026-04-13T18:20:16
/home/alex/Desktop/school/comp-vis/dataset/datasets--everettshen--StreetView360AtoZ/snapshots/f0b9ffb20c4dc68d4422db97b7da7b577970650e/data/1311_4wo6AqgDMAF3qt_3DBRBeg_49.77151443_5.78785395.jpg,38.76,clear,2026-04-13T18:20:18
/home/alex/Desktop/school/comp-vis/dataset/datasets--everettshen--StreetView360AtoZ/snapshots/f0b9ffb20c4dc68d4422db97b7da7b577970650e/data/213_dWOhrOuB3TTqqmhpGPOdDQ_-8.65159622_116.85305195.jpg,38.76,clear,2026-04-13T18:20:18
/home/alex/Desktop/school/comp-vis/dataset/datasets--everettshen--StreetView360AtoZ/snapshots/f0b9ffb20c4dc68d4422db97b7da7b577970650e/data/119_qQeSq1qisLZT-mCCy0Mmzw_-26.66958662_-67.22365569.jpg,51.69,clear,2026-04-13T18:20:22
/home/alex/Desktop/school/comp-vis/dataset/datasets--everettshen--StreetView360AtoZ/snapshots/f0b9ffb20c4dc68d4422db97b7da7b577970650e/data/124_gPfpxvdvmicFJ1gKaSyzaQ_51.52485027_3.64432393.jpg,34.26,clear,2026-04-13T18:20:26
/home/alex/Desktop/school/comp-vis/dataset/datasets--everettshen--StreetView360AtoZ/snapshots/f0b9ffb20c4dc68d4422db97b7da7b577970650e/data/264_zg5jRCnoCdrSHCV1rnTrIw_-5.62819214_119.58595679.jpg,57.40,clear,2026-04-13T18:20:29
/home/alex/Desktop/school/comp-vis/dataset/datasets--everettshen--StreetView360AtoZ/snapshots/f0b9ffb20c4dc68d4422db97b7da7b577970650e/data/1398_hTbNMlCDAveq3e6f6sEEuA_37.86168024_-77.76585150.jpg,56.79,clear,2026-04-13T18:20:30
/home/alex/Desktop/school/comp-vis/dataset/datasets--everettshen--StreetView360AtoZ/snapshots/f0b9ffb20c4dc68d4422db97b7da7b577970650e/data/1031_Sa7JzSIVgr1u1USNW-WW_Q_41.44168003_-99.72539693.jpg,39.67,clear,2026-04-13T18:20:32
/home/alex/Desktop/school/comp-vis/dataset/datasets--everettshen--StreetView360AtoZ/snapshots/f0b9ffb20c4dc68d4422db97b7da7b577970650e/data/775_EJXgkJzlhITATN_rmWCU7Q_37.74472455_38.26780112.jpg,14.12,clear,2026-04-13T18:20:37
/home/alex/Desktop/school/comp-vis/dataset/datasets--everettshen--StreetView360AtoZ/snapshots/f0b9ffb20c4dc68d4422db97b7da7b577970650e/data/2009_LGcG2W1CeurlnmdAM82PyQ_55.65017300_69.23475237.jpg,12.32,clear,2026-04-13T18:20:38
/home/alex/Desktop/school/comp-vis/dataset/datasets--everettshen--StreetView360AtoZ/snapshots/f0b9ffb20c4dc68d4422db97b7da7b577970650e/data/1748_5RJdnocuLUE3Jc7wOE7kzQ_37.35750931_43.17056897.jpg,50.78,clear,2026-04-13T18:20:42
/home/alex/Desktop/school/comp-vis/dataset/datasets--everettshen--StreetView360AtoZ/snapshots/f0b9ffb20c4dc68d4422db97b7da7b577970650e/data/450_dQ46ArSOVCHDLlmD4iJjdg_47.65683123_-117.22351395.jpg,28.25,clear,2026-04-13T18:20:49
/home/alex/Desktop/school/comp-vis/dataset/datasets--everettshen--StreetView360AtoZ/snapshots/f0b9ffb20c4dc68d4422db97b7da7b577970650e/data/1923_L0ZD-JoktdiYjf7ir5zMzA_40.12547005_-122.23566971.jpg,74.82,clear,2026-04-13T18:20:56
/home/alex/Desktop/school/comp-vis/dataset/datasets--everettshen--StreetView360AtoZ/snapshots/f0b9ffb20c4dc68d4422db97b7da7b577970650e/data/3303_40htfJD8OPzaer41Keyo5w_-7.13357472_-39.77349666.jpg,56.49,clear,2026-04-13T18:21:02
/home/alex/Desktop/school/comp-vis/dataset/datasets--everettshen--StreetView360AtoZ/snapshots/f0b9ffb20c4dc68d4422db97b7da7b577970650e/data/3181_Mbpt5d5eFPzZbEt877z9gw_35.74512241_-81.61701496.jpg,65.81,clear,2026-04-13T18:21:06
/home/alex/Desktop/school/comp-vis/dataset/datasets--everettshen--StreetView360AtoZ/snapshots/f0b9ffb20c4dc68d4422db97b7da7b577970650e/data/1359_F0Fl2J6i2XnZL5bgLyLXCg_15.31204344_120.64227107.jpg,38.46,clear,2026-04-13T18:21:07
/home/alex/Desktop/school/comp-vis/dataset/datasets--everettshen--StreetView360AtoZ/snapshots/f0b9ffb20c4dc68d4422db97b7da7b577970650e/data/794_42qR2tSlRd3waonzTTooRA_34.89000375_-117.10668522.jpg,41.17,clear,2026-04-13T18:21:09
/home/alex/Desktop/school/comp-vis/dataset/datasets--everettshen--StreetView360AtoZ/snapshots/f0b9ffb20c4dc68d4422db97b7da7b577970650e/data/185_iCh1gfEMLTrtMGLy0L5CcA_-28.12291123_-69.91718733.jpg,64.01,clear,2026-04-13T18:21:11
/home/alex/Desktop/school/comp-vis/dataset/datasets--everettshen--StreetView360AtoZ/snapshots/f0b9ffb20c4dc68d4422db97b7da7b577970650e/data/2320_Qt51OKlslZrgaoFoMSm_SA_-7.27475259_-35.92648321.jpg,32.15,clear,2026-04-13T18:21:14
/home/alex/Desktop/school/comp-vis/dataset/datasets--everettshen--StreetView360AtoZ/snapshots/f0b9ffb20c4dc68d4422db97b7da7b577970650e/data/1057_imade-F_gR3QxnBweXfmgg_42.27662119_22.73499874.jpg,23.74,clear,2026-04-13T18:21:18
/home/alex/Desktop/school/comp-vis/dataset/datasets--everettshen--StreetView360AtoZ/snapshots/f0b9ffb20c4dc68d4422db97b7da7b577970650e/data/2185_QsI-xW1_w4WxwJMAbcSKQA_44.08096293_-98.63030445.jpg,27.95,clear,2026-04-13T18:21:21
/home/alex/Desktop/school/comp-vis/dataset/datasets--everettshen--StreetView360AtoZ/snapshots/f0b9ffb20c4dc68d4422db97b7da7b577970650e/data/968_kcIZZuaT0OAVhmEnj9PSmA_43.35637376_1.25154135.jpg,27.35,clear,2026-04-13T18:21:23
/home/alex/Desktop/school/comp-vis/dataset/datasets--everettshen--StreetView360AtoZ/snapshots/f0b9ffb20c4dc68d4422db97b7da7b577970650e/data/3256_3GXyumIdJywrFBxczPRrJA_42.56289250_-114.46071354.jpg,30.05,clear,2026-04-13T18:21:28
/home/alex/Desktop/school/comp-vis/dataset/datasets--everettshen--StreetView360AtoZ/snapshots/f0b9ffb20c4dc68d4422db97b7da7b577970650e/data/2293_rkImQbSxXh5Rl-lU2VfBNg_4.87408826_101.96290662.jpg,79.03,clear,2026-04-13T18:21:34
/home/alex/Desktop/school/comp-vis/dataset/datasets--everettshen--StreetView360AtoZ/snapshots/f0b9ffb20c4dc68d4422db97b7da7b577970650e/data/1325_SxVOX2W8_O-ikDojHTwIAA_53.86624529_-1.91674775.jpg,51.09,clear,2026-04-13T18:21:38
/home/alex/Desktop/school/comp-vis/dataset/datasets--everettshen--StreetView360AtoZ/snapshots/f0b9ffb20c4dc68d4422db97b7da7b577970650e/data/485_60Sl6cEZB_c8a3Ssk1B73w_40.69684606_37.40842052.jpg,42.97,clear,2026-04-13T18:21:39
/home/alex/Desktop/school/comp-vis/dataset/datasets--everettshen--StreetView360AtoZ/snapshots/f0b9ffb20c4dc68d4422db97b7da7b577970650e/data/3178_UrADoAKsW-YtMBQlqdXQHw_40.12382699_-102.71643708.jpg,52.29,clear,2026-04-13T18:21:43
/home/alex/Desktop/school/comp-vis/dataset/datasets--everettshen--StreetView360AtoZ/snapshots/f0b9ffb20c4dc68d4422db97b7da7b577970650e/data/370_ETTqe8EM50gEMWQaKMVmmQ_42.14251060_-7.06335256.jpg,73.32,clear,2026-04-13T18:21:48
/home/alex/Desktop/school/comp-vis/dataset/datasets--everettshen--StreetView360AtoZ/snapshots/f0b9ffb20c4dc68d4422db97b7da7b577970650e/data/1792_Gmeiubn39piw_xuHGsgzuw_42.82811395_-6.11275326.jpg,30.05,clear,2026-04-13T18:21:49
/home/alex/Desktop/school/comp-vis/dataset/datasets--everettshen--StreetView360AtoZ/snapshots/f0b9ffb20c4dc68d4422db97b7da7b577970650e/data/290_25MbL3CinZhQPazIki4YxQ_17.23283458_74.39558018.jpg,31.85,clear,2026-04-13T18:21:52
/home/alex/Desktop/school/comp-vis/dataset/datasets--everettshen--StreetView360AtoZ/snapshots/f0b9ffb20c4dc68d4422db97b7da7b577970650e/data/1413_fCqUvX59J3JLVXYT5m1gWw_50.63621061_13.75488986.jpg,34.56,clear,2026-04-13T18:21:56
/home/alex/Desktop/school/comp-vis/dataset/datasets--everettshen--StreetView360AtoZ/snapshots/f0b9ffb20c4dc68d4422db97b7da7b577970650e/data/318_8yOuztwpJ-hPyB6leUScKA_46.10869506_-1.00709351.jpg,55.89,clear,2026-04-13T18:21:59
/home/alex/Desktop/school/comp-vis/dataset/datasets--everettshen--StreetView360AtoZ/snapshots/f0b9ffb20c4dc68d4422db97b7da7b577970650e/data/2016_ppMHxTrUN0-vWoH5slnDbA_39.97281560_-98.37181396.jpg,59.50,clear,2026-04-13T18:22:01
/home/alex/Desktop/school/comp-vis/dataset/datasets--everettshen--StreetView360AtoZ/snapshots/f0b9ffb20c4dc68d4422db97b7da7b577970650e/data/2266_xbK0IcF0zYt2futH7HQuPA_-31.71972295_-60.53046943.jpg,41.77,clear,2026-04-13T18:22:06
/home/alex/Desktop/school/comp-vis/dataset/datasets--everettshen--StreetView360AtoZ/snapshots/f0b9ffb20c4dc68d4422db97b7da7b577970650e/data/2996_Xy8Qw53KOfJjX_vk9y5Z2Q_37.75383891_14.10402401.jpg,64.31,clear,2026-04-13T18:22:08
/home/alex/Desktop/school/comp-vis/dataset/datasets--everettshen--StreetView360AtoZ/snapshots/f0b9ffb20c4dc68d4422db97b7da7b577970650e/data/519_csfed7yaHvdWIiBSzSxDjg_39.46359592_141.95149314.jpg,25.54,clear,2026-04-13T18:22:13
/home/alex/Desktop/school/comp-vis/dataset/datasets--everettshen--StreetView360AtoZ/snapshots/f0b9ffb20c4dc68d4422db97b7da7b577970650e/data/138_S7dHqnM36LciFy7SJtBgqw_32.81691720_130.35025282.jpg,40.57,clear,2026-04-13T18:22:15
/home/alex/Desktop/school/comp-vis/dataset/datasets--everettshen--StreetView360AtoZ/snapshots/f0b9ffb20c4dc68d4422db97b7da7b577970650e/data/411_sIAXvpegxJIHRNyQALir9w_43.67523033_-114.31255883.jpg,65.81,clear,2026-04-13T18:22:17
/home/alex/Desktop/school/comp-vis/dataset/datasets--everettshen--StreetView360AtoZ/snapshots/f0b9ffb20c4dc68d4422db97b7da7b577970650e/data/548_tKrjZBTJEMjq9xpEPdQf6Q_-22.16981433_-46.51861095.jpg,26.44,clear,2026-04-13T18:22:23
/home/alex/Desktop/school/comp-vis/dataset/datasets--everettshen--StreetView360AtoZ/snapshots/f0b9ffb20c4dc68d4422db97b7da7b577970650e/data/2681_4q4rpW2NrXMZblZw0HFt2Q_39.09752698_-84.65823426.jpg,33.96,clear,2026-04-13T18:22:24
/home/alex/Desktop/school/comp-vis/dataset/datasets--everettshen--StreetView360AtoZ/snapshots/f0b9ffb20c4dc68d4422db97b7da7b577970650e/data/943_oKQZq10dd4hqEndQrVnDLA_38.12550970_20.51805172.jpg,27.35,clear,2026-04-13T18:22:28
/home/alex/Desktop/school/comp-vis/dataset/datasets--everettshen--StreetView360AtoZ/snapshots/f0b9ffb20c4dc68d4422db97b7da7b577970650e/data/2463_pos1ywXHGYjyX5BBszZfFA_-14.83588580_-56.42749166.jpg,39.07,clear,2026-04-13T18:22:35
/home/alex/Desktop/school/comp-vis/dataset/datasets--everettshen--StreetView360AtoZ/snapshots/f0b9ffb20c4dc68d4422db97b7da7b577970650e/data/2885_sj58h5yVe1J0unlZ-G9GuA_35.40272165_24.74859995.jpg,49.58,clear,2026-04-13T18:22:36
/home/alex/Desktop/school/comp-vis/dataset/datasets--everettshen--StreetView360AtoZ/snapshots/f0b9ffb20c4dc68d4422db97b7da7b577970650e/data/2159_Ed3XYew_YyVSxBe9vDPeoA_14.24301614_104.40874122.jpg,48.08,clear,2026-04-13T18:22:37
/home/alex/Desktop/school/comp-vis/dataset/datasets--everettshen--StreetView360AtoZ/snapshots/f0b9ffb20c4dc68d4422db97b7da7b577970650e/data/124_Un25KfSjj8WszTO04t0Ffw_12.64888046_78.71115180.jpg,48.08,clear,2026-04-13T18:22:37
/home/alex/Desktop/school/comp-vis/dataset/datasets--everettshen--StreetView360AtoZ/snapshots/f0b9ffb20c4dc68d4422db97b7da7b577970650e/data/626_gKGHqq0gIX6851VoYCbsTQ_37.35241066_136.75772916.jpg,41.47,clear,2026-04-13T18:22:43
/home/alex/Desktop/school/comp-vis/dataset/datasets--everettshen--StreetView360AtoZ/snapshots/f0b9ffb20c4dc68d4422db97b7da7b577970650e/data/507_HkJB19p9aNIiOeV2l7dinA_40.41624990_-97.72396238.jpg,39.37,clear,2026-04-13T18:22:44
/home/alex/Desktop/school/comp-vis/dataset/datasets--everettshen--StreetView360AtoZ/snapshots/f0b9ffb20c4dc68d4422db97b7da7b577970650e/data/872_RL_CCHb1Jv2suGxk-oh3xg_46.98149645_21.70896479.jpg,43.27,clear,2026-04-13T18:22:46
/home/alex/Desktop/school/comp-vis/dataset/datasets--everettshen--StreetView360AtoZ/snapshots/f0b9ffb20c4dc68d4422db97b7da7b577970650e/data/136_eGTPvePyFCEmTZxU7M_AMQ_36.93635512_22.19161218.jpg,22.24,clear,2026-04-13T18:22:52
/home/alex/Desktop/school/comp-vis/dataset/datasets--everettshen--StreetView360AtoZ/snapshots/f0b9ffb20c4dc68d4422db97b7da7b577970650e/data/1022_YhbC6o1pyHGxYxOOGGLaWw_58.66458778_6.71648133.jpg,39.37,clear,2026-04-13T18:22:54
/home/alex/Desktop/school/comp-vis/dataset/datasets--everettshen--StreetView360AtoZ/snapshots/f0b9ffb20c4dc68d4422db97b7da7b577970650e/data/2228_AlVSQeKYzcDP0MQ2pEa-Vw_41.40138404_-83.24405293.jpg,34.86,clear,2026-04-13T18:23:03
/home/alex/Desktop/school/comp-vis/dataset/datasets--everettshen--StreetView360AtoZ/snapshots/f0b9ffb20c4dc68d4422db97b7da7b577970650e/data/1028_n2T8GV2xL2CXiAcT4z2FgQ_36.70564138_-99.89708651.jpg,49.88,clear,2026-04-13T18:23:06
/home/alex/Desktop/school/comp-vis/dataset/datasets--everettshen--StreetView360AtoZ/snapshots/f0b9ffb20c4dc68d4422db97b7da7b577970650e/data/2634_okbbI7yM-4EkIGQgivUHVw_27.85829450_-15.39403793.jpg,56.19,clear,2026-04-13T18:23:10
/home/alex/Desktop/school/comp-vis/dataset/datasets--everettshen--StreetView360AtoZ/snapshots/f0b9ffb20c4dc68d4422db97b7da7b577970650e/data/2620_KmDyJziF3gKv_e_PmvM_XQ_51.43354033_46.15117812.jpg,54.99,clear,2026-04-13T18:23:12
/home/alex/Desktop/school/comp-vis/dataset/datasets--everettshen--StreetView360AtoZ/snapshots/f0b9ffb20c4dc68d4422db97b7da7b577970650e/data/113_SZwOHmw6HmI-nwZeeC4iCg_42.39200277_-90.24650124.jpg,40.27,clear,2026-04-13T18:23:15
/home/alex/Desktop/school/comp-vis/dataset/datasets--everettshen--StreetView360AtoZ/snapshots/f0b9ffb20c4dc68d4422db97b7da7b577970650e/data/75_6sJ0jlQxdfbW9z_jzxoeNQ_48.78016318_15.03593645.jpg,45.08,clear,2026-04-13T18:23:21
/home/alex/Desktop/school/comp-vis/dataset/datasets--everettshen--StreetView360AtoZ/snapshots/f0b9ffb20c4dc68d4422db97b7da7b577970650e/data/95_8vs6cNSz8SqT8vVL4vCUqQ_33.60950256_-87.08958836.jpg,49.88,clear,2026-04-13T18:23:24
/home/alex/Desktop/school/comp-vis/dataset/datasets--everettshen--StreetView360AtoZ/snapshots/f0b9ffb20c4dc68d4422db97b7da7b577970650e/data/1166_pYJiikQfaVZ86FGlAkrxwA_50.12503795_11.25027576.jpg,50.78,clear,2026-04-13T18:23:26
/home/alex/Desktop/school/comp-vis/dataset/datasets--everettshen--StreetView360AtoZ/snapshots/f0b9ffb20c4dc68d4422db97b7da7b577970650e/data/919_rgoqoutZ1Ea5iZfDbuzEIg_39.63725322_-8.30440502.jpg,28.85,clear,2026-04-13T18:23:40
/home/alex/Desktop/school/comp-vis/dataset/datasets--everettshen--StreetView360AtoZ/snapshots/f0b9ffb20c4dc68d4422db97b7da7b577970650e/data/83_SJvLo1hRoY6adSF0dUBn7Q_42.34962421_-97.79167258.jpg,46.58,clear,2026-04-13T18:23:43
/home/alex/Desktop/school/comp-vis/dataset/datasets--everettshen--StreetView360AtoZ/snapshots/f0b9ffb20c4dc68d4422db97b7da7b577970650e/data/3399_bJUDZ9amBb7bnTj0Xq_A6w_-26.76477900_-65.19418670.jpg,51.69,clear,2026-04-13T18:23:48
/home/alex/Desktop/school/comp-vis/dataset/datasets--everettshen--StreetView360AtoZ/snapshots/f0b9ffb20c4dc68d4422db97b7da7b577970650e/data/894_z94fmbPSyJQ6rYLaYi2acA_45.50078768_6.50970627.jpg,36.06,clear,2026-04-13T18:23:52
/home/alex/Desktop/school/comp-vis/dataset/datasets--everettshen--StreetView360AtoZ/snapshots/f0b9ffb20c4dc68d4422db97b7da7b577970650e/data/3398_r1wU8IUamLcin2b4D24LHQ_18.91344300_-99.15253214.jpg,28.55,clear,2026-04-13T18:23:55
/home/alex/Desktop/school/comp-vis/dataset/datasets--everettshen--StreetView360AtoZ/snapshots/f0b9ffb20c4dc68d4422db97b7da7b577970650e/data/961_RYu8tETopq5vF7LufB4FVw_38.72859713_42.41626809.jpg,27.05,clear,2026-04-13T18:24:01
/home/alex/Desktop/school/comp-vis/dataset/datasets--everettshen--StreetView360AtoZ/snapshots/f0b9ffb20c4dc68d4422db97b7da7b577970650e/data/7_b6a1cS_jHt6xPAqfDVIDxg_16.31274206_120.43040564.jpg,27.05,clear,2026-04-13T18:24:01
/home/alex/Desktop/school/comp-vis/dataset/datasets--everettshen--StreetView360AtoZ/snapshots/f0b9ffb20c4dc68d4422db97b7da7b577970650e/data/184_2ETG_BTGyn8BhIFAlx8g2g_-36.99711487_-73.15800422.jpg,56.79,clear,2026-04-13T18:24:05
/home/alex/Desktop/school/comp-vis/dataset/datasets--everettshen--StreetView360AtoZ/snapshots/f0b9ffb20c4dc68d4422db97b7da7b577970650e/data/1783_ZagLdfpTCz4p6YfoOyRvrw_34.32382880_-78.72571630.jpg,40.27,clear,2026-04-13T18:24:16
/home/alex/Desktop/school/comp-vis/dataset/datasets--everettshen--StreetView360AtoZ/snapshots/f0b9ffb20c4dc68d4422db97b7da7b577970650e/data/687_qQLLPQ6aQkRkSpLG4acv1w_61.44007250_46.22590590.jpg,38.46,clear,2026-04-13T18:24:19
/home/alex/Desktop/school/comp-vis/dataset/datasets--everettshen--StreetView360AtoZ/snapshots/f0b9ffb20c4dc68d4422db97b7da7b577970650e/data/1584_mX6b-mf6g2nSQ8mnXG9z1g_31.84410955_-99.41006055.jpg,54.69,clear,2026-04-13T18:24:21
/home/alex/Desktop/school/comp-vis/dataset/datasets--everettshen--StreetView360AtoZ/snapshots/f0b9ffb20c4dc68d4422db97b7da7b577970650e/data/1660_S2wR_NIvvj1OUiLacOfCjw_45.86473623_-89.70905693.jpg,44.17,clear,2026-04-13T18:24:25
/home/alex/Desktop/school/comp-vis/dataset/datasets--everettshen--StreetView360AtoZ/snapshots/f0b9ffb20c4dc68d4422db97b7da7b577970650e/data/774_bnVU6A7IuTlgvh5NL-fHTg_35.79507950_-106.27587059.jpg,33.36,clear,2026-04-13T18:24:26
/home/alex/Desktop/school/comp-vis/dataset/datasets--everettshen--StreetView360AtoZ/snapshots/f0b9ffb20c4dc68d4422db97b7da7b577970650e/data/140_bKXxl-TdzUrz_J5c7a-A7g_39.59137373_-86.16253025.jpg,60.40,clear,2026-04-13T18:24:35
/home/alex/Desktop/school/comp-vis/dataset/datasets--everettshen--StreetView360AtoZ/snapshots/f0b9ffb20c4dc68d4422db97b7da7b577970650e/data/2573_9q-Ep6nViJ3H7CNP3ZxHTA_34.15869260_-118.49325638.jpg,36.66,clear,2026-04-13T18:24:37
/home/alex/Desktop/school/comp-vis/dataset/datasets--everettshen--StreetView360AtoZ/snapshots/f0b9ffb20c4dc68d4422db97b7da7b577970650e/data/1350_3kqaC4KOcPOW5lghWfUnvA_46.28636732_1.58781858.jpg,50.18,clear,2026-04-13T18:24:38
/home/alex/Desktop/school/comp-vis/dataset/datasets--everettshen--StreetView360AtoZ/snapshots/f0b9ffb20c4dc68d4422db97b7da7b577970650e/data/1501_YmILMUAoIcIxWR5NRUYQ7A_43.61933775_23.85319255.jpg,32.75,clear,2026-04-13T18:24:42
/home/alex/Desktop/school/comp-vis/dataset/datasets--everettshen--StreetView360AtoZ/snapshots/f0b9ffb20c4dc68d4422db97b7da7b577970650e/data/1743_TklDZRj8-Q-zkFz84ObTUA_-31.83834822_132.68979743.jpg,43.87,clear,2026-04-13T18:24:46
/home/alex/Desktop/school/comp-vis/dataset/datasets--everettshen--StreetView360AtoZ/snapshots/f0b9ffb20c4dc68d4422db97b7da7b577970650e/data/172_lAuk0GkHgq3cUTM9LdNjbQ_35.90379465_14.45519472.jpg,34.86,clear,2026-04-13T18:24:53
/home/alex/Desktop/school/comp-vis/dataset/datasets--everettshen--StreetView360AtoZ/snapshots/f0b9ffb20c4dc68d4422db97b7da7b577970650e/data/1832_s-g92PWD5zyBQZ0ODzRY7Q_-36.18508211_146.46885498.jpg,60.70,clear,2026-04-13T18:24:55
/home/alex/Desktop/school/comp-vis/dataset/datasets--everettshen--StreetView360AtoZ/snapshots/f0b9ffb20c4dc68d4422db97b7da7b577970650e/data/327_VtZIRDAW6XZrfgUkLr3REw_-25.85337084_-53.39102334.jpg,44.77,clear,2026-04-13T18:24:56
/home/alex/Desktop/school/comp-vis/dataset/datasets--everettshen--StreetView360AtoZ/snapshots/f0b9ffb20c4dc68d4422db97b7da7b577970650e/data/1366_2JW4ly7WkY6dX4KWMmRP-w_41.09645231_-4.23946487.jpg,22.24,clear,2026-04-13T18:24:58
/home/alex/Desktop/school/comp-vis/dataset/datasets--everettshen--StreetView360AtoZ/snapshots/f0b9ffb20c4dc68d4422db97b7da7b577970650e/data/597_exIb7i9mOZFmf--QzIkepQ_35.29067885_-98.98890383.jpg,43.57,clear,2026-04-13T18:25:00
/home/alex/Desktop/school/comp-vis/dataset/datasets--everettshen--StreetView360AtoZ/snapshots/f0b9ffb20c4dc68d4422db97b7da7b577970650e/data/1192_x_MuiXTP7M84lRNzBIJakw_14.60490112_-90.65759608.jpg,60.40,clear,2026-04-13T18:25:06
/home/alex/Desktop/school/comp-vis/dataset/datasets--everettshen--StreetView360AtoZ/snapshots/f0b9ffb20c4dc68d4422db97b7da7b577970650e/data/713_7Xlhceg76HQ8MCh_suKpxw_44.79757415_-65.36819133.jpg,62.20,clear,2026-04-13T18:25:07
/home/alex/Desktop/school/comp-vis/dataset/datasets--everettshen--StreetView360AtoZ/snapshots/f0b9ffb20c4dc68d4422db97b7da7b577970650e/data/2328_kkLQTg2Hkps3ujwJEaU_Wg_39.69428201_-3.43016350.jpg,54.39,clear,2026-04-13T18:25:08
/home/alex/Desktop/school/comp-vis/dataset/datasets--everettshen--StreetView360AtoZ/snapshots/f0b9ffb20c4dc68d4422db97b7da7b577970650e/data/484_lMG-0g6e7nPRzVRYEYwwtA_-18.79462757_-52.62254207.jpg,61.90,clear,2026-04-13T18:25:10
/home/alex/Desktop/school/comp-vis/dataset/datasets--everettshen--StreetView360AtoZ/snapshots/f0b9ffb20c4dc68d4422db97b7da7b577970650e/data/2893_xcLxJiRs14g5SC9jr_z75g_-34.48849399_-70.90693910.jpg,69.72,clear,2026-04-13T18:25:15
/home/alex/Desktop/school/comp-vis/dataset/datasets--everettshen--StreetView360AtoZ/snapshots/f0b9ffb20c4dc68d4422db97b7da7b577970650e/data/3054_-PWTALrCVPevYp8nxLlIAg_-24.07656470_-48.56867938.jpg,53.19,clear,2026-04-13T18:25:17
/home/alex/Desktop/school/comp-vis/dataset/datasets--everettshen--StreetView360AtoZ/snapshots/f0b9ffb20c4dc68d4422db97b7da7b577970650e/data/499_LAZCH4aZADWoV6Bgg99JVw_28.97149546_-13.53396062.jpg,35.46,clear,2026-04-13T18:25:19
/home/alex/Desktop/school/comp-vis/dataset/datasets--everettshen--StreetView360AtoZ/snapshots/f0b9ffb20c4dc68d4422db97b7da7b577970650e/data/219_wOhedijwBeMRgRb4-yn1QA_46.06132309_3.21448497.jpg,35.76,clear,2026-04-13T18:25:23
/home/alex/Desktop/school/comp-vis/dataset/datasets--everettshen--StreetView360AtoZ/snapshots/f0b9ffb20c4dc68d4422db97b7da7b577970650e/data/1465_ov8Ji-cHP34ambdfxYLeJA_47.59352335_39.37812382.jpg,32.45,clear,2026-04-13T18:25:26
/home/alex/Desktop/school/comp-vis/dataset/datasets--everettshen--StreetView360AtoZ/snapshots/f0b9ffb20c4dc68d4422db97b7da7b577970650e/data/1175_h52aUFvxt_3iBpY9ajwc8w_35.29490758_24.45243847.jpg,40.27,clear,2026-04-13T18:25:27
/home/alex/Desktop/school/comp-vis/dataset/datasets--everettshen--StreetView360AtoZ/snapshots/f0b9ffb20c4dc68d4422db97b7da7b577970650e/data/405_Xvoj4QC732y4C7irCZbkZg_14.85743760_-91.05647567.jpg,58.00,clear,2026-04-13T18:25:30
/home/alex/Desktop/school/comp-vis/dataset/datasets--everettshen--StreetView360AtoZ/snapshots/f0b9ffb20c4dc68d4422db97b7da7b577970650e/data/650_SsVGpD1fdyFsisLxkBCU5A_-10.89864500_-37.09036208.jpg,27.65,clear,2026-04-13T18:25:34
/home/alex/Desktop/school/comp-vis/dataset/datasets--everettshen--StreetView360AtoZ/snapshots/f0b9ffb20c4dc68d4422db97b7da7b577970650e/data/1509_brnGzJstbox-sC2C85Pf3Q_35.59277372_-84.41559614.jpg,26.74,clear,2026-04-13T18:25:36
/home/alex/Desktop/school/comp-vis/dataset/datasets--everettshen--StreetView360AtoZ/snapshots/f0b9ffb20c4dc68d4422db97b7da7b577970650e/data/1814_JEvnQxxO_GtaUyFhai-FQA_48.19068279_9.97281913.jpg,38.76,clear,2026-04-13T18:25:37
/home/alex/Desktop/school/comp-vis/dataset/datasets--everettshen--StreetView360AtoZ/snapshots/f0b9ffb20c4dc68d4422db97b7da7b577970650e/data/673_7iPPFRTPRwCw0kmwfgPkRQ_40.13146900_-99.97113735.jpg,51.39,clear,2026-04-13T18:25:38
/home/alex/Desktop/school/comp-vis/dataset/datasets--everettshen--StreetView360AtoZ/snapshots/f0b9ffb20c4dc68d4422db97b7da7b577970650e/data/2999_ZZR54J4HiimmIvXEHeGidg_53.47857668_-7.16773530.jpg,23.44,clear,2026-04-13T18:25:40
/home/alex/Desktop/school/comp-vis/dataset/datasets--everettshen--StreetView360AtoZ/snapshots/f0b9ffb20c4dc68d4422db97b7da7b577970650e/data/25_4ptQGLS_kjFjrHDIE2APrA_39.32244774_26.69993689.jpg,41.47,clear,2026-04-13T18:25:48
/home/alex/Desktop/school/comp-vis/dataset/datasets--everettshen--StreetView360AtoZ/snapshots/f0b9ffb20c4dc68d4422db97b7da7b577970650e/data/532_fEO8O1okXHbHObPPvpXX7w_-37.26359821_-72.72426896.jpg,22.84,clear,2026-04-13T18:25:49
/home/alex/Desktop/school/comp-vis/dataset/datasets--everettshen--StreetView360AtoZ/snapshots/f0b9ffb20c4dc68d4422db97b7da7b577970650e/data/2560_zOCmVfq6KPMQk71_kTUsIQ_30.23351513_-93.37639456.jpg,48.68,clear,2026-04-13T18:25:54
/home/alex/Desktop/school/comp-vis/dataset/datasets--everettshen--StreetView360AtoZ/snapshots/f0b9ffb20c4dc68d4422db97b7da7b577970650e/data/3254_WSCzwpug50o-GfI5KRfwbw_55.47348303_75.37669318.jpg,56.19,clear,2026-04-13T18:25:55
/home/alex/Desktop/school/comp-vis/dataset/datasets--everettshen--StreetView360AtoZ/snapshots/f0b9ffb20c4dc68d4422db97b7da7b577970650e/data/211_lv2m6jdCYwyA4DYEOVWcGg_-22.96847030_-45.46192247.jpg,59.50,clear,2026-04-13T18:25:57
/home/alex/Desktop/school/comp-vis/dataset/datasets--everettshen--StreetView360AtoZ/snapshots/f0b9ffb20c4dc68d4422db97b7da7b577970650e/data/54_kmwjosViqLQBztFe0TjZ-A_52.50938876_4.65366315.jpg,61.60,clear,2026-04-13T18:26:05
/home/alex/Desktop/school/comp-vis/dataset/datasets--everettshen--StreetView360AtoZ/snapshots/f0b9ffb20c4dc68d4422db97b7da7b577970650e/data/2881_0Ze4pTltB6rnZA24KnOqMw_42.90874461_-76.54006201.jpg,45.38,clear,2026-04-13T18:26:13
/home/alex/Desktop/school/comp-vis/dataset/datasets--everettshen--StreetView360AtoZ/snapshots/f0b9ffb20c4dc68d4422db97b7da7b577970650e/data/1777_jlqXvln8zc0ro0Gj5IMbKQ_7.20559464_122.23319650.jpg,52.59,clear,2026-04-13T18:26:18
/home/alex/Desktop/school/comp-vis/dataset/datasets--everettshen--StreetView360AtoZ/snapshots/f0b9ffb20c4dc68d4422db97b7da7b577970650e/data/21_ovguRTYR4XL-hKiztsmUxw_-7.03998659_111.38958571.jpg,49.28,clear,2026-04-13T18:26:20
/home/alex/Desktop/school/comp-vis/dataset/datasets--everettshen--StreetView360AtoZ/snapshots/f0b9ffb20c4dc68d4422db97b7da7b577970650e/data/1612_-5G6aPzWEQ4NSpc2wl00kA_63.84162161_-22.41795412.jpg,36.66,clear,2026-04-13T18:26:33
/home/alex/Desktop/school/comp-vis/dataset/datasets--everettshen--StreetView360AtoZ/snapshots/f0b9ffb20c4dc68d4422db97b7da7b577970650e/data/331_6OB3y1P-6jkRNZEu9al-iQ_46.21516705_-59.95872758.jpg,55.29,clear,2026-04-13T18:26:34
/home/alex/Desktop/school/comp-vis/dataset/datasets--everettshen--StreetView360AtoZ/snapshots/f0b9ffb20c4dc68d4422db97b7da7b577970650e/data/352_p7IwbnaMGY5opzejDl6LIg_40.64732882_-97.11478140.jpg,70.02,clear,2026-04-13T18:26:38
/home/alex/Desktop/school/comp-vis/dataset/datasets--everettshen--StreetView360AtoZ/snapshots/f0b9ffb20c4dc68d4422db97b7da7b577970650e/data/2342_yKagrziykz0H30as9NCbcQ_43.25759702_-73.00802564.jpg,40.87,clear,2026-04-13T18:26:39
/home/alex/Desktop/school/comp-vis/dataset/datasets--everettshen--StreetView360AtoZ/snapshots/f0b9ffb20c4dc68d4422db97b7da7b577970650e/data/1139_3Ey7PTy9vo7DSkohYYdEnA_-36.06443089_-59.10704540.jpg,44.17,clear,2026-04-13T18:26:47
/home/alex/Desktop/school/comp-vis/dataset/datasets--everettshen--StreetView360AtoZ/snapshots/f0b9ffb20c4dc68d4422db97b7da7b577970650e/data/286_sBcVG6qGH45Mbz_B6aPeHQ_50.62569107_22.95200290.jpg,42.67,clear,2026-04-13T18:26:48
/home/alex/Desktop/school/comp-vis/dataset/datasets--everettshen--StreetView360AtoZ/snapshots/f0b9ffb20c4dc68d4422db97b7da7b577970650e/data/465_IkvWzeib4lOQSWNytxZZSg_55.98342424_23.85027041.jpg,42.67,clear,2026-04-13T18:26:48
/home/alex/Desktop/school/comp-vis/dataset/datasets--everettshen--StreetView360AtoZ/snapshots/f0b9ffb20c4dc68d4422db97b7da7b577970650e/data/632_naIYTTQVAvKDV28L8nmnyA_41.51696464_-88.10894996.jpg,56.19,clear,2026-04-13T18:26:52
/home/alex/Desktop/school/comp-vis/dataset/datasets--everettshen--StreetView360AtoZ/snapshots/f0b9ffb20c4dc68d4422db97b7da7b577970650e/data/175_UAbDQRy7UWopZpkZqaLt9w_38.92262642_-81.78818227.jpg,33.66,clear,2026-04-13T18:26:55
/home/alex/Desktop/school/comp-vis/dataset/datasets--everettshen--StreetView360AtoZ/snapshots/f0b9ffb20c4dc68d4422db97b7da7b577970650e/data/263_NF4v7Wfo18Oti8fclaX1UA_49.32632115_8.68718674.jpg,54.69,clear,2026-04-13T18:26:57
/home/alex/Desktop/school/comp-vis/dataset/datasets--everettshen--StreetView360AtoZ/snapshots/f0b9ffb20c4dc68d4422db97b7da7b577970650e/data/1942_AsZs86wBzml70IvcHP25SQ_44.83803553_-70.23583073.jpg,58.60,clear,2026-04-13T18:26:58
/home/alex/Desktop/school/comp-vis/dataset/datasets--everettshen--StreetView360AtoZ/snapshots/f0b9ffb20c4dc68d4422db97b7da7b577970650e/data/1224_ia-tIyuCDqnzUmcF7TlCWw_38.38266113_-4.97138853.jpg,29.45,clear,2026-04-13T18:26:59
/home/alex/Desktop/school/comp-vis/dataset/datasets--everettshen--StreetView360AtoZ/snapshots/f0b9ffb20c4dc68d4422db97b7da7b577970650e/data/3298_3NaSqB5g1TYJhTp2bliDGA_29.85109503_-84.66299466.jpg,20.43,clear,2026-04-13T18:27:02
/home/alex/Desktop/school/comp-vis/dataset/datasets--everettshen--StreetView360AtoZ/snapshots/f0b9ffb20c4dc68d4422db97b7da7b577970650e/data/1639_ugzlPuSYaV5E9V6XcrwX9g_23.44352461_121.49578078.jpg,37.56,clear,2026-04-13T18:27:05
/home/alex/Desktop/school/comp-vis/dataset/datasets--everettshen--StreetView360AtoZ/snapshots/f0b9ffb20c4dc68d4422db97b7da7b577970650e/data/483_-Sq6g290WdtGH89M3qjWsA_16.70487499_103.74888576.jpg,47.48,clear,2026-04-13T18:27:06
/home/alex/Desktop/school/comp-vis/dataset/datasets--everettshen--StreetView360AtoZ/snapshots/f0b9ffb20c4dc68d4422db97b7da7b577970650e/data/361_CBMIaBXTvywJWHPRi6lDLg_12.96652462_-13.75044687.jpg,52.89,clear,2026-04-13T18:27:11
/home/alex/Desktop/school/comp-vis/dataset/datasets--everettshen--StreetView360AtoZ/snapshots/f0b9ffb20c4dc68d4422db97b7da7b577970650e/data/3249_K6ASRb0hlJP9pLDBeoAvMQ_-17.16670042_-70.94277317.jpg,50.18,clear,2026-04-13T18:27:12
/home/alex/Desktop/school/comp-vis/dataset/datasets--everettshen--StreetView360AtoZ/snapshots/f0b9ffb20c4dc68d4422db97b7da7b577970650e/data/1809_nS_lE-Ll8A-JqcFO1PxKPw_43.35650806_-3.01119126.jpg,49.88,clear,2026-04-13T18:27:13
/home/alex/Desktop/school/comp-vis/dataset/datasets--everettshen--StreetView360AtoZ/snapshots/f0b9ffb20c4dc68d4422db97b7da7b577970650e/data/2226_iGgYjb59K-7C0d6sCJ7btw_20.93553887_-87.34596876.jpg,61.00,clear,2026-04-13T18:27:14
/home/alex/Desktop/school/comp-vis/dataset/datasets--everettshen--StreetView360AtoZ/snapshots/f0b9ffb20c4dc68d4422db97b7da7b577970650e/data/2198_BP14hMBd7SqkMys4llq42A_43.41941480_-80.52335033.jpg,63.71,clear,2026-04-13T18:27:16
/home/alex/Desktop/school/comp-vis/dataset/datasets--everettshen--StreetView360AtoZ/snapshots/f0b9ffb20c4dc68d4422db97b7da7b577970650e/data/1492_0muFLtwiL3e3JUFhQqYrdA_49.72604049_18.79213266.jpg,64.31,clear,2026-04-13T18:27:21
/home/alex/Desktop/school/comp-vis/dataset/datasets--everettshen--StreetView360AtoZ/snapshots/f0b9ffb20c4dc68d4422db97b7da7b577970650e/data/776_iRNwhCSroNshDGBAXsEq8g_42.54532322_13.62594469.jpg,48.38,clear,2026-04-13T18:27:26
/home/alex/Desktop/school/comp-vis/dataset/datasets--everettshen--StreetView360AtoZ/snapshots/f0b9ffb20c4dc68d4422db97b7da7b577970650e/data/2217_4BRZFf9DBELLig_UPelNrg_-15.44417441_-44.39851117.jpg,37.56,clear,2026-04-13T18:27:35
/home/alex/Desktop/school/comp-vis/dataset/datasets--everettshen--StreetView360AtoZ/snapshots/f0b9ffb20c4dc68d4422db97b7da7b577970650e/data/1903_FnssTNcSeyCi1IgUkd3Reg_-32.60467803_-53.39164818.jpg,45.38,clear,2026-04-13T18:27:37
/home/alex/Desktop/school/comp-vis/dataset/datasets--everettshen--StreetView360AtoZ/snapshots/f0b9ffb20c4dc68d4422db97b7da7b577970650e/data/192_80nN7nQuUQcxXacxJiqpfg_33.56250459_-96.19497620.jpg,53.19,clear,2026-04-13T18:27:39
/home/alex/Desktop/school/comp-vis/dataset/datasets--everettshen--StreetView360AtoZ/snapshots/f0b9ffb20c4dc68d4422db97b7da7b577970650e/data/87_ice7PqNpVN0OsxQwf3-ybg_-21.78499923_-45.96314070.jpg,51.39,clear,2026-04-13T18:27:46
/home/alex/Desktop/school/comp-vis/dataset/datasets--everettshen--StreetView360AtoZ/snapshots/f0b9ffb20c4dc68d4422db97b7da7b577970650e/data/143_d6XLKlWpampB9jANBDNI_w_26.60708730_-82.11070116.jpg,21.94,clear,2026-04-13T18:27:47
/home/alex/Desktop/school/comp-vis/dataset/datasets--everettshen--StreetView360AtoZ/snapshots/f0b9ffb20c4dc68d4422db97b7da7b577970650e/data/127_9VkSmP8iCJikc4AJNWQsWQ_44.70988673_-79.64179541.jpg,35.46,clear,2026-04-13T18:27:48
/home/alex/Desktop/school/comp-vis/dataset/datasets--everettshen--StreetView360AtoZ/snapshots/f0b9ffb20c4dc68d4422db97b7da7b577970650e/data/588_tUcWwiNn8BS_gCO_y_aRnw_55.02256781_15.05711596.jpg,33.66,clear,2026-04-13T18:27:51
/home/alex/Desktop/school/comp-vis/dataset/datasets--everettshen--StreetView360AtoZ/snapshots/f0b9ffb20c4dc68d4422db97b7da7b577970650e/data/2817_CxZ0CWIo4WuCqTtOosAqJQ_-22.02916116_-45.83519039.jpg,30.65,clear,2026-04-13T18:27:59
/home/alex/Desktop/school/comp-vis/dataset/datasets--everettshen--StreetView360AtoZ/snapshots/f0b9ffb20c4dc68d4422db97b7da7b577970650e/data/633_KPDjgRSe3oeA7bu4ds3JWA_-6.47661254_-44.19161313.jpg,66.11,clear,2026-04-13T18:28:05
/home/alex/Desktop/school/comp-vis/dataset/datasets--everettshen--StreetView360AtoZ/snapshots/f0b9ffb20c4dc68d4422db97b7da7b577970650e/data/874_D95v-bKuAbghn7BEuzJ0Hw_38.33835641_-122.67323451.jpg,48.08,clear,2026-04-13T18:28:06
/home/alex/Desktop/school/comp-vis/dataset/datasets--everettshen--StreetView360AtoZ/snapshots/f0b9ffb20c4dc68d4422db97b7da7b577970650e/data/2130_UL2nug9XR6IYNdozK147iQ_25.54505957_55.55313430.jpg,24.04,clear,2026-04-13T18:28:08
/home/alex/Desktop/school/comp-vis/dataset/datasets--everettshen--StreetView360AtoZ/snapshots/f0b9ffb20c4dc68d4422db97b7da7b577970650e/data/2350_Ymqy1U-3pS2bIMYz6ZGgUg_50.61662647_-114.70434826.jpg,40.27,clear,2026-04-13T18:28:11
/home/alex/Desktop/school/comp-vis/dataset/datasets--everettshen--StreetView360AtoZ/snapshots/f0b9ffb20c4dc68d4422db97b7da7b577970650e/data/1901_VXqsFosU6GP9JyDaSNS1KA_8.10035496_5.08338211.jpg,47.48,clear,2026-04-13T18:28:15
/home/alex/Desktop/school/comp-vis/dataset/datasets--everettshen--StreetView360AtoZ/snapshots/f0b9ffb20c4dc68d4422db97b7da7b577970650e/data/1109_ljTeSrGIBBUFTPHOusxVtw_-30.71143982_25.10158145.jpg,36.66,clear,2026-04-13T18:28:22
/home/alex/Desktop/school/comp-vis/dataset/datasets--everettshen--StreetView360AtoZ/snapshots/f0b9ffb20c4dc68d4422db97b7da7b577970650e/data/425_OXRX82FR8jWV-T71r2E3tw_5.53294295_100.39973322.jpg,59.50,clear,2026-04-13T18:28:24
/home/alex/Desktop/school/comp-vis/dataset/datasets--everettshen--StreetView360AtoZ/snapshots/f0b9ffb20c4dc68d4422db97b7da7b577970650e/data/614_Pa-UrnakH9nX8zgq7-ql5w_50.39961802_103.86675635.jpg,24.94,clear,2026-04-13T18:28:26
/home/alex/Desktop/school/comp-vis/dataset/datasets--everettshen--StreetView360AtoZ/snapshots/f0b9ffb20c4dc68d4422db97b7da7b577970650e/data/1554_u7gbsemLDdQmKhFDumjGjw_-39.39738530_174.11110533.jpg,30.05,clear,2026-04-13T18:28:28
/home/alex/Desktop/school/comp-vis/dataset/datasets--everettshen--StreetView360AtoZ/snapshots/f0b9ffb20c4dc68d4422db97b7da7b577970650e/data/571_UyBo4mZmBcGzLsBgip--jA_-34.51077507_-63.70903238.jpg,61.00,clear,2026-04-13T18:28:36
/home/alex/Desktop/school/comp-vis/dataset/datasets--everettshen--StreetView360AtoZ/snapshots/f0b9ffb20c4dc68d4422db97b7da7b577970650e/data/1465_m_E9qn0tqd8Iq-S661iBPA_45.51504056_-61.07775400.jpg,45.08,clear,2026-04-13T18:28:38
/home/alex/Desktop/school/comp-vis/dataset/datasets--everettshen--StreetView360AtoZ/snapshots/f0b9ffb20c4dc68d4422db97b7da7b577970650e/data/730_ggEvJGEkAENbXekwcACvZw_55.75514743_-6.45273945.jpg,48.98,clear,2026-04-13T18:28:50
/home/alex/Desktop/school/comp-vis/dataset/datasets--everettshen--StreetView360AtoZ/snapshots/f0b9ffb20c4dc68d4422db97b7da7b577970650e/data/956_hNVnES5my4RdB2W--z8JEQ_-34.91650454_173.18364969.jpg,29.45,clear,2026-04-13T18:28:53
/home/alex/Desktop/school/comp-vis/dataset/datasets--everettshen--StreetView360AtoZ/snapshots/f0b9ffb20c4dc68d4422db97b7da7b577970650e/data/287_9N3MrVNqWvVXN8OghEOJJg_16.00311000_-92.01444296.jpg,56.79,clear,2026-04-13T18:28:54
/home/alex/Desktop/school/comp-vis/dataset/datasets--everettshen--StreetView360AtoZ/snapshots/f0b9ffb20c4dc68d4422db97b7da7b577970650e/data/2195_-5G6aPzWEQ4NSpc2wl00kA_63.84162161_-22.41795412.jpg,36.36,clear,2026-04-13T18:28:56
/home/alex/Desktop/school/comp-vis/dataset/datasets--everettshen--StreetView360AtoZ/snapshots/f0b9ffb20c4dc68d4422db97b7da7b577970650e/data/152_u8WVU6-6iYbF2F1E8TmzjA_1.11166417_120.80059918.jpg,51.39,clear,2026-04-13T18:28:59
/home/alex/Desktop/school/comp-vis/dataset/datasets--everettshen--StreetView360AtoZ/snapshots/f0b9ffb20c4dc68d4422db97b7da7b577970650e/data/300_VYRLiWr7_vkO7vAMqrTQiQ_44.23894937_-64.37030529.jpg,38.46,clear,2026-04-13T18:29:03
/home/alex/Desktop/school/comp-vis/dataset/datasets--everettshen--StreetView360AtoZ/snapshots/f0b9ffb20c4dc68d4422db97b7da7b577970650e/data/3291_dR7LsHDD-QqIiTM2qQMdWA_38.33716630_-85.75863945.jpg,49.88,clear,2026-04-13T18:29:07
/home/alex/Desktop/school/comp-vis/dataset/datasets--everettshen--StreetView360AtoZ/snapshots/f0b9ffb20c4dc68d4422db97b7da7b577970650e/data/1902_gPfpxvdvmicFJ1gKaSyzaQ_51.52485027_3.64432393.jpg,34.86,clear,2026-04-13T18:29:08
/home/alex/Desktop/school/comp-vis/dataset/datasets--everettshen--StreetView360AtoZ/snapshots/f0b9ffb20c4dc68d4422db97b7da7b577970650e/data/2687_dYXbS3-Tc4wnH1NQNj-uFA_19.85216339_-88.33087871.jpg,51.09,clear,2026-04-13T18:29:10
