panoID,filename,elevation
1186_t2RdO_qNonJLYl473mnHxA_37.25429984_-6.95184615,0-0-47.158.png,47.158
1186_t2RdO_qNonJLYl473mnHxA_37.25429984_-6.95184615,0-90-47.158.png,47.158
1186_t2RdO_qNonJLYl473mnHxA_37.25429984_-6.95184615,0-180-47.158.png,47.158
1186_t2RdO_qNonJLYl473mnHxA_37.25429984_-6.95184615,0-270-47.158.png,47.158
1758_kqjoH4R6fFmGwOp5kphW4g_43.16465528_-77.64498275,1-0-28.3863.png,28.3863
1758_kqjoH4R6fFmGwOp5kphW4g_43.16465528_-77.64498275,1-90-28.3863.png,28.3863
1758_kqjoH4R6fFmGwOp5kphW4g_43.16465528_-77.64498275,1-180-28.3863.png,28.3863
1758_kqjoH4R6fFmGwOp5kphW4g_43.16465528_-77.64498275,1-270-28.3863.png,28.3863
1975_0KJ-NIQvvZH_wDW5BU1PZA_36.18746118_-5.92371097,2-0-25.3594.png,25.3594
1975_0KJ-NIQvvZH_wDW5BU1PZA_36.18746118_-5.92371097,2-90-25.3594.png,25.3594
1975_0KJ-NIQvvZH_wDW5BU1PZA_36.18746118_-5.92371097,2-180-25.3594.png,25.3594
1975_0KJ-NIQvvZH_wDW5BU1PZA_36.18746118_-5.92371097,2-270-25.3594.png,25.3594
2398_9SAOKmxCqyVFpGdbJcK_xw_42.98117664_-97.49665100,3-0-30.2062.png,30.2062
2398_9SAOKmxCqyVFpGdbJcK_xw_42.98117664_-97.49665100,3-90-30.2062.png,30.2062
2398_9SAOKmxCqyVFpGdbJcK_xw_42.98117664_-97.49665100,3-180-30.2062.png,30.2062
2398_9SAOKmxCqyVFpGdbJcK_xw_42.98117664_-97.49665100,3-270-30.2062.png,30.2062
2283_sC1VeEqlqmgnDIVMmJSOdg_51.42440379_-2.22399534,4-0-55.5008.png,55.5008
2283_sC1VeEqlqmgnDIVMmJSOdg_51.42440379_-2.22399534,4-90-55.5008.png,55.5008
2283_sC1VeEqlqmgnDIVMmJSOdg_51.42440379_-2.22399534,4-180-55.5008.png,55.5008
2283_sC1VeEqlqmgnDIVMmJSOdg_51.42440379_-2.22399534,4-270-55.5008.png,55.5008
916_7aV87qu5slzd8bHLZaG-MQ_13.24679046_102.82129851,5-0-62.7337.png,62.7337
916_7aV87qu5slzd8bHLZaG-MQ_13.24679046_102.82129851,5-90-62.7337.png,62.7337
916_7aV87qu5slzd8bHLZaG-MQ_13.24679046_102.82129851,5-180-62.7337.png,62.7337
916_7aV87qu5slzd8bHLZaG-MQ_13.24679046_102.82129851,5-270-62.7337.png,62.7337
2044_VJ1OPuUi5p574-10xKnFHg_-8.27983048_120.44813259,6-0-27.8231.png,27.8231
2044_VJ1OPuUi5p574-10xKnFHg_-8.27983048_120.44813259,6-90-27.8231.png,27.8231
2044_VJ1OPuUi5p574-10xKnFHg_-8.27983048_120.44813259,6-180-27.8231.png,27.8231
2044_VJ1OPuUi5p574-10xKnFHg_-8.27983048_120.44813259,6-270-27.8231.png,27.8231
870_84VnW_XOjKwyj-ophbMCeA_70.62930388_21.98124901,7-0-40.5098.png,40.5098
870_84VnW_XOjKwyj-ophbMCeA_70.62930388_21.98124901,7-90-40.5098.png,40.5098
870_84VnW_XOjKwyj-ophbMCeA_70.62930388_21.98124901,7-180-40.5098.png,40.5098
870_84VnW_XOjKwyj-ophbMCeA_70.62930388_21.98124901,7-270-40.5098.png,40.5098
3327_65sEzh1IivPexNEu06RTsw_40.07950763_21.18178980,8-0-23.464.png,23.464
3327_65sEzh1IivPexNEu06RTsw_40.07950763_21.18178980,8-90-23.464.png,23.464
3327_65sEzh1IivPexNEu06RTsw_40.07950763_21.18178980,8-180-23.464.png,23.464
3327_65sEzh1IivPexNEu06RTsw_40.07950763_21.18178980,8-270-23.464.png,23.464
400_bDFEm4sRn1Frzq2wM9HyhQ_40.59801138_-124.15729480,9-0-41.7873.png,41.7873
400_bDFEm4sRn1Frzq2wM9HyhQ_40.59801138_-124.15729480,9-90-41.7873.png,41.7873
400_bDFEm4sRn1Frzq2wM9HyhQ_40.59801138_-124.15729480,9-180-41.7873.png,41.7873
400_bDFEm4sRn1Frzq2wM9HyhQ_40.59801138_-124.15729480,9-270-41.7873.png,41.7873
2877_IrROn8KtTJUV5XBsuWae2Q_-21.73267784_-45.96655498,10-0-53.6777.png,53.6777
2877_IrROn8KtTJUV5XBsuWae2Q_-21.73267784_-45.96655498,10-90-53.6777.png,53.6777
2877_IrROn8KtTJUV5XBsuWae2Q_-21.73267784_-45.96655498,10-180-53.6777.png,53.6777
2877_IrROn8KtTJUV5XBsuWae2Q_-21.73267784_-45.96655498,10-270-53.6777.png,53.6777
434_pkHhEH94nJftpnyKswlccQ_23.88525236_120.51289821,11-0-54.0824.png,54.0824
434_pkHhEH94nJftpnyKswlccQ_23.88525236_120.51289821,11-90-54.0824.png,54.0824
434_pkHhEH94nJftpnyKswlccQ_23.88525236_120.51289821,11-180-54.0824.png,54.0824
434_pkHhEH94nJftpnyKswlccQ_23.88525236_120.51289821,11-270-54.0824.png,54.0824
1296_0rmiCF5t3pfOBwIICNbDBQ_46.83509697_-65.73989028,12-0-47.309.png,47.309
1296_0rmiCF5t3pfOBwIICNbDBQ_46.83509697_-65.73989028,12-90-47.309.png,47.309
1296_0rmiCF5t3pfOBwIICNbDBQ_46.83509697_-65.73989028,12-180-47.309.png,47.309
1296_0rmiCF5t3pfOBwIICNbDBQ_46.83509697_-65.73989028,12-270-47.309.png,47.309
1005_zz5K3eYzRf_g3BCkiDeMnQ_30.91348322_-90.12831068,13-0-34.6577.png,34.6577
1005_zz5K3eYzRf_g3BCkiDeMnQ_30.91348322_-90.12831068,13-90-34.6577.png,34.6577
1005_zz5K3eYzRf_g3BCkiDeMnQ_30.91348322_-90.12831068,13-180-34.6577.png,34.6577
1005_zz5K3eYzRf_g3BCkiDeMnQ_30.91348322_-90.12831068,13-270-34.6577.png,34.6577
2142_2wz_pmP2HcHo2jXx_FxC7A_45.47390921_-98.50024766,14-0-14.8721.png,14.8721
2142_2wz_pmP2HcHo2jXx_FxC7A_45.47390921_-98.50024766,14-90-14.8721.png,14.8721
2142_2wz_pmP2HcHo2jXx_FxC7A_45.47390921_-98.50024766,14-180-14.8721.png,14.8721
2142_2wz_pmP2HcHo2jXx_FxC7A_45.47390921_-98.50024766,14-270-14.8721.png,14.8721
108_YJdNwvHsKBbFzGFpyXY9lw_42.60278786_-91.07428942,15-0-39.8898.png,39.8898
108_YJdNwvHsKBbFzGFpyXY9lw_42.60278786_-91.07428942,15-90-39.8898.png,39.8898
108_YJdNwvHsKBbFzGFpyXY9lw_42.60278786_-91.07428942,15-180-39.8898.png,39.8898
108_YJdNwvHsKBbFzGFpyXY9lw_42.60278786_-91.07428942,15-270-39.8898.png,39.8898
221_bPOxRFd91o_W8O9rh0uo-g_61.88361047_28.81233233,16-0-20.7573.png,20.7573
221_bPOxRFd91o_W8O9rh0uo-g_61.88361047_28.81233233,16-90-20.7573.png,20.7573
221_bPOxRFd91o_W8O9rh0uo-g_61.88361047_28.81233233,16-180-20.7573.png,20.7573
221_bPOxRFd91o_W8O9rh0uo-g_61.88361047_28.81233233,16-270-20.7573.png,20.7573
63_-U_m97bePawhLpR74K1sFw_65.76645294_23.04860427,17-0-22.4234.png,22.4234
63_-U_m97bePawhLpR74K1sFw_65.76645294_23.04860427,17-90-22.4234.png,22.4234
63_-U_m97bePawhLpR74K1sFw_65.76645294_23.04860427,17-180-22.4234.png,22.4234
63_-U_m97bePawhLpR74K1sFw_65.76645294_23.04860427,17-270-22.4234.png,22.4234
1_WeSmKvFsfLYy_e1oV9b8tw_37.58552663_-75.78515463,18-0-52.766.png,52.766
1_WeSmKvFsfLYy_e1oV9b8tw_37.58552663_-75.78515463,18-90-52.766.png,52.766
1_WeSmKvFsfLYy_e1oV9b8tw_37.58552663_-75.78515463,18-180-52.766.png,52.766
1_WeSmKvFsfLYy_e1oV9b8tw_37.58552663_-75.78515463,18-270-52.766.png,52.766
670_1VXkYWCs_GfqMX5QpLavLw_37.99950529_15.87325752,19-0-34.4577.png,34.4577
670_1VXkYWCs_GfqMX5QpLavLw_37.99950529_15.87325752,19-90-34.4577.png,34.4577
670_1VXkYWCs_GfqMX5QpLavLw_37.99950529_15.87325752,19-180-34.4577.png,34.4577
670_1VXkYWCs_GfqMX5QpLavLw_37.99950529_15.87325752,19-270-34.4577.png,34.4577
1149_QI9nA5re6N6TePZmStfAAA_-38.00104355_145.19074495,20-0-11.8792.png,11.8792
1149_QI9nA5re6N6TePZmStfAAA_-38.00104355_145.19074495,20-90-11.8792.png,11.8792
1149_QI9nA5re6N6TePZmStfAAA_-38.00104355_145.19074495,20-180-11.8792.png,11.8792
1149_QI9nA5re6N6TePZmStfAAA_-38.00104355_145.19074495,20-270-11.8792.png,11.8792
1966_ug1FShKqmrbPFB4XBdpZmA_43.97969477_-97.67077528,21-0-25.6176.png,25.6176
1966_ug1FShKqmrbPFB4XBdpZmA_43.97969477_-97.67077528,21-90-25.6176.png,25.6176
1966_ug1FShKqmrbPFB4XBdpZmA_43.97969477_-97.67077528,21-180-25.6176.png,25.6176
1966_ug1FShKqmrbPFB4XBdpZmA_43.97969477_-97.67077528,21-270-25.6176.png,25.6176
324_QDyoo3v8VWm-XOBiUk1q4g_44.27778469_26.13659573,22-0-31.3662.png,31.3662
324_QDyoo3v8VWm-XOBiUk1q4g_44.27778469_26.13659573,22-90-31.3662.png,31.3662
324_QDyoo3v8VWm-XOBiUk1q4g_44.27778469_26.13659573,22-180-31.3662.png,31.3662
324_QDyoo3v8VWm-XOBiUk1q4g_44.27778469_26.13659573,22-270-31.3662.png,31.3662
441_bmZZs6frbaZcnD-DTXMBXQ_47.39938475_21.66691520,23-0-54.2642.png,54.2642
441_bmZZs6frbaZcnD-DTXMBXQ_47.39938475_21.66691520,23-90-54.2642.png,54.2642
441_bmZZs6frbaZcnD-DTXMBXQ_47.39938475_21.66691520,23-180-54.2642.png,54.2642
441_bmZZs6frbaZcnD-DTXMBXQ_47.39938475_21.66691520,23-270-54.2642.png,54.2642
151_BYGMzzVEhB9NBxvSZ0DcBA_17.99075804_74.43155213,24-0-49.094.png,49.094
151_BYGMzzVEhB9NBxvSZ0DcBA_17.99075804_74.43155213,24-90-49.094.png,49.094
151_BYGMzzVEhB9NBxvSZ0DcBA_17.99075804_74.43155213,24-180-49.094.png,49.094
151_BYGMzzVEhB9NBxvSZ0DcBA_17.99075804_74.43155213,24-270-49.094.png,49.094
948_k6pwQzBDZbuTPbvINwhAKg_38.95870082_-80.67688225,25-0-54.8119.png,54.8119
948_k6pwQzBDZbuTPbvINwhAKg_38.95870082_-80.67688225,25-90-54.8119.png,54.8119
948_k6pwQzBDZbuTPbvINwhAKg_38.95870082_-80.67688225,25-180-54.8119.png,54.8119
948_k6pwQzBDZbuTPbvINwhAKg_38.95870082_-80.67688225,25-270-54.8119.png,54.8119
244_B0bAf7F_7CMbaZ8aU1okcw_49.14285712_9.74565094,26-0-30.4591.png,30.4591
244_B0bAf7F_7CMbaZ8aU1okcw_49.14285712_9.74565094,26-90-30.4591.png,30.4591
244_B0bAf7F_7CMbaZ8aU1okcw_49.14285712_9.74565094,26-180-30.4591.png,30.4591
244_B0bAf7F_7CMbaZ8aU1okcw_49.14285712_9.74565094,26-270-30.4591.png,30.4591
2627_bBNtplMxF3d3RiB1oXycDg_14.83878325_78.01949115,27-0-50.121.png,50.121
2627_bBNtplMxF3d3RiB1oXycDg_14.83878325_78.01949115,27-90-50.121.png,50.121
2627_bBNtplMxF3d3RiB1oXycDg_14.83878325_78.01949115,27-180-50.121.png,50.121
2627_bBNtplMxF3d3RiB1oXycDg_14.83878325_78.01949115,27-270-50.121.png,50.121
1101_oMzCVvMABtapwUb0F2HFyA_11.27502852_77.52587561,28-0-62.0892.png,62.0892
1101_oMzCVvMABtapwUb0F2HFyA_11.27502852_77.52587561,28-90-62.0892.png,62.0892
1101_oMzCVvMABtapwUb0F2HFyA_11.27502852_77.52587561,28-180-62.0892.png,62.0892
1101_oMzCVvMABtapwUb0F2HFyA_11.27502852_77.52587561,28-270-62.0892.png,62.0892
1841_y3_UgiBOt1CCGhGAD9YubQ_30.33841682_-109.69261443,29-0-48.8475.png,48.8475
1841_y3_UgiBOt1CCGhGAD9YubQ_30.33841682_-109.69261443,29-90-48.8475.png,48.8475
1841_y3_UgiBOt1CCGhGAD9YubQ_30.33841682_-109.69261443,29-180-48.8475.png,48.8475
1841_y3_UgiBOt1CCGhGAD9YubQ_30.33841682_-109.69261443,29-270-48.8475.png,48.8475
1321_0LWZArDWvsEcx05Me1DO0Q_1.31583228_103.94444681,30-0-63.2408.png,63.2408
1321_0LWZArDWvsEcx05Me1DO0Q_1.31583228_103.94444681,30-90-63.2408.png,63.2408
1321_0LWZArDWvsEcx05Me1DO0Q_1.31583228_103.94444681,30-180-63.2408.png,63.2408
1321_0LWZArDWvsEcx05Me1DO0Q_1.31583228_103.94444681,30-270-63.2408.png,63.2408
62_0Ze4pTltB6rnZA24KnOqMw_42.90874461_-76.54006201,31-0-39.7762.png,39.7762
62_0Ze4pTltB6rnZA24KnOqMw_42.90874461_-76.54006201,31-90-39.7762.png,39.7762
62_0Ze4pTltB6rnZA24KnOqMw_42.90874461_-76.54006201,31-180-39.7762.png,39.7762
62_0Ze4pTltB6rnZA24KnOqMw_42.90874461_-76.54006201,31-270-39.7762.png,39.7762
939_CM63yD4OADgfYdODwj7RKg_38.26290882_36.22052295,32-0-30.546.png,30.546
939_CM63yD4OADgfYdODwj7RKg_38.26290882_36.22052295,32-90-30.546.png,30.546
939_CM63yD4OADgfYdODwj7RKg_38.26290882_36.22052295,32-180-30.546.png,30.546
939_CM63yD4OADgfYdODwj7RKg_38.26290882_36.22052295,32-270-30.546.png,30.546
117_r1uyrHvGn9kNt0mcTtqP3g_60.57470148_6.99749445,33-0-77.1446.png,77.1446
117_r1uyrHvGn9kNt0mcTtqP3g_60.57470148_6.99749445,33-90-77.1446.png,77.1446
117_r1uyrHvGn9kNt0mcTtqP3g_60.57470148_6.99749445,33-180-77.1446.png,77.1446
117_r1uyrHvGn9kNt0mcTtqP3g_60.57470148_6.99749445,33-270-77.1446.png,77.1446
2386_yJof8gdhDRjqpC3UUi7tDw_44.63545992_-1.10805670,34-0-49.3058.png,49.3058
2386_yJof8gdhDRjqpC3UUi7tDw_44.63545992_-1.10805670,34-90-49.3058.png,49.3058
2386_yJof8gdhDRjqpC3UUi7tDw_44.63545992_-1.10805670,34-180-49.3058.png,49.3058
2386_yJof8gdhDRjqpC3UUi7tDw_44.63545992_-1.10805670,34-270-49.3058.png,49.3058
2279_viHKesQh8AbMHTyM9HpGUw_47.15901228_-98.00804042,35-0-61.5241.png,61.5241
2279_viHKesQh8AbMHTyM9HpGUw_47.15901228_-98.00804042,35-90-61.5241.png,61.5241
2279_viHKesQh8AbMHTyM9HpGUw_47.15901228_-98.00804042,35-180-61.5241.png,61.5241
2279_viHKesQh8AbMHTyM9HpGUw_47.15901228_-98.00804042,35-270-61.5241.png,61.5241
2739__xJZgrCyl2biqanPgzOtBA_30.21666096_-93.37348907,36-0-15.823.png,15.823
2739__xJZgrCyl2biqanPgzOtBA_30.21666096_-93.37348907,36-90-15.823.png,15.823
2739__xJZgrCyl2biqanPgzOtBA_30.21666096_-93.37348907,36-180-15.823.png,15.823
2739__xJZgrCyl2biqanPgzOtBA_30.21666096_-93.37348907,36-270-15.823.png,15.823
465_gGRWQd0VedSyUBD24m86Kg_49.59454917_6.03329163,37-0-39.3363.png,39.3363
465_gGRWQd0VedSyUBD24m86Kg_49.59454917_6.03329163,37-90-39.3363.png,39.3363
465_gGRWQd0VedSyUBD24m86Kg_49.59454917_6.03329163,37-180-39.3363.png,39.3363
465_gGRWQd0VedSyUBD24m86Kg_49.59454917_6.03329163,37-270-39.3363.png,39.3363
1371_jqS0dljjiJMryqkIjtIpag_40.15248928_-77.71050926,38-0-69.6211.png,69.6211
1371_jqS0dljjiJMryqkIjtIpag_40.15248928_-77.71050926,38-90-69.6211.png,69.6211
1371_jqS0dljjiJMryqkIjtIpag_40.15248928_-77.71050926,38-180-69.6211.png,69.6211
1371_jqS0dljjiJMryqkIjtIpag_40.15248928_-77.71050926,38-270-69.6211.png,69.6211
338_i4--IPkrbAkd8f9V99pk4g_-32.93343418_27.45021695,39-0-37.2927.png,37.2927
338_i4--IPkrbAkd8f9V99pk4g_-32.93343418_27.45021695,39-90-37.2927.png,37.2927
338_i4--IPkrbAkd8f9V99pk4g_-32.93343418_27.45021695,39-180-37.2927.png,37.2927
338_i4--IPkrbAkd8f9V99pk4g_-32.93343418_27.45021695,39-270-37.2927.png,37.2927
623_4eo6oNPh1fYWgAwSh20pug_39.66706055_35.88284619,40-0-57.7157.png,57.7157
623_4eo6oNPh1fYWgAwSh20pug_39.66706055_35.88284619,40-90-57.7157.png,57.7157
623_4eo6oNPh1fYWgAwSh20pug_39.66706055_35.88284619,40-180-57.7157.png,57.7157
623_4eo6oNPh1fYWgAwSh20pug_39.66706055_35.88284619,40-270-57.7157.png,57.7157
798_ojwsnWdif1lQyK6-pOcwww_-8.16065604_113.45901469,41-0-72.0197.png,72.0197
798_ojwsnWdif1lQyK6-pOcwww_-8.16065604_113.45901469,41-90-72.0197.png,72.0197
798_ojwsnWdif1lQyK6-pOcwww_-8.16065604_113.45901469,41-180-72.0197.png,72.0197
798_ojwsnWdif1lQyK6-pOcwww_-8.16065604_113.45901469,41-270-72.0197.png,72.0197
1024_JszNC8YMAuCrRAXYnd_olQ_17.52759082_101.73077359,42-0-19.5967.png,19.5967
1024_JszNC8YMAuCrRAXYnd_olQ_17.52759082_101.73077359,42-90-19.5967.png,19.5967
1024_JszNC8YMAuCrRAXYnd_olQ_17.52759082_101.73077359,42-180-19.5967.png,19.5967
1024_JszNC8YMAuCrRAXYnd_olQ_17.52759082_101.73077359,42-270-19.5967.png,19.5967
388_nZeHMcgR4cypRe_puZlVEw_60.35253162_24.34604458,43-0-29.7673.png,29.7673
388_nZeHMcgR4cypRe_puZlVEw_60.35253162_24.34604458,43-90-29.7673.png,29.7673
388_nZeHMcgR4cypRe_puZlVEw_60.35253162_24.34604458,43-180-29.7673.png,29.7673
388_nZeHMcgR4cypRe_puZlVEw_60.35253162_24.34604458,43-270-29.7673.png,29.7673
413_ZbUQkyO4ZT1Jq9y_-WlYRg_62.84245376_11.29563988,44-0-20.4358.png,20.4358
413_ZbUQkyO4ZT1Jq9y_-WlYRg_62.84245376_11.29563988,44-90-20.4358.png,20.4358
413_ZbUQkyO4ZT1Jq9y_-WlYRg_62.84245376_11.29563988,44-180-20.4358.png,20.4358
413_ZbUQkyO4ZT1Jq9y_-WlYRg_62.84245376_11.29563988,44-270-20.4358.png,20.4358
1148_uOY95PfOe5m9OTzAAso8rg_-26.40041780_153.06658168,45-0-60.349.png,60.349
1148_uOY95PfOe5m9OTzAAso8rg_-26.40041780_153.06658168,45-90-60.349.png,60.349
1148_uOY95PfOe5m9OTzAAso8rg_-26.40041780_153.06658168,45-180-60.349.png,60.349
1148_uOY95PfOe5m9OTzAAso8rg_-26.40041780_153.06658168,45-270-60.349.png,60.349
3370_0Wukq4NzeYy447dJKyhkXw_37.82135862_13.85486962,46-0-59.6827.png,59.6827
3370_0Wukq4NzeYy447dJKyhkXw_37.82135862_13.85486962,46-90-59.6827.png,59.6827
3370_0Wukq4NzeYy447dJKyhkXw_37.82135862_13.85486962,46-180-59.6827.png,59.6827
3370_0Wukq4NzeYy447dJKyhkXw_37.82135862_13.85486962,46-270-59.6827.png,59.6827
1567_ijRqAM1WlIvG4eK6UGn6Tw_-2.63907499_29.74367727,47-0-59.2848.png,59.2848
1567_ijRqAM1WlIvG4eK6UGn6Tw_-2.63907499_29.74367727,47-90-59.2848.png,59.2848
1567_ijRqAM1WlIvG4eK6UGn6Tw_-2.63907499_29.74367727,47-180-59.2848.png,59.2848
1567_ijRqAM1WlIvG4eK6UGn6Tw_-2.63907499_29.74367727,47-270-59.2848.png,59.2848
1247_7kybBHx_1hTqYQlmgFsVlg_60.30101418_25.32690960,48-0-33.6779.png,33.6779
1247_7kybBHx_1hTqYQlmgFsVlg_60.30101418_25.32690960,48-90-33.6779.png,33.6779
1247_7kybBHx_1hTqYQlmgFsVlg_60.30101418_25.32690960,48-180-33.6779.png,33.6779
1247_7kybBHx_1hTqYQlmgFsVlg_60.30101418_25.32690960,48-270-33.6779.png,33.6779
216_gu60KbF25z_pl1ngmtor3w_45.79074838_-107.63254062,49-0-10.9453.png,10.9453
216_gu60KbF25z_pl1ngmtor3w_45.79074838_-107.63254062,49-90-10.9453.png,10.9453
216_gu60KbF25z_pl1ngmtor3w_45.79074838_-107.63254062,49-180-10.9453.png,10.9453
216_gu60KbF25z_pl1ngmtor3w_45.79074838_-107.63254062,49-270-10.9453.png,10.9453
1298_lPRtwi0gK6G6lBkDNW8cAA_41.56666807_23.29997886,50-0-18.1252.png,18.1252
1298_lPRtwi0gK6G6lBkDNW8cAA_41.56666807_23.29997886,50-90-18.1252.png,18.1252
1298_lPRtwi0gK6G6lBkDNW8cAA_41.56666807_23.29997886,50-180-18.1252.png,18.1252
1298_lPRtwi0gK6G6lBkDNW8cAA_41.56666807_23.29997886,50-270-18.1252.png,18.1252
1508_XmrGQxRFruw1zicuzg_pPA_46.16529844_-96.97776631,51-0-62.0223.png,62.0223
1508_XmrGQxRFruw1zicuzg_pPA_46.16529844_-96.97776631,51-90-62.0223.png,62.0223
1508_XmrGQxRFruw1zicuzg_pPA_46.16529844_-96.97776631,51-180-62.0223.png,62.0223
1508_XmrGQxRFruw1zicuzg_pPA_46.16529844_-96.97776631,51-270-62.0223.png,62.0223
1725_Hz_Tllk55hjuNdYVvzs9og_37.40444798_-6.07669851,52-0-24.9472.png,24.9472
1725_Hz_Tllk55hjuNdYVvzs9og_37.40444798_-6.07669851,52-90-24.9472.png,24.9472
1725_Hz_Tllk55hjuNdYVvzs9og_37.40444798_-6.07669851,52-180-24.9472.png,24.9472
1725_Hz_Tllk55hjuNdYVvzs9og_37.40444798_-6.07669851,52-270-24.9472.png,24.9472
332_VJEAyQE5Gw4KByC7Q3c19Q_31.52898790_-97.16137245,53-0-31.4268.png,31.4268
332_VJEAyQE5Gw4KByC7Q3c19Q_31.52898790_-97.16137245,53-90-31.4268.png,31.4268
332_VJEAyQE5Gw4KByC7Q3c19Q_31.52898790_-97.16137245,53-180-31.4268.png,31.4268
332_VJEAyQE5Gw4KByC7Q3c19Q_31.52898790_-97.16137245,53-270-31.4268.png,31.4268
565_UfdlhY18ww2PJ0cdgnNYLQ_18.09346509_80.79976906,54-0-41.8477.png,41.8477
565_UfdlhY18ww2PJ0cdgnNYLQ_18.09346509_80.79976906,54-90-41.8477.png,41.8477
565_UfdlhY18ww2PJ0cdgnNYLQ_18.09346509_80.79976906,54-180-41.8477.png,41.8477
565_UfdlhY18ww2PJ0cdgnNYLQ_18.09346509_80.79976906,54-270-41.8477.png,41.8477
3338_ZKdj23CHjh1d96YyqTl-2Q_46.83642924_-119.93365122,55-0-20.4117.png,20.4117
3338_ZKdj23CHjh1d96YyqTl-2Q_46.83642924_-119.93365122,55-90-20.4117.png,20.4117
3338_ZKdj23CHjh1d96YyqTl-2Q_46.83642924_-119.93365122,55-180-20.4117.png,20.4117
3338_ZKdj23CHjh1d96YyqTl-2Q_46.83642924_-119.93365122,55-270-20.4117.png,20.4117
3361_9PbvE69CQM1cZy1k-3YBfg_62.59635627_9.56300629,56-0-30.3484.png,30.3484
3361_9PbvE69CQM1cZy1k-3YBfg_62.59635627_9.56300629,56-90-30.3484.png,30.3484
3361_9PbvE69CQM1cZy1k-3YBfg_62.59635627_9.56300629,56-180-30.3484.png,30.3484
3361_9PbvE69CQM1cZy1k-3YBfg_62.59635627_9.56300629,56-270-30.3484.png,30.3484
408_yamzCVgIrOb1JlycIZxqAg_36.16361500_-86.77914750,57-0-75.7845.png,75.7845
408_yamzCVgIrOb1JlycIZxqAg_36.16361500_-86.77914750,57-90-75.7845.png,75.7845
408_yamzCVgIrOb1JlycIZxqAg_36.16361500_-86.77914750,57-180-75.7845.png,75.7845
408_yamzCVgIrOb1JlycIZxqAg_36.16361500_-86.77914750,57-270-75.7845.png,75.7845
504_xXi7clF5Zl0vwOzZwBlFeA_17.01815903_99.81828553,58-0-43.1202.png,43.1202
504_xXi7clF5Zl0vwOzZwBlFeA_17.01815903_99.81828553,58-90-43.1202.png,43.1202
504_xXi7clF5Zl0vwOzZwBlFeA_17.01815903_99.81828553,58-180-43.1202.png,43.1202
504_xXi7clF5Zl0vwOzZwBlFeA_17.01815903_99.81828553,58-270-43.1202.png,43.1202
3236_uYGZz4ssWky2SOw76aFFUg_17.17303977_79.16845589,59-0-35.8914.png,35.8914
3236_uYGZz4ssWky2SOw76aFFUg_17.17303977_79.16845589,59-90-35.8914.png,35.8914
3236_uYGZz4ssWky2SOw76aFFUg_17.17303977_79.16845589,59-180-35.8914.png,35.8914
3236_uYGZz4ssWky2SOw76aFFUg_17.17303977_79.16845589,59-270-35.8914.png,35.8914
437_HZTAVO_9ec2sHA0kvGyVkQ_38.48731178_-101.08191114,60-0-60.5647.png,60.5647
437_HZTAVO_9ec2sHA0kvGyVkQ_38.48731178_-101.08191114,60-90-60.5647.png,60.5647
437_HZTAVO_9ec2sHA0kvGyVkQ_38.48731178_-101.08191114,60-180-60.5647.png,60.5647
437_HZTAVO_9ec2sHA0kvGyVkQ_38.48731178_-101.08191114,60-270-60.5647.png,60.5647
709_8EtqNhOssEf66AVaeyLvDA_12.70125983_77.06465252,61-0-51.0648.png,51.0648
709_8EtqNhOssEf66AVaeyLvDA_12.70125983_77.06465252,61-90-51.0648.png,51.0648
709_8EtqNhOssEf66AVaeyLvDA_12.70125983_77.06465252,61-180-51.0648.png,51.0648
709_8EtqNhOssEf66AVaeyLvDA_12.70125983_77.06465252,61-270-51.0648.png,51.0648
2454_siMLX_JvPibwBLLd98i0vg_34.43786924_-100.23532806,62-0-13.7153.png,13.7153
2454_siMLX_JvPibwBLLd98i0vg_34.43786924_-100.23532806,62-90-13.7153.png,13.7153
2454_siMLX_JvPibwBLLd98i0vg_34.43786924_-100.23532806,62-180-13.7153.png,13.7153
2454_siMLX_JvPibwBLLd98i0vg_34.43786924_-100.23532806,62-270-13.7153.png,13.7153
115_zRlpvFZFkt8QpOceE1h15w_20.90673519_70.91896858,63-0-19.8326.png,19.8326
115_zRlpvFZFkt8QpOceE1h15w_20.90673519_70.91896858,63-90-19.8326.png,19.8326
115_zRlpvFZFkt8QpOceE1h15w_20.90673519_70.91896858,63-180-19.8326.png,19.8326
115_zRlpvFZFkt8QpOceE1h15w_20.90673519_70.91896858,63-270-19.8326.png,19.8326
1128_XcpQWo3T4V22IEsJQDYCYg_41.46185886_-96.77973854,64-0-37.6257.png,37.6257
1128_XcpQWo3T4V22IEsJQDYCYg_41.46185886_-96.77973854,64-90-37.6257.png,37.6257
1128_XcpQWo3T4V22IEsJQDYCYg_41.46185886_-96.77973854,64-180-37.6257.png,37.6257
1128_XcpQWo3T4V22IEsJQDYCYg_41.46185886_-96.77973854,64-270-37.6257.png,37.6257
145_rWLN_a4qYPKm3bddHr3FnA_32.77079350_129.86386248,65-0-67.3581.png,67.3581
145_rWLN_a4qYPKm3bddHr3FnA_32.77079350_129.86386248,65-90-67.3581.png,67.3581
145_rWLN_a4qYPKm3bddHr3FnA_32.77079350_129.86386248,65-180-67.3581.png,67.3581
145_rWLN_a4qYPKm3bddHr3FnA_32.77079350_129.86386248,65-270-67.3581.png,67.3581
3269_oV9hEh4pkTkQF7-Tr0f3OQ_38.48187696_-100.60189166,66-0-83.1421.png,83.1421
3269_oV9hEh4pkTkQF7-Tr0f3OQ_38.48187696_-100.60189166,66-90-83.1421.png,83.1421
3269_oV9hEh4pkTkQF7-Tr0f3OQ_38.48187696_-100.60189166,66-180-83.1421.png,83.1421
3269_oV9hEh4pkTkQF7-Tr0f3OQ_38.48187696_-100.60189166,66-270-83.1421.png,83.1421
726_Bvch0VNRL3jDpcSJMcUU9g_-36.77179050_174.76542165,67-0-54.2038.png,54.2038
726_Bvch0VNRL3jDpcSJMcUU9g_-36.77179050_174.76542165,67-90-54.2038.png,54.2038
726_Bvch0VNRL3jDpcSJMcUU9g_-36.77179050_174.76542165,67-180-54.2038.png,54.2038
726_Bvch0VNRL3jDpcSJMcUU9g_-36.77179050_174.76542165,67-270-54.2038.png,54.2038
1066_BdObkdI9DrymfnrtB4kEvw_12.21765729_123.53038555,68-0-43.2244.png,43.2244
1066_BdObkdI9DrymfnrtB4kEvw_12.21765729_123.53038555,68-90-43.2244.png,43.2244
1066_BdObkdI9DrymfnrtB4kEvw_12.21765729_123.53038555,68-180-43.2244.png,43.2244
1066_BdObkdI9DrymfnrtB4kEvw_12.21765729_123.53038555,68-270-43.2244.png,43.2244
631_frYVCdEVPtPzWBw4rfQW5w_35.97245536_-85.56367041,69-0-46.6275.png,46.6275
631_frYVCdEVPtPzWBw4rfQW5w_35.97245536_-85.56367041,69-90-46.6275.png,46.6275
631_frYVCdEVPtPzWBw4rfQW5w_35.97245536_-85.56367041,69-180-46.6275.png,46.6275
631_frYVCdEVPtPzWBw4rfQW5w_35.97245536_-85.56367041,69-270-46.6275.png,46.6275
160_xuQK_oY9NCEx9JzO4QZwNA_39.74956709_-8.91556672,70-0-62.8739.png,62.8739
160_xuQK_oY9NCEx9JzO4QZwNA_39.74956709_-8.91556672,70-90-62.8739.png,62.8739
160_xuQK_oY9NCEx9JzO4QZwNA_39.74956709_-8.91556672,70-180-62.8739.png,62.8739
160_xuQK_oY9NCEx9JzO4QZwNA_39.74956709_-8.91556672,70-270-62.8739.png,62.8739
1773_UvtodRbzj5N0DhWgsQJJSQ_-34.07865743_22.16333882,71-0-37.3469.png,37.3469
1773_UvtodRbzj5N0DhWgsQJJSQ_-34.07865743_22.16333882,71-90-37.3469.png,37.3469
1773_UvtodRbzj5N0DhWgsQJJSQ_-34.07865743_22.16333882,71-180-37.3469.png,37.3469
1773_UvtodRbzj5N0DhWgsQJJSQ_-34.07865743_22.16333882,71-270-37.3469.png,37.3469
2216_Xuzzc75H-5w3HmZUNz2P5g_-26.69390865_152.80336960,72-0-53.9754.png,53.9754
2216_Xuzzc75H-5w3HmZUNz2P5g_-26.69390865_152.80336960,72-90-53.9754.png,53.9754
2216_Xuzzc75H-5w3HmZUNz2P5g_-26.69390865_152.80336960,72-180-53.9754.png,53.9754
2216_Xuzzc75H-5w3HmZUNz2P5g_-26.69390865_152.80336960,72-270-53.9754.png,53.9754
1357_poFroti6a8VQOzfjMgEUlQ_27.79129722_73.33897050,73-0-21.0906.png,21.0906
1357_poFroti6a8VQOzfjMgEUlQ_27.79129722_73.33897050,73-90-21.0906.png,21.0906
1357_poFroti6a8VQOzfjMgEUlQ_27.79129722_73.33897050,73-180-21.0906.png,21.0906
1357_poFroti6a8VQOzfjMgEUlQ_27.79129722_73.33897050,73-270-21.0906.png,21.0906
1689_0bTCQqIZ2o1Ae8MxVwXtPA_29.88225592_-96.86680796,74-0-82.9161.png,82.9161
1689_0bTCQqIZ2o1Ae8MxVwXtPA_29.88225592_-96.86680796,74-90-82.9161.png,82.9161
1689_0bTCQqIZ2o1Ae8MxVwXtPA_29.88225592_-96.86680796,74-180-82.9161.png,82.9161
1689_0bTCQqIZ2o1Ae8MxVwXtPA_29.88225592_-96.86680796,74-270-82.9161.png,82.9161
745_Ol6kg1qx-OY0r7uYzAOhGA_46.75638338_4.33361818,75-0-29.3009.png,29.3009
745_Ol6kg1qx-OY0r7uYzAOhGA_46.75638338_4.33361818,75-90-29.3009.png,29.3009
745_Ol6kg1qx-OY0r7uYzAOhGA_46.75638338_4.33361818,75-180-29.3009.png,29.3009
745_Ol6kg1qx-OY0r7uYzAOhGA_46.75638338_4.33361818,75-270-29.3009.png,29.3009
451_7_KbMYsc089wYQmp0ul0_w_28.93605026_78.34428961,76-0-33.0747.png,33.0747
451_7_KbMYsc089wYQmp0ul0_w_28.93605026_78.34428961,76-90-33.0747.png,33.0747
451_7_KbMYsc089wYQmp0ul0_w_28.93605026_78.34428961,76-180-33.0747.png,33.0747
451_7_KbMYsc089wYQmp0ul0_w_28.93605026_78.34428961,76-270-33.0747.png,33.0747
960_4C_gHWZ-lm58jtZadBP1Mw_38.72844833_22.67063100,77-0-22.5295.png,22.5295
960_4C_gHWZ-lm58jtZadBP1Mw_38.72844833_22.67063100,77-90-22.5295.png,22.5295
960_4C_gHWZ-lm58jtZadBP1Mw_38.72844833_22.67063100,77-180-22.5295.png,22.5295
960_4C_gHWZ-lm58jtZadBP1Mw_38.72844833_22.67063100,77-270-22.5295.png,22.5295
150_0m72tl3UXnqByHQPBBfksQ_50.96908640_5.76658513,78-0-42.4193.png,42.4193
150_0m72tl3UXnqByHQPBBfksQ_50.96908640_5.76658513,78-90-42.4193.png,42.4193
150_0m72tl3UXnqByHQPBBfksQ_50.96908640_5.76658513,78-180-42.4193.png,42.4193
150_0m72tl3UXnqByHQPBBfksQ_50.96908640_5.76658513,78-270-42.4193.png,42.4193
419_JruZINHTM1ca7gzin64RhA_39.20741366_-76.05076340,79-0-33.9623.png,33.9623
419_JruZINHTM1ca7gzin64RhA_39.20741366_-76.05076340,79-90-33.9623.png,33.9623
419_JruZINHTM1ca7gzin64RhA_39.20741366_-76.05076340,79-180-33.9623.png,33.9623
419_JruZINHTM1ca7gzin64RhA_39.20741366_-76.05076340,79-270-33.9623.png,33.9623
3448_6p6Doc5ukqRfrjOPmH4_cA_12.99817389_77.16351244,80-0-42.9895.png,42.9895
3448_6p6Doc5ukqRfrjOPmH4_cA_12.99817389_77.16351244,80-90-42.9895.png,42.9895
3448_6p6Doc5ukqRfrjOPmH4_cA_12.99817389_77.16351244,80-180-42.9895.png,42.9895
3448_6p6Doc5ukqRfrjOPmH4_cA_12.99817389_77.16351244,80-270-42.9895.png,42.9895
1164__-3Q4yE8Wbn3i06yxnPhgA_45.87852047_-111.19648511,81-0-38.0667.png,38.0667
1164__-3Q4yE8Wbn3i06yxnPhgA_45.87852047_-111.19648511,81-90-38.0667.png,38.0667
1164__-3Q4yE8Wbn3i06yxnPhgA_45.87852047_-111.19648511,81-180-38.0667.png,38.0667
1164__-3Q4yE8Wbn3i06yxnPhgA_45.87852047_-111.19648511,81-270-38.0667.png,38.0667
318_nQVzGCH5zdPw3MgM5vVXtQ_63.42590531_10.39610904,82-0-25.9956.png,25.9956
318_nQVzGCH5zdPw3MgM5vVXtQ_63.42590531_10.39610904,82-90-25.9956.png,25.9956
318_nQVzGCH5zdPw3MgM5vVXtQ_63.42590531_10.39610904,82-180-25.9956.png,25.9956
318_nQVzGCH5zdPw3MgM5vVXtQ_63.42590531_10.39610904,82-270-25.9956.png,25.9956
542_On1ctVjvxBbHGttpmLXwUA_43.46362552_-98.64827767,83-0-14.4739.png,14.4739
542_On1ctVjvxBbHGttpmLXwUA_43.46362552_-98.64827767,83-90-14.4739.png,14.4739
542_On1ctVjvxBbHGttpmLXwUA_43.46362552_-98.64827767,83-180-14.4739.png,14.4739
542_On1ctVjvxBbHGttpmLXwUA_43.46362552_-98.64827767,83-270-14.4739.png,14.4739
896_WiFQKfrqdy2C1_xPDmykhw_23.53381762_91.48351851,84-0-34.5281.png,34.5281
896_WiFQKfrqdy2C1_xPDmykhw_23.53381762_91.48351851,84-90-34.5281.png,34.5281
896_WiFQKfrqdy2C1_xPDmykhw_23.53381762_91.48351851,84-180-34.5281.png,34.5281
896_WiFQKfrqdy2C1_xPDmykhw_23.53381762_91.48351851,84-270-34.5281.png,34.5281
533_KGaOxtlKmBXDqhkq50JoEA_44.54169557_1.07408051,85-0-86.2719.png,86.2719
533_KGaOxtlKmBXDqhkq50JoEA_44.54169557_1.07408051,85-90-86.2719.png,86.2719
533_KGaOxtlKmBXDqhkq50JoEA_44.54169557_1.07408051,85-180-86.2719.png,86.2719
533_KGaOxtlKmBXDqhkq50JoEA_44.54169557_1.07408051,85-270-86.2719.png,86.2719
1868_FkusXxGKsB9pGjmQO4Vq8g_-2.26819107_-46.96766648,86-0-75.5948.png,75.5948
1868_FkusXxGKsB9pGjmQO4Vq8g_-2.26819107_-46.96766648,86-90-75.5948.png,75.5948
1868_FkusXxGKsB9pGjmQO4Vq8g_-2.26819107_-46.96766648,86-180-75.5948.png,75.5948
1868_FkusXxGKsB9pGjmQO4Vq8g_-2.26819107_-46.96766648,86-270-75.5948.png,75.5948
241_KyO4x3jeZWp4my0hfyFZhg_48.49019730_-81.34983157,87-0-43.6513.png,43.6513
241_KyO4x3jeZWp4my0hfyFZhg_48.49019730_-81.34983157,87-90-43.6513.png,43.6513
241_KyO4x3jeZWp4my0hfyFZhg_48.49019730_-81.34983157,87-180-43.6513.png,43.6513
241_KyO4x3jeZWp4my0hfyFZhg_48.49019730_-81.34983157,87-270-43.6513.png,43.6513
354_6jXc-zcbrvE1N22896q8VQ_46.56972637_0.46470447,88-0-43.9559.png,43.9559
354_6jXc-zcbrvE1N22896q8VQ_46.56972637_0.46470447,88-90-43.9559.png,43.9559
354_6jXc-zcbrvE1N22896q8VQ_46.56972637_0.46470447,88-180-43.9559.png,43.9559
354_6jXc-zcbrvE1N22896q8VQ_46.56972637_0.46470447,88-270-43.9559.png,43.9559
526_ke1GtfWHy7RG1F48ryHUGA_26.23626984_84.30620141,89-0-52.7268.png,52.7268
526_ke1GtfWHy7RG1F48ryHUGA_26.23626984_84.30620141,89-90-52.7268.png,52.7268
526_ke1GtfWHy7RG1F48ryHUGA_26.23626984_84.30620141,89-180-52.7268.png,52.7268
526_ke1GtfWHy7RG1F48ryHUGA_26.23626984_84.30620141,89-270-52.7268.png,52.7268
421_OAkcxwDdVx5ocKFZTw2R9A_-38.51795101_177.90063404,90-0-67.9286.png,67.9286
421_OAkcxwDdVx5ocKFZTw2R9A_-38.51795101_177.90063404,90-90-67.9286.png,67.9286
421_OAkcxwDdVx5ocKFZTw2R9A_-38.51795101_177.90063404,90-180-67.9286.png,67.9286
421_OAkcxwDdVx5ocKFZTw2R9A_-38.51795101_177.90063404,90-270-67.9286.png,67.9286
402_VX-la3j9AivIaQtnRKM2LA_29.28162226_78.95101643,91-0-71.2804.png,71.2804
402_VX-la3j9AivIaQtnRKM2LA_29.28162226_78.95101643,91-90-71.2804.png,71.2804
402_VX-la3j9AivIaQtnRKM2LA_29.28162226_78.95101643,91-180-71.2804.png,71.2804
402_VX-la3j9AivIaQtnRKM2LA_29.28162226_78.95101643,91-270-71.2804.png,71.2804
324_yNlTyXgd4NB5HbRVK8fjfg_35.35698466_-89.60061433,92-0-39.0613.png,39.0613
324_yNlTyXgd4NB5HbRVK8fjfg_35.35698466_-89.60061433,92-90-39.0613.png,39.0613
324_yNlTyXgd4NB5HbRVK8fjfg_35.35698466_-89.60061433,92-180-39.0613.png,39.0613
324_yNlTyXgd4NB5HbRVK8fjfg_35.35698466_-89.60061433,92-270-39.0613.png,39.0613
1284_ExxkOS9i_D0Cw4ZMkgdT6A_23.53127696_89.70504404,93-0-71.5322.png,71.5322
1284_ExxkOS9i_D0Cw4ZMkgdT6A_23.53127696_89.70504404,93-90-71.5322.png,71.5322
1284_ExxkOS9i_D0Cw4ZMkgdT6A_23.53127696_89.70504404,93-180-71.5322.png,71.5322
1284_ExxkOS9i_D0Cw4ZMkgdT6A_23.53127696_89.70504404,93-270-71.5322.png,71.5322
573_cMYqJ1xPCRH7isXrgRElLQ_22.61800415_72.70612535,94-0-64.8451.png,64.8451
573_cMYqJ1xPCRH7isXrgRElLQ_22.61800415_72.70612535,94-90-64.8451.png,64.8451
573_cMYqJ1xPCRH7isXrgRElLQ_22.61800415_72.70612535,94-180-64.8451.png,64.8451
573_cMYqJ1xPCRH7isXrgRElLQ_22.61800415_72.70612535,94-270-64.8451.png,64.8451
853_N3GXNth98DYk_Q30MOPGIA_38.91608149_-6.34383750,95-0-72.6456.png,72.6456
853_N3GXNth98DYk_Q30MOPGIA_38.91608149_-6.34383750,95-90-72.6456.png,72.6456
853_N3GXNth98DYk_Q30MOPGIA_38.91608149_-6.34383750,95-180-72.6456.png,72.6456
853_N3GXNth98DYk_Q30MOPGIA_38.91608149_-6.34383750,95-270-72.6456.png,72.6456
1770_JARxTjQIapBJTalNqSebVg_48.74721568_1.92011150,96-0-25.9897.png,25.9897
1770_JARxTjQIapBJTalNqSebVg_48.74721568_1.92011150,96-90-25.9897.png,25.9897
1770_JARxTjQIapBJTalNqSebVg_48.74721568_1.92011150,96-180-25.9897.png,25.9897
1770_JARxTjQIapBJTalNqSebVg_48.74721568_1.92011150,96-270-25.9897.png,25.9897
1255_OSoTfTwLQf2R_I_WGkFnhw_40.62178389_26.16983265,97-0-43.4576.png,43.4576
1255_OSoTfTwLQf2R_I_WGkFnhw_40.62178389_26.16983265,97-90-43.4576.png,43.4576
1255_OSoTfTwLQf2R_I_WGkFnhw_40.62178389_26.16983265,97-180-43.4576.png,43.4576
1255_OSoTfTwLQf2R_I_WGkFnhw_40.62178389_26.16983265,97-270-43.4576.png,43.4576
867_XL29bbf-p6XQPsq9nlpAFA_25.27945026_71.22677880,98-0-34.6061.png,34.6061
867_XL29bbf-p6XQPsq9nlpAFA_25.27945026_71.22677880,98-90-34.6061.png,34.6061
867_XL29bbf-p6XQPsq9nlpAFA_25.27945026_71.22677880,98-180-34.6061.png,34.6061
867_XL29bbf-p6XQPsq9nlpAFA_25.27945026_71.22677880,98-270-34.6061.png,34.6061
747_SCJRpiZBvfW6UPnH8BeHyQ_-23.77899419_-50.94552676,99-0-37.9322.png,37.9322
747_SCJRpiZBvfW6UPnH8BeHyQ_-23.77899419_-50.94552676,99-90-37.9322.png,37.9322
747_SCJRpiZBvfW6UPnH8BeHyQ_-23.77899419_-50.94552676,99-180-37.9322.png,37.9322
747_SCJRpiZBvfW6UPnH8BeHyQ_-23.77899419_-50.94552676,99-270-37.9322.png,37.9322
91_5CTpILYHc4U5nVYnocLX_A_41.84303823_-79.21694477,100-0-39.4972.png,39.4972
91_5CTpILYHc4U5nVYnocLX_A_41.84303823_-79.21694477,100-90-39.4972.png,39.4972
91_5CTpILYHc4U5nVYnocLX_A_41.84303823_-79.21694477,100-180-39.4972.png,39.4972
91_5CTpILYHc4U5nVYnocLX_A_41.84303823_-79.21694477,100-270-39.4972.png,39.4972
3368_faJ5mIXWju1FJXqt7a9Y6Q_26.27332208_-98.64221746,101-0-74.8305.png,74.8305
3368_faJ5mIXWju1FJXqt7a9Y6Q_26.27332208_-98.64221746,101-90-74.8305.png,74.8305
3368_faJ5mIXWju1FJXqt7a9Y6Q_26.27332208_-98.64221746,101-180-74.8305.png,74.8305
3368_faJ5mIXWju1FJXqt7a9Y6Q_26.27332208_-98.64221746,101-270-74.8305.png,74.8305
45_C-P3dXLq9QusZ01F43vIyg_37.29342756_-79.85261976,102-0-62.2328.png,62.2328
45_C-P3dXLq9QusZ01F43vIyg_37.29342756_-79.85261976,102-90-62.2328.png,62.2328
45_C-P3dXLq9QusZ01F43vIyg_37.29342756_-79.85261976,102-180-62.2328.png,62.2328
45_C-P3dXLq9QusZ01F43vIyg_37.29342756_-79.85261976,102-270-62.2328.png,62.2328
2138_q-BuKjPvpLiqYVwO5CvYLg_36.17338875_-88.96232153,103-0-57.0211.png,57.0211
2138_q-BuKjPvpLiqYVwO5CvYLg_36.17338875_-88.96232153,103-90-57.0211.png,57.0211
2138_q-BuKjPvpLiqYVwO5CvYLg_36.17338875_-88.96232153,103-180-57.0211.png,57.0211
2138_q-BuKjPvpLiqYVwO5CvYLg_36.17338875_-88.96232153,103-270-57.0211.png,57.0211
434__ACpsGnGyQ6VjJ9JyjRnuQ_39.11349938_-100.46440648,104-0-45.8943.png,45.8943
434__ACpsGnGyQ6VjJ9JyjRnuQ_39.11349938_-100.46440648,104-90-45.8943.png,45.8943
434__ACpsGnGyQ6VjJ9JyjRnuQ_39.11349938_-100.46440648,104-180-45.8943.png,45.8943
434__ACpsGnGyQ6VjJ9JyjRnuQ_39.11349938_-100.46440648,104-270-45.8943.png,45.8943
1576_U4E170pO-r4qi6Pvg8lY3A_13.24851896_77.70283830,105-0-67.5813.png,67.5813
1576_U4E170pO-r4qi6Pvg8lY3A_13.24851896_77.70283830,105-90-67.5813.png,67.5813
1576_U4E170pO-r4qi6Pvg8lY3A_13.24851896_77.70283830,105-180-67.5813.png,67.5813
1576_U4E170pO-r4qi6Pvg8lY3A_13.24851896_77.70283830,105-270-67.5813.png,67.5813
200_HCVtyCIYXT0c-X_yCnGqOw_53.96751365_9.49448322,106-0-59.5675.png,59.5675
200_HCVtyCIYXT0c-X_yCnGqOw_53.96751365_9.49448322,106-90-59.5675.png,59.5675
200_HCVtyCIYXT0c-X_yCnGqOw_53.96751365_9.49448322,106-180-59.5675.png,59.5675
200_HCVtyCIYXT0c-X_yCnGqOw_53.96751365_9.49448322,106-270-59.5675.png,59.5675
932_4aeELvQvseRmWPGkOmlezw_34.21314313_135.30140421,107-0-11.932.png,11.932
932_4aeELvQvseRmWPGkOmlezw_34.21314313_135.30140421,107-90-11.932.png,11.932
932_4aeELvQvseRmWPGkOmlezw_34.21314313_135.30140421,107-180-11.932.png,11.932
932_4aeELvQvseRmWPGkOmlezw_34.21314313_135.30140421,107-270-11.932.png,11.932
2554_-okB44_2cDtwfFsKBdCWjQ_15.80866434_76.19989665,108-0-44.6482.png,44.6482
2554_-okB44_2cDtwfFsKBdCWjQ_15.80866434_76.19989665,108-90-44.6482.png,44.6482
2554_-okB44_2cDtwfFsKBdCWjQ_15.80866434_76.19989665,108-180-44.6482.png,44.6482
2554_-okB44_2cDtwfFsKBdCWjQ_15.80866434_76.19989665,108-270-44.6482.png,44.6482
1584_zuqqhuJuJPp_cw9c6T8ybA_51.06382377_4.20723928,109-0-43.4241.png,43.4241
1584_zuqqhuJuJPp_cw9c6T8ybA_51.06382377_4.20723928,109-90-43.4241.png,43.4241
1584_zuqqhuJuJPp_cw9c6T8ybA_51.06382377_4.20723928,109-180-43.4241.png,43.4241
1584_zuqqhuJuJPp_cw9c6T8ybA_51.06382377_4.20723928,109-270-43.4241.png,43.4241
1573_Z72ZCUovdn3dr0YazIYIfg_1.31790391_103.93715824,110-0-65.6218.png,65.6218
1573_Z72ZCUovdn3dr0YazIYIfg_1.31790391_103.93715824,110-90-65.6218.png,65.6218
1573_Z72ZCUovdn3dr0YazIYIfg_1.31790391_103.93715824,110-180-65.6218.png,65.6218
1573_Z72ZCUovdn3dr0YazIYIfg_1.31790391_103.93715824,110-270-65.6218.png,65.6218
2712_GAzWmLoNuvNYrj1IarmGpw_-18.70357512_-46.04186389,111-0-73.3948.png,73.3948
2712_GAzWmLoNuvNYrj1IarmGpw_-18.70357512_-46.04186389,111-90-73.3948.png,73.3948
2712_GAzWmLoNuvNYrj1IarmGpw_-18.70357512_-46.04186389,111-180-73.3948.png,73.3948
2712_GAzWmLoNuvNYrj1IarmGpw_-18.70357512_-46.04186389,111-270-73.3948.png,73.3948
2921_NIguT4Y0V-puF9gHwdGo0Q_43.25015903_11.81625315,112-0-35.178.png,35.178
2921_NIguT4Y0V-puF9gHwdGo0Q_43.25015903_11.81625315,112-90-35.178.png,35.178
2921_NIguT4Y0V-puF9gHwdGo0Q_43.25015903_11.81625315,112-180-35.178.png,35.178
2921_NIguT4Y0V-puF9gHwdGo0Q_43.25015903_11.81625315,112-270-35.178.png,35.178
1906__hvsc5QJrc6n5XDmsciW_A_22.73657363_90.37605101,113-0-65.3576.png,65.3576
1906__hvsc5QJrc6n5XDmsciW_A_22.73657363_90.37605101,113-90-65.3576.png,65.3576
1906__hvsc5QJrc6n5XDmsciW_A_22.73657363_90.37605101,113-180-65.3576.png,65.3576
1906__hvsc5QJrc6n5XDmsciW_A_22.73657363_90.37605101,113-270-65.3576.png,65.3576
3290_FT4TCXw4t6LCJEhLtnBDwA_46.12482662_11.25512523,114-0-30.5932.png,30.5932
3290_FT4TCXw4t6LCJEhLtnBDwA_46.12482662_11.25512523,114-90-30.5932.png,30.5932
3290_FT4TCXw4t6LCJEhLtnBDwA_46.12482662_11.25512523,114-180-30.5932.png,30.5932
3290_FT4TCXw4t6LCJEhLtnBDwA_46.12482662_11.25512523,114-270-30.5932.png,30.5932
1392_M078rI3DxFdoj6nNxlsZ9A_45.99125503_12.37647661,115-0-23.7982.png,23.7982
1392_M078rI3DxFdoj6nNxlsZ9A_45.99125503_12.37647661,115-90-23.7982.png,23.7982
1392_M078rI3DxFdoj6nNxlsZ9A_45.99125503_12.37647661,115-180-23.7982.png,23.7982
1392_M078rI3DxFdoj6nNxlsZ9A_45.99125503_12.37647661,115-270-23.7982.png,23.7982
1383_EYF_bBoRSaXGghLUAS1Pvg_-37.66648075_176.12817239,116-0-85.4952.png,85.4952
1383_EYF_bBoRSaXGghLUAS1Pvg_-37.66648075_176.12817239,116-90-85.4952.png,85.4952
1383_EYF_bBoRSaXGghLUAS1Pvg_-37.66648075_176.12817239,116-180-85.4952.png,85.4952
1383_EYF_bBoRSaXGghLUAS1Pvg_-37.66648075_176.12817239,116-270-85.4952.png,85.4952
335_OYU1iINk-sfqO8NnENrzzA_48.80356289_4.95508487,117-0-32.9277.png,32.9277
335_OYU1iINk-sfqO8NnENrzzA_48.80356289_4.95508487,117-90-32.9277.png,32.9277
335_OYU1iINk-sfqO8NnENrzzA_48.80356289_4.95508487,117-180-32.9277.png,32.9277
335_OYU1iINk-sfqO8NnENrzzA_48.80356289_4.95508487,117-270-32.9277.png,32.9277
1947_zHmuJktlNStnAZ6IZ92yrw_-6.87438913_-39.87457717,118-0-69.6708.png,69.6708
1947_zHmuJktlNStnAZ6IZ92yrw_-6.87438913_-39.87457717,118-90-69.6708.png,69.6708
1947_zHmuJktlNStnAZ6IZ92yrw_-6.87438913_-39.87457717,118-180-69.6708.png,69.6708
1947_zHmuJktlNStnAZ6IZ92yrw_-6.87438913_-39.87457717,118-270-69.6708.png,69.6708
1002_QTDkziH1Hf0H9hSoQibkLg_7.97632837_-80.41662365,119-0-56.3764.png,56.3764
1002_QTDkziH1Hf0H9hSoQibkLg_7.97632837_-80.41662365,119-90-56.3764.png,56.3764
1002_QTDkziH1Hf0H9hSoQibkLg_7.97632837_-80.41662365,119-180-56.3764.png,56.3764
1002_QTDkziH1Hf0H9hSoQibkLg_7.97632837_-80.41662365,119-270-56.3764.png,56.3764
1152_zBbpRyowUzNS6u1wAwX-pQ_50.94887126_16.43879325,120-0-18.0304.png,18.0304
1152_zBbpRyowUzNS6u1wAwX-pQ_50.94887126_16.43879325,120-90-18.0304.png,18.0304
1152_zBbpRyowUzNS6u1wAwX-pQ_50.94887126_16.43879325,120-180-18.0304.png,18.0304
1152_zBbpRyowUzNS6u1wAwX-pQ_50.94887126_16.43879325,120-270-18.0304.png,18.0304
1250_BIBAvTj82WUWahWAN204RA_-38.28162133_146.04890473,121-0-56.737.png,56.737
1250_BIBAvTj82WUWahWAN204RA_-38.28162133_146.04890473,121-90-56.737.png,56.737
1250_BIBAvTj82WUWahWAN204RA_-38.28162133_146.04890473,121-180-56.737.png,56.737
1250_BIBAvTj82WUWahWAN204RA_-38.28162133_146.04890473,121-270-56.737.png,56.737
510_vPm9riTg43HxHjZHm_7xhA_21.18133112_77.53929928,122-0-38.7811.png,38.7811
510_vPm9riTg43HxHjZHm_7xhA_21.18133112_77.53929928,122-90-38.7811.png,38.7811
510_vPm9riTg43HxHjZHm_7xhA_21.18133112_77.53929928,122-180-38.7811.png,38.7811
510_vPm9riTg43HxHjZHm_7xhA_21.18133112_77.53929928,122-270-38.7811.png,38.7811
409_yfnwqXC5FGYIP8w-Cg-5rA_30.61916173_-92.19010275,123-0-63.4585.png,63.4585
409_yfnwqXC5FGYIP8w-Cg-5rA_30.61916173_-92.19010275,123-90-63.4585.png,63.4585
409_yfnwqXC5FGYIP8w-Cg-5rA_30.61916173_-92.19010275,123-180-63.4585.png,63.4585
409_yfnwqXC5FGYIP8w-Cg-5rA_30.61916173_-92.19010275,123-270-63.4585.png,63.4585
1856_3HvaRk8T5haGWgKImkhEyQ_45.68374702_11.39834857,124-0-14.8538.png,14.8538
1856_3HvaRk8T5haGWgKImkhEyQ_45.68374702_11.39834857,124-90-14.8538.png,14.8538
1856_3HvaRk8T5haGWgKImkhEyQ_45.68374702_11.39834857,124-180-14.8538.png,14.8538
1856_3HvaRk8T5haGWgKImkhEyQ_45.68374702_11.39834857,124-270-14.8538.png,14.8538
3386_9FIFAORdkzzttCoQGJS9bA_66.85570790_-150.56534755,125-0-50.0681.png,50.0681
3386_9FIFAORdkzzttCoQGJS9bA_66.85570790_-150.56534755,125-90-50.0681.png,50.0681
3386_9FIFAORdkzzttCoQGJS9bA_66.85570790_-150.56534755,125-180-50.0681.png,50.0681
3386_9FIFAORdkzzttCoQGJS9bA_66.85570790_-150.56534755,125-270-50.0681.png,50.0681
317_j9b2jTeqrnLeOvEO5k_qmQ_43.36333194_-124.19349305,126-0-30.2657.png,30.2657
317_j9b2jTeqrnLeOvEO5k_qmQ_43.36333194_-124.19349305,126-90-30.2657.png,30.2657
317_j9b2jTeqrnLeOvEO5k_qmQ_43.36333194_-124.19349305,126-180-30.2657.png,30.2657
317_j9b2jTeqrnLeOvEO5k_qmQ_43.36333194_-124.19349305,126-270-30.2657.png,30.2657
1782_lJaDekQexi1CA0EXmoAjxg_35.07273228_-96.91780012,127-0-9.9439.png,9.9439
1782_lJaDekQexi1CA0EXmoAjxg_35.07273228_-96.91780012,127-90-9.9439.png,9.9439
1782_lJaDekQexi1CA0EXmoAjxg_35.07273228_-96.91780012,127-180-9.9439.png,9.9439
1782_lJaDekQexi1CA0EXmoAjxg_35.07273228_-96.91780012,127-270-9.9439.png,9.9439
489_V64rk-l1JCMI5qTJIYqO7w_37.40279123_-106.89781574,128-0-49.0415.png,49.0415
489_V64rk-l1JCMI5qTJIYqO7w_37.40279123_-106.89781574,128-90-49.0415.png,49.0415
489_V64rk-l1JCMI5qTJIYqO7w_37.40279123_-106.89781574,128-180-49.0415.png,49.0415
489_V64rk-l1JCMI5qTJIYqO7w_37.40279123_-106.89781574,128-270-49.0415.png,49.0415
1917_i9150zEDdcV3RF31shnmXQ_38.07673225_23.82089892,129-0-39.2341.png,39.2341
1917_i9150zEDdcV3RF31shnmXQ_38.07673225_23.82089892,129-90-39.2341.png,39.2341
1917_i9150zEDdcV3RF31shnmXQ_38.07673225_23.82089892,129-180-39.2341.png,39.2341
1917_i9150zEDdcV3RF31shnmXQ_38.07673225_23.82089892,129-270-39.2341.png,39.2341
50_GksqR4wbApzrzKRXC7cseQ_42.44249077_-123.32512046,130-0-30.7928.png,30.7928
50_GksqR4wbApzrzKRXC7cseQ_42.44249077_-123.32512046,130-90-30.7928.png,30.7928
50_GksqR4wbApzrzKRXC7cseQ_42.44249077_-123.32512046,130-180-30.7928.png,30.7928
50_GksqR4wbApzrzKRXC7cseQ_42.44249077_-123.32512046,130-270-30.7928.png,30.7928
1603_Nc7i2RoLtvXr26IifWqZrw_-38.20514460_146.06058473,131-0-8.2477.png,8.2477
1603_Nc7i2RoLtvXr26IifWqZrw_-38.20514460_146.06058473,131-90-8.2477.png,8.2477
1603_Nc7i2RoLtvXr26IifWqZrw_-38.20514460_146.06058473,131-180-8.2477.png,8.2477
1603_Nc7i2RoLtvXr26IifWqZrw_-38.20514460_146.06058473,131-270-8.2477.png,8.2477
3026_DCRb2ng6XNgoMCJxnkIpQg_20.57275325_-89.93139256,132-0-38.6102.png,38.6102
3026_DCRb2ng6XNgoMCJxnkIpQg_20.57275325_-89.93139256,132-90-38.6102.png,38.6102
3026_DCRb2ng6XNgoMCJxnkIpQg_20.57275325_-89.93139256,132-180-38.6102.png,38.6102
3026_DCRb2ng6XNgoMCJxnkIpQg_20.57275325_-89.93139256,132-270-38.6102.png,38.6102
583_u6GmpzXc9yxdq5P1jjIL7w_44.06887039_-92.75619520,133-0-77.7533.png,77.7533
583_u6GmpzXc9yxdq5P1jjIL7w_44.06887039_-92.75619520,133-90-77.7533.png,77.7533
583_u6GmpzXc9yxdq5P1jjIL7w_44.06887039_-92.75619520,133-180-77.7533.png,77.7533
583_u6GmpzXc9yxdq5P1jjIL7w_44.06887039_-92.75619520,133-270-77.7533.png,77.7533
589_pLZa3M2DUYg6MuwbRAtjRA_19.99262909_76.49504755,134-0-75.9008.png,75.9008
589_pLZa3M2DUYg6MuwbRAtjRA_19.99262909_76.49504755,134-90-75.9008.png,75.9008
589_pLZa3M2DUYg6MuwbRAtjRA_19.99262909_76.49504755,134-180-75.9008.png,75.9008
589_pLZa3M2DUYg6MuwbRAtjRA_19.99262909_76.49504755,134-270-75.9008.png,75.9008
1313_wAAVSZafiqnrsDV3xufiaw_23.44167648_120.52832820,135-0-49.3632.png,49.3632
1313_wAAVSZafiqnrsDV3xufiaw_23.44167648_120.52832820,135-90-49.3632.png,49.3632
1313_wAAVSZafiqnrsDV3xufiaw_23.44167648_120.52832820,135-180-49.3632.png,49.3632
1313_wAAVSZafiqnrsDV3xufiaw_23.44167648_120.52832820,135-270-49.3632.png,49.3632
308_iYCeHlzmmxbgv_3sODuDXQ_30.42643208_-88.89080440,136-0-18.7109.png,18.7109
308_iYCeHlzmmxbgv_3sODuDXQ_30.42643208_-88.89080440,136-90-18.7109.png,18.7109
308_iYCeHlzmmxbgv_3sODuDXQ_30.42643208_-88.89080440,136-180-18.7109.png,18.7109
308_iYCeHlzmmxbgv_3sODuDXQ_30.42643208_-88.89080440,136-270-18.7109.png,18.7109
1987_J1q-a1rG3WGJLI4WXvk0iA_42.80491492_-101.12263201,137-0-29.2452.png,29.2452
1987_J1q-a1rG3WGJLI4WXvk0iA_42.80491492_-101.12263201,137-90-29.2452.png,29.2452
1987_J1q-a1rG3WGJLI4WXvk0iA_42.80491492_-101.12263201,137-180-29.2452.png,29.2452
1987_J1q-a1rG3WGJLI4WXvk0iA_42.80491492_-101.12263201,137-270-29.2452.png,29.2452
2455__XKjkylay3X7D3YeE35yjw_-3.76152736_-40.81669408,138-0-47.5666.png,47.5666
2455__XKjkylay3X7D3YeE35yjw_-3.76152736_-40.81669408,138-90-47.5666.png,47.5666
2455__XKjkylay3X7D3YeE35yjw_-3.76152736_-40.81669408,138-180-47.5666.png,47.5666
2455__XKjkylay3X7D3YeE35yjw_-3.76152736_-40.81669408,138-270-47.5666.png,47.5666
723_VGkD_MyrG6zbFN4FDnd0Gg_23.63326940_68.95025102,139-0-21.2981.png,21.2981
723_VGkD_MyrG6zbFN4FDnd0Gg_23.63326940_68.95025102,139-90-21.2981.png,21.2981
723_VGkD_MyrG6zbFN4FDnd0Gg_23.63326940_68.95025102,139-180-21.2981.png,21.2981
723_VGkD_MyrG6zbFN4FDnd0Gg_23.63326940_68.95025102,139-270-21.2981.png,21.2981
2992_cPoAFUc_dpieXOm6FcB9Ew_44.93658666_1.60872792,140-0-59.3974.png,59.3974
2992_cPoAFUc_dpieXOm6FcB9Ew_44.93658666_1.60872792,140-90-59.3974.png,59.3974
2992_cPoAFUc_dpieXOm6FcB9Ew_44.93658666_1.60872792,140-180-59.3974.png,59.3974
2992_cPoAFUc_dpieXOm6FcB9Ew_44.93658666_1.60872792,140-270-59.3974.png,59.3974
1965_WHxmO0ZPMIE8vlfVDTc56A_46.10430332_-108.82822101,141-0-85.8606.png,85.8606
1965_WHxmO0ZPMIE8vlfVDTc56A_46.10430332_-108.82822101,141-90-85.8606.png,85.8606
1965_WHxmO0ZPMIE8vlfVDTc56A_46.10430332_-108.82822101,141-180-85.8606.png,85.8606
1965_WHxmO0ZPMIE8vlfVDTc56A_46.10430332_-108.82822101,141-270-85.8606.png,85.8606
126_jv7ZS-zUAGchV0iCsTy1lQ_35.65912084_128.32870326,142-0-30.7164.png,30.7164
126_jv7ZS-zUAGchV0iCsTy1lQ_35.65912084_128.32870326,142-90-30.7164.png,30.7164
126_jv7ZS-zUAGchV0iCsTy1lQ_35.65912084_128.32870326,142-180-30.7164.png,30.7164
126_jv7ZS-zUAGchV0iCsTy1lQ_35.65912084_128.32870326,142-270-30.7164.png,30.7164
28_w_YRPI1nw-GlNXdgz1lnAA_43.14053738_6.00511703,143-0-67.3334.png,67.3334
28_w_YRPI1nw-GlNXdgz1lnAA_43.14053738_6.00511703,143-90-67.3334.png,67.3334
28_w_YRPI1nw-GlNXdgz1lnAA_43.14053738_6.00511703,143-180-67.3334.png,67.3334
28_w_YRPI1nw-GlNXdgz1lnAA_43.14053738_6.00511703,143-270-67.3334.png,67.3334
203_HZenpMehir51LhAZOj1dyw_22.64022617_87.32485720,144-0-70.631.png,70.631
203_HZenpMehir51LhAZOj1dyw_22.64022617_87.32485720,144-90-70.631.png,70.631
203_HZenpMehir51LhAZOj1dyw_22.64022617_87.32485720,144-180-70.631.png,70.631
203_HZenpMehir51LhAZOj1dyw_22.64022617_87.32485720,144-270-70.631.png,70.631
1621_vMMg7o-k2n2UUUUS2Q5lLQ_14.68306275_-17.44876919,145-0-59.9452.png,59.9452
1621_vMMg7o-k2n2UUUUS2Q5lLQ_14.68306275_-17.44876919,145-90-59.9452.png,59.9452
1621_vMMg7o-k2n2UUUUS2Q5lLQ_14.68306275_-17.44876919,145-180-59.9452.png,59.9452
1621_vMMg7o-k2n2UUUUS2Q5lLQ_14.68306275_-17.44876919,145-270-59.9452.png,59.9452
2662_7wQ8_1pNeOrvhzOyiEOl0g_20.47822843_85.89999175,146-0-31.6234.png,31.6234
2662_7wQ8_1pNeOrvhzOyiEOl0g_20.47822843_85.89999175,146-90-31.6234.png,31.6234
2662_7wQ8_1pNeOrvhzOyiEOl0g_20.47822843_85.89999175,146-180-31.6234.png,31.6234
2662_7wQ8_1pNeOrvhzOyiEOl0g_20.47822843_85.89999175,146-270-31.6234.png,31.6234
976_quK7O24qG-AoG8pVp4LczA_24.54948497_74.93790323,147-0-42.6115.png,42.6115
976_quK7O24qG-AoG8pVp4LczA_24.54948497_74.93790323,147-90-42.6115.png,42.6115
976_quK7O24qG-AoG8pVp4LczA_24.54948497_74.93790323,147-180-42.6115.png,42.6115
976_quK7O24qG-AoG8pVp4LczA_24.54948497_74.93790323,147-270-42.6115.png,42.6115
180_BYrKgOarNSgnfc70ua2Wrg_37.08353864_37.32300573,148-0-38.7232.png,38.7232
180_BYrKgOarNSgnfc70ua2Wrg_37.08353864_37.32300573,148-90-38.7232.png,38.7232
180_BYrKgOarNSgnfc70ua2Wrg_37.08353864_37.32300573,148-180-38.7232.png,38.7232
180_BYrKgOarNSgnfc70ua2Wrg_37.08353864_37.32300573,148-270-38.7232.png,38.7232
2911_MsEGbK_s7qLuUupvgm2LhA_-34.20942779_142.20237323,149-0-25.6115.png,25.6115
2911_MsEGbK_s7qLuUupvgm2LhA_-34.20942779_142.20237323,149-90-25.6115.png,25.6115
2911_MsEGbK_s7qLuUupvgm2LhA_-34.20942779_142.20237323,149-180-25.6115.png,25.6115
2911_MsEGbK_s7qLuUupvgm2LhA_-34.20942779_142.20237323,149-270-25.6115.png,25.6115
315_Uia7BAfIcN5nxCwa108nZw_41.46091170_-91.98683635,150-0-20.2008.png,20.2008
315_Uia7BAfIcN5nxCwa108nZw_41.46091170_-91.98683635,150-90-20.2008.png,20.2008
315_Uia7BAfIcN5nxCwa108nZw_41.46091170_-91.98683635,150-180-20.2008.png,20.2008
315_Uia7BAfIcN5nxCwa108nZw_41.46091170_-91.98683635,150-270-20.2008.png,20.2008
2363__TiHlnqUmxA1GQv-bDYwHQ_40.41776002_17.24643002,151-0-42.2387.png,42.2387
2363__TiHlnqUmxA1GQv-bDYwHQ_40.41776002_17.24643002,151-90-42.2387.png,42.2387
2363__TiHlnqUmxA1GQv-bDYwHQ_40.41776002_17.24643002,151-180-42.2387.png,42.2387
2363__TiHlnqUmxA1GQv-bDYwHQ_40.41776002_17.24643002,151-270-42.2387.png,42.2387
1546_tREVHmb6CKWXFMDMPE378g_28.44320393_-96.42513674,152-0-61.3159.png,61.3159
1546_tREVHmb6CKWXFMDMPE378g_28.44320393_-96.42513674,152-90-61.3159.png,61.3159
1546_tREVHmb6CKWXFMDMPE378g_28.44320393_-96.42513674,152-180-61.3159.png,61.3159
1546_tREVHmb6CKWXFMDMPE378g_28.44320393_-96.42513674,152-270-61.3159.png,61.3159
2694_y44QJRsc_ytHVrawsS1KbQ_44.66514522_-75.53851988,153-0-31.3832.png,31.3832
2694_y44QJRsc_ytHVrawsS1KbQ_44.66514522_-75.53851988,153-90-31.3832.png,31.3832
2694_y44QJRsc_ytHVrawsS1KbQ_44.66514522_-75.53851988,153-180-31.3832.png,31.3832
2694_y44QJRsc_ytHVrawsS1KbQ_44.66514522_-75.53851988,153-270-31.3832.png,31.3832
2001_Hu1DTWreC4xU_hcCCFXzWA_-4.00341064_104.79565436,154-0-87.2668.png,87.2668
2001_Hu1DTWreC4xU_hcCCFXzWA_-4.00341064_104.79565436,154-90-87.2668.png,87.2668
2001_Hu1DTWreC4xU_hcCCFXzWA_-4.00341064_104.79565436,154-180-87.2668.png,87.2668
2001_Hu1DTWreC4xU_hcCCFXzWA_-4.00341064_104.79565436,154-270-87.2668.png,87.2668
3215_0BWPnfgnA0GhgpUJFOudsA_-24.06662973_-46.56662983,155-0-62.2631.png,62.2631
3215_0BWPnfgnA0GhgpUJFOudsA_-24.06662973_-46.56662983,155-90-62.2631.png,62.2631
3215_0BWPnfgnA0GhgpUJFOudsA_-24.06662973_-46.56662983,155-180-62.2631.png,62.2631
3215_0BWPnfgnA0GhgpUJFOudsA_-24.06662973_-46.56662983,155-270-62.2631.png,62.2631
663_t8trtongYieqCvEQ62P_JA_40.07197729_-122.16287701,156-0-32.1072.png,32.1072
663_t8trtongYieqCvEQ62P_JA_40.07197729_-122.16287701,156-90-32.1072.png,32.1072
663_t8trtongYieqCvEQ62P_JA_40.07197729_-122.16287701,156-180-32.1072.png,32.1072
663_t8trtongYieqCvEQ62P_JA_40.07197729_-122.16287701,156-270-32.1072.png,32.1072
809_ia-tIyuCDqnzUmcF7TlCWw_38.38266113_-4.97138853,157-0-15.5589.png,15.5589
809_ia-tIyuCDqnzUmcF7TlCWw_38.38266113_-4.97138853,157-90-15.5589.png,15.5589
809_ia-tIyuCDqnzUmcF7TlCWw_38.38266113_-4.97138853,157-180-15.5589.png,15.5589
809_ia-tIyuCDqnzUmcF7TlCWw_38.38266113_-4.97138853,157-270-15.5589.png,15.5589
564_fo5y2xQKwsbF8W8Qp7Y8Pg_2.47179406_103.01733305,158-0-68.4026.png,68.4026
564_fo5y2xQKwsbF8W8Qp7Y8Pg_2.47179406_103.01733305,158-90-68.4026.png,68.4026
564_fo5y2xQKwsbF8W8Qp7Y8Pg_2.47179406_103.01733305,158-180-68.4026.png,68.4026
564_fo5y2xQKwsbF8W8Qp7Y8Pg_2.47179406_103.01733305,158-270-68.4026.png,68.4026
145_GQ_NbGH9TKQfvpUMSSn9fg_34.87111582_-80.93664730,159-0-66.4045.png,66.4045
145_GQ_NbGH9TKQfvpUMSSn9fg_34.87111582_-80.93664730,159-90-66.4045.png,66.4045
145_GQ_NbGH9TKQfvpUMSSn9fg_34.87111582_-80.93664730,159-180-66.4045.png,66.4045
145_GQ_NbGH9TKQfvpUMSSn9fg_34.87111582_-80.93664730,159-270-66.4045.png,66.4045
2248_uSJXbkJRXQ-yqSmGWUKtHg_44.13032570_23.79306516,160-0-44.6448.png,44.6448
2248_uSJXbkJRXQ-yqSmGWUKtHg_44.13032570_23.79306516,160-90-44.6448.png,44.6448
2248_uSJXbkJRXQ-yqSmGWUKtHg_44.13032570_23.79306516,160-180-44.6448.png,44.6448
2248_uSJXbkJRXQ-yqSmGWUKtHg_44.13032570_23.79306516,160-270-44.6448.png,44.6448
2614_ut_Zjrbj3PN0ofoEVkXEfw_50.83323013_5.36717488,161-0-43.2533.png,43.2533
2614_ut_Zjrbj3PN0ofoEVkXEfw_50.83323013_5.36717488,161-90-43.2533.png,43.2533
2614_ut_Zjrbj3PN0ofoEVkXEfw_50.83323013_5.36717488,161-180-43.2533.png,43.2533
2614_ut_Zjrbj3PN0ofoEVkXEfw_50.83323013_5.36717488,161-270-43.2533.png,43.2533
1683_M1Pwtz0n1qY2rijW5Oftuw_21.81660083_90.13326226,162-0-70.7243.png,70.7243
1683_M1Pwtz0n1qY2rijW5Oftuw_21.81660083_90.13326226,162-90-70.7243.png,70.7243
1683_M1Pwtz0n1qY2rijW5Oftuw_21.81660083_90.13326226,162-180-70.7243.png,70.7243
1683_M1Pwtz0n1qY2rijW5Oftuw_21.81660083_90.13326226,162-270-70.7243.png,70.7243
345_IwDXmywgSc-FbiRyvFJ1CQ_40.16204500_15.36539382,163-0-73.2535.png,73.2535
345_IwDXmywgSc-FbiRyvFJ1CQ_40.16204500_15.36539382,163-90-73.2535.png,73.2535
345_IwDXmywgSc-FbiRyvFJ1CQ_40.16204500_15.36539382,163-180-73.2535.png,73.2535
345_IwDXmywgSc-FbiRyvFJ1CQ_40.16204500_15.36539382,163-270-73.2535.png,73.2535
734_z3zPJIwqj-PsIxnhNTARXQ_43.07576047_25.60651397,164-0-29.8237.png,29.8237
734_z3zPJIwqj-PsIxnhNTARXQ_43.07576047_25.60651397,164-90-29.8237.png,29.8237
734_z3zPJIwqj-PsIxnhNTARXQ_43.07576047_25.60651397,164-180-29.8237.png,29.8237
734_z3zPJIwqj-PsIxnhNTARXQ_43.07576047_25.60651397,164-270-29.8237.png,29.8237
272_gPPDDNv4CmkzJyoR7WOt5A_47.99389494_13.35131233,165-0-31.7529.png,31.7529
272_gPPDDNv4CmkzJyoR7WOt5A_47.99389494_13.35131233,165-90-31.7529.png,31.7529
272_gPPDDNv4CmkzJyoR7WOt5A_47.99389494_13.35131233,165-180-31.7529.png,31.7529
272_gPPDDNv4CmkzJyoR7WOt5A_47.99389494_13.35131233,165-270-31.7529.png,31.7529
172_JKXkVAN0WDOvB_yiHlGB6Q_40.69628096_-92.91596099,166-0-75.3694.png,75.3694
172_JKXkVAN0WDOvB_yiHlGB6Q_40.69628096_-92.91596099,166-90-75.3694.png,75.3694
172_JKXkVAN0WDOvB_yiHlGB6Q_40.69628096_-92.91596099,166-180-75.3694.png,75.3694
172_JKXkVAN0WDOvB_yiHlGB6Q_40.69628096_-92.91596099,166-270-75.3694.png,75.3694
1768_TKQAfKm4lKaLnV1shfErZg_40.66499894_23.70010082,167-0-71.6524.png,71.6524
1768_TKQAfKm4lKaLnV1shfErZg_40.66499894_23.70010082,167-90-71.6524.png,71.6524
1768_TKQAfKm4lKaLnV1shfErZg_40.66499894_23.70010082,167-180-71.6524.png,71.6524
1768_TKQAfKm4lKaLnV1shfErZg_40.66499894_23.70010082,167-270-71.6524.png,71.6524
1183_3ynWbcZyppuUprbkYLDYZQ_20.60134894_-103.78400555,168-0-68.7109.png,68.7109
1183_3ynWbcZyppuUprbkYLDYZQ_20.60134894_-103.78400555,168-90-68.7109.png,68.7109
1183_3ynWbcZyppuUprbkYLDYZQ_20.60134894_-103.78400555,168-180-68.7109.png,68.7109
1183_3ynWbcZyppuUprbkYLDYZQ_20.60134894_-103.78400555,168-270-68.7109.png,68.7109
161_V4i_l0w0hBKUJh_Bgqdpfg_44.76215067_7.30591994,169-0-34.2744.png,34.2744
161_V4i_l0w0hBKUJh_Bgqdpfg_44.76215067_7.30591994,169-90-34.2744.png,34.2744
161_V4i_l0w0hBKUJh_Bgqdpfg_44.76215067_7.30591994,169-180-34.2744.png,34.2744
161_V4i_l0w0hBKUJh_Bgqdpfg_44.76215067_7.30591994,169-270-34.2744.png,34.2744
1427_TF92EaIFaUbuz2boou3BrA_14.60814177_121.08065703,170-0-74.318.png,74.318
1427_TF92EaIFaUbuz2boou3BrA_14.60814177_121.08065703,170-90-74.318.png,74.318
1427_TF92EaIFaUbuz2boou3BrA_14.60814177_121.08065703,170-180-74.318.png,74.318
1427_TF92EaIFaUbuz2boou3BrA_14.60814177_121.08065703,170-270-74.318.png,74.318
2649_swrZD8wtgiqUDzmY3pet9A_40.46540161_-96.85126764,171-0-29.0178.png,29.0178
2649_swrZD8wtgiqUDzmY3pet9A_40.46540161_-96.85126764,171-90-29.0178.png,29.0178
2649_swrZD8wtgiqUDzmY3pet9A_40.46540161_-96.85126764,171-180-29.0178.png,29.0178
2649_swrZD8wtgiqUDzmY3pet9A_40.46540161_-96.85126764,171-270-29.0178.png,29.0178
511_4WoTexrm1rKkvHEoIO_iTg_38.11674811_20.63474067,172-0-47.1345.png,47.1345
511_4WoTexrm1rKkvHEoIO_iTg_38.11674811_20.63474067,172-90-47.1345.png,47.1345
511_4WoTexrm1rKkvHEoIO_iTg_38.11674811_20.63474067,172-180-47.1345.png,47.1345
511_4WoTexrm1rKkvHEoIO_iTg_38.11674811_20.63474067,172-270-47.1345.png,47.1345
2920_IYnYZLxd394LIHLXcheOow_37.28540117_-98.58128229,173-0-64.6477.png,64.6477
2920_IYnYZLxd394LIHLXcheOow_37.28540117_-98.58128229,173-90-64.6477.png,64.6477
2920_IYnYZLxd394LIHLXcheOow_37.28540117_-98.58128229,173-180-64.6477.png,64.6477
2920_IYnYZLxd394LIHLXcheOow_37.28540117_-98.58128229,173-270-64.6477.png,64.6477
46_2B5KGWlv3AtOJGwkzJTTDg_-38.48835765_177.89012216,174-0-16.3382.png,16.3382
46_2B5KGWlv3AtOJGwkzJTTDg_-38.48835765_177.89012216,174-90-16.3382.png,16.3382
46_2B5KGWlv3AtOJGwkzJTTDg_-38.48835765_177.89012216,174-180-16.3382.png,16.3382
46_2B5KGWlv3AtOJGwkzJTTDg_-38.48835765_177.89012216,174-270-16.3382.png,16.3382
445_qRMPkQ10g7oY6VzQg5TbUA_-0.27266923_100.36003299,175-0-45.1854.png,45.1854
445_qRMPkQ10g7oY6VzQg5TbUA_-0.27266923_100.36003299,175-90-45.1854.png,45.1854
445_qRMPkQ10g7oY6VzQg5TbUA_-0.27266923_100.36003299,175-180-45.1854.png,45.1854
445_qRMPkQ10g7oY6VzQg5TbUA_-0.27266923_100.36003299,175-270-45.1854.png,45.1854
393_j0MjwYML5v6uWmF1NNz9ig_42.32156504_-103.07296603,176-0-24.2741.png,24.2741
393_j0MjwYML5v6uWmF1NNz9ig_42.32156504_-103.07296603,176-90-24.2741.png,24.2741
393_j0MjwYML5v6uWmF1NNz9ig_42.32156504_-103.07296603,176-180-24.2741.png,24.2741
393_j0MjwYML5v6uWmF1NNz9ig_42.32156504_-103.07296603,176-270-24.2741.png,24.2741
563_ia10Wly0H7pZo2AfOtKqFw_50.93588507_6.97342040,177-0-72.8468.png,72.8468
563_ia10Wly0H7pZo2AfOtKqFw_50.93588507_6.97342040,177-90-72.8468.png,72.8468
563_ia10Wly0H7pZo2AfOtKqFw_50.93588507_6.97342040,177-180-72.8468.png,72.8468
563_ia10Wly0H7pZo2AfOtKqFw_50.93588507_6.97342040,177-270-72.8468.png,72.8468
2997_6Tdbzu4N5ddap6sFR8qj7w_48.50705439_1.61290543,178-0-77.1182.png,77.1182
2997_6Tdbzu4N5ddap6sFR8qj7w_48.50705439_1.61290543,178-90-77.1182.png,77.1182
2997_6Tdbzu4N5ddap6sFR8qj7w_48.50705439_1.61290543,178-180-77.1182.png,77.1182
2997_6Tdbzu4N5ddap6sFR8qj7w_48.50705439_1.61290543,178-270-77.1182.png,77.1182
667_KajRn0UxB9OwtXqjcish5Q_50.77263746_0.26277950,179-0-32.5421.png,32.5421
667_KajRn0UxB9OwtXqjcish5Q_50.77263746_0.26277950,179-90-32.5421.png,32.5421
667_KajRn0UxB9OwtXqjcish5Q_50.77263746_0.26277950,179-180-32.5421.png,32.5421
667_KajRn0UxB9OwtXqjcish5Q_50.77263746_0.26277950,179-270-32.5421.png,32.5421
446_actmpj5C2fFcLuBdqte3Vw_-38.35873049_144.93270221,180-0-48.5474.png,48.5474
446_actmpj5C2fFcLuBdqte3Vw_-38.35873049_144.93270221,180-90-48.5474.png,48.5474
446_actmpj5C2fFcLuBdqte3Vw_-38.35873049_144.93270221,180-180-48.5474.png,48.5474
446_actmpj5C2fFcLuBdqte3Vw_-38.35873049_144.93270221,180-270-48.5474.png,48.5474
34_4BzwSNVxbQKlZaYkWVVWWg_49.69003971_-1.37772711,181-0-50.1622.png,50.1622
34_4BzwSNVxbQKlZaYkWVVWWg_49.69003971_-1.37772711,181-90-50.1622.png,50.1622
34_4BzwSNVxbQKlZaYkWVVWWg_49.69003971_-1.37772711,181-180-50.1622.png,50.1622
34_4BzwSNVxbQKlZaYkWVVWWg_49.69003971_-1.37772711,181-270-50.1622.png,50.1622
1275_yDSUksrwqyMog4yARppQoA_11.19448261_77.06358492,182-0-35.78.png,35.78
1275_yDSUksrwqyMog4yARppQoA_11.19448261_77.06358492,182-90-35.78.png,35.78
1275_yDSUksrwqyMog4yARppQoA_11.19448261_77.06358492,182-180-35.78.png,35.78
1275_yDSUksrwqyMog4yARppQoA_11.19448261_77.06358492,182-270-35.78.png,35.78
684_dd5uymZDoQXoc08ade4Vzw_35.35349471_-101.37047704,183-0-37.0132.png,37.0132
684_dd5uymZDoQXoc08ade4Vzw_35.35349471_-101.37047704,183-90-37.0132.png,37.0132
684_dd5uymZDoQXoc08ade4Vzw_35.35349471_-101.37047704,183-180-37.0132.png,37.0132
684_dd5uymZDoQXoc08ade4Vzw_35.35349471_-101.37047704,183-270-37.0132.png,37.0132
3102_8aoRvoDPLnqICWrxQGGyfw_31.37254863_-94.49048246,184-0-15.1143.png,15.1143
3102_8aoRvoDPLnqICWrxQGGyfw_31.37254863_-94.49048246,184-90-15.1143.png,15.1143
3102_8aoRvoDPLnqICWrxQGGyfw_31.37254863_-94.49048246,184-180-15.1143.png,15.1143
3102_8aoRvoDPLnqICWrxQGGyfw_31.37254863_-94.49048246,184-270-15.1143.png,15.1143
3025_04BC7MTeSrCDV0qbQSVQOA_42.39747241_-88.61219921,185-0-32.7841.png,32.7841
3025_04BC7MTeSrCDV0qbQSVQOA_42.39747241_-88.61219921,185-90-32.7841.png,32.7841
3025_04BC7MTeSrCDV0qbQSVQOA_42.39747241_-88.61219921,185-180-32.7841.png,32.7841
3025_04BC7MTeSrCDV0qbQSVQOA_42.39747241_-88.61219921,185-270-32.7841.png,32.7841
2988_Peg-9bt1O5QEqT7KazSzpw_17.00928455_-100.09463480,186-0-64.2859.png,64.2859
2988_Peg-9bt1O5QEqT7KazSzpw_17.00928455_-100.09463480,186-90-64.2859.png,64.2859
2988_Peg-9bt1O5QEqT7KazSzpw_17.00928455_-100.09463480,186-180-64.2859.png,64.2859
2988_Peg-9bt1O5QEqT7KazSzpw_17.00928455_-100.09463480,186-270-64.2859.png,64.2859
1940_jc3NtCJdobIEaaPK0JV7gQ_0.13450233_99.83993260,187-0-79.7022.png,79.7022
1940_jc3NtCJdobIEaaPK0JV7gQ_0.13450233_99.83993260,187-90-79.7022.png,79.7022
1940_jc3NtCJdobIEaaPK0JV7gQ_0.13450233_99.83993260,187-180-79.7022.png,79.7022
1940_jc3NtCJdobIEaaPK0JV7gQ_0.13450233_99.83993260,187-270-79.7022.png,79.7022
479_tRIKc8481eZ_C1Zm1skhSQ_33.74872329_132.79244119,188-0-36.2807.png,36.2807
479_tRIKc8481eZ_C1Zm1skhSQ_33.74872329_132.79244119,188-90-36.2807.png,36.2807
479_tRIKc8481eZ_C1Zm1skhSQ_33.74872329_132.79244119,188-180-36.2807.png,36.2807
479_tRIKc8481eZ_C1Zm1skhSQ_33.74872329_132.79244119,188-270-36.2807.png,36.2807
79_qcQ5gUvcjtf3pVYRYCJDzA_43.06747849_-89.40085514,189-0-65.0874.png,65.0874
79_qcQ5gUvcjtf3pVYRYCJDzA_43.06747849_-89.40085514,189-90-65.0874.png,65.0874
79_qcQ5gUvcjtf3pVYRYCJDzA_43.06747849_-89.40085514,189-180-65.0874.png,65.0874
79_qcQ5gUvcjtf3pVYRYCJDzA_43.06747849_-89.40085514,189-270-65.0874.png,65.0874
1219_BWeH3klMs3nX06BajcD_nQ_27.50277601_76.89875372,190-0-64.2939.png,64.2939
1219_BWeH3klMs3nX06BajcD_nQ_27.50277601_76.89875372,190-90-64.2939.png,64.2939
1219_BWeH3klMs3nX06BajcD_nQ_27.50277601_76.89875372,190-180-64.2939.png,64.2939
1219_BWeH3klMs3nX06BajcD_nQ_27.50277601_76.89875372,190-270-64.2939.png,64.2939
2433_5Z0wX1ej92ZdFpmB0ysoKQ_47.78890024_-96.59469258,191-0-30.5974.png,30.5974
2433_5Z0wX1ej92ZdFpmB0ysoKQ_47.78890024_-96.59469258,191-90-30.5974.png,30.5974
2433_5Z0wX1ej92ZdFpmB0ysoKQ_47.78890024_-96.59469258,191-180-30.5974.png,30.5974
2433_5Z0wX1ej92ZdFpmB0ysoKQ_47.78890024_-96.59469258,191-270-30.5974.png,30.5974
1411_giaYqGb71iTAHM0Tb6pUPA_37.58662558_-4.63836085,192-0-66.2278.png,66.2278
1411_giaYqGb71iTAHM0Tb6pUPA_37.58662558_-4.63836085,192-90-66.2278.png,66.2278
1411_giaYqGb71iTAHM0Tb6pUPA_37.58662558_-4.63836085,192-180-66.2278.png,66.2278
1411_giaYqGb71iTAHM0Tb6pUPA_37.58662558_-4.63836085,192-270-66.2278.png,66.2278
45_zYksPXLX3yi4BdpuVDRR8A_38.48354478_-101.35736582,193-0-42.3434.png,42.3434
45_zYksPXLX3yi4BdpuVDRR8A_38.48354478_-101.35736582,193-90-42.3434.png,42.3434
45_zYksPXLX3yi4BdpuVDRR8A_38.48354478_-101.35736582,193-180-42.3434.png,42.3434
45_zYksPXLX3yi4BdpuVDRR8A_38.48354478_-101.35736582,193-270-42.3434.png,42.3434
806_JIoQaW6yoTrsMy1iOHCoiQ_45.60271644_-79.61753091,194-0-67.7435.png,67.7435
806_JIoQaW6yoTrsMy1iOHCoiQ_45.60271644_-79.61753091,194-90-67.7435.png,67.7435
806_JIoQaW6yoTrsMy1iOHCoiQ_45.60271644_-79.61753091,194-180-67.7435.png,67.7435
806_JIoQaW6yoTrsMy1iOHCoiQ_45.60271644_-79.61753091,194-270-67.7435.png,67.7435
369_uN8t3nzm07K9e6pO2wOSHQ_43.44806562_12.20975925,195-0-63.569.png,63.569
369_uN8t3nzm07K9e6pO2wOSHQ_43.44806562_12.20975925,195-90-63.569.png,63.569
369_uN8t3nzm07K9e6pO2wOSHQ_43.44806562_12.20975925,195-180-63.569.png,63.569
369_uN8t3nzm07K9e6pO2wOSHQ_43.44806562_12.20975925,195-270-63.569.png,63.569
198_GEgqZtGX-fPaxf9U1KgXJw_-9.36469175_125.02087673,196-0-55.7145.png,55.7145
198_GEgqZtGX-fPaxf9U1KgXJw_-9.36469175_125.02087673,196-90-55.7145.png,55.7145
198_GEgqZtGX-fPaxf9U1KgXJw_-9.36469175_125.02087673,196-180-55.7145.png,55.7145
198_GEgqZtGX-fPaxf9U1KgXJw_-9.36469175_125.02087673,196-270-55.7145.png,55.7145
1642_wdO1ttf8GKctPm-1wGZ2JQ_61.62088896_48.06659593,197-0-22.7552.png,22.7552
1642_wdO1ttf8GKctPm-1wGZ2JQ_61.62088896_48.06659593,197-90-22.7552.png,22.7552
1642_wdO1ttf8GKctPm-1wGZ2JQ_61.62088896_48.06659593,197-180-22.7552.png,22.7552
1642_wdO1ttf8GKctPm-1wGZ2JQ_61.62088896_48.06659593,197-270-22.7552.png,22.7552
1978_b6ikp0jgxboUxeOxuXFKew_53.50756893_-113.64247954,198-0-56.7352.png,56.7352
1978_b6ikp0jgxboUxeOxuXFKew_53.50756893_-113.64247954,198-90-56.7352.png,56.7352
1978_b6ikp0jgxboUxeOxuXFKew_53.50756893_-113.64247954,198-180-56.7352.png,56.7352
1978_b6ikp0jgxboUxeOxuXFKew_53.50756893_-113.64247954,198-270-56.7352.png,56.7352
2450_sXfKUA1nYmOVTAkdUSVeRQ_43.04798404_-71.43218425,199-0-40.9331.png,40.9331
2450_sXfKUA1nYmOVTAkdUSVeRQ_43.04798404_-71.43218425,199-90-40.9331.png,40.9331
2450_sXfKUA1nYmOVTAkdUSVeRQ_43.04798404_-71.43218425,199-180-40.9331.png,40.9331
2450_sXfKUA1nYmOVTAkdUSVeRQ_43.04798404_-71.43218425,199-270-40.9331.png,40.9331
455_6_cJdT0q78cRkM4vWWzSig_41.82789295_-71.39859874,200-0-71.0589.png,71.0589
455_6_cJdT0q78cRkM4vWWzSig_41.82789295_-71.39859874,200-90-71.0589.png,71.0589
455_6_cJdT0q78cRkM4vWWzSig_41.82789295_-71.39859874,200-180-71.0589.png,71.0589
455_6_cJdT0q78cRkM4vWWzSig_41.82789295_-71.39859874,200-270-71.0589.png,71.0589
147_KUSLPGab_WRgPIbKlnfA3g_40.32621304_-74.79074191,201-0-40.2099.png,40.2099
147_KUSLPGab_WRgPIbKlnfA3g_40.32621304_-74.79074191,201-90-40.2099.png,40.2099
147_KUSLPGab_WRgPIbKlnfA3g_40.32621304_-74.79074191,201-180-40.2099.png,40.2099
147_KUSLPGab_WRgPIbKlnfA3g_40.32621304_-74.79074191,201-270-40.2099.png,40.2099
311_9pvXzj1LjoKLL4hfVVqFNg_38.57595433_-75.06053995,202-0-57.331.png,57.331
311_9pvXzj1LjoKLL4hfVVqFNg_38.57595433_-75.06053995,202-90-57.331.png,57.331
311_9pvXzj1LjoKLL4hfVVqFNg_38.57595433_-75.06053995,202-180-57.331.png,57.331
311_9pvXzj1LjoKLL4hfVVqFNg_38.57595433_-75.06053995,202-270-57.331.png,57.331
2909_3o-GdCRy13SIG9Aa85WDZw_47.05682442_-124.03696718,203-0-68.3295.png,68.3295
2909_3o-GdCRy13SIG9Aa85WDZw_47.05682442_-124.03696718,203-90-68.3295.png,68.3295
2909_3o-GdCRy13SIG9Aa85WDZw_47.05682442_-124.03696718,203-180-68.3295.png,68.3295
2909_3o-GdCRy13SIG9Aa85WDZw_47.05682442_-124.03696718,203-270-68.3295.png,68.3295
1485_JR6VYmHCpQsXIR-nfEn58g_14.55667793_121.01767737,204-0-79.1266.png,79.1266
1485_JR6VYmHCpQsXIR-nfEn58g_14.55667793_121.01767737,204-90-79.1266.png,79.1266
1485_JR6VYmHCpQsXIR-nfEn58g_14.55667793_121.01767737,204-180-79.1266.png,79.1266
1485_JR6VYmHCpQsXIR-nfEn58g_14.55667793_121.01767737,204-270-79.1266.png,79.1266
3100_O1HMw9Hhkyx1q17v9gQePg_44.48578543_0.91492616,205-0-29.6177.png,29.6177
3100_O1HMw9Hhkyx1q17v9gQePg_44.48578543_0.91492616,205-90-29.6177.png,29.6177
3100_O1HMw9Hhkyx1q17v9gQePg_44.48578543_0.91492616,205-180-29.6177.png,29.6177
3100_O1HMw9Hhkyx1q17v9gQePg_44.48578543_0.91492616,205-270-29.6177.png,29.6177
3377_eSUUnPwqr1GUrKtqFVOQ8g_-31.27733628_149.27908814,206-0-18.5141.png,18.5141
3377_eSUUnPwqr1GUrKtqFVOQ8g_-31.27733628_149.27908814,206-90-18.5141.png,18.5141
3377_eSUUnPwqr1GUrKtqFVOQ8g_-31.27733628_149.27908814,206-180-18.5141.png,18.5141
3377_eSUUnPwqr1GUrKtqFVOQ8g_-31.27733628_149.27908814,206-270-18.5141.png,18.5141
2575_5FF9f8lOHR5p51DHyAmy1w_-33.89025021_151.17621069,207-0-67.4854.png,67.4854
2575_5FF9f8lOHR5p51DHyAmy1w_-33.89025021_151.17621069,207-90-67.4854.png,67.4854
2575_5FF9f8lOHR5p51DHyAmy1w_-33.89025021_151.17621069,207-180-67.4854.png,67.4854
2575_5FF9f8lOHR5p51DHyAmy1w_-33.89025021_151.17621069,207-270-67.4854.png,67.4854
1171_alepbejiwDDOmbGDJ4sdog_-6.62196925_108.24100354,208-0-36.7762.png,36.7762
1171_alepbejiwDDOmbGDJ4sdog_-6.62196925_108.24100354,208-90-36.7762.png,36.7762
1171_alepbejiwDDOmbGDJ4sdog_-6.62196925_108.24100354,208-180-36.7762.png,36.7762
1171_alepbejiwDDOmbGDJ4sdog_-6.62196925_108.24100354,208-270-36.7762.png,36.7762
103_d6XLKlWpampB9jANBDNI_w_26.60708730_-82.11070116,209-0-16.4767.png,16.4767
103_d6XLKlWpampB9jANBDNI_w_26.60708730_-82.11070116,209-90-16.4767.png,16.4767
103_d6XLKlWpampB9jANBDNI_w_26.60708730_-82.11070116,209-180-16.4767.png,16.4767
103_d6XLKlWpampB9jANBDNI_w_26.60708730_-82.11070116,209-270-16.4767.png,16.4767
2581_1LfwnI5lbViUhh1kXWukSg_23.91665801_87.61107346,210-0-44.1657.png,44.1657
2581_1LfwnI5lbViUhh1kXWukSg_23.91665801_87.61107346,210-90-44.1657.png,44.1657
2581_1LfwnI5lbViUhh1kXWukSg_23.91665801_87.61107346,210-180-44.1657.png,44.1657
2581_1LfwnI5lbViUhh1kXWukSg_23.91665801_87.61107346,210-270-44.1657.png,44.1657
1145_KnD7M_yWIFuI_rNiELFzew_43.29967772_24.35044485,211-0-30.4071.png,30.4071
1145_KnD7M_yWIFuI_rNiELFzew_43.29967772_24.35044485,211-90-30.4071.png,30.4071
1145_KnD7M_yWIFuI_rNiELFzew_43.29967772_24.35044485,211-180-30.4071.png,30.4071
1145_KnD7M_yWIFuI_rNiELFzew_43.29967772_24.35044485,211-270-30.4071.png,30.4071
995_Ewi5fr0La-Q2WO94bQzx2g_22.95922689_120.65097786,212-0-51.1614.png,51.1614
995_Ewi5fr0La-Q2WO94bQzx2g_22.95922689_120.65097786,212-90-51.1614.png,51.1614
995_Ewi5fr0La-Q2WO94bQzx2g_22.95922689_120.65097786,212-180-51.1614.png,51.1614
995_Ewi5fr0La-Q2WO94bQzx2g_22.95922689_120.65097786,212-270-51.1614.png,51.1614
1311_D5gqxjN49CDRq0MrFx7WQQ_53.25379329_12.15865960,213-0-59.3232.png,59.3232
1311_D5gqxjN49CDRq0MrFx7WQQ_53.25379329_12.15865960,213-90-59.3232.png,59.3232
1311_D5gqxjN49CDRq0MrFx7WQQ_53.25379329_12.15865960,213-180-59.3232.png,59.3232
1311_D5gqxjN49CDRq0MrFx7WQQ_53.25379329_12.15865960,213-270-59.3232.png,59.3232
63_l45jbBa-8N74dAihZTPF3g_51.93047027_11.84822322,214-0-48.7816.png,48.7816
63_l45jbBa-8N74dAihZTPF3g_51.93047027_11.84822322,214-90-48.7816.png,48.7816
63_l45jbBa-8N74dAihZTPF3g_51.93047027_11.84822322,214-180-48.7816.png,48.7816
63_l45jbBa-8N74dAihZTPF3g_51.93047027_11.84822322,214-270-48.7816.png,48.7816
1914_fc-EHKt8gaVGILW4j2_ISQ_22.28306690_114.23302051,215-0-74.9673.png,74.9673
1914_fc-EHKt8gaVGILW4j2_ISQ_22.28306690_114.23302051,215-90-74.9673.png,74.9673
1914_fc-EHKt8gaVGILW4j2_ISQ_22.28306690_114.23302051,215-180-74.9673.png,74.9673
1914_fc-EHKt8gaVGILW4j2_ISQ_22.28306690_114.23302051,215-270-74.9673.png,74.9673
160_P88pe1vXjUvIggB9CiR-nA_32.18486298_-88.33932584,216-0-21.497.png,21.497
160_P88pe1vXjUvIggB9CiR-nA_32.18486298_-88.33932584,216-90-21.497.png,21.497
160_P88pe1vXjUvIggB9CiR-nA_32.18486298_-88.33932584,216-180-21.497.png,21.497
160_P88pe1vXjUvIggB9CiR-nA_32.18486298_-88.33932584,216-270-21.497.png,21.497
3258_hWJTaA94T2dsFfYKrPkdPg_9.46702393_125.57679460,217-0-60.2252.png,60.2252
3258_hWJTaA94T2dsFfYKrPkdPg_9.46702393_125.57679460,217-90-60.2252.png,60.2252
3258_hWJTaA94T2dsFfYKrPkdPg_9.46702393_125.57679460,217-180-60.2252.png,60.2252
3258_hWJTaA94T2dsFfYKrPkdPg_9.46702393_125.57679460,217-270-60.2252.png,60.2252
414_xQt_1ZqnSkTUO8PWV7HJHw_-3.83759489_-50.63793875,218-0-84.928.png,84.928
414_xQt_1ZqnSkTUO8PWV7HJHw_-3.83759489_-50.63793875,218-90-84.928.png,84.928
414_xQt_1ZqnSkTUO8PWV7HJHw_-3.83759489_-50.63793875,218-180-84.928.png,84.928
414_xQt_1ZqnSkTUO8PWV7HJHw_-3.83759489_-50.63793875,218-270-84.928.png,84.928
2484_GlDYmWijyYABiYJlien7_A_-26.67048594_143.26725780,219-0-26.7429.png,26.7429
2484_GlDYmWijyYABiYJlien7_A_-26.67048594_143.26725780,219-90-26.7429.png,26.7429
2484_GlDYmWijyYABiYJlien7_A_-26.67048594_143.26725780,219-180-26.7429.png,26.7429
2484_GlDYmWijyYABiYJlien7_A_-26.67048594_143.26725780,219-270-26.7429.png,26.7429
474_sQVz5Di5T6fnFOCsLtB21g_-36.26713399_142.63159098,220-0-27.3135.png,27.3135
474_sQVz5Di5T6fnFOCsLtB21g_-36.26713399_142.63159098,220-90-27.3135.png,27.3135
474_sQVz5Di5T6fnFOCsLtB21g_-36.26713399_142.63159098,220-180-27.3135.png,27.3135
474_sQVz5Di5T6fnFOCsLtB21g_-36.26713399_142.63159098,220-270-27.3135.png,27.3135
1890_1Zr5rwjlvXCiwOHSxvEYnw_31.43765600_-92.67770759,221-0-69.2972.png,69.2972
1890_1Zr5rwjlvXCiwOHSxvEYnw_31.43765600_-92.67770759,221-90-69.2972.png,69.2972
1890_1Zr5rwjlvXCiwOHSxvEYnw_31.43765600_-92.67770759,221-180-69.2972.png,69.2972
1890_1Zr5rwjlvXCiwOHSxvEYnw_31.43765600_-92.67770759,221-270-69.2972.png,69.2972
178_6Js19pfQ4XTJnZJf5YSh6g_40.08642285_-105.93933650,222-0-18.6698.png,18.6698
178_6Js19pfQ4XTJnZJf5YSh6g_40.08642285_-105.93933650,222-90-18.6698.png,18.6698
178_6Js19pfQ4XTJnZJf5YSh6g_40.08642285_-105.93933650,222-180-18.6698.png,18.6698
178_6Js19pfQ4XTJnZJf5YSh6g_40.08642285_-105.93933650,222-270-18.6698.png,18.6698
670_VzDVKpveiP1p9CJCvL_cBA_-35.42910328_149.21919284,223-0-82.6969.png,82.6969
670_VzDVKpveiP1p9CJCvL_cBA_-35.42910328_149.21919284,223-90-82.6969.png,82.6969
670_VzDVKpveiP1p9CJCvL_cBA_-35.42910328_149.21919284,223-180-82.6969.png,82.6969
670_VzDVKpveiP1p9CJCvL_cBA_-35.42910328_149.21919284,223-270-82.6969.png,82.6969
2197_hhzlKmo1dJ3RQWzIrndYuQ_18.67590979_-96.20380877,224-0-49.5131.png,49.5131
2197_hhzlKmo1dJ3RQWzIrndYuQ_18.67590979_-96.20380877,224-90-49.5131.png,49.5131
2197_hhzlKmo1dJ3RQWzIrndYuQ_18.67590979_-96.20380877,224-180-49.5131.png,49.5131
2197_hhzlKmo1dJ3RQWzIrndYuQ_18.67590979_-96.20380877,224-270-49.5131.png,49.5131
152_dPkSE7Df9vLcmpdEkksFmw_40.74802804_17.45862523,225-0-67.5577.png,67.5577
152_dPkSE7Df9vLcmpdEkksFmw_40.74802804_17.45862523,225-90-67.5577.png,67.5577
152_dPkSE7Df9vLcmpdEkksFmw_40.74802804_17.45862523,225-180-67.5577.png,67.5577
152_dPkSE7Df9vLcmpdEkksFmw_40.74802804_17.45862523,225-270-67.5577.png,67.5577
1119_3tuRSA0Am1Z8kOwUA5e-IA_29.39128563_-81.63866776,226-0-27.4607.png,27.4607
1119_3tuRSA0Am1Z8kOwUA5e-IA_29.39128563_-81.63866776,226-90-27.4607.png,27.4607
1119_3tuRSA0Am1Z8kOwUA5e-IA_29.39128563_-81.63866776,226-180-27.4607.png,27.4607
1119_3tuRSA0Am1Z8kOwUA5e-IA_29.39128563_-81.63866776,226-270-27.4607.png,27.4607
220_IL8z9ZbsQFr61jY7UflZqA_55.70389194_11.04080796,227-0-26.804.png,26.804
220_IL8z9ZbsQFr61jY7UflZqA_55.70389194_11.04080796,227-90-26.804.png,26.804
220_IL8z9ZbsQFr61jY7UflZqA_55.70389194_11.04080796,227-180-26.804.png,26.804
220_IL8z9ZbsQFr61jY7UflZqA_55.70389194_11.04080796,227-270-26.804.png,26.804
1927_s1rD5ZtYl15cikJe-iXrAA_44.35074153_10.63147007,228-0-27.8949.png,27.8949
1927_s1rD5ZtYl15cikJe-iXrAA_44.35074153_10.63147007,228-90-27.8949.png,27.8949
1927_s1rD5ZtYl15cikJe-iXrAA_44.35074153_10.63147007,228-180-27.8949.png,27.8949
1927_s1rD5ZtYl15cikJe-iXrAA_44.35074153_10.63147007,228-270-27.8949.png,27.8949
571_w-bPU7G_0bff4CfQ-wqw-w_62.30143804_-145.30505410,229-0-18.7977.png,18.7977
571_w-bPU7G_0bff4CfQ-wqw-w_62.30143804_-145.30505410,229-90-18.7977.png,18.7977
571_w-bPU7G_0bff4CfQ-wqw-w_62.30143804_-145.30505410,229-180-18.7977.png,18.7977
571_w-bPU7G_0bff4CfQ-wqw-w_62.30143804_-145.30505410,229-270-18.7977.png,18.7977
176_m7Uegq0ertIrpmRR1Y8RAg_35.96606286_-94.77760298,230-0-16.9465.png,16.9465
176_m7Uegq0ertIrpmRR1Y8RAg_35.96606286_-94.77760298,230-90-16.9465.png,16.9465
176_m7Uegq0ertIrpmRR1Y8RAg_35.96606286_-94.77760298,230-180-16.9465.png,16.9465
176_m7Uegq0ertIrpmRR1Y8RAg_35.96606286_-94.77760298,230-270-16.9465.png,16.9465
1004_BfObL-IhbFtNZcF7ypRLQw_35.21575227_25.70358029,231-0-59.7645.png,59.7645
1004_BfObL-IhbFtNZcF7ypRLQw_35.21575227_25.70358029,231-90-59.7645.png,59.7645
1004_BfObL-IhbFtNZcF7ypRLQw_35.21575227_25.70358029,231-180-59.7645.png,59.7645
1004_BfObL-IhbFtNZcF7ypRLQw_35.21575227_25.70358029,231-270-59.7645.png,59.7645
225_MN5Boyn_-16tg5rycjvMQw_43.88346628_0.58011562,232-0-45.1739.png,45.1739
225_MN5Boyn_-16tg5rycjvMQw_43.88346628_0.58011562,232-90-45.1739.png,45.1739
225_MN5Boyn_-16tg5rycjvMQw_43.88346628_0.58011562,232-180-45.1739.png,45.1739
225_MN5Boyn_-16tg5rycjvMQw_43.88346628_0.58011562,232-270-45.1739.png,45.1739
1673_LxEAnOIvX4QTJD6gL6fI2Q_18.96278234_74.75364898,233-0-50.0231.png,50.0231
1673_LxEAnOIvX4QTJD6gL6fI2Q_18.96278234_74.75364898,233-90-50.0231.png,50.0231
1673_LxEAnOIvX4QTJD6gL6fI2Q_18.96278234_74.75364898,233-180-50.0231.png,50.0231
1673_LxEAnOIvX4QTJD6gL6fI2Q_18.96278234_74.75364898,233-270-50.0231.png,50.0231
435_AwH8H6e98pDOBa2gufTUsQ_42.48621050_2.83938743,234-0-48.2118.png,48.2118
435_AwH8H6e98pDOBa2gufTUsQ_42.48621050_2.83938743,234-90-48.2118.png,48.2118
435_AwH8H6e98pDOBa2gufTUsQ_42.48621050_2.83938743,234-180-48.2118.png,48.2118
435_AwH8H6e98pDOBa2gufTUsQ_42.48621050_2.83938743,234-270-48.2118.png,48.2118
1141_ObDFYkNi-BJzOfTEqXCbYg_31.58737316_-85.72534679,235-0-7.5631.png,7.5631
1141_ObDFYkNi-BJzOfTEqXCbYg_31.58737316_-85.72534679,235-90-7.5631.png,7.5631
1141_ObDFYkNi-BJzOfTEqXCbYg_31.58737316_-85.72534679,235-180-7.5631.png,7.5631
1141_ObDFYkNi-BJzOfTEqXCbYg_31.58737316_-85.72534679,235-270-7.5631.png,7.5631
115_HZDFZKqOLE6jDWME-9jq7w_20.17634270_85.80034372,236-0-71.1237.png,71.1237
115_HZDFZKqOLE6jDWME-9jq7w_20.17634270_85.80034372,236-90-71.1237.png,71.1237
115_HZDFZKqOLE6jDWME-9jq7w_20.17634270_85.80034372,236-180-71.1237.png,71.1237
115_HZDFZKqOLE6jDWME-9jq7w_20.17634270_85.80034372,236-270-71.1237.png,71.1237
17_zYgSHdfRLPxjDsHCTCnB3A_-32.75090825_151.10426102,237-0-32.6136.png,32.6136
17_zYgSHdfRLPxjDsHCTCnB3A_-32.75090825_151.10426102,237-90-32.6136.png,32.6136
17_zYgSHdfRLPxjDsHCTCnB3A_-32.75090825_151.10426102,237-180-32.6136.png,32.6136
17_zYgSHdfRLPxjDsHCTCnB3A_-32.75090825_151.10426102,237-270-32.6136.png,32.6136
1619_ffZPAHh8tYTqaM1tei0MJA_54.24217199_-2.77401912,238-0-59.5891.png,59.5891
1619_ffZPAHh8tYTqaM1tei0MJA_54.24217199_-2.77401912,238-90-59.5891.png,59.5891
1619_ffZPAHh8tYTqaM1tei0MJA_54.24217199_-2.77401912,238-180-59.5891.png,59.5891
1619_ffZPAHh8tYTqaM1tei0MJA_54.24217199_-2.77401912,238-270-59.5891.png,59.5891
1120_jPmwC4GFNtdBJlJBS4A2iA_31.76086767_-93.08788683,239-0-79.7326.png,79.7326
1120_jPmwC4GFNtdBJlJBS4A2iA_31.76086767_-93.08788683,239-90-79.7326.png,79.7326
1120_jPmwC4GFNtdBJlJBS4A2iA_31.76086767_-93.08788683,239-180-79.7326.png,79.7326
1120_jPmwC4GFNtdBJlJBS4A2iA_31.76086767_-93.08788683,239-270-79.7326.png,79.7326
2136_wEYT1b-avhEDJwtqgt7wcA_65.17644984_25.35235013,240-0-59.2761.png,59.2761
2136_wEYT1b-avhEDJwtqgt7wcA_65.17644984_25.35235013,240-90-59.2761.png,59.2761
2136_wEYT1b-avhEDJwtqgt7wcA_65.17644984_25.35235013,240-180-59.2761.png,59.2761
2136_wEYT1b-avhEDJwtqgt7wcA_65.17644984_25.35235013,240-270-59.2761.png,59.2761
1422_K0d8rwFVXbA2LcqzVqv5iQ_43.91919806_7.77243949,241-0-13.8791.png,13.8791
1422_K0d8rwFVXbA2LcqzVqv5iQ_43.91919806_7.77243949,241-90-13.8791.png,13.8791
1422_K0d8rwFVXbA2LcqzVqv5iQ_43.91919806_7.77243949,241-180-13.8791.png,13.8791
1422_K0d8rwFVXbA2LcqzVqv5iQ_43.91919806_7.77243949,241-270-13.8791.png,13.8791
1603_6HPeiU2kD-vgdH0GwhZ-Og_26.61485831_93.58300236,242-0-44.6489.png,44.6489
1603_6HPeiU2kD-vgdH0GwhZ-Og_26.61485831_93.58300236,242-90-44.6489.png,44.6489
1603_6HPeiU2kD-vgdH0GwhZ-Og_26.61485831_93.58300236,242-180-44.6489.png,44.6489
1603_6HPeiU2kD-vgdH0GwhZ-Og_26.61485831_93.58300236,242-270-44.6489.png,44.6489
185_IxL--PLOW1DFnM_ehF27Aw_50.94110891_3.45838232,243-0-28.4587.png,28.4587
185_IxL--PLOW1DFnM_ehF27Aw_50.94110891_3.45838232,243-90-28.4587.png,28.4587
185_IxL--PLOW1DFnM_ehF27Aw_50.94110891_3.45838232,243-180-28.4587.png,28.4587
185_IxL--PLOW1DFnM_ehF27Aw_50.94110891_3.45838232,243-270-28.4587.png,28.4587
905_fDhfiQ4V2tC_1XLJcz1qKg_59.42166459_16.46899566,244-0-33.7853.png,33.7853
905_fDhfiQ4V2tC_1XLJcz1qKg_59.42166459_16.46899566,244-90-33.7853.png,33.7853
905_fDhfiQ4V2tC_1XLJcz1qKg_59.42166459_16.46899566,244-180-33.7853.png,33.7853
905_fDhfiQ4V2tC_1XLJcz1qKg_59.42166459_16.46899566,244-270-33.7853.png,33.7853
57_81TR4Kd1cZtvd_per14-Qw_-34.84604681_138.48425581,245-0-22.4084.png,22.4084
57_81TR4Kd1cZtvd_per14-Qw_-34.84604681_138.48425581,245-90-22.4084.png,22.4084
57_81TR4Kd1cZtvd_per14-Qw_-34.84604681_138.48425581,245-180-22.4084.png,22.4084
57_81TR4Kd1cZtvd_per14-Qw_-34.84604681_138.48425581,245-270-22.4084.png,22.4084
881_O7Ta2m-o3MuggMgqkewP1w_19.69501282_74.29779086,246-0-29.6685.png,29.6685
881_O7Ta2m-o3MuggMgqkewP1w_19.69501282_74.29779086,246-90-29.6685.png,29.6685
881_O7Ta2m-o3MuggMgqkewP1w_19.69501282_74.29779086,246-180-29.6685.png,29.6685
881_O7Ta2m-o3MuggMgqkewP1w_19.69501282_74.29779086,246-270-29.6685.png,29.6685
758_Nbhk6mOguENusld5nzY7CQ_22.65915840_90.90975278,247-0-57.5467.png,57.5467
758_Nbhk6mOguENusld5nzY7CQ_22.65915840_90.90975278,247-90-57.5467.png,57.5467
758_Nbhk6mOguENusld5nzY7CQ_22.65915840_90.90975278,247-180-57.5467.png,57.5467
758_Nbhk6mOguENusld5nzY7CQ_22.65915840_90.90975278,247-270-57.5467.png,57.5467
941_qLAWNss8yS3P7AYqmOaIyA_38.85732783_22.36339142,248-0-25.8793.png,25.8793
941_qLAWNss8yS3P7AYqmOaIyA_38.85732783_22.36339142,248-90-25.8793.png,25.8793
941_qLAWNss8yS3P7AYqmOaIyA_38.85732783_22.36339142,248-180-25.8793.png,25.8793
941_qLAWNss8yS3P7AYqmOaIyA_38.85732783_22.36339142,248-270-25.8793.png,25.8793
380_2gMs5YyBaRlAUeLHRTWpeg_37.26883176_32.72857315,249-0-54.5439.png,54.5439
380_2gMs5YyBaRlAUeLHRTWpeg_37.26883176_32.72857315,249-90-54.5439.png,54.5439
380_2gMs5YyBaRlAUeLHRTWpeg_37.26883176_32.72857315,249-180-54.5439.png,54.5439
380_2gMs5YyBaRlAUeLHRTWpeg_37.26883176_32.72857315,249-270-54.5439.png,54.5439
537_qAhEfJfCKDPGLKCibaZBNA_40.13968715_-80.35115884,250-0-79.9714.png,79.9714
537_qAhEfJfCKDPGLKCibaZBNA_40.13968715_-80.35115884,250-90-79.9714.png,79.9714
537_qAhEfJfCKDPGLKCibaZBNA_40.13968715_-80.35115884,250-180-79.9714.png,79.9714
537_qAhEfJfCKDPGLKCibaZBNA_40.13968715_-80.35115884,250-270-79.9714.png,79.9714
678_GBmAtqQ_qOKXVI-7uiFrVg_34.14792429_-116.06500903,251-0-17.1874.png,17.1874
678_GBmAtqQ_qOKXVI-7uiFrVg_34.14792429_-116.06500903,251-90-17.1874.png,17.1874
678_GBmAtqQ_qOKXVI-7uiFrVg_34.14792429_-116.06500903,251-180-17.1874.png,17.1874
678_GBmAtqQ_qOKXVI-7uiFrVg_34.14792429_-116.06500903,251-270-17.1874.png,17.1874
3174_KvbGBYXN4rNRHtSkg6DP2g_45.76461798_8.24932736,252-0-32.5476.png,32.5476
3174_KvbGBYXN4rNRHtSkg6DP2g_45.76461798_8.24932736,252-90-32.5476.png,32.5476
3174_KvbGBYXN4rNRHtSkg6DP2g_45.76461798_8.24932736,252-180-32.5476.png,32.5476
3174_KvbGBYXN4rNRHtSkg6DP2g_45.76461798_8.24932736,252-270-32.5476.png,32.5476
3271_XqUIm9_HVM4Z-jZpd3b0Yw_37.65833881_-97.68392415,253-0-81.4353.png,81.4353
3271_XqUIm9_HVM4Z-jZpd3b0Yw_37.65833881_-97.68392415,253-90-81.4353.png,81.4353
3271_XqUIm9_HVM4Z-jZpd3b0Yw_37.65833881_-97.68392415,253-180-81.4353.png,81.4353
3271_XqUIm9_HVM4Z-jZpd3b0Yw_37.65833881_-97.68392415,253-270-81.4353.png,81.4353
1754_ZohQA-qMQQH0EXcCX_hf5g_26.28186059_-80.12893916,254-0-31.5482.png,31.5482
1754_ZohQA-qMQQH0EXcCX_hf5g_26.28186059_-80.12893916,254-90-31.5482.png,31.5482
1754_ZohQA-qMQQH0EXcCX_hf5g_26.28186059_-80.12893916,254-180-31.5482.png,31.5482
1754_ZohQA-qMQQH0EXcCX_hf5g_26.28186059_-80.12893916,254-270-31.5482.png,31.5482
511_Lv2qaDzMrPWLWISQsL51cg_44.19246975_8.24877802,255-0-76.518.png,76.518
511_Lv2qaDzMrPWLWISQsL51cg_44.19246975_8.24877802,255-90-76.518.png,76.518
511_Lv2qaDzMrPWLWISQsL51cg_44.19246975_8.24877802,255-180-76.518.png,76.518
511_Lv2qaDzMrPWLWISQsL51cg_44.19246975_8.24877802,255-270-76.518.png,76.518
828_gtYINTe18xy5KgS9MpoHOg_46.12936227_3.19229684,256-0-63.597.png,63.597
828_gtYINTe18xy5KgS9MpoHOg_46.12936227_3.19229684,256-90-63.597.png,63.597
828_gtYINTe18xy5KgS9MpoHOg_46.12936227_3.19229684,256-180-63.597.png,63.597
828_gtYINTe18xy5KgS9MpoHOg_46.12936227_3.19229684,256-270-63.597.png,63.597
827_DcCESmBGrZF2i13ksvSFVw_30.31880593_-89.34762616,257-0-50.5687.png,50.5687
827_DcCESmBGrZF2i13ksvSFVw_30.31880593_-89.34762616,257-90-50.5687.png,50.5687
827_DcCESmBGrZF2i13ksvSFVw_30.31880593_-89.34762616,257-180-50.5687.png,50.5687
827_DcCESmBGrZF2i13ksvSFVw_30.31880593_-89.34762616,257-270-50.5687.png,50.5687
1424_pvFJueGTs2rUgrtW0Md3OQ_1.49812693_104.04334429,258-0-77.0332.png,77.0332
1424_pvFJueGTs2rUgrtW0Md3OQ_1.49812693_104.04334429,258-90-77.0332.png,77.0332
1424_pvFJueGTs2rUgrtW0Md3OQ_1.49812693_104.04334429,258-180-77.0332.png,77.0332
1424_pvFJueGTs2rUgrtW0Md3OQ_1.49812693_104.04334429,258-270-77.0332.png,77.0332
1259_0j3oXEQGBOed0-XVKEfORQ_-18.40845456_-69.99526101,259-0-9.3831.png,9.3831
1259_0j3oXEQGBOed0-XVKEfORQ_-18.40845456_-69.99526101,259-90-9.3831.png,9.3831
1259_0j3oXEQGBOed0-XVKEfORQ_-18.40845456_-69.99526101,259-180-9.3831.png,9.3831
1259_0j3oXEQGBOed0-XVKEfORQ_-18.40845456_-69.99526101,259-270-9.3831.png,9.3831
2155_L0HDa_eZX8toob4iZwOz2A_50.09410039_10.45258533,260-0-63.0422.png,63.0422
2155_L0HDa_eZX8toob4iZwOz2A_50.09410039_10.45258533,260-90-63.0422.png,63.0422
2155_L0HDa_eZX8toob4iZwOz2A_50.09410039_10.45258533,260-180-63.0422.png,63.0422
2155_L0HDa_eZX8toob4iZwOz2A_50.09410039_10.45258533,260-270-63.0422.png,63.0422
58_qNH2xbbT4ZkwCAPs6Fnnow_27.41108613_-112.57937215,261-0-34.5763.png,34.5763
58_qNH2xbbT4ZkwCAPs6Fnnow_27.41108613_-112.57937215,261-90-34.5763.png,34.5763
58_qNH2xbbT4ZkwCAPs6Fnnow_27.41108613_-112.57937215,261-180-34.5763.png,34.5763
58_qNH2xbbT4ZkwCAPs6Fnnow_27.41108613_-112.57937215,261-270-34.5763.png,34.5763
519_QYs7d8jgBvw-4IkfUgVSoQ_38.95220966_40.02741339,262-0-61.6013.png,61.6013
519_QYs7d8jgBvw-4IkfUgVSoQ_38.95220966_40.02741339,262-90-61.6013.png,61.6013
519_QYs7d8jgBvw-4IkfUgVSoQ_38.95220966_40.02741339,262-180-61.6013.png,61.6013
519_QYs7d8jgBvw-4IkfUgVSoQ_38.95220966_40.02741339,262-270-61.6013.png,61.6013
972_TaYcWBG9mC9MP5R5uQgexg_51.85813190_-3.13623204,263-0-36.8088.png,36.8088
972_TaYcWBG9mC9MP5R5uQgexg_51.85813190_-3.13623204,263-90-36.8088.png,36.8088
972_TaYcWBG9mC9MP5R5uQgexg_51.85813190_-3.13623204,263-180-36.8088.png,36.8088
972_TaYcWBG9mC9MP5R5uQgexg_51.85813190_-3.13623204,263-270-36.8088.png,36.8088
592_9Zl3pjuXDxEmOQ6gJb7MrA_-34.69730682_-71.28452000,264-0-82.2107.png,82.2107
592_9Zl3pjuXDxEmOQ6gJb7MrA_-34.69730682_-71.28452000,264-90-82.2107.png,82.2107
592_9Zl3pjuXDxEmOQ6gJb7MrA_-34.69730682_-71.28452000,264-180-82.2107.png,82.2107
592_9Zl3pjuXDxEmOQ6gJb7MrA_-34.69730682_-71.28452000,264-270-82.2107.png,82.2107
2072_nIb6qrqOmv8sJEP6vukStg_37.68658901_-96.97678991,265-0-49.9321.png,49.9321
2072_nIb6qrqOmv8sJEP6vukStg_37.68658901_-96.97678991,265-90-49.9321.png,49.9321
2072_nIb6qrqOmv8sJEP6vukStg_37.68658901_-96.97678991,265-180-49.9321.png,49.9321
2072_nIb6qrqOmv8sJEP6vukStg_37.68658901_-96.97678991,265-270-49.9321.png,49.9321
116_lPRtwi0gK6G6lBkDNW8cAA_41.56666807_23.29997886,266-0-18.1252.png,18.1252
116_lPRtwi0gK6G6lBkDNW8cAA_41.56666807_23.29997886,266-90-18.1252.png,18.1252
116_lPRtwi0gK6G6lBkDNW8cAA_41.56666807_23.29997886,266-180-18.1252.png,18.1252
116_lPRtwi0gK6G6lBkDNW8cAA_41.56666807_23.29997886,266-270-18.1252.png,18.1252
2691_J39LkpHvb-UF51Po5l5Qvw_-24.28384919_-53.83985693,267-0-68.6628.png,68.6628
2691_J39LkpHvb-UF51Po5l5Qvw_-24.28384919_-53.83985693,267-90-68.6628.png,68.6628
2691_J39LkpHvb-UF51Po5l5Qvw_-24.28384919_-53.83985693,267-180-68.6628.png,68.6628
2691_J39LkpHvb-UF51Po5l5Qvw_-24.28384919_-53.83985693,267-270-68.6628.png,68.6628
617_DLIwJ9RCLVD36qvZGeGuSw_36.60174124_-83.75216885,268-0-52.1095.png,52.1095
617_DLIwJ9RCLVD36qvZGeGuSw_36.60174124_-83.75216885,268-90-52.1095.png,52.1095
617_DLIwJ9RCLVD36qvZGeGuSw_36.60174124_-83.75216885,268-180-52.1095.png,52.1095
617_DLIwJ9RCLVD36qvZGeGuSw_36.60174124_-83.75216885,268-270-52.1095.png,52.1095
333_KjQeiZm8eGUcO9ftZpNLqw_54.79630293_-7.77750470,269-0-59.0664.png,59.0664
333_KjQeiZm8eGUcO9ftZpNLqw_54.79630293_-7.77750470,269-90-59.0664.png,59.0664
333_KjQeiZm8eGUcO9ftZpNLqw_54.79630293_-7.77750470,269-180-59.0664.png,59.0664
333_KjQeiZm8eGUcO9ftZpNLqw_54.79630293_-7.77750470,269-270-59.0664.png,59.0664
1595_2i3hZ0qnAB473M2Z3arnVQ_42.86249089_12.41626038,270-0-17.7301.png,17.7301
1595_2i3hZ0qnAB473M2Z3arnVQ_42.86249089_12.41626038,270-90-17.7301.png,17.7301
1595_2i3hZ0qnAB473M2Z3arnVQ_42.86249089_12.41626038,270-180-17.7301.png,17.7301
1595_2i3hZ0qnAB473M2Z3arnVQ_42.86249089_12.41626038,270-270-17.7301.png,17.7301
1233_DXjNgvtC-y3iQSZ01xaeVg_41.14220588_-3.01900084,271-0-18.458.png,18.458
1233_DXjNgvtC-y3iQSZ01xaeVg_41.14220588_-3.01900084,271-90-18.458.png,18.458
1233_DXjNgvtC-y3iQSZ01xaeVg_41.14220588_-3.01900084,271-180-18.458.png,18.458
1233_DXjNgvtC-y3iQSZ01xaeVg_41.14220588_-3.01900084,271-270-18.458.png,18.458
2112_hP2YSJGj1F_Fk9YEpDZLFQ_35.57229565_-92.17717341,272-0-31.9622.png,31.9622
2112_hP2YSJGj1F_Fk9YEpDZLFQ_35.57229565_-92.17717341,272-90-31.9622.png,31.9622
2112_hP2YSJGj1F_Fk9YEpDZLFQ_35.57229565_-92.17717341,272-180-31.9622.png,31.9622
2112_hP2YSJGj1F_Fk9YEpDZLFQ_35.57229565_-92.17717341,272-270-31.9622.png,31.9622
3297_AJZ_5ySL4fiAFVOhFnGFaA_46.29018861_4.90436270,273-0-21.4574.png,21.4574
3297_AJZ_5ySL4fiAFVOhFnGFaA_46.29018861_4.90436270,273-90-21.4574.png,21.4574
3297_AJZ_5ySL4fiAFVOhFnGFaA_46.29018861_4.90436270,273-180-21.4574.png,21.4574
3297_AJZ_5ySL4fiAFVOhFnGFaA_46.29018861_4.90436270,273-270-21.4574.png,21.4574
897_-qxt27GTA1nrJZvnppPhdw_38.26139877_-104.62116130,274-0-42.5262.png,42.5262
897_-qxt27GTA1nrJZvnppPhdw_38.26139877_-104.62116130,274-90-42.5262.png,42.5262
897_-qxt27GTA1nrJZvnppPhdw_38.26139877_-104.62116130,274-180-42.5262.png,42.5262
897_-qxt27GTA1nrJZvnppPhdw_38.26139877_-104.62116130,274-270-42.5262.png,42.5262
989_uC4FN7-jAisFyzQ6lBUKig_53.64723306_109.70702916,275-0-47.3279.png,47.3279
989_uC4FN7-jAisFyzQ6lBUKig_53.64723306_109.70702916,275-90-47.3279.png,47.3279
989_uC4FN7-jAisFyzQ6lBUKig_53.64723306_109.70702916,275-180-47.3279.png,47.3279
989_uC4FN7-jAisFyzQ6lBUKig_53.64723306_109.70702916,275-270-47.3279.png,47.3279
2309_z-bR7G4y5FpOfSEHS7bDjg_29.80990884_-94.37528830,276-0-79.4659.png,79.4659
2309_z-bR7G4y5FpOfSEHS7bDjg_29.80990884_-94.37528830,276-90-79.4659.png,79.4659
2309_z-bR7G4y5FpOfSEHS7bDjg_29.80990884_-94.37528830,276-180-79.4659.png,79.4659
2309_z-bR7G4y5FpOfSEHS7bDjg_29.80990884_-94.37528830,276-270-79.4659.png,79.4659
1394_TMwGT2hkW3I8NDhPdQ7y0Q_40.10128284_-123.79221288,277-0-38.1335.png,38.1335
1394_TMwGT2hkW3I8NDhPdQ7y0Q_40.10128284_-123.79221288,277-90-38.1335.png,38.1335
1394_TMwGT2hkW3I8NDhPdQ7y0Q_40.10128284_-123.79221288,277-180-38.1335.png,38.1335
1394_TMwGT2hkW3I8NDhPdQ7y0Q_40.10128284_-123.79221288,277-270-38.1335.png,38.1335
2162_WLNJ4KmMHdlImw9hYdxrpg_37.57726752_-101.36461313,278-0-26.982.png,26.982
2162_WLNJ4KmMHdlImw9hYdxrpg_37.57726752_-101.36461313,278-90-26.982.png,26.982
2162_WLNJ4KmMHdlImw9hYdxrpg_37.57726752_-101.36461313,278-180-26.982.png,26.982
2162_WLNJ4KmMHdlImw9hYdxrpg_37.57726752_-101.36461313,278-270-26.982.png,26.982
1697_lCprrDItNHVodrIppLHqvQ_67.03356992_14.02661602,279-0-22.3962.png,22.3962
1697_lCprrDItNHVodrIppLHqvQ_67.03356992_14.02661602,279-90-22.3962.png,22.3962
1697_lCprrDItNHVodrIppLHqvQ_67.03356992_14.02661602,279-180-22.3962.png,22.3962
1697_lCprrDItNHVodrIppLHqvQ_67.03356992_14.02661602,279-270-22.3962.png,22.3962
591_GhXJ0NrrR94_FXM0kKlSLg_41.64773492_-77.66086819,280-0-21.3732.png,21.3732
591_GhXJ0NrrR94_FXM0kKlSLg_41.64773492_-77.66086819,280-90-21.3732.png,21.3732
591_GhXJ0NrrR94_FXM0kKlSLg_41.64773492_-77.66086819,280-180-21.3732.png,21.3732
591_GhXJ0NrrR94_FXM0kKlSLg_41.64773492_-77.66086819,280-270-21.3732.png,21.3732
1039_T0lUWM_xah2ufQTkI1_Pmg_33.96488029_-78.51051054,281-0-55.3923.png,55.3923
1039_T0lUWM_xah2ufQTkI1_Pmg_33.96488029_-78.51051054,281-90-55.3923.png,55.3923
1039_T0lUWM_xah2ufQTkI1_Pmg_33.96488029_-78.51051054,281-180-55.3923.png,55.3923
1039_T0lUWM_xah2ufQTkI1_Pmg_33.96488029_-78.51051054,281-270-55.3923.png,55.3923
442_WKAvqfGDFyHKNYpmE-hcUQ_-33.85589849_151.18570906,282-0-62.9076.png,62.9076
442_WKAvqfGDFyHKNYpmE-hcUQ_-33.85589849_151.18570906,282-90-62.9076.png,62.9076
442_WKAvqfGDFyHKNYpmE-hcUQ_-33.85589849_151.18570906,282-180-62.9076.png,62.9076
442_WKAvqfGDFyHKNYpmE-hcUQ_-33.85589849_151.18570906,282-270-62.9076.png,62.9076
339_6BpcUh9Pab_kgKFW31NkpQ_42.47540562_-98.80597394,283-0-62.0952.png,62.0952
339_6BpcUh9Pab_kgKFW31NkpQ_42.47540562_-98.80597394,283-90-62.0952.png,62.0952
339_6BpcUh9Pab_kgKFW31NkpQ_42.47540562_-98.80597394,283-180-62.0952.png,62.0952
339_6BpcUh9Pab_kgKFW31NkpQ_42.47540562_-98.80597394,283-270-62.0952.png,62.0952
691_urPy0j7poR6mSusSzrU7yA_50.79691800_3.84156174,284-0-52.3317.png,52.3317
691_urPy0j7poR6mSusSzrU7yA_50.79691800_3.84156174,284-90-52.3317.png,52.3317
691_urPy0j7poR6mSusSzrU7yA_50.79691800_3.84156174,284-180-52.3317.png,52.3317
691_urPy0j7poR6mSusSzrU7yA_50.79691800_3.84156174,284-270-52.3317.png,52.3317
739_YRjgNr8_dmih3ZQFqURsZw_56.97206143_23.86804281,285-0-31.0296.png,31.0296
739_YRjgNr8_dmih3ZQFqURsZw_56.97206143_23.86804281,285-90-31.0296.png,31.0296
739_YRjgNr8_dmih3ZQFqURsZw_56.97206143_23.86804281,285-180-31.0296.png,31.0296
739_YRjgNr8_dmih3ZQFqURsZw_56.97206143_23.86804281,285-270-31.0296.png,31.0296
35_BrUbuvBDObEuM_U8czlEsA_65.29780279_-146.42578565,286-0-32.6981.png,32.6981
35_BrUbuvBDObEuM_U8czlEsA_65.29780279_-146.42578565,286-90-32.6981.png,32.6981
35_BrUbuvBDObEuM_U8czlEsA_65.29780279_-146.42578565,286-180-32.6981.png,32.6981
35_BrUbuvBDObEuM_U8czlEsA_65.29780279_-146.42578565,286-270-32.6981.png,32.6981
236_hcXEayCXiNtPngXOS9AsZw_63.03873830_10.28834644,287-0-35.7258.png,35.7258
236_hcXEayCXiNtPngXOS9AsZw_63.03873830_10.28834644,287-90-35.7258.png,35.7258
236_hcXEayCXiNtPngXOS9AsZw_63.03873830_10.28834644,287-180-35.7258.png,35.7258
236_hcXEayCXiNtPngXOS9AsZw_63.03873830_10.28834644,287-270-35.7258.png,35.7258
1784_WaNgsFlg_oURN3jpIrjdpQ_37.29814093_23.19244950,288-0-28.2066.png,28.2066
1784_WaNgsFlg_oURN3jpIrjdpQ_37.29814093_23.19244950,288-90-28.2066.png,28.2066
1784_WaNgsFlg_oURN3jpIrjdpQ_37.29814093_23.19244950,288-180-28.2066.png,28.2066
1784_WaNgsFlg_oURN3jpIrjdpQ_37.29814093_23.19244950,288-270-28.2066.png,28.2066
3387_9XAjQrDcyzcyiXfEpdBiQA_31.70137453_-84.37471267,289-0-28.0821.png,28.0821
3387_9XAjQrDcyzcyiXfEpdBiQA_31.70137453_-84.37471267,289-90-28.0821.png,28.0821
3387_9XAjQrDcyzcyiXfEpdBiQA_31.70137453_-84.37471267,289-180-28.0821.png,28.0821
3387_9XAjQrDcyzcyiXfEpdBiQA_31.70137453_-84.37471267,289-270-28.0821.png,28.0821
3206_qtKyRXQqAQWboJHPReMQrQ_18.01875945_78.93585668,290-0-36.6336.png,36.6336
3206_qtKyRXQqAQWboJHPReMQrQ_18.01875945_78.93585668,290-90-36.6336.png,36.6336
3206_qtKyRXQqAQWboJHPReMQrQ_18.01875945_78.93585668,290-180-36.6336.png,36.6336
3206_qtKyRXQqAQWboJHPReMQrQ_18.01875945_78.93585668,290-270-36.6336.png,36.6336
3309_snnv8hRyqYxhZkwH3BkuyQ_56.04011421_12.17914545,291-0-51.8892.png,51.8892
3309_snnv8hRyqYxhZkwH3BkuyQ_56.04011421_12.17914545,291-90-51.8892.png,51.8892
3309_snnv8hRyqYxhZkwH3BkuyQ_56.04011421_12.17914545,291-180-51.8892.png,51.8892
3309_snnv8hRyqYxhZkwH3BkuyQ_56.04011421_12.17914545,291-270-51.8892.png,51.8892
1871_xIrH6W3KuVEiUkoL5Ks2qA_22.26668036_114.23356480,292-0-63.3192.png,63.3192
1871_xIrH6W3KuVEiUkoL5Ks2qA_22.26668036_114.23356480,292-90-63.3192.png,63.3192
1871_xIrH6W3KuVEiUkoL5Ks2qA_22.26668036_114.23356480,292-180-63.3192.png,63.3192
1871_xIrH6W3KuVEiUkoL5Ks2qA_22.26668036_114.23356480,292-270-63.3192.png,63.3192
448_jzpdm29pFhuI6bTTV-xu8A_33.39317475_-93.28898230,293-0-79.5947.png,79.5947
448_jzpdm29pFhuI6bTTV-xu8A_33.39317475_-93.28898230,293-90-79.5947.png,79.5947
448_jzpdm29pFhuI6bTTV-xu8A_33.39317475_-93.28898230,293-180-79.5947.png,79.5947
448_jzpdm29pFhuI6bTTV-xu8A_33.39317475_-93.28898230,293-270-79.5947.png,79.5947
1710_0G4OVZu4sk7vpnOvltbAtA_22.96702359_78.52864691,294-0-72.4627.png,72.4627
1710_0G4OVZu4sk7vpnOvltbAtA_22.96702359_78.52864691,294-90-72.4627.png,72.4627
1710_0G4OVZu4sk7vpnOvltbAtA_22.96702359_78.52864691,294-180-72.4627.png,72.4627
1710_0G4OVZu4sk7vpnOvltbAtA_22.96702359_78.52864691,294-270-72.4627.png,72.4627
1486_JeuG-1fTH3o1w4F6Tki6lw_40.02855799_18.01926278,295-0-13.7573.png,13.7573
1486_JeuG-1fTH3o1w4F6Tki6lw_40.02855799_18.01926278,295-90-13.7573.png,13.7573
1486_JeuG-1fTH3o1w4F6Tki6lw_40.02855799_18.01926278,295-180-13.7573.png,13.7573
1486_JeuG-1fTH3o1w4F6Tki6lw_40.02855799_18.01926278,295-270-13.7573.png,13.7573
39_IxLEB13ocpzo2illPZW7cA_25.86850658_88.14308427,296-0-42.8906.png,42.8906
39_IxLEB13ocpzo2illPZW7cA_25.86850658_88.14308427,296-90-42.8906.png,42.8906
39_IxLEB13ocpzo2illPZW7cA_25.86850658_88.14308427,296-180-42.8906.png,42.8906
39_IxLEB13ocpzo2illPZW7cA_25.86850658_88.14308427,296-270-42.8906.png,42.8906
562_azEP6s4mcnVZCN-CoTWQ9Q_-4.84175879_122.99603811,297-0-82.4063.png,82.4063
562_azEP6s4mcnVZCN-CoTWQ9Q_-4.84175879_122.99603811,297-90-82.4063.png,82.4063
562_azEP6s4mcnVZCN-CoTWQ9Q_-4.84175879_122.99603811,297-180-82.4063.png,82.4063
562_azEP6s4mcnVZCN-CoTWQ9Q_-4.84175879_122.99603811,297-270-82.4063.png,82.4063
1828_iysl7Xgycofk_uBKeL4BQQ_19.55573448_-99.25332611,298-0-48.77.png,48.77
1828_iysl7Xgycofk_uBKeL4BQQ_19.55573448_-99.25332611,298-90-48.77.png,48.77
1828_iysl7Xgycofk_uBKeL4BQQ_19.55573448_-99.25332611,298-180-48.77.png,48.77
1828_iysl7Xgycofk_uBKeL4BQQ_19.55573448_-99.25332611,298-270-48.77.png,48.77
1459_7YV7koQ6IeWS35Xe4qEnkw_-32.99831220_151.66786272,299-0-19.8821.png,19.8821
1459_7YV7koQ6IeWS35Xe4qEnkw_-32.99831220_151.66786272,299-90-19.8821.png,19.8821
1459_7YV7koQ6IeWS35Xe4qEnkw_-32.99831220_151.66786272,299-180-19.8821.png,19.8821
1459_7YV7koQ6IeWS35Xe4qEnkw_-32.99831220_151.66786272,299-270-19.8821.png,19.8821
277__cNoJ7nV_IndWDwFCcw9nw_45.36705508_5.61773452,300-0-68.5593.png,68.5593
277__cNoJ7nV_IndWDwFCcw9nw_45.36705508_5.61773452,300-90-68.5593.png,68.5593
277__cNoJ7nV_IndWDwFCcw9nw_45.36705508_5.61773452,300-180-68.5593.png,68.5593
277__cNoJ7nV_IndWDwFCcw9nw_45.36705508_5.61773452,300-270-68.5593.png,68.5593
844_G8-aVXqwd_0DHDe7QUzV8w_45.91767461_-90.45083617,301-0-84.6574.png,84.6574
844_G8-aVXqwd_0DHDe7QUzV8w_45.91767461_-90.45083617,301-90-84.6574.png,84.6574
844_G8-aVXqwd_0DHDe7QUzV8w_45.91767461_-90.45083617,301-180-84.6574.png,84.6574
844_G8-aVXqwd_0DHDe7QUzV8w_45.91767461_-90.45083617,301-270-84.6574.png,84.6574
1810_v5mfRIhsqN8lhxjUmiC2fA_46.87861622_-65.22960013,302-0-28.1479.png,28.1479
1810_v5mfRIhsqN8lhxjUmiC2fA_46.87861622_-65.22960013,302-90-28.1479.png,28.1479
1810_v5mfRIhsqN8lhxjUmiC2fA_46.87861622_-65.22960013,302-180-28.1479.png,28.1479
1810_v5mfRIhsqN8lhxjUmiC2fA_46.87861622_-65.22960013,302-270-28.1479.png,28.1479
429_P4I_not-bqivBx348bmy0Q_39.29744772_-123.10853480,303-0-29.8221.png,29.8221
429_P4I_not-bqivBx348bmy0Q_39.29744772_-123.10853480,303-90-29.8221.png,29.8221
429_P4I_not-bqivBx348bmy0Q_39.29744772_-123.10853480,303-180-29.8221.png,29.8221
429_P4I_not-bqivBx348bmy0Q_39.29744772_-123.10853480,303-270-29.8221.png,29.8221
952_2mqIjmri1by241cufsHrcw_64.26952313_24.84719515,304-0-9.5283.png,9.5283
952_2mqIjmri1by241cufsHrcw_64.26952313_24.84719515,304-90-9.5283.png,9.5283
952_2mqIjmri1by241cufsHrcw_64.26952313_24.84719515,304-180-9.5283.png,9.5283
952_2mqIjmri1by241cufsHrcw_64.26952313_24.84719515,304-270-9.5283.png,9.5283
272__IeLa84ZQmAvPkOl2KKA7A_-30.34034809_-50.27864920,305-0-70.8349.png,70.8349
272__IeLa84ZQmAvPkOl2KKA7A_-30.34034809_-50.27864920,305-90-70.8349.png,70.8349
272__IeLa84ZQmAvPkOl2KKA7A_-30.34034809_-50.27864920,305-180-70.8349.png,70.8349
272__IeLa84ZQmAvPkOl2KKA7A_-30.34034809_-50.27864920,305-270-70.8349.png,70.8349
2797_wFRYP69dbhwwlvJPZD7AAg_17.41766568_102.79066051,306-0-51.2182.png,51.2182
2797_wFRYP69dbhwwlvJPZD7AAg_17.41766568_102.79066051,306-90-51.2182.png,51.2182
2797_wFRYP69dbhwwlvJPZD7AAg_17.41766568_102.79066051,306-180-51.2182.png,51.2182
2797_wFRYP69dbhwwlvJPZD7AAg_17.41766568_102.79066051,306-270-51.2182.png,51.2182
13_dN6I7wjC0zDWxe8DJcpeIg_39.89974033_16.43353039,307-0-58.6935.png,58.6935
13_dN6I7wjC0zDWxe8DJcpeIg_39.89974033_16.43353039,307-90-58.6935.png,58.6935
13_dN6I7wjC0zDWxe8DJcpeIg_39.89974033_16.43353039,307-180-58.6935.png,58.6935
13_dN6I7wjC0zDWxe8DJcpeIg_39.89974033_16.43353039,307-270-58.6935.png,58.6935
33_pAIXj45UICe_bGpJAuCSWg_46.91322735_-103.52462773,308-0-22.951.png,22.951
33_pAIXj45UICe_bGpJAuCSWg_46.91322735_-103.52462773,308-90-22.951.png,22.951
33_pAIXj45UICe_bGpJAuCSWg_46.91322735_-103.52462773,308-180-22.951.png,22.951
33_pAIXj45UICe_bGpJAuCSWg_46.91322735_-103.52462773,308-270-22.951.png,22.951
895_7Q6tpkV_4iLSjMaAIJ5Imw_41.86759019_-103.66177545,309-0-22.9175.png,22.9175
895_7Q6tpkV_4iLSjMaAIJ5Imw_41.86759019_-103.66177545,309-90-22.9175.png,22.9175
895_7Q6tpkV_4iLSjMaAIJ5Imw_41.86759019_-103.66177545,309-180-22.9175.png,22.9175
895_7Q6tpkV_4iLSjMaAIJ5Imw_41.86759019_-103.66177545,309-270-22.9175.png,22.9175
261_PLA6hr54aeq6DXVoKt0CPQ_20.14180251_-88.65844715,310-0-36.8466.png,36.8466
261_PLA6hr54aeq6DXVoKt0CPQ_20.14180251_-88.65844715,310-90-36.8466.png,36.8466
261_PLA6hr54aeq6DXVoKt0CPQ_20.14180251_-88.65844715,310-180-36.8466.png,36.8466
261_PLA6hr54aeq6DXVoKt0CPQ_20.14180251_-88.65844715,310-270-36.8466.png,36.8466
258_DrKNtQKSt5hY6uSKWAYbRg_-33.24940889_144.56600558,311-0-8.1823.png,8.1823
258_DrKNtQKSt5hY6uSKWAYbRg_-33.24940889_144.56600558,311-90-8.1823.png,8.1823
258_DrKNtQKSt5hY6uSKWAYbRg_-33.24940889_144.56600558,311-180-8.1823.png,8.1823
258_DrKNtQKSt5hY6uSKWAYbRg_-33.24940889_144.56600558,311-270-8.1823.png,8.1823
380_L7KoHU3Tq_SkQNo536raIg_36.15916508_-115.02522641,312-0-23.7384.png,23.7384
380_L7KoHU3Tq_SkQNo536raIg_36.15916508_-115.02522641,312-90-23.7384.png,23.7384
380_L7KoHU3Tq_SkQNo536raIg_36.15916508_-115.02522641,312-180-23.7384.png,23.7384
380_L7KoHU3Tq_SkQNo536raIg_36.15916508_-115.02522641,312-270-23.7384.png,23.7384
3201_QdUvaBREYbP98b61_7L8QA_50.93377638_-105.16781736,313-0-60.9856.png,60.9856
3201_QdUvaBREYbP98b61_7L8QA_50.93377638_-105.16781736,313-90-60.9856.png,60.9856
3201_QdUvaBREYbP98b61_7L8QA_50.93377638_-105.16781736,313-180-60.9856.png,60.9856
3201_QdUvaBREYbP98b61_7L8QA_50.93377638_-105.16781736,313-270-60.9856.png,60.9856
1282_hnUmyZWlx4BNT4lWP0kshg_45.58319044_1.71979083,314-0-33.5889.png,33.5889
1282_hnUmyZWlx4BNT4lWP0kshg_45.58319044_1.71979083,314-90-33.5889.png,33.5889
1282_hnUmyZWlx4BNT4lWP0kshg_45.58319044_1.71979083,314-180-33.5889.png,33.5889
1282_hnUmyZWlx4BNT4lWP0kshg_45.58319044_1.71979083,314-270-33.5889.png,33.5889
73_NHwi7wxtTfc3MfI4RJlsAA_53.52292776_-7.09051957,315-0-43.0554.png,43.0554
73_NHwi7wxtTfc3MfI4RJlsAA_53.52292776_-7.09051957,315-90-43.0554.png,43.0554
73_NHwi7wxtTfc3MfI4RJlsAA_53.52292776_-7.09051957,315-180-43.0554.png,43.0554
73_NHwi7wxtTfc3MfI4RJlsAA_53.52292776_-7.09051957,315-270-43.0554.png,43.0554
1407_wJkSP0WzwzN5yyt2s3rarg_-35.24997601_138.88343809,316-0-59.0947.png,59.0947
1407_wJkSP0WzwzN5yyt2s3rarg_-35.24997601_138.88343809,316-90-59.0947.png,59.0947
1407_wJkSP0WzwzN5yyt2s3rarg_-35.24997601_138.88343809,316-180-59.0947.png,59.0947
1407_wJkSP0WzwzN5yyt2s3rarg_-35.24997601_138.88343809,316-270-59.0947.png,59.0947
922_3RBjmO5RcWNITWhsW-D9fA_34.96236446_-99.38067552,317-0-42.4151.png,42.4151
922_3RBjmO5RcWNITWhsW-D9fA_34.96236446_-99.38067552,317-90-42.4151.png,42.4151
922_3RBjmO5RcWNITWhsW-D9fA_34.96236446_-99.38067552,317-180-42.4151.png,42.4151
922_3RBjmO5RcWNITWhsW-D9fA_34.96236446_-99.38067552,317-270-42.4151.png,42.4151
3196_E0dkGcSrCA9UDHfJitZ6Mg_49.08297217_6.63988666,318-0-25.4449.png,25.4449
3196_E0dkGcSrCA9UDHfJitZ6Mg_49.08297217_6.63988666,318-90-25.4449.png,25.4449
3196_E0dkGcSrCA9UDHfJitZ6Mg_49.08297217_6.63988666,318-180-25.4449.png,25.4449
3196_E0dkGcSrCA9UDHfJitZ6Mg_49.08297217_6.63988666,318-270-25.4449.png,25.4449
2080_GO9_0iJzpGwQfsQCjz45tg_45.15943858_-83.89310555,319-0-24.4299.png,24.4299
2080_GO9_0iJzpGwQfsQCjz45tg_45.15943858_-83.89310555,319-90-24.4299.png,24.4299
2080_GO9_0iJzpGwQfsQCjz45tg_45.15943858_-83.89310555,319-180-24.4299.png,24.4299
2080_GO9_0iJzpGwQfsQCjz45tg_45.15943858_-83.89310555,319-270-24.4299.png,24.4299
749_9_QYm7R90n708v8Tte1wUg_38.53083024_31.22790372,320-0-50.6256.png,50.6256
749_9_QYm7R90n708v8Tte1wUg_38.53083024_31.22790372,320-90-50.6256.png,50.6256
749_9_QYm7R90n708v8Tte1wUg_38.53083024_31.22790372,320-180-50.6256.png,50.6256
749_9_QYm7R90n708v8Tte1wUg_38.53083024_31.22790372,320-270-50.6256.png,50.6256
887_DnrEW4EwUaYVbJZT5JwFOw_22.80021121_77.70231821,321-0-34.4404.png,34.4404
887_DnrEW4EwUaYVbJZT5JwFOw_22.80021121_77.70231821,321-90-34.4404.png,34.4404
887_DnrEW4EwUaYVbJZT5JwFOw_22.80021121_77.70231821,321-180-34.4404.png,34.4404
887_DnrEW4EwUaYVbJZT5JwFOw_22.80021121_77.70231821,321-270-34.4404.png,34.4404
476_kjl8yVpAy4ZGxiyA_m_Cuw_24.47105454_90.19594337,322-0-30.8802.png,30.8802
476_kjl8yVpAy4ZGxiyA_m_Cuw_24.47105454_90.19594337,322-90-30.8802.png,30.8802
476_kjl8yVpAy4ZGxiyA_m_Cuw_24.47105454_90.19594337,322-180-30.8802.png,30.8802
476_kjl8yVpAy4ZGxiyA_m_Cuw_24.47105454_90.19594337,322-270-30.8802.png,30.8802
339__rInO8Bl-voPOwlVUEPdgQ_52.42404419_-8.38447345,323-0-18.0436.png,18.0436
339__rInO8Bl-voPOwlVUEPdgQ_52.42404419_-8.38447345,323-90-18.0436.png,18.0436
339__rInO8Bl-voPOwlVUEPdgQ_52.42404419_-8.38447345,323-180-18.0436.png,18.0436
339__rInO8Bl-voPOwlVUEPdgQ_52.42404419_-8.38447345,323-270-18.0436.png,18.0436
2779_LAq-tnYkYyJ7JVc2X7vV2Q_48.22579861_5.66057405,324-0-67.9658.png,67.9658
2779_LAq-tnYkYyJ7JVc2X7vV2Q_48.22579861_5.66057405,324-90-67.9658.png,67.9658
2779_LAq-tnYkYyJ7JVc2X7vV2Q_48.22579861_5.66057405,324-180-67.9658.png,67.9658
2779_LAq-tnYkYyJ7JVc2X7vV2Q_48.22579861_5.66057405,324-270-67.9658.png,67.9658
439_CRS_jmZUSSgaQQKYWLSkXQ_40.10688344_-3.38560329,325-0-20.1709.png,20.1709
439_CRS_jmZUSSgaQQKYWLSkXQ_40.10688344_-3.38560329,325-90-20.1709.png,20.1709
439_CRS_jmZUSSgaQQKYWLSkXQ_40.10688344_-3.38560329,325-180-20.1709.png,20.1709
439_CRS_jmZUSSgaQQKYWLSkXQ_40.10688344_-3.38560329,325-270-20.1709.png,20.1709
1758_H9RB35gznm2quNWExH-MVw_-39.37820332_174.39023204,326-0-60.5904.png,60.5904
1758_H9RB35gznm2quNWExH-MVw_-39.37820332_174.39023204,326-90-60.5904.png,60.5904
1758_H9RB35gznm2quNWExH-MVw_-39.37820332_174.39023204,326-180-60.5904.png,60.5904
1758_H9RB35gznm2quNWExH-MVw_-39.37820332_174.39023204,326-270-60.5904.png,60.5904
686_rVTPyTArMVcWIw_QjTyvKw_40.91439420_38.30877775,327-0-35.3133.png,35.3133
686_rVTPyTArMVcWIw_QjTyvKw_40.91439420_38.30877775,327-90-35.3133.png,35.3133
686_rVTPyTArMVcWIw_QjTyvKw_40.91439420_38.30877775,327-180-35.3133.png,35.3133
686_rVTPyTArMVcWIw_QjTyvKw_40.91439420_38.30877775,327-270-35.3133.png,35.3133
3167_-UsCI5rexhzcmFWXyHkTdQ_9.39464709_122.83888354,328-0-67.0286.png,67.0286
3167_-UsCI5rexhzcmFWXyHkTdQ_9.39464709_122.83888354,328-90-67.0286.png,67.0286
3167_-UsCI5rexhzcmFWXyHkTdQ_9.39464709_122.83888354,328-180-67.0286.png,67.0286
3167_-UsCI5rexhzcmFWXyHkTdQ_9.39464709_122.83888354,328-270-67.0286.png,67.0286
186_EgiJ2hj6q5LHiRkPFf0Qvg_11.97780705_104.88671986,329-0-35.6517.png,35.6517
186_EgiJ2hj6q5LHiRkPFf0Qvg_11.97780705_104.88671986,329-90-35.6517.png,35.6517
186_EgiJ2hj6q5LHiRkPFf0Qvg_11.97780705_104.88671986,329-180-35.6517.png,35.6517
186_EgiJ2hj6q5LHiRkPFf0Qvg_11.97780705_104.88671986,329-270-35.6517.png,35.6517
1266_IeRJHQZ3ixkM50AscyaYNw_46.41136496_9.33671636,330-0-27.7801.png,27.7801
1266_IeRJHQZ3ixkM50AscyaYNw_46.41136496_9.33671636,330-90-27.7801.png,27.7801
1266_IeRJHQZ3ixkM50AscyaYNw_46.41136496_9.33671636,330-180-27.7801.png,27.7801
1266_IeRJHQZ3ixkM50AscyaYNw_46.41136496_9.33671636,330-270-27.7801.png,27.7801
3336_y2Ego_4bUDRjUuJAAw_RcQ_-6.23695436_106.51026788,331-0-29.537.png,29.537
3336_y2Ego_4bUDRjUuJAAw_RcQ_-6.23695436_106.51026788,331-90-29.537.png,29.537
3336_y2Ego_4bUDRjUuJAAw_RcQ_-6.23695436_106.51026788,331-180-29.537.png,29.537
3336_y2Ego_4bUDRjUuJAAw_RcQ_-6.23695436_106.51026788,331-270-29.537.png,29.537
1700_Ot42aBD5_BTctBbQkVkdHg_68.56459810_14.91084263,332-0-31.9085.png,31.9085
1700_Ot42aBD5_BTctBbQkVkdHg_68.56459810_14.91084263,332-90-31.9085.png,31.9085
1700_Ot42aBD5_BTctBbQkVkdHg_68.56459810_14.91084263,332-180-31.9085.png,31.9085
1700_Ot42aBD5_BTctBbQkVkdHg_68.56459810_14.91084263,332-270-31.9085.png,31.9085
1657_VX-la3j9AivIaQtnRKM2LA_29.28162226_78.95101643,333-0-71.2804.png,71.2804
1657_VX-la3j9AivIaQtnRKM2LA_29.28162226_78.95101643,333-90-71.2804.png,71.2804
1657_VX-la3j9AivIaQtnRKM2LA_29.28162226_78.95101643,333-180-71.2804.png,71.2804
1657_VX-la3j9AivIaQtnRKM2LA_29.28162226_78.95101643,333-270-71.2804.png,71.2804
1802_jBk_CFc_Nk9QIIpmlnXDOg_1.34605956_103.93274249,334-0-43.343.png,43.343
1802_jBk_CFc_Nk9QIIpmlnXDOg_1.34605956_103.93274249,334-90-43.343.png,43.343
1802_jBk_CFc_Nk9QIIpmlnXDOg_1.34605956_103.93274249,334-180-43.343.png,43.343
1802_jBk_CFc_Nk9QIIpmlnXDOg_1.34605956_103.93274249,334-270-43.343.png,43.343
1806_s0xnlsetopn05KKXAZOtFQ_68.38503885_17.19729632,335-0-23.4498.png,23.4498
1806_s0xnlsetopn05KKXAZOtFQ_68.38503885_17.19729632,335-90-23.4498.png,23.4498
1806_s0xnlsetopn05KKXAZOtFQ_68.38503885_17.19729632,335-180-23.4498.png,23.4498
1806_s0xnlsetopn05KKXAZOtFQ_68.38503885_17.19729632,335-270-23.4498.png,23.4498
1762_jpcY2wG0jGjCRGczl4cDrg_-27.99486899_143.82369714,336-0-40.2751.png,40.2751
1762_jpcY2wG0jGjCRGczl4cDrg_-27.99486899_143.82369714,336-90-40.2751.png,40.2751
1762_jpcY2wG0jGjCRGczl4cDrg_-27.99486899_143.82369714,336-180-40.2751.png,40.2751
1762_jpcY2wG0jGjCRGczl4cDrg_-27.99486899_143.82369714,336-270-40.2751.png,40.2751
1802_SQTKXLnJdGpO6cNXlwj9Zw_39.60182007_39.03375828,337-0-60.0395.png,60.0395
1802_SQTKXLnJdGpO6cNXlwj9Zw_39.60182007_39.03375828,337-90-60.0395.png,60.0395
1802_SQTKXLnJdGpO6cNXlwj9Zw_39.60182007_39.03375828,337-180-60.0395.png,60.0395
1802_SQTKXLnJdGpO6cNXlwj9Zw_39.60182007_39.03375828,337-270-60.0395.png,60.0395
1241_g_Wa6cnBky2KLoR_THK20w_-34.21659464_-57.80231729,338-0-71.1253.png,71.1253
1241_g_Wa6cnBky2KLoR_THK20w_-34.21659464_-57.80231729,338-90-71.1253.png,71.1253
1241_g_Wa6cnBky2KLoR_THK20w_-34.21659464_-57.80231729,338-180-71.1253.png,71.1253
1241_g_Wa6cnBky2KLoR_THK20w_-34.21659464_-57.80231729,338-270-71.1253.png,71.1253
3079_Xo1EwX6inpzItJ3y9L3M4w_18.98455794_78.39018379,339-0-77.6188.png,77.6188
3079_Xo1EwX6inpzItJ3y9L3M4w_18.98455794_78.39018379,339-90-77.6188.png,77.6188
3079_Xo1EwX6inpzItJ3y9L3M4w_18.98455794_78.39018379,339-180-77.6188.png,77.6188
3079_Xo1EwX6inpzItJ3y9L3M4w_18.98455794_78.39018379,339-270-77.6188.png,77.6188
99_JCIYL95iUH1tU3xPTkYR_g_-24.80828627_30.33683447,340-0-38.8624.png,38.8624
99_JCIYL95iUH1tU3xPTkYR_g_-24.80828627_30.33683447,340-90-38.8624.png,38.8624
99_JCIYL95iUH1tU3xPTkYR_g_-24.80828627_30.33683447,340-180-38.8624.png,38.8624
99_JCIYL95iUH1tU3xPTkYR_g_-24.80828627_30.33683447,340-270-38.8624.png,38.8624
1168_7T0emIorQy9Vt4RZluK90w_38.98967352_-3.91909030,341-0-38.3131.png,38.3131
1168_7T0emIorQy9Vt4RZluK90w_38.98967352_-3.91909030,341-90-38.3131.png,38.3131
1168_7T0emIorQy9Vt4RZluK90w_38.98967352_-3.91909030,341-180-38.3131.png,38.3131
1168_7T0emIorQy9Vt4RZluK90w_38.98967352_-3.91909030,341-270-38.3131.png,38.3131
1020_bAJfg-5pjGtzY3TB4m2Zgw_40.88656183_-82.42882971,342-0-40.3829.png,40.3829
1020_bAJfg-5pjGtzY3TB4m2Zgw_40.88656183_-82.42882971,342-90-40.3829.png,40.3829
1020_bAJfg-5pjGtzY3TB4m2Zgw_40.88656183_-82.42882971,342-180-40.3829.png,40.3829
1020_bAJfg-5pjGtzY3TB4m2Zgw_40.88656183_-82.42882971,342-270-40.3829.png,40.3829
752_XgCDoh-rQ4yycqphrRp1Ew_48.88641127_11.62072631,343-0-51.9454.png,51.9454
752_XgCDoh-rQ4yycqphrRp1Ew_48.88641127_11.62072631,343-90-51.9454.png,51.9454
752_XgCDoh-rQ4yycqphrRp1Ew_48.88641127_11.62072631,343-180-51.9454.png,51.9454
752_XgCDoh-rQ4yycqphrRp1Ew_48.88641127_11.62072631,343-270-51.9454.png,51.9454
2379_cwIYqa6OEpP2CMsV1OFSCQ_44.89916555_-124.00485789,344-0-20.509.png,20.509
2379_cwIYqa6OEpP2CMsV1OFSCQ_44.89916555_-124.00485789,344-90-20.509.png,20.509
2379_cwIYqa6OEpP2CMsV1OFSCQ_44.89916555_-124.00485789,344-180-20.509.png,20.509
2379_cwIYqa6OEpP2CMsV1OFSCQ_44.89916555_-124.00485789,344-270-20.509.png,20.509
656_j2kNSR293m_yaX-mnF92Hg_23.09412757_120.35488228,345-0-13.658.png,13.658
656_j2kNSR293m_yaX-mnF92Hg_23.09412757_120.35488228,345-90-13.658.png,13.658
656_j2kNSR293m_yaX-mnF92Hg_23.09412757_120.35488228,345-180-13.658.png,13.658
656_j2kNSR293m_yaX-mnF92Hg_23.09412757_120.35488228,345-270-13.658.png,13.658
400_lWMvNcATORN7CLxIomiafA_46.09918473_-73.93874992,346-0-46.4898.png,46.4898
400_lWMvNcATORN7CLxIomiafA_46.09918473_-73.93874992,346-90-46.4898.png,46.4898
400_lWMvNcATORN7CLxIomiafA_46.09918473_-73.93874992,346-180-46.4898.png,46.4898
400_lWMvNcATORN7CLxIomiafA_46.09918473_-73.93874992,346-270-46.4898.png,46.4898
1687__Gn9aOS43Fh_JJxVQ6FK5g_-7.78982558_108.18115584,347-0-64.771.png,64.771
1687__Gn9aOS43Fh_JJxVQ6FK5g_-7.78982558_108.18115584,347-90-64.771.png,64.771
1687__Gn9aOS43Fh_JJxVQ6FK5g_-7.78982558_108.18115584,347-180-64.771.png,64.771
1687__Gn9aOS43Fh_JJxVQ6FK5g_-7.78982558_108.18115584,347-270-64.771.png,64.771
41_rBjZgOArro3ZJPmxXhFmVQ_37.96213495_-98.60063174,348-0-75.2924.png,75.2924
41_rBjZgOArro3ZJPmxXhFmVQ_37.96213495_-98.60063174,348-90-75.2924.png,75.2924
41_rBjZgOArro3ZJPmxXhFmVQ_37.96213495_-98.60063174,348-180-75.2924.png,75.2924
41_rBjZgOArro3ZJPmxXhFmVQ_37.96213495_-98.60063174,348-270-75.2924.png,75.2924
552_1I2qcBL9v3TpUfzgYxxd3A_-25.52317309_31.35699065,349-0-33.7402.png,33.7402
552_1I2qcBL9v3TpUfzgYxxd3A_-25.52317309_31.35699065,349-90-33.7402.png,33.7402
552_1I2qcBL9v3TpUfzgYxxd3A_-25.52317309_31.35699065,349-180-33.7402.png,33.7402
552_1I2qcBL9v3TpUfzgYxxd3A_-25.52317309_31.35699065,349-270-33.7402.png,33.7402
1903_HbeXfA-yhFRnIRCMVNzV7g_44.44984704_23.68313508,350-0-23.6401.png,23.6401
1903_HbeXfA-yhFRnIRCMVNzV7g_44.44984704_23.68313508,350-90-23.6401.png,23.6401
1903_HbeXfA-yhFRnIRCMVNzV7g_44.44984704_23.68313508,350-180-23.6401.png,23.6401
1903_HbeXfA-yhFRnIRCMVNzV7g_44.44984704_23.68313508,350-270-23.6401.png,23.6401
1170_kDKCjCGPIkxuOkoq4vsAuw_35.23914406_-91.69123348,351-0-42.5377.png,42.5377
1170_kDKCjCGPIkxuOkoq4vsAuw_35.23914406_-91.69123348,351-90-42.5377.png,42.5377
1170_kDKCjCGPIkxuOkoq4vsAuw_35.23914406_-91.69123348,351-180-42.5377.png,42.5377
1170_kDKCjCGPIkxuOkoq4vsAuw_35.23914406_-91.69123348,351-270-42.5377.png,42.5377
2432_Osb0eI7mNo5a7Bl8CC8R9A_49.95026005_-98.29341157,352-0-46.1191.png,46.1191
2432_Osb0eI7mNo5a7Bl8CC8R9A_49.95026005_-98.29341157,352-90-46.1191.png,46.1191
2432_Osb0eI7mNo5a7Bl8CC8R9A_49.95026005_-98.29341157,352-180-46.1191.png,46.1191
2432_Osb0eI7mNo5a7Bl8CC8R9A_49.95026005_-98.29341157,352-270-46.1191.png,46.1191
1846_lUFnEeNitg-PpyP1d0RJNA_64.86188548_11.23966224,353-0-26.046.png,26.046
1846_lUFnEeNitg-PpyP1d0RJNA_64.86188548_11.23966224,353-90-26.046.png,26.046
1846_lUFnEeNitg-PpyP1d0RJNA_64.86188548_11.23966224,353-180-26.046.png,26.046
1846_lUFnEeNitg-PpyP1d0RJNA_64.86188548_11.23966224,353-270-26.046.png,26.046
1861_OkGkQB6n4qe3obq41YY8lA_54.24943706_-8.87860289,354-0-38.6029.png,38.6029
1861_OkGkQB6n4qe3obq41YY8lA_54.24943706_-8.87860289,354-90-38.6029.png,38.6029
1861_OkGkQB6n4qe3obq41YY8lA_54.24943706_-8.87860289,354-180-38.6029.png,38.6029
1861_OkGkQB6n4qe3obq41YY8lA_54.24943706_-8.87860289,354-270-38.6029.png,38.6029
12_YT9A1gWb2WWGjEeJ6dyw7Q_63.08560040_21.68333694,355-0-28.1649.png,28.1649
12_YT9A1gWb2WWGjEeJ6dyw7Q_63.08560040_21.68333694,355-90-28.1649.png,28.1649
12_YT9A1gWb2WWGjEeJ6dyw7Q_63.08560040_21.68333694,355-180-28.1649.png,28.1649
12_YT9A1gWb2WWGjEeJ6dyw7Q_63.08560040_21.68333694,355-270-28.1649.png,28.1649
1254_z4ncD_vQJBfZcC2s0i22cA_45.58318326_25.45023083,356-0-35.2694.png,35.2694
1254_z4ncD_vQJBfZcC2s0i22cA_45.58318326_25.45023083,356-90-35.2694.png,35.2694
1254_z4ncD_vQJBfZcC2s0i22cA_45.58318326_25.45023083,356-180-35.2694.png,35.2694
1254_z4ncD_vQJBfZcC2s0i22cA_45.58318326_25.45023083,356-270-35.2694.png,35.2694
1360_g_Wa6cnBky2KLoR_THK20w_-34.21659464_-57.80231729,357-0-71.1253.png,71.1253
1360_g_Wa6cnBky2KLoR_THK20w_-34.21659464_-57.80231729,357-90-71.1253.png,71.1253
1360_g_Wa6cnBky2KLoR_THK20w_-34.21659464_-57.80231729,357-180-71.1253.png,71.1253
1360_g_Wa6cnBky2KLoR_THK20w_-34.21659464_-57.80231729,357-270-71.1253.png,71.1253
486_jxGYmhF3zsP64xSHhZ0fWg_27.26400648_74.98878511,358-0-44.7921.png,44.7921
486_jxGYmhF3zsP64xSHhZ0fWg_27.26400648_74.98878511,358-90-44.7921.png,44.7921
486_jxGYmhF3zsP64xSHhZ0fWg_27.26400648_74.98878511,358-180-44.7921.png,44.7921
486_jxGYmhF3zsP64xSHhZ0fWg_27.26400648_74.98878511,358-270-44.7921.png,44.7921
64_xASNJ87BdsKHty3z21_4wQ_-22.55459040_-43.05236462,359-0-64.515.png,64.515
64_xASNJ87BdsKHty3z21_4wQ_-22.55459040_-43.05236462,359-90-64.515.png,64.515
64_xASNJ87BdsKHty3z21_4wQ_-22.55459040_-43.05236462,359-180-64.515.png,64.515
64_xASNJ87BdsKHty3z21_4wQ_-22.55459040_-43.05236462,359-270-64.515.png,64.515
1375_6gu7A5SddvSDTRwCgROU3Q_53.71029234_-1.27912877,360-0-67.255.png,67.255
1375_6gu7A5SddvSDTRwCgROU3Q_53.71029234_-1.27912877,360-90-67.255.png,67.255
1375_6gu7A5SddvSDTRwCgROU3Q_53.71029234_-1.27912877,360-180-67.255.png,67.255
1375_6gu7A5SddvSDTRwCgROU3Q_53.71029234_-1.27912877,360-270-67.255.png,67.255
732_dvZ1CKUXTUzdS3hKsscr7g_22.28020590_114.16339589,361-0-70.3767.png,70.3767
732_dvZ1CKUXTUzdS3hKsscr7g_22.28020590_114.16339589,361-90-70.3767.png,70.3767
732_dvZ1CKUXTUzdS3hKsscr7g_22.28020590_114.16339589,361-180-70.3767.png,70.3767
732_dvZ1CKUXTUzdS3hKsscr7g_22.28020590_114.16339589,361-270-70.3767.png,70.3767
98_UXG_kW-oFqAUneV3iITplg_43.21118002_-8.05264989,362-0-14.1579.png,14.1579
98_UXG_kW-oFqAUneV3iITplg_43.21118002_-8.05264989,362-90-14.1579.png,14.1579
98_UXG_kW-oFqAUneV3iITplg_43.21118002_-8.05264989,362-180-14.1579.png,14.1579
98_UXG_kW-oFqAUneV3iITplg_43.21118002_-8.05264989,362-270-14.1579.png,14.1579
3316_tYlViHOvF2aTr7eG9x5ADg_41.58806450_-88.92244328,363-0-31.9927.png,31.9927
3316_tYlViHOvF2aTr7eG9x5ADg_41.58806450_-88.92244328,363-90-31.9927.png,31.9927
3316_tYlViHOvF2aTr7eG9x5ADg_41.58806450_-88.92244328,363-180-31.9927.png,31.9927
3316_tYlViHOvF2aTr7eG9x5ADg_41.58806450_-88.92244328,363-270-31.9927.png,31.9927
938_6_lljxM5rMf5wcvyp0c8Zw_42.86496837_-7.44412813,364-0-59.9674.png,59.9674
938_6_lljxM5rMf5wcvyp0c8Zw_42.86496837_-7.44412813,364-90-59.9674.png,59.9674
938_6_lljxM5rMf5wcvyp0c8Zw_42.86496837_-7.44412813,364-180-59.9674.png,59.9674
938_6_lljxM5rMf5wcvyp0c8Zw_42.86496837_-7.44412813,364-270-59.9674.png,59.9674
194_nLLNP5dm4xb7GbATthswPg_60.58726437_4.83874734,365-0-12.4922.png,12.4922
194_nLLNP5dm4xb7GbATthswPg_60.58726437_4.83874734,365-90-12.4922.png,12.4922
194_nLLNP5dm4xb7GbATthswPg_60.58726437_4.83874734,365-180-12.4922.png,12.4922
194_nLLNP5dm4xb7GbATthswPg_60.58726437_4.83874734,365-270-12.4922.png,12.4922
393_2nSNZN414ObNicf9--a1eA_40.68275072_29.53207517,366-0-55.6001.png,55.6001
393_2nSNZN414ObNicf9--a1eA_40.68275072_29.53207517,366-90-55.6001.png,55.6001
393_2nSNZN414ObNicf9--a1eA_40.68275072_29.53207517,366-180-55.6001.png,55.6001
393_2nSNZN414ObNicf9--a1eA_40.68275072_29.53207517,366-270-55.6001.png,55.6001
1835_s6HlIUhDpIfOq4f-Kt_aAw_51.06721616_5.41703936,367-0-56.8185.png,56.8185
1835_s6HlIUhDpIfOq4f-Kt_aAw_51.06721616_5.41703936,367-90-56.8185.png,56.8185
1835_s6HlIUhDpIfOq4f-Kt_aAw_51.06721616_5.41703936,367-180-56.8185.png,56.8185
1835_s6HlIUhDpIfOq4f-Kt_aAw_51.06721616_5.41703936,367-270-56.8185.png,56.8185
2831_HlbePUVmUTheTDI0U-mRsg_-46.36456137_168.35627124,368-0-33.6294.png,33.6294
2831_HlbePUVmUTheTDI0U-mRsg_-46.36456137_168.35627124,368-90-33.6294.png,33.6294
2831_HlbePUVmUTheTDI0U-mRsg_-46.36456137_168.35627124,368-180-33.6294.png,33.6294
2831_HlbePUVmUTheTDI0U-mRsg_-46.36456137_168.35627124,368-270-33.6294.png,33.6294
358_NmCs0bzYqzhvRNxob-2s9g_39.27735366_-111.63245002,369-0-31.0156.png,31.0156
358_NmCs0bzYqzhvRNxob-2s9g_39.27735366_-111.63245002,369-90-31.0156.png,31.0156
358_NmCs0bzYqzhvRNxob-2s9g_39.27735366_-111.63245002,369-180-31.0156.png,31.0156
358_NmCs0bzYqzhvRNxob-2s9g_39.27735366_-111.63245002,369-270-31.0156.png,31.0156
740_ELZOE1iWo9EucPBu6xpgUQ_28.79905044_-98.49180542,370-0-77.086.png,77.086
740_ELZOE1iWo9EucPBu6xpgUQ_28.79905044_-98.49180542,370-90-77.086.png,77.086
740_ELZOE1iWo9EucPBu6xpgUQ_28.79905044_-98.49180542,370-180-77.086.png,77.086
740_ELZOE1iWo9EucPBu6xpgUQ_28.79905044_-98.49180542,370-270-77.086.png,77.086
527_1mQqOLH9D6b-yCinHlgwhw_32.87356037_-95.76610742,371-0-77.0373.png,77.0373
527_1mQqOLH9D6b-yCinHlgwhw_32.87356037_-95.76610742,371-90-77.0373.png,77.0373
527_1mQqOLH9D6b-yCinHlgwhw_32.87356037_-95.76610742,371-180-77.0373.png,77.0373
527_1mQqOLH9D6b-yCinHlgwhw_32.87356037_-95.76610742,371-270-77.0373.png,77.0373
1483_ocSxnTbOF4ZYhQkcwKvuSQ_34.14132998_132.94184609,372-0-76.8357.png,76.8357
1483_ocSxnTbOF4ZYhQkcwKvuSQ_34.14132998_132.94184609,372-90-76.8357.png,76.8357
1483_ocSxnTbOF4ZYhQkcwKvuSQ_34.14132998_132.94184609,372-180-76.8357.png,76.8357
1483_ocSxnTbOF4ZYhQkcwKvuSQ_34.14132998_132.94184609,372-270-76.8357.png,76.8357
1869_JEvnQxxO_GtaUyFhai-FQA_48.19068279_9.97281913,373-0-36.5112.png,36.5112
1869_JEvnQxxO_GtaUyFhai-FQA_48.19068279_9.97281913,373-90-36.5112.png,36.5112
1869_JEvnQxxO_GtaUyFhai-FQA_48.19068279_9.97281913,373-180-36.5112.png,36.5112
1869_JEvnQxxO_GtaUyFhai-FQA_48.19068279_9.97281913,373-270-36.5112.png,36.5112
2986_21zzsOdYRix7F3cE_WzqnA_32.48187531_-100.40860968,374-0-25.3152.png,25.3152
2986_21zzsOdYRix7F3cE_WzqnA_32.48187531_-100.40860968,374-90-25.3152.png,25.3152
2986_21zzsOdYRix7F3cE_WzqnA_32.48187531_-100.40860968,374-180-25.3152.png,25.3152
2986_21zzsOdYRix7F3cE_WzqnA_32.48187531_-100.40860968,374-270-25.3152.png,25.3152
2827_PvOk_FOzSPjvjOVtcXs0eg_-22.11090142_-54.16951677,375-0-63.4875.png,63.4875
2827_PvOk_FOzSPjvjOVtcXs0eg_-22.11090142_-54.16951677,375-90-63.4875.png,63.4875
2827_PvOk_FOzSPjvjOVtcXs0eg_-22.11090142_-54.16951677,375-180-63.4875.png,63.4875
2827_PvOk_FOzSPjvjOVtcXs0eg_-22.11090142_-54.16951677,375-270-63.4875.png,63.4875
1470_flhZes1AMdjRGlSQVUcTfg_60.01637930_10.26330806,376-0-36.6635.png,36.6635
1470_flhZes1AMdjRGlSQVUcTfg_60.01637930_10.26330806,376-90-36.6635.png,36.6635
1470_flhZes1AMdjRGlSQVUcTfg_60.01637930_10.26330806,376-180-36.6635.png,36.6635
1470_flhZes1AMdjRGlSQVUcTfg_60.01637930_10.26330806,376-270-36.6635.png,36.6635
2485_u6GNxp1h9jn8HFsU6Hha6A_48.43697997_1.46406914,377-0-24.0402.png,24.0402
2485_u6GNxp1h9jn8HFsU6Hha6A_48.43697997_1.46406914,377-90-24.0402.png,24.0402
2485_u6GNxp1h9jn8HFsU6Hha6A_48.43697997_1.46406914,377-180-24.0402.png,24.0402
2485_u6GNxp1h9jn8HFsU6Hha6A_48.43697997_1.46406914,377-270-24.0402.png,24.0402
1251_LhDcp9F7Pu3QO8-CcPuPhQ_48.93025081_15.23940459,378-0-34.7877.png,34.7877
1251_LhDcp9F7Pu3QO8-CcPuPhQ_48.93025081_15.23940459,378-90-34.7877.png,34.7877
1251_LhDcp9F7Pu3QO8-CcPuPhQ_48.93025081_15.23940459,378-180-34.7877.png,34.7877
1251_LhDcp9F7Pu3QO8-CcPuPhQ_48.93025081_15.23940459,378-270-34.7877.png,34.7877
2522_2OKn1Ae57BC6SJ_EGTmOWw_38.60564721_-86.10134358,379-0-53.1713.png,53.1713
2522_2OKn1Ae57BC6SJ_EGTmOWw_38.60564721_-86.10134358,379-90-53.1713.png,53.1713
2522_2OKn1Ae57BC6SJ_EGTmOWw_38.60564721_-86.10134358,379-180-53.1713.png,53.1713
2522_2OKn1Ae57BC6SJ_EGTmOWw_38.60564721_-86.10134358,379-270-53.1713.png,53.1713
795_T0RHPYT8wkwCMfpqOeVIAA_47.57199442_-0.48997223,380-0-31.2578.png,31.2578
795_T0RHPYT8wkwCMfpqOeVIAA_47.57199442_-0.48997223,380-90-31.2578.png,31.2578
795_T0RHPYT8wkwCMfpqOeVIAA_47.57199442_-0.48997223,380-180-31.2578.png,31.2578
795_T0RHPYT8wkwCMfpqOeVIAA_47.57199442_-0.48997223,380-270-31.2578.png,31.2578
1504_L9w1dqQexWvheFY3TCpg_g_60.70611094_8.47869576,381-0-17.7636.png,17.7636
1504_L9w1dqQexWvheFY3TCpg_g_60.70611094_8.47869576,381-90-17.7636.png,17.7636
1504_L9w1dqQexWvheFY3TCpg_g_60.70611094_8.47869576,381-180-17.7636.png,17.7636
1504_L9w1dqQexWvheFY3TCpg_g_60.70611094_8.47869576,381-270-17.7636.png,17.7636
461_0pozRwBo3A_Zudi-qyscmA_47.94000901_4.25439709,382-0-84.8117.png,84.8117
461_0pozRwBo3A_Zudi-qyscmA_47.94000901_4.25439709,382-90-84.8117.png,84.8117
461_0pozRwBo3A_Zudi-qyscmA_47.94000901_4.25439709,382-180-84.8117.png,84.8117
461_0pozRwBo3A_Zudi-qyscmA_47.94000901_4.25439709,382-270-84.8117.png,84.8117
1265_6vBn8u_UiSEeC8XyhvEEpA_43.17005987_-88.15944606,383-0-80.2159.png,80.2159
1265_6vBn8u_UiSEeC8XyhvEEpA_43.17005987_-88.15944606,383-90-80.2159.png,80.2159
1265_6vBn8u_UiSEeC8XyhvEEpA_43.17005987_-88.15944606,383-180-80.2159.png,80.2159
1265_6vBn8u_UiSEeC8XyhvEEpA_43.17005987_-88.15944606,383-270-80.2159.png,80.2159
2736_Ngi8wU_wztIqLHE9N24mNA_61.01599570_69.03814567,384-0-24.5746.png,24.5746
2736_Ngi8wU_wztIqLHE9N24mNA_61.01599570_69.03814567,384-90-24.5746.png,24.5746
2736_Ngi8wU_wztIqLHE9N24mNA_61.01599570_69.03814567,384-180-24.5746.png,24.5746
2736_Ngi8wU_wztIqLHE9N24mNA_61.01599570_69.03814567,384-270-24.5746.png,24.5746
998_hxGtxmo4tgS15fmd40eL8Q_45.98823952_27.21573487,385-0-61.9707.png,61.9707
998_hxGtxmo4tgS15fmd40eL8Q_45.98823952_27.21573487,385-90-61.9707.png,61.9707
998_hxGtxmo4tgS15fmd40eL8Q_45.98823952_27.21573487,385-180-61.9707.png,61.9707
998_hxGtxmo4tgS15fmd40eL8Q_45.98823952_27.21573487,385-270-61.9707.png,61.9707
712_cSjLQa_ljKeUhR9ufZoQpg_46.67389472_-118.32346991,386-0-35.5064.png,35.5064
712_cSjLQa_ljKeUhR9ufZoQpg_46.67389472_-118.32346991,386-90-35.5064.png,35.5064
712_cSjLQa_ljKeUhR9ufZoQpg_46.67389472_-118.32346991,386-180-35.5064.png,35.5064
712_cSjLQa_ljKeUhR9ufZoQpg_46.67389472_-118.32346991,386-270-35.5064.png,35.5064
1236_VaZG4txMGfAnVKZyPW4l0w_-7.94949400_113.45000219,387-0-79.8822.png,79.8822
1236_VaZG4txMGfAnVKZyPW4l0w_-7.94949400_113.45000219,387-90-79.8822.png,79.8822
1236_VaZG4txMGfAnVKZyPW4l0w_-7.94949400_113.45000219,387-180-79.8822.png,79.8822
1236_VaZG4txMGfAnVKZyPW4l0w_-7.94949400_113.45000219,387-270-79.8822.png,79.8822
483_il3eXU7V_weQ40Nt3TwPpw_52.49059756_-0.71181860,388-0-23.3185.png,23.3185
483_il3eXU7V_weQ40Nt3TwPpw_52.49059756_-0.71181860,388-90-23.3185.png,23.3185
483_il3eXU7V_weQ40Nt3TwPpw_52.49059756_-0.71181860,388-180-23.3185.png,23.3185
483_il3eXU7V_weQ40Nt3TwPpw_52.49059756_-0.71181860,388-270-23.3185.png,23.3185
608_Tz_V87D2ij6V1waduEW3jw_28.23514664_80.86098173,389-0-71.2403.png,71.2403
608_Tz_V87D2ij6V1waduEW3jw_28.23514664_80.86098173,389-90-71.2403.png,71.2403
608_Tz_V87D2ij6V1waduEW3jw_28.23514664_80.86098173,389-180-71.2403.png,71.2403
608_Tz_V87D2ij6V1waduEW3jw_28.23514664_80.86098173,389-270-71.2403.png,71.2403
2245_pmHBCzi8KbLkqD-7iY1nug_44.43760976_-118.19239081,390-0-13.7528.png,13.7528
2245_pmHBCzi8KbLkqD-7iY1nug_44.43760976_-118.19239081,390-90-13.7528.png,13.7528
2245_pmHBCzi8KbLkqD-7iY1nug_44.43760976_-118.19239081,390-180-13.7528.png,13.7528
2245_pmHBCzi8KbLkqD-7iY1nug_44.43760976_-118.19239081,390-270-13.7528.png,13.7528
1683_kU4y7aohoaIkI39FMa__aw_47.21643861_12.83387076,391-0-19.7404.png,19.7404
1683_kU4y7aohoaIkI39FMa__aw_47.21643861_12.83387076,391-90-19.7404.png,19.7404
1683_kU4y7aohoaIkI39FMa__aw_47.21643861_12.83387076,391-180-19.7404.png,19.7404
1683_kU4y7aohoaIkI39FMa__aw_47.21643861_12.83387076,391-270-19.7404.png,19.7404
1574_xUZxAkj65om91cJAc_PKLA_48.19659773_5.08432290,392-0-37.406.png,37.406
1574_xUZxAkj65om91cJAc_PKLA_48.19659773_5.08432290,392-90-37.406.png,37.406
1574_xUZxAkj65om91cJAc_PKLA_48.19659773_5.08432290,392-180-37.406.png,37.406
1574_xUZxAkj65om91cJAc_PKLA_48.19659773_5.08432290,392-270-37.406.png,37.406
1449_AZ9qZ2NQIpuXFh9ilj8n_Q_23.99116098_89.84739557,393-0-25.7946.png,25.7946
1449_AZ9qZ2NQIpuXFh9ilj8n_Q_23.99116098_89.84739557,393-90-25.7946.png,25.7946
1449_AZ9qZ2NQIpuXFh9ilj8n_Q_23.99116098_89.84739557,393-180-25.7946.png,25.7946
1449_AZ9qZ2NQIpuXFh9ilj8n_Q_23.99116098_89.84739557,393-270-25.7946.png,25.7946
31_1Z0IkpoMALjtncbEr3LNZA_44.09675070_-123.72357050,394-0-32.515.png,32.515
31_1Z0IkpoMALjtncbEr3LNZA_44.09675070_-123.72357050,394-90-32.515.png,32.515
31_1Z0IkpoMALjtncbEr3LNZA_44.09675070_-123.72357050,394-180-32.515.png,32.515
31_1Z0IkpoMALjtncbEr3LNZA_44.09675070_-123.72357050,394-270-32.515.png,32.515
1063_a0rfjifdGYg9EUn1ZmaZzQ_34.29236167_-82.34721808,395-0-36.4785.png,36.4785
1063_a0rfjifdGYg9EUn1ZmaZzQ_34.29236167_-82.34721808,395-90-36.4785.png,36.4785
1063_a0rfjifdGYg9EUn1ZmaZzQ_34.29236167_-82.34721808,395-180-36.4785.png,36.4785
1063_a0rfjifdGYg9EUn1ZmaZzQ_34.29236167_-82.34721808,395-270-36.4785.png,36.4785
357_q3DtzfIKxp8tEKTDZs_Rdw_54.16987996_-6.75023378,396-0-60.8898.png,60.8898
357_q3DtzfIKxp8tEKTDZs_Rdw_54.16987996_-6.75023378,396-90-60.8898.png,60.8898
357_q3DtzfIKxp8tEKTDZs_Rdw_54.16987996_-6.75023378,396-180-60.8898.png,60.8898
357_q3DtzfIKxp8tEKTDZs_Rdw_54.16987996_-6.75023378,396-270-60.8898.png,60.8898
465_TYlm7nd5X4pHf1akKwUpIQ_45.52612414_-122.41097657,397-0-60.1196.png,60.1196
465_TYlm7nd5X4pHf1akKwUpIQ_45.52612414_-122.41097657,397-90-60.1196.png,60.1196
465_TYlm7nd5X4pHf1akKwUpIQ_45.52612414_-122.41097657,397-180-60.1196.png,60.1196
465_TYlm7nd5X4pHf1akKwUpIQ_45.52612414_-122.41097657,397-270-60.1196.png,60.1196
90_hf0kNbZ1JyywAnEL2K3FoA_22.81725301_91.18356656,398-0-29.4032.png,29.4032
90_hf0kNbZ1JyywAnEL2K3FoA_22.81725301_91.18356656,398-90-29.4032.png,29.4032
90_hf0kNbZ1JyywAnEL2K3FoA_22.81725301_91.18356656,398-180-29.4032.png,29.4032
90_hf0kNbZ1JyywAnEL2K3FoA_22.81725301_91.18356656,398-270-29.4032.png,29.4032
2643_6PDmt1HFL_GYGkuw2zontg_48.96688087_-119.64166952,399-0-29.1123.png,29.1123
2643_6PDmt1HFL_GYGkuw2zontg_48.96688087_-119.64166952,399-90-29.1123.png,29.1123
2643_6PDmt1HFL_GYGkuw2zontg_48.96688087_-119.64166952,399-180-29.1123.png,29.1123
2643_6PDmt1HFL_GYGkuw2zontg_48.96688087_-119.64166952,399-270-29.1123.png,29.1123
2413_dwxOAiMvZ6V3w0BbJxpPSA_33.40266521_-89.83090600,400-0-55.4454.png,55.4454
2413_dwxOAiMvZ6V3w0BbJxpPSA_33.40266521_-89.83090600,400-90-55.4454.png,55.4454
2413_dwxOAiMvZ6V3w0BbJxpPSA_33.40266521_-89.83090600,400-180-55.4454.png,55.4454
2413_dwxOAiMvZ6V3w0BbJxpPSA_33.40266521_-89.83090600,400-270-55.4454.png,55.4454
189_l-zCSj98QVRNx_exv3d1Bw_34.87470475_-98.22129310,401-0-5.3729.png,5.3729
189_l-zCSj98QVRNx_exv3d1Bw_34.87470475_-98.22129310,401-90-5.3729.png,5.3729
189_l-zCSj98QVRNx_exv3d1Bw_34.87470475_-98.22129310,401-180-5.3729.png,5.3729
189_l-zCSj98QVRNx_exv3d1Bw_34.87470475_-98.22129310,401-270-5.3729.png,5.3729
2397_Bbh3MBnUnEburVDEfjA42w_23.71104468_121.41902012,402-0-73.0425.png,73.0425
2397_Bbh3MBnUnEburVDEfjA42w_23.71104468_121.41902012,402-90-73.0425.png,73.0425
2397_Bbh3MBnUnEburVDEfjA42w_23.71104468_121.41902012,402-180-73.0425.png,73.0425
2397_Bbh3MBnUnEburVDEfjA42w_23.71104468_121.41902012,402-270-73.0425.png,73.0425
1166_WmS1xe0gyMhet6JiPukdrA_43.16635044_13.07928965,403-0-31.257.png,31.257
1166_WmS1xe0gyMhet6JiPukdrA_43.16635044_13.07928965,403-90-31.257.png,31.257
1166_WmS1xe0gyMhet6JiPukdrA_43.16635044_13.07928965,403-180-31.257.png,31.257
1166_WmS1xe0gyMhet6JiPukdrA_43.16635044_13.07928965,403-270-31.257.png,31.257
1315_MjsVseo9dlZzqnIuViBXqA_-29.98973972_-52.37796223,404-0-25.0206.png,25.0206
1315_MjsVseo9dlZzqnIuViBXqA_-29.98973972_-52.37796223,404-90-25.0206.png,25.0206
1315_MjsVseo9dlZzqnIuViBXqA_-29.98973972_-52.37796223,404-180-25.0206.png,25.0206
1315_MjsVseo9dlZzqnIuViBXqA_-29.98973972_-52.37796223,404-270-25.0206.png,25.0206
3313_TjCKrhoGSKPKhvjybpAfdA_36.95522843_138.44826883,405-0-62.0024.png,62.0024
3313_TjCKrhoGSKPKhvjybpAfdA_36.95522843_138.44826883,405-90-62.0024.png,62.0024
3313_TjCKrhoGSKPKhvjybpAfdA_36.95522843_138.44826883,405-180-62.0024.png,62.0024
3313_TjCKrhoGSKPKhvjybpAfdA_36.95522843_138.44826883,405-270-62.0024.png,62.0024
1530_ka6-ASHCC6mnxhffZO7zCw_60.45591152_25.06013888,406-0-32.3148.png,32.3148
1530_ka6-ASHCC6mnxhffZO7zCw_60.45591152_25.06013888,406-90-32.3148.png,32.3148
1530_ka6-ASHCC6mnxhffZO7zCw_60.45591152_25.06013888,406-180-32.3148.png,32.3148
1530_ka6-ASHCC6mnxhffZO7zCw_60.45591152_25.06013888,406-270-32.3148.png,32.3148
2711_VnTVmTmHhH_NLiT0OpnJXw_60.87298632_22.98849727,407-0-43.5039.png,43.5039
2711_VnTVmTmHhH_NLiT0OpnJXw_60.87298632_22.98849727,407-90-43.5039.png,43.5039
2711_VnTVmTmHhH_NLiT0OpnJXw_60.87298632_22.98849727,407-180-43.5039.png,43.5039
2711_VnTVmTmHhH_NLiT0OpnJXw_60.87298632_22.98849727,407-270-43.5039.png,43.5039
1344_gcDpvBKvo5UPt2GBm0hNQQ_32.19327730_-91.81636862,408-0-81.8986.png,81.8986
1344_gcDpvBKvo5UPt2GBm0hNQQ_32.19327730_-91.81636862,408-90-81.8986.png,81.8986
1344_gcDpvBKvo5UPt2GBm0hNQQ_32.19327730_-91.81636862,408-180-81.8986.png,81.8986
1344_gcDpvBKvo5UPt2GBm0hNQQ_32.19327730_-91.81636862,408-270-81.8986.png,81.8986
2539_6hlm5ADFkfJ5tQenb4JlWA_0.24797325_99.59860064,409-0-56.717.png,56.717
2539_6hlm5ADFkfJ5tQenb4JlWA_0.24797325_99.59860064,409-90-56.717.png,56.717
2539_6hlm5ADFkfJ5tQenb4JlWA_0.24797325_99.59860064,409-180-56.717.png,56.717
2539_6hlm5ADFkfJ5tQenb4JlWA_0.24797325_99.59860064,409-270-56.717.png,56.717
1626_Fb5j4mYNayWK4aezThmiXw_-26.18168007_28.19992899,410-0-63.5957.png,63.5957
1626_Fb5j4mYNayWK4aezThmiXw_-26.18168007_28.19992899,410-90-63.5957.png,63.5957
1626_Fb5j4mYNayWK4aezThmiXw_-26.18168007_28.19992899,410-180-63.5957.png,63.5957
1626_Fb5j4mYNayWK4aezThmiXw_-26.18168007_28.19992899,410-270-63.5957.png,63.5957
1245_uh87HkKxi1_68PQ0ClLTTA_47.42256517_4.67250769,411-0-66.9268.png,66.9268
1245_uh87HkKxi1_68PQ0ClLTTA_47.42256517_4.67250769,411-90-66.9268.png,66.9268
1245_uh87HkKxi1_68PQ0ClLTTA_47.42256517_4.67250769,411-180-66.9268.png,66.9268
1245_uh87HkKxi1_68PQ0ClLTTA_47.42256517_4.67250769,411-270-66.9268.png,66.9268
1081_Rgr8Sd-iaed23d-BJJHfcg_48.10688254_-97.06329564,412-0-83.4404.png,83.4404
1081_Rgr8Sd-iaed23d-BJJHfcg_48.10688254_-97.06329564,412-90-83.4404.png,83.4404
1081_Rgr8Sd-iaed23d-BJJHfcg_48.10688254_-97.06329564,412-180-83.4404.png,83.4404
1081_Rgr8Sd-iaed23d-BJJHfcg_48.10688254_-97.06329564,412-270-83.4404.png,83.4404
2835_MwdIxk5pD1pGcxeEolwjsg_48.91147871_-101.01789218,413-0-49.5769.png,49.5769
2835_MwdIxk5pD1pGcxeEolwjsg_48.91147871_-101.01789218,413-90-49.5769.png,49.5769
2835_MwdIxk5pD1pGcxeEolwjsg_48.91147871_-101.01789218,413-180-49.5769.png,49.5769
2835_MwdIxk5pD1pGcxeEolwjsg_48.91147871_-101.01789218,413-270-49.5769.png,49.5769
371_bOvYD5DuPThYnnkPpJEWgw_41.92420982_13.42431300,414-0-41.722.png,41.722
371_bOvYD5DuPThYnnkPpJEWgw_41.92420982_13.42431300,414-90-41.722.png,41.722
371_bOvYD5DuPThYnnkPpJEWgw_41.92420982_13.42431300,414-180-41.722.png,41.722
371_bOvYD5DuPThYnnkPpJEWgw_41.92420982_13.42431300,414-270-41.722.png,41.722
686_tAax0nZIBFzRA7OdiSqNQw_56.56957520_27.38333981,415-0-25.1325.png,25.1325
686_tAax0nZIBFzRA7OdiSqNQw_56.56957520_27.38333981,415-90-25.1325.png,25.1325
686_tAax0nZIBFzRA7OdiSqNQw_56.56957520_27.38333981,415-180-25.1325.png,25.1325
686_tAax0nZIBFzRA7OdiSqNQw_56.56957520_27.38333981,415-270-25.1325.png,25.1325
414_ZSFH30Z2r36BjntABP7EzA_38.09829534_-85.39544509,416-0-71.2757.png,71.2757
414_ZSFH30Z2r36BjntABP7EzA_38.09829534_-85.39544509,416-90-71.2757.png,71.2757
414_ZSFH30Z2r36BjntABP7EzA_38.09829534_-85.39544509,416-180-71.2757.png,71.2757
414_ZSFH30Z2r36BjntABP7EzA_38.09829534_-85.39544509,416-270-71.2757.png,71.2757
3044_6Ub2NCPQvEae5xWZNpv36g_44.87134535_1.80392266,417-0-42.8053.png,42.8053
3044_6Ub2NCPQvEae5xWZNpv36g_44.87134535_1.80392266,417-90-42.8053.png,42.8053
3044_6Ub2NCPQvEae5xWZNpv36g_44.87134535_1.80392266,417-180-42.8053.png,42.8053
3044_6Ub2NCPQvEae5xWZNpv36g_44.87134535_1.80392266,417-270-42.8053.png,42.8053
448_w1SJV4F1O6-BieTN0Md2Fg_-3.60964712_39.85051869,418-0-72.3549.png,72.3549
448_w1SJV4F1O6-BieTN0Md2Fg_-3.60964712_39.85051869,418-90-72.3549.png,72.3549
448_w1SJV4F1O6-BieTN0Md2Fg_-3.60964712_39.85051869,418-180-72.3549.png,72.3549
448_w1SJV4F1O6-BieTN0Md2Fg_-3.60964712_39.85051869,418-270-72.3549.png,72.3549
2754_G6Gw0s0dV0cvopYTzZj84Q_50.80758904_13.07194631,419-0-46.4816.png,46.4816
2754_G6Gw0s0dV0cvopYTzZj84Q_50.80758904_13.07194631,419-90-46.4816.png,46.4816
2754_G6Gw0s0dV0cvopYTzZj84Q_50.80758904_13.07194631,419-180-46.4816.png,46.4816
2754_G6Gw0s0dV0cvopYTzZj84Q_50.80758904_13.07194631,419-270-46.4816.png,46.4816
531_siTahmEBRwB0Grs_D210ng_45.63128136_5.57101479,420-0-25.4416.png,25.4416
531_siTahmEBRwB0Grs_D210ng_45.63128136_5.57101479,420-90-25.4416.png,25.4416
531_siTahmEBRwB0Grs_D210ng_45.63128136_5.57101479,420-180-25.4416.png,25.4416
531_siTahmEBRwB0Grs_D210ng_45.63128136_5.57101479,420-270-25.4416.png,25.4416
1719_T5G1-PJ9yI5VOWMCwenj_w_45.53074511_11.29550518,421-0-22.1624.png,22.1624
1719_T5G1-PJ9yI5VOWMCwenj_w_45.53074511_11.29550518,421-90-22.1624.png,22.1624
1719_T5G1-PJ9yI5VOWMCwenj_w_45.53074511_11.29550518,421-180-22.1624.png,22.1624
1719_T5G1-PJ9yI5VOWMCwenj_w_45.53074511_11.29550518,421-270-22.1624.png,22.1624
914_8JolQhKmyjouCbLe8VBmKQ_59.27252539_18.28444700,422-0-39.5455.png,39.5455
914_8JolQhKmyjouCbLe8VBmKQ_59.27252539_18.28444700,422-90-39.5455.png,39.5455
914_8JolQhKmyjouCbLe8VBmKQ_59.27252539_18.28444700,422-180-39.5455.png,39.5455
914_8JolQhKmyjouCbLe8VBmKQ_59.27252539_18.28444700,422-270-39.5455.png,39.5455
558_suu68Z-X25p3wQGk80rk7A_45.19300116_5.73162074,423-0-41.6569.png,41.6569
558_suu68Z-X25p3wQGk80rk7A_45.19300116_5.73162074,423-90-41.6569.png,41.6569
558_suu68Z-X25p3wQGk80rk7A_45.19300116_5.73162074,423-180-41.6569.png,41.6569
558_suu68Z-X25p3wQGk80rk7A_45.19300116_5.73162074,423-270-41.6569.png,41.6569
925_nFKYTUPntmm_pOvW2fdxAw_33.53004912_-80.57156984,424-0-21.718.png,21.718
925_nFKYTUPntmm_pOvW2fdxAw_33.53004912_-80.57156984,424-90-21.718.png,21.718
925_nFKYTUPntmm_pOvW2fdxAw_33.53004912_-80.57156984,424-180-21.718.png,21.718
925_nFKYTUPntmm_pOvW2fdxAw_33.53004912_-80.57156984,424-270-21.718.png,21.718
2972_GgUhGDYIttx9eHja0skAvQ_40.61740684_9.74621654,425-0-14.3238.png,14.3238
2972_GgUhGDYIttx9eHja0skAvQ_40.61740684_9.74621654,425-90-14.3238.png,14.3238
2972_GgUhGDYIttx9eHja0skAvQ_40.61740684_9.74621654,425-180-14.3238.png,14.3238
2972_GgUhGDYIttx9eHja0skAvQ_40.61740684_9.74621654,425-270-14.3238.png,14.3238
1364_-NF2VLntl4gNlXbg_8kFcw_41.24228084_-96.66018645,426-0-21.5398.png,21.5398
1364_-NF2VLntl4gNlXbg_8kFcw_41.24228084_-96.66018645,426-90-21.5398.png,21.5398
1364_-NF2VLntl4gNlXbg_8kFcw_41.24228084_-96.66018645,426-180-21.5398.png,21.5398
1364_-NF2VLntl4gNlXbg_8kFcw_41.24228084_-96.66018645,426-270-21.5398.png,21.5398
1980_CY6nqMg7bPxNKrYR_uITrw_42.11928085_-72.25777366,427-0-29.4315.png,29.4315
1980_CY6nqMg7bPxNKrYR_uITrw_42.11928085_-72.25777366,427-90-29.4315.png,29.4315
1980_CY6nqMg7bPxNKrYR_uITrw_42.11928085_-72.25777366,427-180-29.4315.png,29.4315
1980_CY6nqMg7bPxNKrYR_uITrw_42.11928085_-72.25777366,427-270-29.4315.png,29.4315
119_KnQE4821WEyEDbZur9Dlcw_34.62390041_-78.60970564,428-0-36.0658.png,36.0658
119_KnQE4821WEyEDbZur9Dlcw_34.62390041_-78.60970564,428-90-36.0658.png,36.0658
119_KnQE4821WEyEDbZur9Dlcw_34.62390041_-78.60970564,428-180-36.0658.png,36.0658
119_KnQE4821WEyEDbZur9Dlcw_34.62390041_-78.60970564,428-270-36.0658.png,36.0658
1300_w1SJV4F1O6-BieTN0Md2Fg_-3.60964712_39.85051869,429-0-72.3549.png,72.3549
1300_w1SJV4F1O6-BieTN0Md2Fg_-3.60964712_39.85051869,429-90-72.3549.png,72.3549
1300_w1SJV4F1O6-BieTN0Md2Fg_-3.60964712_39.85051869,429-180-72.3549.png,72.3549
1300_w1SJV4F1O6-BieTN0Md2Fg_-3.60964712_39.85051869,429-270-72.3549.png,72.3549
983_GxBw_o_xqxIw1zQfMmtaJQ_38.05119066_21.92234262,430-0-47.6959.png,47.6959
983_GxBw_o_xqxIw1zQfMmtaJQ_38.05119066_21.92234262,430-90-47.6959.png,47.6959
983_GxBw_o_xqxIw1zQfMmtaJQ_38.05119066_21.92234262,430-180-47.6959.png,47.6959
983_GxBw_o_xqxIw1zQfMmtaJQ_38.05119066_21.92234262,430-270-47.6959.png,47.6959
2425_W_feKuEPNYw7z3tSc_Ko8g_41.58576218_1.58049600,431-0-17.9566.png,17.9566
2425_W_feKuEPNYw7z3tSc_Ko8g_41.58576218_1.58049600,431-90-17.9566.png,17.9566
2425_W_feKuEPNYw7z3tSc_Ko8g_41.58576218_1.58049600,431-180-17.9566.png,17.9566
2425_W_feKuEPNYw7z3tSc_Ko8g_41.58576218_1.58049600,431-270-17.9566.png,17.9566
1540_lJxZrUkt0LWx-L7fJtFM7w_16.51613549_104.74378394,432-0-74.6248.png,74.6248
1540_lJxZrUkt0LWx-L7fJtFM7w_16.51613549_104.74378394,432-90-74.6248.png,74.6248
1540_lJxZrUkt0LWx-L7fJtFM7w_16.51613549_104.74378394,432-180-74.6248.png,74.6248
1540_lJxZrUkt0LWx-L7fJtFM7w_16.51613549_104.74378394,432-270-74.6248.png,74.6248
2549_1Hn6cpywTwhO98tfO3N7bg_40.95868156_-96.74970813,433-0-24.4015.png,24.4015
2549_1Hn6cpywTwhO98tfO3N7bg_40.95868156_-96.74970813,433-90-24.4015.png,24.4015
2549_1Hn6cpywTwhO98tfO3N7bg_40.95868156_-96.74970813,433-180-24.4015.png,24.4015
2549_1Hn6cpywTwhO98tfO3N7bg_40.95868156_-96.74970813,433-270-24.4015.png,24.4015
1640_edMNAisRacH1ail5zu4fDg_45.49924163_4.98090376,434-0-78.3979.png,78.3979
1640_edMNAisRacH1ail5zu4fDg_45.49924163_4.98090376,434-90-78.3979.png,78.3979
1640_edMNAisRacH1ail5zu4fDg_45.49924163_4.98090376,434-180-78.3979.png,78.3979
1640_edMNAisRacH1ail5zu4fDg_45.49924163_4.98090376,434-270-78.3979.png,78.3979
553_dH_Mm4UjREvlL8CI8Eqg-g_38.15827161_14.89148014,435-0-56.3766.png,56.3766
553_dH_Mm4UjREvlL8CI8Eqg-g_38.15827161_14.89148014,435-90-56.3766.png,56.3766
553_dH_Mm4UjREvlL8CI8Eqg-g_38.15827161_14.89148014,435-180-56.3766.png,56.3766
553_dH_Mm4UjREvlL8CI8Eqg-g_38.15827161_14.89148014,435-270-56.3766.png,56.3766
705_4eo6oNPh1fYWgAwSh20pug_39.66706055_35.88284619,436-0-57.7157.png,57.7157
705_4eo6oNPh1fYWgAwSh20pug_39.66706055_35.88284619,436-90-57.7157.png,57.7157
705_4eo6oNPh1fYWgAwSh20pug_39.66706055_35.88284619,436-180-57.7157.png,57.7157
705_4eo6oNPh1fYWgAwSh20pug_39.66706055_35.88284619,436-270-57.7157.png,57.7157
1693_JWG7mmr0XSRdEkC_OCGIpg_29.99334804_-91.05479106,437-0-44.0311.png,44.0311
1693_JWG7mmr0XSRdEkC_OCGIpg_29.99334804_-91.05479106,437-90-44.0311.png,44.0311
1693_JWG7mmr0XSRdEkC_OCGIpg_29.99334804_-91.05479106,437-180-44.0311.png,44.0311
1693_JWG7mmr0XSRdEkC_OCGIpg_29.99334804_-91.05479106,437-270-44.0311.png,44.0311
221_D5fPiEp29VUdsVZy3jmxvQ_30.84667321_-93.28693468,438-0-40.0921.png,40.0921
221_D5fPiEp29VUdsVZy3jmxvQ_30.84667321_-93.28693468,438-90-40.0921.png,40.0921
221_D5fPiEp29VUdsVZy3jmxvQ_30.84667321_-93.28693468,438-180-40.0921.png,40.0921
221_D5fPiEp29VUdsVZy3jmxvQ_30.84667321_-93.28693468,438-270-40.0921.png,40.0921
2682_-blquHn_-72nH1WsxoG6zw_47.87295142_-122.00917022,439-0-39.0558.png,39.0558
2682_-blquHn_-72nH1WsxoG6zw_47.87295142_-122.00917022,439-90-39.0558.png,39.0558
2682_-blquHn_-72nH1WsxoG6zw_47.87295142_-122.00917022,439-180-39.0558.png,39.0558
2682_-blquHn_-72nH1WsxoG6zw_47.87295142_-122.00917022,439-270-39.0558.png,39.0558
907_Ps0cAlX0R0tdgWgAIBFDpA_50.80551797_-0.86669890,440-0-64.4949.png,64.4949
907_Ps0cAlX0R0tdgWgAIBFDpA_50.80551797_-0.86669890,440-90-64.4949.png,64.4949
907_Ps0cAlX0R0tdgWgAIBFDpA_50.80551797_-0.86669890,440-180-64.4949.png,64.4949
907_Ps0cAlX0R0tdgWgAIBFDpA_50.80551797_-0.86669890,440-270-64.4949.png,64.4949
280_uSiHXsMaiaC7qiXOcpZcJQ_-20.44645840_-45.45017303,441-0-58.4321.png,58.4321
280_uSiHXsMaiaC7qiXOcpZcJQ_-20.44645840_-45.45017303,441-90-58.4321.png,58.4321
280_uSiHXsMaiaC7qiXOcpZcJQ_-20.44645840_-45.45017303,441-180-58.4321.png,58.4321
280_uSiHXsMaiaC7qiXOcpZcJQ_-20.44645840_-45.45017303,441-270-58.4321.png,58.4321
751_GQmflteBDgna85e4-KlOTA_49.13341887_-55.36532148,442-0-42.4431.png,42.4431
751_GQmflteBDgna85e4-KlOTA_49.13341887_-55.36532148,442-90-42.4431.png,42.4431
751_GQmflteBDgna85e4-KlOTA_49.13341887_-55.36532148,442-180-42.4431.png,42.4431
751_GQmflteBDgna85e4-KlOTA_49.13341887_-55.36532148,442-270-42.4431.png,42.4431
158_y9fqMi6zHAtExDJsu-gtzQ_-33.38164852_151.37622079,443-0-71.5233.png,71.5233
158_y9fqMi6zHAtExDJsu-gtzQ_-33.38164852_151.37622079,443-90-71.5233.png,71.5233
158_y9fqMi6zHAtExDJsu-gtzQ_-33.38164852_151.37622079,443-180-71.5233.png,71.5233
158_y9fqMi6zHAtExDJsu-gtzQ_-33.38164852_151.37622079,443-270-71.5233.png,71.5233
426_ZqcDXUvGcihFRiWEQqD0MA_10.47043894_7.37314059,444-0-49.9004.png,49.9004
426_ZqcDXUvGcihFRiWEQqD0MA_10.47043894_7.37314059,444-90-49.9004.png,49.9004
426_ZqcDXUvGcihFRiWEQqD0MA_10.47043894_7.37314059,444-180-49.9004.png,49.9004
426_ZqcDXUvGcihFRiWEQqD0MA_10.47043894_7.37314059,444-270-49.9004.png,49.9004
64_z2khf9N2rafvp7D1iI4fGw_23.84326036_121.50549555,445-0-36.9665.png,36.9665
64_z2khf9N2rafvp7D1iI4fGw_23.84326036_121.50549555,445-90-36.9665.png,36.9665
64_z2khf9N2rafvp7D1iI4fGw_23.84326036_121.50549555,445-180-36.9665.png,36.9665
64_z2khf9N2rafvp7D1iI4fGw_23.84326036_121.50549555,445-270-36.9665.png,36.9665
1094_r_KPCjbpT2lX-8OoFhdnwQ_45.41757879_3.28442160,446-0-33.2631.png,33.2631
1094_r_KPCjbpT2lX-8OoFhdnwQ_45.41757879_3.28442160,446-90-33.2631.png,33.2631
1094_r_KPCjbpT2lX-8OoFhdnwQ_45.41757879_3.28442160,446-180-33.2631.png,33.2631
1094_r_KPCjbpT2lX-8OoFhdnwQ_45.41757879_3.28442160,446-270-33.2631.png,33.2631
3122__ZjEqadvCuc3WEDgI5zmkQ_50.11227442_-120.79411734,447-0-58.1534.png,58.1534
3122__ZjEqadvCuc3WEDgI5zmkQ_50.11227442_-120.79411734,447-90-58.1534.png,58.1534
3122__ZjEqadvCuc3WEDgI5zmkQ_50.11227442_-120.79411734,447-180-58.1534.png,58.1534
3122__ZjEqadvCuc3WEDgI5zmkQ_50.11227442_-120.79411734,447-270-58.1534.png,58.1534
487_Vtsc44x2tJwAZBfb9FT70w_-4.52300734_121.71745184,448-0-73.2963.png,73.2963
487_Vtsc44x2tJwAZBfb9FT70w_-4.52300734_121.71745184,448-90-73.2963.png,73.2963
487_Vtsc44x2tJwAZBfb9FT70w_-4.52300734_121.71745184,448-180-73.2963.png,73.2963
487_Vtsc44x2tJwAZBfb9FT70w_-4.52300734_121.71745184,448-270-73.2963.png,73.2963
1121_7_HREIKqxLyexCmJgB2hxw_12.71641372_77.38228883,449-0-45.3325.png,45.3325
1121_7_HREIKqxLyexCmJgB2hxw_12.71641372_77.38228883,449-90-45.3325.png,45.3325
1121_7_HREIKqxLyexCmJgB2hxw_12.71641372_77.38228883,449-180-45.3325.png,45.3325
1121_7_HREIKqxLyexCmJgB2hxw_12.71641372_77.38228883,449-270-45.3325.png,45.3325
407_a8P4uTS3aRzlkt9Aaa7wXA_49.94322875_12.88072434,450-0-24.7615.png,24.7615
407_a8P4uTS3aRzlkt9Aaa7wXA_49.94322875_12.88072434,450-90-24.7615.png,24.7615
407_a8P4uTS3aRzlkt9Aaa7wXA_49.94322875_12.88072434,450-180-24.7615.png,24.7615
407_a8P4uTS3aRzlkt9Aaa7wXA_49.94322875_12.88072434,450-270-24.7615.png,24.7615
2321_X7-Aw98Kzg-HxVxNjP-s5g_26.51900701_76.80726194,451-0-66.3095.png,66.3095
2321_X7-Aw98Kzg-HxVxNjP-s5g_26.51900701_76.80726194,451-90-66.3095.png,66.3095
2321_X7-Aw98Kzg-HxVxNjP-s5g_26.51900701_76.80726194,451-180-66.3095.png,66.3095
2321_X7-Aw98Kzg-HxVxNjP-s5g_26.51900701_76.80726194,451-270-66.3095.png,66.3095
934_CbsHMcw8_ANyh2JwPV-jEA_30.11395545_-107.61626270,452-0-44.4473.png,44.4473
934_CbsHMcw8_ANyh2JwPV-jEA_30.11395545_-107.61626270,452-90-44.4473.png,44.4473
934_CbsHMcw8_ANyh2JwPV-jEA_30.11395545_-107.61626270,452-180-44.4473.png,44.4473
934_CbsHMcw8_ANyh2JwPV-jEA_30.11395545_-107.61626270,452-270-44.4473.png,44.4473
293_55h-g1VaPlQqMVsHyrukDQ_-27.40591488_-49.22097047,453-0-39.0433.png,39.0433
293_55h-g1VaPlQqMVsHyrukDQ_-27.40591488_-49.22097047,453-90-39.0433.png,39.0433
293_55h-g1VaPlQqMVsHyrukDQ_-27.40591488_-49.22097047,453-180-39.0433.png,39.0433
293_55h-g1VaPlQqMVsHyrukDQ_-27.40591488_-49.22097047,453-270-39.0433.png,39.0433
2556_-BTy1UkmiIUCIk6AG1pKSQ_31.16541768_-81.37706672,454-0-37.4679.png,37.4679
2556_-BTy1UkmiIUCIk6AG1pKSQ_31.16541768_-81.37706672,454-90-37.4679.png,37.4679
2556_-BTy1UkmiIUCIk6AG1pKSQ_31.16541768_-81.37706672,454-180-37.4679.png,37.4679
2556_-BTy1UkmiIUCIk6AG1pKSQ_31.16541768_-81.37706672,454-270-37.4679.png,37.4679
2515_8izKQnkQ9eWdkIHzAyJQWA_48.72811047_2.97512572,455-0-21.7833.png,21.7833
2515_8izKQnkQ9eWdkIHzAyJQWA_48.72811047_2.97512572,455-90-21.7833.png,21.7833
2515_8izKQnkQ9eWdkIHzAyJQWA_48.72811047_2.97512572,455-180-21.7833.png,21.7833
2515_8izKQnkQ9eWdkIHzAyJQWA_48.72811047_2.97512572,455-270-21.7833.png,21.7833
816_0Uu1P7QNLJ_cGBi-OJ0YgA_38.20092361_-84.87331142,456-0-62.8799.png,62.8799
816_0Uu1P7QNLJ_cGBi-OJ0YgA_38.20092361_-84.87331142,456-90-62.8799.png,62.8799
816_0Uu1P7QNLJ_cGBi-OJ0YgA_38.20092361_-84.87331142,456-180-62.8799.png,62.8799
816_0Uu1P7QNLJ_cGBi-OJ0YgA_38.20092361_-84.87331142,456-270-62.8799.png,62.8799
530_fy0L3ERUUl1k4c6EiLyK-w_-20.98287012_-55.13349109,457-0-17.3805.png,17.3805
530_fy0L3ERUUl1k4c6EiLyK-w_-20.98287012_-55.13349109,457-90-17.3805.png,17.3805
530_fy0L3ERUUl1k4c6EiLyK-w_-20.98287012_-55.13349109,457-180-17.3805.png,17.3805
530_fy0L3ERUUl1k4c6EiLyK-w_-20.98287012_-55.13349109,457-270-17.3805.png,17.3805
762_Yk8znLuArgD7ICYagdeOmw_54.24937307_16.01471056,458-0-15.8973.png,15.8973
762_Yk8znLuArgD7ICYagdeOmw_54.24937307_16.01471056,458-90-15.8973.png,15.8973
762_Yk8znLuArgD7ICYagdeOmw_54.24937307_16.01471056,458-180-15.8973.png,15.8973
762_Yk8znLuArgD7ICYagdeOmw_54.24937307_16.01471056,458-270-15.8973.png,15.8973
855_DcCESmBGrZF2i13ksvSFVw_30.31880593_-89.34762616,459-0-50.5687.png,50.5687
855_DcCESmBGrZF2i13ksvSFVw_30.31880593_-89.34762616,459-90-50.5687.png,50.5687
855_DcCESmBGrZF2i13ksvSFVw_30.31880593_-89.34762616,459-180-50.5687.png,50.5687
855_DcCESmBGrZF2i13ksvSFVw_30.31880593_-89.34762616,459-270-50.5687.png,50.5687
2103_bhHMwxQQ8cQqEZWI2mTKNg_15.83626468_74.50409843,460-0-68.762.png,68.762
2103_bhHMwxQQ8cQqEZWI2mTKNg_15.83626468_74.50409843,460-90-68.762.png,68.762
2103_bhHMwxQQ8cQqEZWI2mTKNg_15.83626468_74.50409843,460-180-68.762.png,68.762
2103_bhHMwxQQ8cQqEZWI2mTKNg_15.83626468_74.50409843,460-270-68.762.png,68.762
3359_ytQl6nB2dzXxuCjT0T0tOQ_39.75985098_-75.29665123,461-0-72.9127.png,72.9127
3359_ytQl6nB2dzXxuCjT0T0tOQ_39.75985098_-75.29665123,461-90-72.9127.png,72.9127
3359_ytQl6nB2dzXxuCjT0T0tOQ_39.75985098_-75.29665123,461-180-72.9127.png,72.9127
3359_ytQl6nB2dzXxuCjT0T0tOQ_39.75985098_-75.29665123,461-270-72.9127.png,72.9127
457_VarU3WBVotmN8eS6_ghT8w_-19.11771897_146.86014308,462-0-34.83.png,34.83
457_VarU3WBVotmN8eS6_ghT8w_-19.11771897_146.86014308,462-90-34.83.png,34.83
457_VarU3WBVotmN8eS6_ghT8w_-19.11771897_146.86014308,462-180-34.83.png,34.83
457_VarU3WBVotmN8eS6_ghT8w_-19.11771897_146.86014308,462-270-34.83.png,34.83
476_16l-e3T4oBBWTpBiGYN51Q_40.62590522_15.26803552,463-0-32.5826.png,32.5826
476_16l-e3T4oBBWTpBiGYN51Q_40.62590522_15.26803552,463-90-32.5826.png,32.5826
476_16l-e3T4oBBWTpBiGYN51Q_40.62590522_15.26803552,463-180-32.5826.png,32.5826
476_16l-e3T4oBBWTpBiGYN51Q_40.62590522_15.26803552,463-270-32.5826.png,32.5826
123_uxpCKJg-DCfefXqdOy0Yew_34.64944912_-99.33126990,464-0-21.687.png,21.687
123_uxpCKJg-DCfefXqdOy0Yew_34.64944912_-99.33126990,464-90-21.687.png,21.687
123_uxpCKJg-DCfefXqdOy0Yew_34.64944912_-99.33126990,464-180-21.687.png,21.687
123_uxpCKJg-DCfefXqdOy0Yew_34.64944912_-99.33126990,464-270-21.687.png,21.687
298_8M7gQ7ah5cz-lPsW6ERZeA_35.25367108_135.97033623,465-0-75.1664.png,75.1664
298_8M7gQ7ah5cz-lPsW6ERZeA_35.25367108_135.97033623,465-90-75.1664.png,75.1664
298_8M7gQ7ah5cz-lPsW6ERZeA_35.25367108_135.97033623,465-180-75.1664.png,75.1664
298_8M7gQ7ah5cz-lPsW6ERZeA_35.25367108_135.97033623,465-270-75.1664.png,75.1664
1083_gBkj2Qd67-qSR_4CKVMWIw_39.39391086_-96.41358154,466-0-7.596.png,7.596
1083_gBkj2Qd67-qSR_4CKVMWIw_39.39391086_-96.41358154,466-90-7.596.png,7.596
1083_gBkj2Qd67-qSR_4CKVMWIw_39.39391086_-96.41358154,466-180-7.596.png,7.596
1083_gBkj2Qd67-qSR_4CKVMWIw_39.39391086_-96.41358154,466-270-7.596.png,7.596
340_hQoZnELhyq_RRdDSeWkwNQ_43.55273851_-7.11719375,467-0-63.2239.png,63.2239
340_hQoZnELhyq_RRdDSeWkwNQ_43.55273851_-7.11719375,467-90-63.2239.png,63.2239
340_hQoZnELhyq_RRdDSeWkwNQ_43.55273851_-7.11719375,467-180-63.2239.png,63.2239
340_hQoZnELhyq_RRdDSeWkwNQ_43.55273851_-7.11719375,467-270-63.2239.png,63.2239
211_8hhF6bWojD86UrNW14mCUA_55.24963258_9.48765825,468-0-35.9685.png,35.9685
211_8hhF6bWojD86UrNW14mCUA_55.24963258_9.48765825,468-90-35.9685.png,35.9685
211_8hhF6bWojD86UrNW14mCUA_55.24963258_9.48765825,468-180-35.9685.png,35.9685
211_8hhF6bWojD86UrNW14mCUA_55.24963258_9.48765825,468-270-35.9685.png,35.9685
1701_Ts0Jek3w40U9p2nsTinc3g_-38.63336202_177.83270537,469-0-14.083.png,14.083
1701_Ts0Jek3w40U9p2nsTinc3g_-38.63336202_177.83270537,469-90-14.083.png,14.083
1701_Ts0Jek3w40U9p2nsTinc3g_-38.63336202_177.83270537,469-180-14.083.png,14.083
1701_Ts0Jek3w40U9p2nsTinc3g_-38.63336202_177.83270537,469-270-14.083.png,14.083
647_31YJwY3R8Gh4Q2JKsQcqmQ_49.79038954_10.02475673,470-0-82.9341.png,82.9341
647_31YJwY3R8Gh4Q2JKsQcqmQ_49.79038954_10.02475673,470-90-82.9341.png,82.9341
647_31YJwY3R8Gh4Q2JKsQcqmQ_49.79038954_10.02475673,470-180-82.9341.png,82.9341
647_31YJwY3R8Gh4Q2JKsQcqmQ_49.79038954_10.02475673,470-270-82.9341.png,82.9341
3000_5Zh8d7ExN7K-n7lAjADT0w_-23.00592399_-49.31931988,471-0-19.3266.png,19.3266
3000_5Zh8d7ExN7K-n7lAjADT0w_-23.00592399_-49.31931988,471-90-19.3266.png,19.3266
3000_5Zh8d7ExN7K-n7lAjADT0w_-23.00592399_-49.31931988,471-180-19.3266.png,19.3266
3000_5Zh8d7ExN7K-n7lAjADT0w_-23.00592399_-49.31931988,471-270-19.3266.png,19.3266
1320_oQY00TsZ0vslefTot3KDIw_-37.53160072_174.90241123,472-0-45.4654.png,45.4654
1320_oQY00TsZ0vslefTot3KDIw_-37.53160072_174.90241123,472-90-45.4654.png,45.4654
1320_oQY00TsZ0vslefTot3KDIw_-37.53160072_174.90241123,472-180-45.4654.png,45.4654
1320_oQY00TsZ0vslefTot3KDIw_-37.53160072_174.90241123,472-270-45.4654.png,45.4654
697_s6HlIUhDpIfOq4f-Kt_aAw_51.06721616_5.41703936,473-0-56.8185.png,56.8185
697_s6HlIUhDpIfOq4f-Kt_aAw_51.06721616_5.41703936,473-90-56.8185.png,56.8185
697_s6HlIUhDpIfOq4f-Kt_aAw_51.06721616_5.41703936,473-180-56.8185.png,56.8185
697_s6HlIUhDpIfOq4f-Kt_aAw_51.06721616_5.41703936,473-270-56.8185.png,56.8185
263_WT2VudMpuij28HGCQRBB0w_53.27626216_-6.28191975,474-0-63.8141.png,63.8141
263_WT2VudMpuij28HGCQRBB0w_53.27626216_-6.28191975,474-90-63.8141.png,63.8141
263_WT2VudMpuij28HGCQRBB0w_53.27626216_-6.28191975,474-180-63.8141.png,63.8141
263_WT2VudMpuij28HGCQRBB0w_53.27626216_-6.28191975,474-270-63.8141.png,63.8141
1384_LkApwbvOZ_gZWJUQKFig_w_24.52173462_120.71799295,475-0-67.4924.png,67.4924
1384_LkApwbvOZ_gZWJUQKFig_w_24.52173462_120.71799295,475-90-67.4924.png,67.4924
1384_LkApwbvOZ_gZWJUQKFig_w_24.52173462_120.71799295,475-180-67.4924.png,67.4924
1384_LkApwbvOZ_gZWJUQKFig_w_24.52173462_120.71799295,475-270-67.4924.png,67.4924
615_ay6OwaVIDOH16vsBGyL34w_22.31872435_-103.47187728,476-0-79.6513.png,79.6513
615_ay6OwaVIDOH16vsBGyL34w_22.31872435_-103.47187728,476-90-79.6513.png,79.6513
615_ay6OwaVIDOH16vsBGyL34w_22.31872435_-103.47187728,476-180-79.6513.png,79.6513
615_ay6OwaVIDOH16vsBGyL34w_22.31872435_-103.47187728,476-270-79.6513.png,79.6513
1819_VBN4W-nksuBQaBmF15aCcA_52.29477254_45.38738020,477-0-56.7183.png,56.7183
1819_VBN4W-nksuBQaBmF15aCcA_52.29477254_45.38738020,477-90-56.7183.png,56.7183
1819_VBN4W-nksuBQaBmF15aCcA_52.29477254_45.38738020,477-180-56.7183.png,56.7183
1819_VBN4W-nksuBQaBmF15aCcA_52.29477254_45.38738020,477-270-56.7183.png,56.7183
2795_bbthAb80273g2BZQ4txmXw_67.43903272_-134.88468737,478-0-45.5876.png,45.5876
2795_bbthAb80273g2BZQ4txmXw_67.43903272_-134.88468737,478-90-45.5876.png,45.5876
2795_bbthAb80273g2BZQ4txmXw_67.43903272_-134.88468737,478-180-45.5876.png,45.5876
2795_bbthAb80273g2BZQ4txmXw_67.43903272_-134.88468737,478-270-45.5876.png,45.5876
2270_j3yjtbQZp7IyV7p03LrBdg_-10.43805713_-39.33323157,479-0-33.9033.png,33.9033
2270_j3yjtbQZp7IyV7p03LrBdg_-10.43805713_-39.33323157,479-90-33.9033.png,33.9033
2270_j3yjtbQZp7IyV7p03LrBdg_-10.43805713_-39.33323157,479-180-33.9033.png,33.9033
2270_j3yjtbQZp7IyV7p03LrBdg_-10.43805713_-39.33323157,479-270-33.9033.png,33.9033
645_i9150zEDdcV3RF31shnmXQ_38.07673225_23.82089892,480-0-39.2341.png,39.2341
645_i9150zEDdcV3RF31shnmXQ_38.07673225_23.82089892,480-90-39.2341.png,39.2341
645_i9150zEDdcV3RF31shnmXQ_38.07673225_23.82089892,480-180-39.2341.png,39.2341
645_i9150zEDdcV3RF31shnmXQ_38.07673225_23.82089892,480-270-39.2341.png,39.2341
179_GNHoM5qnEGO5Uldrot-NwQ_10.54728805_78.46543156,481-0-48.995.png,48.995
179_GNHoM5qnEGO5Uldrot-NwQ_10.54728805_78.46543156,481-90-48.995.png,48.995
179_GNHoM5qnEGO5Uldrot-NwQ_10.54728805_78.46543156,481-180-48.995.png,48.995
179_GNHoM5qnEGO5Uldrot-NwQ_10.54728805_78.46543156,481-270-48.995.png,48.995
26_MnTelUM-2wwFrj2NYmtApA_34.12688818_-116.32609224,482-0-42.3595.png,42.3595
26_MnTelUM-2wwFrj2NYmtApA_34.12688818_-116.32609224,482-90-42.3595.png,42.3595
26_MnTelUM-2wwFrj2NYmtApA_34.12688818_-116.32609224,482-180-42.3595.png,42.3595
26_MnTelUM-2wwFrj2NYmtApA_34.12688818_-116.32609224,482-270-42.3595.png,42.3595
163_WjSVpW_iWhkWZaRTZfAfSw_51.93643877_108.06495170,483-0-12.9606.png,12.9606
163_WjSVpW_iWhkWZaRTZfAfSw_51.93643877_108.06495170,483-90-12.9606.png,12.9606
163_WjSVpW_iWhkWZaRTZfAfSw_51.93643877_108.06495170,483-180-12.9606.png,12.9606
163_WjSVpW_iWhkWZaRTZfAfSw_51.93643877_108.06495170,483-270-12.9606.png,12.9606
511_glWJlyieylZUE_62Msb_mA_52.37189066_-7.33435911,484-0-71.7609.png,71.7609
511_glWJlyieylZUE_62Msb_mA_52.37189066_-7.33435911,484-90-71.7609.png,71.7609
511_glWJlyieylZUE_62Msb_mA_52.37189066_-7.33435911,484-180-71.7609.png,71.7609
511_glWJlyieylZUE_62Msb_mA_52.37189066_-7.33435911,484-270-71.7609.png,71.7609
796_rUFXrZY_jEslTXjatttefA_67.54965012_30.48233550,485-0-28.018.png,28.018
796_rUFXrZY_jEslTXjatttefA_67.54965012_30.48233550,485-90-28.018.png,28.018
796_rUFXrZY_jEslTXjatttefA_67.54965012_30.48233550,485-180-28.018.png,28.018
796_rUFXrZY_jEslTXjatttefA_67.54965012_30.48233550,485-270-28.018.png,28.018
992_sYzJpf8qIxHzlWcv9Q_Vfg_42.39226782_-75.08538693,486-0-23.4022.png,23.4022
992_sYzJpf8qIxHzlWcv9Q_Vfg_42.39226782_-75.08538693,486-90-23.4022.png,23.4022
992_sYzJpf8qIxHzlWcv9Q_Vfg_42.39226782_-75.08538693,486-180-23.4022.png,23.4022
992_sYzJpf8qIxHzlWcv9Q_Vfg_42.39226782_-75.08538693,486-270-23.4022.png,23.4022
3409_OPYDwn3871KjqEXCKPXTMQ_34.24791525_-80.58308213,487-0-30.0719.png,30.0719
3409_OPYDwn3871KjqEXCKPXTMQ_34.24791525_-80.58308213,487-90-30.0719.png,30.0719
3409_OPYDwn3871KjqEXCKPXTMQ_34.24791525_-80.58308213,487-180-30.0719.png,30.0719
3409_OPYDwn3871KjqEXCKPXTMQ_34.24791525_-80.58308213,487-270-30.0719.png,30.0719
1300_PEa9aF20ERbtBP7O5uaztA_61.13050432_9.08530749,488-0-21.4825.png,21.4825
1300_PEa9aF20ERbtBP7O5uaztA_61.13050432_9.08530749,488-90-21.4825.png,21.4825
1300_PEa9aF20ERbtBP7O5uaztA_61.13050432_9.08530749,488-180-21.4825.png,21.4825
1300_PEa9aF20ERbtBP7O5uaztA_61.13050432_9.08530749,488-270-21.4825.png,21.4825
2486_HLdh247MeKZ7aItf5yq37A_31.36482757_-116.32318087,489-0-38.3613.png,38.3613
2486_HLdh247MeKZ7aItf5yq37A_31.36482757_-116.32318087,489-90-38.3613.png,38.3613
2486_HLdh247MeKZ7aItf5yq37A_31.36482757_-116.32318087,489-180-38.3613.png,38.3613
2486_HLdh247MeKZ7aItf5yq37A_31.36482757_-116.32318087,489-270-38.3613.png,38.3613
951_gvMnLwS7idgl5_EcCoZ-zg_-11.52912719_-40.32002589,490-0-28.2704.png,28.2704
951_gvMnLwS7idgl5_EcCoZ-zg_-11.52912719_-40.32002589,490-90-28.2704.png,28.2704
951_gvMnLwS7idgl5_EcCoZ-zg_-11.52912719_-40.32002589,490-180-28.2704.png,28.2704
951_gvMnLwS7idgl5_EcCoZ-zg_-11.52912719_-40.32002589,490-270-28.2704.png,28.2704
3362_9TY--wT5-_vDWGXtxOif6g_-33.78253126_-61.21761197,491-0-69.4706.png,69.4706
3362_9TY--wT5-_vDWGXtxOif6g_-33.78253126_-61.21761197,491-90-69.4706.png,69.4706
3362_9TY--wT5-_vDWGXtxOif6g_-33.78253126_-61.21761197,491-180-69.4706.png,69.4706
3362_9TY--wT5-_vDWGXtxOif6g_-33.78253126_-61.21761197,491-270-69.4706.png,69.4706
2768_Pq84YzT1bejSLu2cztQwVw_44.90787594_-107.16604091,492-0-42.927.png,42.927
2768_Pq84YzT1bejSLu2cztQwVw_44.90787594_-107.16604091,492-90-42.927.png,42.927
2768_Pq84YzT1bejSLu2cztQwVw_44.90787594_-107.16604091,492-180-42.927.png,42.927
2768_Pq84YzT1bejSLu2cztQwVw_44.90787594_-107.16604091,492-270-42.927.png,42.927
557_Uc7Avyej93dUP8j8WM7AWQ_50.54828889_4.86918575,493-0-67.6627.png,67.6627
557_Uc7Avyej93dUP8j8WM7AWQ_50.54828889_4.86918575,493-90-67.6627.png,67.6627
557_Uc7Avyej93dUP8j8WM7AWQ_50.54828889_4.86918575,493-180-67.6627.png,67.6627
557_Uc7Avyej93dUP8j8WM7AWQ_50.54828889_4.86918575,493-270-67.6627.png,67.6627
54_vTNUOhUNHgniXRhSLv3HbA_41.93290973_25.89972634,494-0-71.1166.png,71.1166
54_vTNUOhUNHgniXRhSLv3HbA_41.93290973_25.89972634,494-90-71.1166.png,71.1166
54_vTNUOhUNHgniXRhSLv3HbA_41.93290973_25.89972634,494-180-71.1166.png,71.1166
54_vTNUOhUNHgniXRhSLv3HbA_41.93290973_25.89972634,494-270-71.1166.png,71.1166
1165_eto_p6Ggd3DcJsNQDAuXpA_34.90915770_-110.15652891,495-0-39.1152.png,39.1152
1165_eto_p6Ggd3DcJsNQDAuXpA_34.90915770_-110.15652891,495-90-39.1152.png,39.1152
1165_eto_p6Ggd3DcJsNQDAuXpA_34.90915770_-110.15652891,495-180-39.1152.png,39.1152
1165_eto_p6Ggd3DcJsNQDAuXpA_34.90915770_-110.15652891,495-270-39.1152.png,39.1152
600_X7TPlfRli1C8u91Z8e5k4A_20.97420611_82.38349811,496-0-40.3385.png,40.3385
600_X7TPlfRli1C8u91Z8e5k4A_20.97420611_82.38349811,496-90-40.3385.png,40.3385
600_X7TPlfRli1C8u91Z8e5k4A_20.97420611_82.38349811,496-180-40.3385.png,40.3385
600_X7TPlfRli1C8u91Z8e5k4A_20.97420611_82.38349811,496-270-40.3385.png,40.3385
720_s5UFM46Og1-BngPAWJ-iwQ_37.38428297_-82.25512017,497-0-69.0295.png,69.0295
720_s5UFM46Og1-BngPAWJ-iwQ_37.38428297_-82.25512017,497-90-69.0295.png,69.0295
720_s5UFM46Og1-BngPAWJ-iwQ_37.38428297_-82.25512017,497-180-69.0295.png,69.0295
720_s5UFM46Og1-BngPAWJ-iwQ_37.38428297_-82.25512017,497-270-69.0295.png,69.0295
785_U-3Cn7_dOR_rhROsVjuVjA_13.91547735_121.11384572,498-0-16.3488.png,16.3488
785_U-3Cn7_dOR_rhROsVjuVjA_13.91547735_121.11384572,498-90-16.3488.png,16.3488
785_U-3Cn7_dOR_rhROsVjuVjA_13.91547735_121.11384572,498-180-16.3488.png,16.3488
785_U-3Cn7_dOR_rhROsVjuVjA_13.91547735_121.11384572,498-270-16.3488.png,16.3488
3009_ta82bygOUkOkhPQBa40eoA_60.53714361_-150.76588455,499-0-41.7046.png,41.7046
3009_ta82bygOUkOkhPQBa40eoA_60.53714361_-150.76588455,499-90-41.7046.png,41.7046
3009_ta82bygOUkOkhPQBa40eoA_60.53714361_-150.76588455,499-180-41.7046.png,41.7046
3009_ta82bygOUkOkhPQBa40eoA_60.53714361_-150.76588455,499-270-41.7046.png,41.7046
1538_dN_SMn8B7A6T8dFsU7vvCQ_48.61345706_12.21881481,500-0-23.4806.png,23.4806
1538_dN_SMn8B7A6T8dFsU7vvCQ_48.61345706_12.21881481,500-90-23.4806.png,23.4806
1538_dN_SMn8B7A6T8dFsU7vvCQ_48.61345706_12.21881481,500-180-23.4806.png,23.4806
1538_dN_SMn8B7A6T8dFsU7vvCQ_48.61345706_12.21881481,500-270-23.4806.png,23.4806
951_tFApwucqVHZDLAWrhMyhZw_37.21918545_-3.60515230,501-0-30.1353.png,30.1353
951_tFApwucqVHZDLAWrhMyhZw_37.21918545_-3.60515230,501-90-30.1353.png,30.1353
951_tFApwucqVHZDLAWrhMyhZw_37.21918545_-3.60515230,501-180-30.1353.png,30.1353
951_tFApwucqVHZDLAWrhMyhZw_37.21918545_-3.60515230,501-270-30.1353.png,30.1353
526_IySjHCeANiWc7199cDc64Q_31.88852589_-86.19801379,502-0-80.7271.png,80.7271
526_IySjHCeANiWc7199cDc64Q_31.88852589_-86.19801379,502-90-80.7271.png,80.7271
526_IySjHCeANiWc7199cDc64Q_31.88852589_-86.19801379,502-180-80.7271.png,80.7271
526_IySjHCeANiWc7199cDc64Q_31.88852589_-86.19801379,502-270-80.7271.png,80.7271
772_gt8D-YgY7yiRb4ZbaqDeKg_52.23207853_6.93953773,503-0-62.1549.png,62.1549
772_gt8D-YgY7yiRb4ZbaqDeKg_52.23207853_6.93953773,503-90-62.1549.png,62.1549
772_gt8D-YgY7yiRb4ZbaqDeKg_52.23207853_6.93953773,503-180-62.1549.png,62.1549
772_gt8D-YgY7yiRb4ZbaqDeKg_52.23207853_6.93953773,503-270-62.1549.png,62.1549
1896_KggDWj4NtaqF7DTFXa8mZA_34.01364461_-118.13733957,504-0-22.5307.png,22.5307
1896_KggDWj4NtaqF7DTFXa8mZA_34.01364461_-118.13733957,504-90-22.5307.png,22.5307
1896_KggDWj4NtaqF7DTFXa8mZA_34.01364461_-118.13733957,504-180-22.5307.png,22.5307
1896_KggDWj4NtaqF7DTFXa8mZA_34.01364461_-118.13733957,504-270-22.5307.png,22.5307
490_uoVBOYAb9VKSNjrZC-5kag_50.37448214_5.12780948,505-0-44.204.png,44.204
490_uoVBOYAb9VKSNjrZC-5kag_50.37448214_5.12780948,505-90-44.204.png,44.204
490_uoVBOYAb9VKSNjrZC-5kag_50.37448214_5.12780948,505-180-44.204.png,44.204
490_uoVBOYAb9VKSNjrZC-5kag_50.37448214_5.12780948,505-270-44.204.png,44.204
411_r_hFtqD7lDkt3sD9cRAkog_34.61146478_-118.27116026,506-0-18.361.png,18.361
411_r_hFtqD7lDkt3sD9cRAkog_34.61146478_-118.27116026,506-90-18.361.png,18.361
411_r_hFtqD7lDkt3sD9cRAkog_34.61146478_-118.27116026,506-180-18.361.png,18.361
411_r_hFtqD7lDkt3sD9cRAkog_34.61146478_-118.27116026,506-270-18.361.png,18.361
1000_vndrMkPBye9554GhnjixQg_37.86692756_-25.83342649,507-0-47.9869.png,47.9869
1000_vndrMkPBye9554GhnjixQg_37.86692756_-25.83342649,507-90-47.9869.png,47.9869
1000_vndrMkPBye9554GhnjixQg_37.86692756_-25.83342649,507-180-47.9869.png,47.9869
1000_vndrMkPBye9554GhnjixQg_37.86692756_-25.83342649,507-270-47.9869.png,47.9869
925_oSyh_rzqCtPai5cA3UTIZA_-33.83123336_20.05585748,508-0-46.8803.png,46.8803
925_oSyh_rzqCtPai5cA3UTIZA_-33.83123336_20.05585748,508-90-46.8803.png,46.8803
925_oSyh_rzqCtPai5cA3UTIZA_-33.83123336_20.05585748,508-180-46.8803.png,46.8803
925_oSyh_rzqCtPai5cA3UTIZA_-33.83123336_20.05585748,508-270-46.8803.png,46.8803
2019_JdFPRFz5I5l_cC9aVCd9Dg_-18.58137634_-69.49394418,509-0-12.5775.png,12.5775
2019_JdFPRFz5I5l_cC9aVCd9Dg_-18.58137634_-69.49394418,509-90-12.5775.png,12.5775
2019_JdFPRFz5I5l_cC9aVCd9Dg_-18.58137634_-69.49394418,509-180-12.5775.png,12.5775
2019_JdFPRFz5I5l_cC9aVCd9Dg_-18.58137634_-69.49394418,509-270-12.5775.png,12.5775
57_f4RwCDnz_Ll07D9GbvfLXA_39.30290865_-102.60372967,510-0-50.8115.png,50.8115
57_f4RwCDnz_Ll07D9GbvfLXA_39.30290865_-102.60372967,510-90-50.8115.png,50.8115
57_f4RwCDnz_Ll07D9GbvfLXA_39.30290865_-102.60372967,510-180-50.8115.png,50.8115
57_f4RwCDnz_Ll07D9GbvfLXA_39.30290865_-102.60372967,510-270-50.8115.png,50.8115
238_vIcHJa7Hqhem6BPMBXCFmA_25.44038136_81.90815293,511-0-43.9054.png,43.9054
238_vIcHJa7Hqhem6BPMBXCFmA_25.44038136_81.90815293,511-90-43.9054.png,43.9054
238_vIcHJa7Hqhem6BPMBXCFmA_25.44038136_81.90815293,511-180-43.9054.png,43.9054
238_vIcHJa7Hqhem6BPMBXCFmA_25.44038136_81.90815293,511-270-43.9054.png,43.9054
3192_n1D-o8LI5YK_0V3_jAWDZw_16.92023996_-99.95807002,512-0-36.8484.png,36.8484
3192_n1D-o8LI5YK_0V3_jAWDZw_16.92023996_-99.95807002,512-90-36.8484.png,36.8484
3192_n1D-o8LI5YK_0V3_jAWDZw_16.92023996_-99.95807002,512-180-36.8484.png,36.8484
3192_n1D-o8LI5YK_0V3_jAWDZw_16.92023996_-99.95807002,512-270-36.8484.png,36.8484
600_w1NHjkzUOredQi01sUtZKA_46.62801847_-1.31066875,513-0-35.5842.png,35.5842
600_w1NHjkzUOredQi01sUtZKA_46.62801847_-1.31066875,513-90-35.5842.png,35.5842
600_w1NHjkzUOredQi01sUtZKA_46.62801847_-1.31066875,513-180-35.5842.png,35.5842
600_w1NHjkzUOredQi01sUtZKA_46.62801847_-1.31066875,513-270-35.5842.png,35.5842
3059_ylQlX6IF_z8cuwLt9TaEfA_52.04910579_109.74983467,514-0-67.0635.png,67.0635
3059_ylQlX6IF_z8cuwLt9TaEfA_52.04910579_109.74983467,514-90-67.0635.png,67.0635
3059_ylQlX6IF_z8cuwLt9TaEfA_52.04910579_109.74983467,514-180-67.0635.png,67.0635
3059_ylQlX6IF_z8cuwLt9TaEfA_52.04910579_109.74983467,514-270-67.0635.png,67.0635
1721_dS_o8KcttruLa6i_O_KqvQ_-36.50471275_148.83636649,515-0-48.4548.png,48.4548
1721_dS_o8KcttruLa6i_O_KqvQ_-36.50471275_148.83636649,515-90-48.4548.png,48.4548
1721_dS_o8KcttruLa6i_O_KqvQ_-36.50471275_148.83636649,515-180-48.4548.png,48.4548
1721_dS_o8KcttruLa6i_O_KqvQ_-36.50471275_148.83636649,515-270-48.4548.png,48.4548
3268_npVnPD-E5BMuIntdXtYxIg_-34.76448773_-68.20607296,516-0-24.6.png,24.6
3268_npVnPD-E5BMuIntdXtYxIg_-34.76448773_-68.20607296,516-90-24.6.png,24.6
3268_npVnPD-E5BMuIntdXtYxIg_-34.76448773_-68.20607296,516-180-24.6.png,24.6
3268_npVnPD-E5BMuIntdXtYxIg_-34.76448773_-68.20607296,516-270-24.6.png,24.6
1793_TqVqLExEfuDaLs-SkMEYkg_-30.67638702_30.50705149,517-0-36.0839.png,36.0839
1793_TqVqLExEfuDaLs-SkMEYkg_-30.67638702_30.50705149,517-90-36.0839.png,36.0839
1793_TqVqLExEfuDaLs-SkMEYkg_-30.67638702_30.50705149,517-180-36.0839.png,36.0839
1793_TqVqLExEfuDaLs-SkMEYkg_-30.67638702_30.50705149,517-270-36.0839.png,36.0839
1836_YHwbr5qixYbuksvBRKgnWQ_-7.39599694_111.07495296,518-0-54.576.png,54.576
1836_YHwbr5qixYbuksvBRKgnWQ_-7.39599694_111.07495296,518-90-54.576.png,54.576
1836_YHwbr5qixYbuksvBRKgnWQ_-7.39599694_111.07495296,518-180-54.576.png,54.576
1836_YHwbr5qixYbuksvBRKgnWQ_-7.39599694_111.07495296,518-270-54.576.png,54.576
543_w_4lgrmNsFh-PcA34KxYlQ_42.01143986_-82.78142446,519-0-24.5695.png,24.5695
543_w_4lgrmNsFh-PcA34KxYlQ_42.01143986_-82.78142446,519-90-24.5695.png,24.5695
543_w_4lgrmNsFh-PcA34KxYlQ_42.01143986_-82.78142446,519-180-24.5695.png,24.5695
543_w_4lgrmNsFh-PcA34KxYlQ_42.01143986_-82.78142446,519-270-24.5695.png,24.5695
856_4qPNfgpY5-mUWLoaoNSFNA_55.51913328_9.73926906,520-0-29.2412.png,29.2412
856_4qPNfgpY5-mUWLoaoNSFNA_55.51913328_9.73926906,520-90-29.2412.png,29.2412
856_4qPNfgpY5-mUWLoaoNSFNA_55.51913328_9.73926906,520-180-29.2412.png,29.2412
856_4qPNfgpY5-mUWLoaoNSFNA_55.51913328_9.73926906,520-270-29.2412.png,29.2412
1963_-aDU1oYaTCRFqVPbvYwrtw_38.75043104_21.64755674,521-0-44.0056.png,44.0056
1963_-aDU1oYaTCRFqVPbvYwrtw_38.75043104_21.64755674,521-90-44.0056.png,44.0056
1963_-aDU1oYaTCRFqVPbvYwrtw_38.75043104_21.64755674,521-180-44.0056.png,44.0056
1963_-aDU1oYaTCRFqVPbvYwrtw_38.75043104_21.64755674,521-270-44.0056.png,44.0056
2053_Dx-sZEk7XwCR2zog-77SBg_53.26609238_-6.16538332,522-0-39.7787.png,39.7787
2053_Dx-sZEk7XwCR2zog-77SBg_53.26609238_-6.16538332,522-90-39.7787.png,39.7787
2053_Dx-sZEk7XwCR2zog-77SBg_53.26609238_-6.16538332,522-180-39.7787.png,39.7787
2053_Dx-sZEk7XwCR2zog-77SBg_53.26609238_-6.16538332,522-270-39.7787.png,39.7787
1742_Ba7gZUDUhP4LgYoK41aWWQ_21.48089282_74.44924713,523-0-61.0927.png,61.0927
1742_Ba7gZUDUhP4LgYoK41aWWQ_21.48089282_74.44924713,523-90-61.0927.png,61.0927
1742_Ba7gZUDUhP4LgYoK41aWWQ_21.48089282_74.44924713,523-180-61.0927.png,61.0927
1742_Ba7gZUDUhP4LgYoK41aWWQ_21.48089282_74.44924713,523-270-61.0927.png,61.0927
58_pLdgE36EnYfmUoRJhJORhg_45.87663848_13.34852666,524-0-40.7683.png,40.7683
58_pLdgE36EnYfmUoRJhJORhg_45.87663848_13.34852666,524-90-40.7683.png,40.7683
58_pLdgE36EnYfmUoRJhJORhg_45.87663848_13.34852666,524-180-40.7683.png,40.7683
58_pLdgE36EnYfmUoRJhJORhg_45.87663848_13.34852666,524-270-40.7683.png,40.7683
586_KefHVehWkVA7MOpH-Y4dCA_46.45738203_-60.46382819,525-0-45.2274.png,45.2274
586_KefHVehWkVA7MOpH-Y4dCA_46.45738203_-60.46382819,525-90-45.2274.png,45.2274
586_KefHVehWkVA7MOpH-Y4dCA_46.45738203_-60.46382819,525-180-45.2274.png,45.2274
586_KefHVehWkVA7MOpH-Y4dCA_46.45738203_-60.46382819,525-270-45.2274.png,45.2274
501_Rz-naEJSertxL5tnmQPt_g_12.25546686_105.53586284,526-0-49.6411.png,49.6411
501_Rz-naEJSertxL5tnmQPt_g_12.25546686_105.53586284,526-90-49.6411.png,49.6411
501_Rz-naEJSertxL5tnmQPt_g_12.25546686_105.53586284,526-180-49.6411.png,49.6411
501_Rz-naEJSertxL5tnmQPt_g_12.25546686_105.53586284,526-270-49.6411.png,49.6411
1023_XgIuN9KD6VBUZz3ItKDRzw_48.54252320_7.42720254,527-0-76.2775.png,76.2775
1023_XgIuN9KD6VBUZz3ItKDRzw_48.54252320_7.42720254,527-90-76.2775.png,76.2775
1023_XgIuN9KD6VBUZz3ItKDRzw_48.54252320_7.42720254,527-180-76.2775.png,76.2775
1023_XgIuN9KD6VBUZz3ItKDRzw_48.54252320_7.42720254,527-270-76.2775.png,76.2775
828_-dbBZnsgix4yWJ02ENuNrw_-36.69993376_143.16655786,528-0-22.4325.png,22.4325
828_-dbBZnsgix4yWJ02ENuNrw_-36.69993376_143.16655786,528-90-22.4325.png,22.4325
828_-dbBZnsgix4yWJ02ENuNrw_-36.69993376_143.16655786,528-180-22.4325.png,22.4325
828_-dbBZnsgix4yWJ02ENuNrw_-36.69993376_143.16655786,528-270-22.4325.png,22.4325
1757_40LD80QrnPGfo8BhkWImhw_-3.05091274_-59.92072953,529-0-67.597.png,67.597
1757_40LD80QrnPGfo8BhkWImhw_-3.05091274_-59.92072953,529-90-67.597.png,67.597
1757_40LD80QrnPGfo8BhkWImhw_-3.05091274_-59.92072953,529-180-67.597.png,67.597
1757_40LD80QrnPGfo8BhkWImhw_-3.05091274_-59.92072953,529-270-67.597.png,67.597
2371_6W8tiXLsuAtn0n46d4OG2w_45.01045090_0.05080707,530-0-59.8483.png,59.8483
2371_6W8tiXLsuAtn0n46d4OG2w_45.01045090_0.05080707,530-90-59.8483.png,59.8483
2371_6W8tiXLsuAtn0n46d4OG2w_45.01045090_0.05080707,530-180-59.8483.png,59.8483
2371_6W8tiXLsuAtn0n46d4OG2w_45.01045090_0.05080707,530-270-59.8483.png,59.8483
2722_boQZwFVnmR6GhAwvgPeS6w_33.00588660_-93.44125974,531-0-29.784.png,29.784
2722_boQZwFVnmR6GhAwvgPeS6w_33.00588660_-93.44125974,531-90-29.784.png,29.784
2722_boQZwFVnmR6GhAwvgPeS6w_33.00588660_-93.44125974,531-180-29.784.png,29.784
2722_boQZwFVnmR6GhAwvgPeS6w_33.00588660_-93.44125974,531-270-29.784.png,29.784
871_-tAD8UOnjButzHOWTgU0kA_-34.69433531_150.59850647,532-0-44.2252.png,44.2252
871_-tAD8UOnjButzHOWTgU0kA_-34.69433531_150.59850647,532-90-44.2252.png,44.2252
871_-tAD8UOnjButzHOWTgU0kA_-34.69433531_150.59850647,532-180-44.2252.png,44.2252
871_-tAD8UOnjButzHOWTgU0kA_-34.69433531_150.59850647,532-270-44.2252.png,44.2252
198_owSzj_9zi9I93ghEtPdpXw_-20.47218291_-45.95726008,533-0-35.7794.png,35.7794
198_owSzj_9zi9I93ghEtPdpXw_-20.47218291_-45.95726008,533-90-35.7794.png,35.7794
198_owSzj_9zi9I93ghEtPdpXw_-20.47218291_-45.95726008,533-180-35.7794.png,35.7794
198_owSzj_9zi9I93ghEtPdpXw_-20.47218291_-45.95726008,533-270-35.7794.png,35.7794
1339_23A4TI_ME7V-oRIJjKefjQ_47.38324046_2.88351439,534-0-32.308.png,32.308
1339_23A4TI_ME7V-oRIJjKefjQ_47.38324046_2.88351439,534-90-32.308.png,32.308
1339_23A4TI_ME7V-oRIJjKefjQ_47.38324046_2.88351439,534-180-32.308.png,32.308
1339_23A4TI_ME7V-oRIJjKefjQ_47.38324046_2.88351439,534-270-32.308.png,32.308
1926_cF7_eYVMjBThGwCn2YqCOA_7.24800293_100.30602689,535-0-44.984.png,44.984
1926_cF7_eYVMjBThGwCn2YqCOA_7.24800293_100.30602689,535-90-44.984.png,44.984
1926_cF7_eYVMjBThGwCn2YqCOA_7.24800293_100.30602689,535-180-44.984.png,44.984
1926_cF7_eYVMjBThGwCn2YqCOA_7.24800293_100.30602689,535-270-44.984.png,44.984
2967_4HaX0vNfQ3J8KAGhgEoauA_47.69474523_-116.79045138,536-0-47.2261.png,47.2261
2967_4HaX0vNfQ3J8KAGhgEoauA_47.69474523_-116.79045138,536-90-47.2261.png,47.2261
2967_4HaX0vNfQ3J8KAGhgEoauA_47.69474523_-116.79045138,536-180-47.2261.png,47.2261
2967_4HaX0vNfQ3J8KAGhgEoauA_47.69474523_-116.79045138,536-270-47.2261.png,47.2261
1005_TYG_n3TjOJclV8nMFJl2Yg_57.26537713_10.95331441,537-0-26.188.png,26.188
1005_TYG_n3TjOJclV8nMFJl2Yg_57.26537713_10.95331441,537-90-26.188.png,26.188
1005_TYG_n3TjOJclV8nMFJl2Yg_57.26537713_10.95331441,537-180-26.188.png,26.188
1005_TYG_n3TjOJclV8nMFJl2Yg_57.26537713_10.95331441,537-270-26.188.png,26.188
2735_cm9k0s8C6U0U4cqvRKiqMw_52.74064975_-1.18774530,538-0-15.3656.png,15.3656
2735_cm9k0s8C6U0U4cqvRKiqMw_52.74064975_-1.18774530,538-90-15.3656.png,15.3656
2735_cm9k0s8C6U0U4cqvRKiqMw_52.74064975_-1.18774530,538-180-15.3656.png,15.3656
2735_cm9k0s8C6U0U4cqvRKiqMw_52.74064975_-1.18774530,538-270-15.3656.png,15.3656
1542_nXmNizX7wgynb5L575n_qg_48.55809974_-2.06451167,539-0-23.2394.png,23.2394
1542_nXmNizX7wgynb5L575n_qg_48.55809974_-2.06451167,539-90-23.2394.png,23.2394
1542_nXmNizX7wgynb5L575n_qg_48.55809974_-2.06451167,539-180-23.2394.png,23.2394
1542_nXmNizX7wgynb5L575n_qg_48.55809974_-2.06451167,539-270-23.2394.png,23.2394
677_R_zkioTyhDh2oFqZWT9zog_22.28449440_114.22318349,540-0-69.1013.png,69.1013
677_R_zkioTyhDh2oFqZWT9zog_22.28449440_114.22318349,540-90-69.1013.png,69.1013
677_R_zkioTyhDh2oFqZWT9zog_22.28449440_114.22318349,540-180-69.1013.png,69.1013
677_R_zkioTyhDh2oFqZWT9zog_22.28449440_114.22318349,540-270-69.1013.png,69.1013
978_O5Agp7QXvW7q8BJsz66JUA_45.91573480_12.21458986,541-0-68.7722.png,68.7722
978_O5Agp7QXvW7q8BJsz66JUA_45.91573480_12.21458986,541-90-68.7722.png,68.7722
978_O5Agp7QXvW7q8BJsz66JUA_45.91573480_12.21458986,541-180-68.7722.png,68.7722
978_O5Agp7QXvW7q8BJsz66JUA_45.91573480_12.21458986,541-270-68.7722.png,68.7722
2946_BtsgxWdK0-z6JunVFaiwTw_38.44481163_43.32331853,542-0-72.2889.png,72.2889
2946_BtsgxWdK0-z6JunVFaiwTw_38.44481163_43.32331853,542-90-72.2889.png,72.2889
2946_BtsgxWdK0-z6JunVFaiwTw_38.44481163_43.32331853,542-180-72.2889.png,72.2889
2946_BtsgxWdK0-z6JunVFaiwTw_38.44481163_43.32331853,542-270-72.2889.png,72.2889
1377_ObpT7pPWVqg0k9aEUnQJUA_62.78160940_6.46947171,543-0-13.1296.png,13.1296
1377_ObpT7pPWVqg0k9aEUnQJUA_62.78160940_6.46947171,543-90-13.1296.png,13.1296
1377_ObpT7pPWVqg0k9aEUnQJUA_62.78160940_6.46947171,543-180-13.1296.png,13.1296
1377_ObpT7pPWVqg0k9aEUnQJUA_62.78160940_6.46947171,543-270-13.1296.png,13.1296
2383_Cx8s-bhMwAAWYz3HecfykA_13.41566434_76.62063199,544-0-80.4564.png,80.4564
2383_Cx8s-bhMwAAWYz3HecfykA_13.41566434_76.62063199,544-90-80.4564.png,80.4564
2383_Cx8s-bhMwAAWYz3HecfykA_13.41566434_76.62063199,544-180-80.4564.png,80.4564
2383_Cx8s-bhMwAAWYz3HecfykA_13.41566434_76.62063199,544-270-80.4564.png,80.4564
414_clcnotNTcCgY-gZ2clWxzw_63.90811931_23.92481466,545-0-28.8147.png,28.8147
414_clcnotNTcCgY-gZ2clWxzw_63.90811931_23.92481466,545-90-28.8147.png,28.8147
414_clcnotNTcCgY-gZ2clWxzw_63.90811931_23.92481466,545-180-28.8147.png,28.8147
414_clcnotNTcCgY-gZ2clWxzw_63.90811931_23.92481466,545-270-28.8147.png,28.8147
267_T7cYUDDZLwNL0N8zdyZ1VQ_-11.10017090_-48.91957939,546-0-36.8053.png,36.8053
267_T7cYUDDZLwNL0N8zdyZ1VQ_-11.10017090_-48.91957939,546-90-36.8053.png,36.8053
267_T7cYUDDZLwNL0N8zdyZ1VQ_-11.10017090_-48.91957939,546-180-36.8053.png,36.8053
267_T7cYUDDZLwNL0N8zdyZ1VQ_-11.10017090_-48.91957939,546-270-36.8053.png,36.8053
944_8g2VFvIU7UwvAxDuuJcocA_41.10445740_-84.94379259,547-0-56.4764.png,56.4764
944_8g2VFvIU7UwvAxDuuJcocA_41.10445740_-84.94379259,547-90-56.4764.png,56.4764
944_8g2VFvIU7UwvAxDuuJcocA_41.10445740_-84.94379259,547-180-56.4764.png,56.4764
944_8g2VFvIU7UwvAxDuuJcocA_41.10445740_-84.94379259,547-270-56.4764.png,56.4764
472_Xo6f4M2C0P5uP-0lMRWMgQ_42.87256866_1.56450509,548-0-35.3915.png,35.3915
472_Xo6f4M2C0P5uP-0lMRWMgQ_42.87256866_1.56450509,548-90-35.3915.png,35.3915
472_Xo6f4M2C0P5uP-0lMRWMgQ_42.87256866_1.56450509,548-180-35.3915.png,35.3915
472_Xo6f4M2C0P5uP-0lMRWMgQ_42.87256866_1.56450509,548-270-35.3915.png,35.3915
3436_fVAbxnWsv6fMhE4s-zhbBw_10.87132616_124.48967895,549-0-72.299.png,72.299
3436_fVAbxnWsv6fMhE4s-zhbBw_10.87132616_124.48967895,549-90-72.299.png,72.299
3436_fVAbxnWsv6fMhE4s-zhbBw_10.87132616_124.48967895,549-180-72.299.png,72.299
3436_fVAbxnWsv6fMhE4s-zhbBw_10.87132616_124.48967895,549-270-72.299.png,72.299
1112_Jyyzqy0IYP7ZMLHYK34zTQ_47.12813806_16.46744888,550-0-46.8818.png,46.8818
1112_Jyyzqy0IYP7ZMLHYK34zTQ_47.12813806_16.46744888,550-90-46.8818.png,46.8818
1112_Jyyzqy0IYP7ZMLHYK34zTQ_47.12813806_16.46744888,550-180-46.8818.png,46.8818
1112_Jyyzqy0IYP7ZMLHYK34zTQ_47.12813806_16.46744888,550-270-46.8818.png,46.8818
1377_g0e0R3BPIyM0jgw7Eknz9Q_-17.35345173_-52.67826615,551-0-33.645.png,33.645
1377_g0e0R3BPIyM0jgw7Eknz9Q_-17.35345173_-52.67826615,551-90-33.645.png,33.645
1377_g0e0R3BPIyM0jgw7Eknz9Q_-17.35345173_-52.67826615,551-180-33.645.png,33.645
1377_g0e0R3BPIyM0jgw7Eknz9Q_-17.35345173_-52.67826615,551-270-33.645.png,33.645
1834_WOqtmAaGr9D7VPrVTkmz2Q_48.57537159_5.04556339,552-0-45.2358.png,45.2358
1834_WOqtmAaGr9D7VPrVTkmz2Q_48.57537159_5.04556339,552-90-45.2358.png,45.2358
1834_WOqtmAaGr9D7VPrVTkmz2Q_48.57537159_5.04556339,552-180-45.2358.png,45.2358
1834_WOqtmAaGr9D7VPrVTkmz2Q_48.57537159_5.04556339,552-270-45.2358.png,45.2358
2744_JJD7UYVTyIjA5kheD01p8A_-39.50794873_176.88076803,553-0-40.6074.png,40.6074
2744_JJD7UYVTyIjA5kheD01p8A_-39.50794873_176.88076803,553-90-40.6074.png,40.6074
2744_JJD7UYVTyIjA5kheD01p8A_-39.50794873_176.88076803,553-180-40.6074.png,40.6074
2744_JJD7UYVTyIjA5kheD01p8A_-39.50794873_176.88076803,553-270-40.6074.png,40.6074
234_YQX4uImKgeNWcDvXo4-Xhw_17.72351110_75.77344229,554-0-33.7236.png,33.7236
234_YQX4uImKgeNWcDvXo4-Xhw_17.72351110_75.77344229,554-90-33.7236.png,33.7236
234_YQX4uImKgeNWcDvXo4-Xhw_17.72351110_75.77344229,554-180-33.7236.png,33.7236
234_YQX4uImKgeNWcDvXo4-Xhw_17.72351110_75.77344229,554-270-33.7236.png,33.7236
2174_dFTo8l_2rxobU1ujtIy4rg_43.37066165_-121.06406153,555-0-65.1199.png,65.1199
2174_dFTo8l_2rxobU1ujtIy4rg_43.37066165_-121.06406153,555-90-65.1199.png,65.1199
2174_dFTo8l_2rxobU1ujtIy4rg_43.37066165_-121.06406153,555-180-65.1199.png,65.1199
2174_dFTo8l_2rxobU1ujtIy4rg_43.37066165_-121.06406153,555-270-65.1199.png,65.1199
771_xyGab6XEqZyHXd4ie0Bhlw_42.74493365_2.91935277,556-0-69.1871.png,69.1871
771_xyGab6XEqZyHXd4ie0Bhlw_42.74493365_2.91935277,556-90-69.1871.png,69.1871
771_xyGab6XEqZyHXd4ie0Bhlw_42.74493365_2.91935277,556-180-69.1871.png,69.1871
771_xyGab6XEqZyHXd4ie0Bhlw_42.74493365_2.91935277,556-270-69.1871.png,69.1871
1938_SWRw62jhofVlcs46Cmf-vw_42.89361089_-6.39189966,557-0-24.1205.png,24.1205
1938_SWRw62jhofVlcs46Cmf-vw_42.89361089_-6.39189966,557-90-24.1205.png,24.1205
1938_SWRw62jhofVlcs46Cmf-vw_42.89361089_-6.39189966,557-180-24.1205.png,24.1205
1938_SWRw62jhofVlcs46Cmf-vw_42.89361089_-6.39189966,557-270-24.1205.png,24.1205
2180_CyBLcDny1rl8CSFhFzPaXw_45.99191016_-95.81715734,558-0-77.2824.png,77.2824
2180_CyBLcDny1rl8CSFhFzPaXw_45.99191016_-95.81715734,558-90-77.2824.png,77.2824
2180_CyBLcDny1rl8CSFhFzPaXw_45.99191016_-95.81715734,558-180-77.2824.png,77.2824
2180_CyBLcDny1rl8CSFhFzPaXw_45.99191016_-95.81715734,558-270-77.2824.png,77.2824
2369_6YaRnPiFc0Evc_XL2quEBw_48.34719674_-100.40713440,559-0-31.4438.png,31.4438
2369_6YaRnPiFc0Evc_XL2quEBw_48.34719674_-100.40713440,559-90-31.4438.png,31.4438
2369_6YaRnPiFc0Evc_XL2quEBw_48.34719674_-100.40713440,559-180-31.4438.png,31.4438
2369_6YaRnPiFc0Evc_XL2quEBw_48.34719674_-100.40713440,559-270-31.4438.png,31.4438
656_DAD1NHlrZFrkTirMK6pGeQ_-15.22664459_-59.33523551,560-0-53.7462.png,53.7462
656_DAD1NHlrZFrkTirMK6pGeQ_-15.22664459_-59.33523551,560-90-53.7462.png,53.7462
656_DAD1NHlrZFrkTirMK6pGeQ_-15.22664459_-59.33523551,560-180-53.7462.png,53.7462
656_DAD1NHlrZFrkTirMK6pGeQ_-15.22664459_-59.33523551,560-270-53.7462.png,53.7462
1212_KzLlbxCMLstxNrxkialRAA_7.02611594_124.16689891,561-0-59.2671.png,59.2671
1212_KzLlbxCMLstxNrxkialRAA_7.02611594_124.16689891,561-90-59.2671.png,59.2671
1212_KzLlbxCMLstxNrxkialRAA_7.02611594_124.16689891,561-180-59.2671.png,59.2671
1212_KzLlbxCMLstxNrxkialRAA_7.02611594_124.16689891,561-270-59.2671.png,59.2671
1068_3sO0ZQo3sjhc0IY7lKa-EA_33.79530237_-85.26823597,562-0-20.2588.png,20.2588
1068_3sO0ZQo3sjhc0IY7lKa-EA_33.79530237_-85.26823597,562-90-20.2588.png,20.2588
1068_3sO0ZQo3sjhc0IY7lKa-EA_33.79530237_-85.26823597,562-180-20.2588.png,20.2588
1068_3sO0ZQo3sjhc0IY7lKa-EA_33.79530237_-85.26823597,562-270-20.2588.png,20.2588
2998_vgNJrjH0rvB1bj1ATA9-zA_40.99515570_23.48822394,563-0-67.9931.png,67.9931
2998_vgNJrjH0rvB1bj1ATA9-zA_40.99515570_23.48822394,563-90-67.9931.png,67.9931
2998_vgNJrjH0rvB1bj1ATA9-zA_40.99515570_23.48822394,563-180-67.9931.png,67.9931
2998_vgNJrjH0rvB1bj1ATA9-zA_40.99515570_23.48822394,563-270-67.9931.png,67.9931
2716_iRNwhCSroNshDGBAXsEq8g_42.54532322_13.62594469,564-0-44.9806.png,44.9806
2716_iRNwhCSroNshDGBAXsEq8g_42.54532322_13.62594469,564-90-44.9806.png,44.9806
2716_iRNwhCSroNshDGBAXsEq8g_42.54532322_13.62594469,564-180-44.9806.png,44.9806
2716_iRNwhCSroNshDGBAXsEq8g_42.54532322_13.62594469,564-270-44.9806.png,44.9806
3382_eZ0EfmPoBnNPIW4lxm4ndw_17.85564065_73.41802418,565-0-39.0907.png,39.0907
3382_eZ0EfmPoBnNPIW4lxm4ndw_17.85564065_73.41802418,565-90-39.0907.png,39.0907
3382_eZ0EfmPoBnNPIW4lxm4ndw_17.85564065_73.41802418,565-180-39.0907.png,39.0907
3382_eZ0EfmPoBnNPIW4lxm4ndw_17.85564065_73.41802418,565-270-39.0907.png,39.0907
1141_5rzlvL-w1NQJ4OJdNOyr4g_43.52383801_4.70809750,566-0-24.6615.png,24.6615
1141_5rzlvL-w1NQJ4OJdNOyr4g_43.52383801_4.70809750,566-90-24.6615.png,24.6615
1141_5rzlvL-w1NQJ4OJdNOyr4g_43.52383801_4.70809750,566-180-24.6615.png,24.6615
1141_5rzlvL-w1NQJ4OJdNOyr4g_43.52383801_4.70809750,566-270-24.6615.png,24.6615
2061_ie6TE6lWmifRcwU646vmLg_32.63377779_129.83343329,567-0-18.9652.png,18.9652
2061_ie6TE6lWmifRcwU646vmLg_32.63377779_129.83343329,567-90-18.9652.png,18.9652
2061_ie6TE6lWmifRcwU646vmLg_32.63377779_129.83343329,567-180-18.9652.png,18.9652
2061_ie6TE6lWmifRcwU646vmLg_32.63377779_129.83343329,567-270-18.9652.png,18.9652
2483_2GFovpUgC__ZvHjOdeHG3g_22.05090167_121.51247973,568-0-83.8083.png,83.8083
2483_2GFovpUgC__ZvHjOdeHG3g_22.05090167_121.51247973,568-90-83.8083.png,83.8083
2483_2GFovpUgC__ZvHjOdeHG3g_22.05090167_121.51247973,568-180-83.8083.png,83.8083
2483_2GFovpUgC__ZvHjOdeHG3g_22.05090167_121.51247973,568-270-83.8083.png,83.8083
2305_VzKzK2aHJLMmZPRSbJKBAg_56.00287571_-4.58383789,569-0-25.553.png,25.553
2305_VzKzK2aHJLMmZPRSbJKBAg_56.00287571_-4.58383789,569-90-25.553.png,25.553
2305_VzKzK2aHJLMmZPRSbJKBAg_56.00287571_-4.58383789,569-180-25.553.png,25.553
2305_VzKzK2aHJLMmZPRSbJKBAg_56.00287571_-4.58383789,569-270-25.553.png,25.553
449_OxzggKWPSbH7Pt0Lflxy7A_41.05373695_0.43850235,570-0-66.3311.png,66.3311
449_OxzggKWPSbH7Pt0Lflxy7A_41.05373695_0.43850235,570-90-66.3311.png,66.3311
449_OxzggKWPSbH7Pt0Lflxy7A_41.05373695_0.43850235,570-180-66.3311.png,66.3311
449_OxzggKWPSbH7Pt0Lflxy7A_41.05373695_0.43850235,570-270-66.3311.png,66.3311
2975_bu_0ZCaioDm8dqKmRcJLQQ_37.57292433_-1.34145582,571-0-75.968.png,75.968
2975_bu_0ZCaioDm8dqKmRcJLQQ_37.57292433_-1.34145582,571-90-75.968.png,75.968
2975_bu_0ZCaioDm8dqKmRcJLQQ_37.57292433_-1.34145582,571-180-75.968.png,75.968
2975_bu_0ZCaioDm8dqKmRcJLQQ_37.57292433_-1.34145582,571-270-75.968.png,75.968
355_MR3Cngs42qmDzuY3vFcLMg_30.49373283_-90.45786204,572-0-79.0566.png,79.0566
355_MR3Cngs42qmDzuY3vFcLMg_30.49373283_-90.45786204,572-90-79.0566.png,79.0566
355_MR3Cngs42qmDzuY3vFcLMg_30.49373283_-90.45786204,572-180-79.0566.png,79.0566
355_MR3Cngs42qmDzuY3vFcLMg_30.49373283_-90.45786204,572-270-79.0566.png,79.0566
852_Es-dsEBPXhishYHSNgNZew_45.95494182_22.99408579,573-0-41.4764.png,41.4764
852_Es-dsEBPXhishYHSNgNZew_45.95494182_22.99408579,573-90-41.4764.png,41.4764
852_Es-dsEBPXhishYHSNgNZew_45.95494182_22.99408579,573-180-41.4764.png,41.4764
852_Es-dsEBPXhishYHSNgNZew_45.95494182_22.99408579,573-270-41.4764.png,41.4764
160_dbQ3LG30IGjAOGWSBIH8zg_33.34826854_-89.46117982,574-0-75.3711.png,75.3711
160_dbQ3LG30IGjAOGWSBIH8zg_33.34826854_-89.46117982,574-90-75.3711.png,75.3711
160_dbQ3LG30IGjAOGWSBIH8zg_33.34826854_-89.46117982,574-180-75.3711.png,75.3711
160_dbQ3LG30IGjAOGWSBIH8zg_33.34826854_-89.46117982,574-270-75.3711.png,75.3711
813_v1U0lMefDymJVAEewvX0Ew_49.52690848_8.09611626,575-0-13.4188.png,13.4188
813_v1U0lMefDymJVAEewvX0Ew_49.52690848_8.09611626,575-90-13.4188.png,13.4188
813_v1U0lMefDymJVAEewvX0Ew_49.52690848_8.09611626,575-180-13.4188.png,13.4188
813_v1U0lMefDymJVAEewvX0Ew_49.52690848_8.09611626,575-270-13.4188.png,13.4188
482_QaoE3HV6d5oDgg5YguwEEg_18.17039689_73.00448043,576-0-52.8651.png,52.8651
482_QaoE3HV6d5oDgg5YguwEEg_18.17039689_73.00448043,576-90-52.8651.png,52.8651
482_QaoE3HV6d5oDgg5YguwEEg_18.17039689_73.00448043,576-180-52.8651.png,52.8651
482_QaoE3HV6d5oDgg5YguwEEg_18.17039689_73.00448043,576-270-52.8651.png,52.8651
1209_UaQXv15q6FLlaixg5m3JuA_-36.13316237_144.74906907,577-0-25.3067.png,25.3067
1209_UaQXv15q6FLlaixg5m3JuA_-36.13316237_144.74906907,577-90-25.3067.png,25.3067
1209_UaQXv15q6FLlaixg5m3JuA_-36.13316237_144.74906907,577-180-25.3067.png,25.3067
1209_UaQXv15q6FLlaixg5m3JuA_-36.13316237_144.74906907,577-270-25.3067.png,25.3067
297_FbCf0LCDHXnyXD4Ur1x4vw_46.97118209_-1.43341342,578-0-36.8149.png,36.8149
297_FbCf0LCDHXnyXD4Ur1x4vw_46.97118209_-1.43341342,578-90-36.8149.png,36.8149
297_FbCf0LCDHXnyXD4Ur1x4vw_46.97118209_-1.43341342,578-180-36.8149.png,36.8149
297_FbCf0LCDHXnyXD4Ur1x4vw_46.97118209_-1.43341342,578-270-36.8149.png,36.8149
674_SkuZHzdssHkvWZKsTjFFdA_-35.09816841_173.80011805,579-0-35.6094.png,35.6094
674_SkuZHzdssHkvWZKsTjFFdA_-35.09816841_173.80011805,579-90-35.6094.png,35.6094
674_SkuZHzdssHkvWZKsTjFFdA_-35.09816841_173.80011805,579-180-35.6094.png,35.6094
674_SkuZHzdssHkvWZKsTjFFdA_-35.09816841_173.80011805,579-270-35.6094.png,35.6094
2256_OnnBZmpAG2QgC0T20fdcGA_64.24484188_12.37859742,580-0-50.2514.png,50.2514
2256_OnnBZmpAG2QgC0T20fdcGA_64.24484188_12.37859742,580-90-50.2514.png,50.2514
2256_OnnBZmpAG2QgC0T20fdcGA_64.24484188_12.37859742,580-180-50.2514.png,50.2514
2256_OnnBZmpAG2QgC0T20fdcGA_64.24484188_12.37859742,580-270-50.2514.png,50.2514
525_zpL6xR6iKQkwFHz-Y1Kpew_14.92274044_77.17696274,581-0-20.2519.png,20.2519
525_zpL6xR6iKQkwFHz-Y1Kpew_14.92274044_77.17696274,581-90-20.2519.png,20.2519
525_zpL6xR6iKQkwFHz-Y1Kpew_14.92274044_77.17696274,581-180-20.2519.png,20.2519
525_zpL6xR6iKQkwFHz-Y1Kpew_14.92274044_77.17696274,581-270-20.2519.png,20.2519
488_-aZGqibJZkL7W7TzJir7Uw_49.14452226_5.08222011,582-0-39.1649.png,39.1649
488_-aZGqibJZkL7W7TzJir7Uw_49.14452226_5.08222011,582-90-39.1649.png,39.1649
488_-aZGqibJZkL7W7TzJir7Uw_49.14452226_5.08222011,582-180-39.1649.png,39.1649
488_-aZGqibJZkL7W7TzJir7Uw_49.14452226_5.08222011,582-270-39.1649.png,39.1649
991_ycBHMlCoILBjAlOQV53DsQ_43.03339201_-82.24946226,583-0-40.612.png,40.612
991_ycBHMlCoILBjAlOQV53DsQ_43.03339201_-82.24946226,583-90-40.612.png,40.612
991_ycBHMlCoILBjAlOQV53DsQ_43.03339201_-82.24946226,583-180-40.612.png,40.612
991_ycBHMlCoILBjAlOQV53DsQ_43.03339201_-82.24946226,583-270-40.612.png,40.612
1038_x_T-r_jwRj5BsfkH_ILPjA_33.37121414_126.57068669,584-0-59.11.png,59.11
1038_x_T-r_jwRj5BsfkH_ILPjA_33.37121414_126.57068669,584-90-59.11.png,59.11
1038_x_T-r_jwRj5BsfkH_ILPjA_33.37121414_126.57068669,584-180-59.11.png,59.11
1038_x_T-r_jwRj5BsfkH_ILPjA_33.37121414_126.57068669,584-270-59.11.png,59.11
1895_zO16q7w6UWtnH56yEQ4cWA_24.02451790_88.99271488,585-0-64.0031.png,64.0031
1895_zO16q7w6UWtnH56yEQ4cWA_24.02451790_88.99271488,585-90-64.0031.png,64.0031
1895_zO16q7w6UWtnH56yEQ4cWA_24.02451790_88.99271488,585-180-64.0031.png,64.0031
1895_zO16q7w6UWtnH56yEQ4cWA_24.02451790_88.99271488,585-270-64.0031.png,64.0031
107__YQL8MsPoVdY-_kOm_M0Yw_26.75064373_-106.04783781,586-0-36.8441.png,36.8441
107__YQL8MsPoVdY-_kOm_M0Yw_26.75064373_-106.04783781,586-90-36.8441.png,36.8441
107__YQL8MsPoVdY-_kOm_M0Yw_26.75064373_-106.04783781,586-180-36.8441.png,36.8441
107__YQL8MsPoVdY-_kOm_M0Yw_26.75064373_-106.04783781,586-270-36.8441.png,36.8441
552_F1avzvsoZxdRUUOlhyPoeA_39.93707535_-85.83512393,587-0-35.0495.png,35.0495
552_F1avzvsoZxdRUUOlhyPoeA_39.93707535_-85.83512393,587-90-35.0495.png,35.0495
552_F1avzvsoZxdRUUOlhyPoeA_39.93707535_-85.83512393,587-180-35.0495.png,35.0495
552_F1avzvsoZxdRUUOlhyPoeA_39.93707535_-85.83512393,587-270-35.0495.png,35.0495
312_S7EZGFDRZdN6KGrVjwFDQA_37.87338370_-84.57943016,588-0-63.4281.png,63.4281
312_S7EZGFDRZdN6KGrVjwFDQA_37.87338370_-84.57943016,588-90-63.4281.png,63.4281
312_S7EZGFDRZdN6KGrVjwFDQA_37.87338370_-84.57943016,588-180-63.4281.png,63.4281
312_S7EZGFDRZdN6KGrVjwFDQA_37.87338370_-84.57943016,588-270-63.4281.png,63.4281
609_a-ltQxlzxcm2KxvX19CROQ_27.63955060_-17.97881970,589-0-18.2956.png,18.2956
609_a-ltQxlzxcm2KxvX19CROQ_27.63955060_-17.97881970,589-90-18.2956.png,18.2956
609_a-ltQxlzxcm2KxvX19CROQ_27.63955060_-17.97881970,589-180-18.2956.png,18.2956
609_a-ltQxlzxcm2KxvX19CROQ_27.63955060_-17.97881970,589-270-18.2956.png,18.2956
1819_qI-Rld6DsolwoRUYZJjiKQ_23.16223650_90.30421781,590-0-58.6921.png,58.6921
1819_qI-Rld6DsolwoRUYZJjiKQ_23.16223650_90.30421781,590-90-58.6921.png,58.6921
1819_qI-Rld6DsolwoRUYZJjiKQ_23.16223650_90.30421781,590-180-58.6921.png,58.6921
1819_qI-Rld6DsolwoRUYZJjiKQ_23.16223650_90.30421781,590-270-58.6921.png,58.6921
1796_M7dXn3iKbOH2r78H9LF3Ag_46.91278933_-2.04147516,591-0-24.367.png,24.367
1796_M7dXn3iKbOH2r78H9LF3Ag_46.91278933_-2.04147516,591-90-24.367.png,24.367
1796_M7dXn3iKbOH2r78H9LF3Ag_46.91278933_-2.04147516,591-180-24.367.png,24.367
1796_M7dXn3iKbOH2r78H9LF3Ag_46.91278933_-2.04147516,591-270-24.367.png,24.367
1100_O8AlN29hbqVUcZg6WBtgMQ_49.19976847_-122.78343863,592-0-59.3024.png,59.3024
1100_O8AlN29hbqVUcZg6WBtgMQ_49.19976847_-122.78343863,592-90-59.3024.png,59.3024
1100_O8AlN29hbqVUcZg6WBtgMQ_49.19976847_-122.78343863,592-180-59.3024.png,59.3024
1100_O8AlN29hbqVUcZg6WBtgMQ_49.19976847_-122.78343863,592-270-59.3024.png,59.3024
626_UGWbUjg3AHw4DnoBpn7FIg_14.74836293_-17.23376939,593-0-52.4155.png,52.4155
626_UGWbUjg3AHw4DnoBpn7FIg_14.74836293_-17.23376939,593-90-52.4155.png,52.4155
626_UGWbUjg3AHw4DnoBpn7FIg_14.74836293_-17.23376939,593-180-52.4155.png,52.4155
626_UGWbUjg3AHw4DnoBpn7FIg_14.74836293_-17.23376939,593-270-52.4155.png,52.4155
2933_8jVSiWpJXGTdO6y9LVqUPQ_47.46653207_16.58247576,594-0-26.6847.png,26.6847
2933_8jVSiWpJXGTdO6y9LVqUPQ_47.46653207_16.58247576,594-90-26.6847.png,26.6847
2933_8jVSiWpJXGTdO6y9LVqUPQ_47.46653207_16.58247576,594-180-26.6847.png,26.6847
2933_8jVSiWpJXGTdO6y9LVqUPQ_47.46653207_16.58247576,594-270-26.6847.png,26.6847
3034_aXFA5_Z1w8bZK-WWIY6JCw_46.30151297_-98.94812128,595-0-24.6785.png,24.6785
3034_aXFA5_Z1w8bZK-WWIY6JCw_46.30151297_-98.94812128,595-90-24.6785.png,24.6785
3034_aXFA5_Z1w8bZK-WWIY6JCw_46.30151297_-98.94812128,595-180-24.6785.png,24.6785
3034_aXFA5_Z1w8bZK-WWIY6JCw_46.30151297_-98.94812128,595-270-24.6785.png,24.6785
1586_UARcj1ckV_fhsZYDCoP-gA_44.25924810_7.38251087,596-0-60.7155.png,60.7155
1586_UARcj1ckV_fhsZYDCoP-gA_44.25924810_7.38251087,596-90-60.7155.png,60.7155
1586_UARcj1ckV_fhsZYDCoP-gA_44.25924810_7.38251087,596-180-60.7155.png,60.7155
1586_UARcj1ckV_fhsZYDCoP-gA_44.25924810_7.38251087,596-270-60.7155.png,60.7155
1644_0RSIUbuDyduv3qNOYUPTtg_47.91084783_15.93593538,597-0-24.812.png,24.812
1644_0RSIUbuDyduv3qNOYUPTtg_47.91084783_15.93593538,597-90-24.812.png,24.812
1644_0RSIUbuDyduv3qNOYUPTtg_47.91084783_15.93593538,597-180-24.812.png,24.812
1644_0RSIUbuDyduv3qNOYUPTtg_47.91084783_15.93593538,597-270-24.812.png,24.812
1546_kcAbVnDnkp70H41SbrYVhw_42.53313666_-8.76716817,598-0-56.705.png,56.705
1546_kcAbVnDnkp70H41SbrYVhw_42.53313666_-8.76716817,598-90-56.705.png,56.705
1546_kcAbVnDnkp70H41SbrYVhw_42.53313666_-8.76716817,598-180-56.705.png,56.705
1546_kcAbVnDnkp70H41SbrYVhw_42.53313666_-8.76716817,598-270-56.705.png,56.705
1196_X3JThfqriruK-2ZeiCPVvA_59.88349374_11.56394686,599-0-49.0923.png,49.0923
1196_X3JThfqriruK-2ZeiCPVvA_59.88349374_11.56394686,599-90-49.0923.png,49.0923
1196_X3JThfqriruK-2ZeiCPVvA_59.88349374_11.56394686,599-180-49.0923.png,49.0923
1196_X3JThfqriruK-2ZeiCPVvA_59.88349374_11.56394686,599-270-49.0923.png,49.0923
3428_PULEBbNgB_nrWLYAcryDWA_38.97146856_-91.13118671,600-0-19.1912.png,19.1912
3428_PULEBbNgB_nrWLYAcryDWA_38.97146856_-91.13118671,600-90-19.1912.png,19.1912
3428_PULEBbNgB_nrWLYAcryDWA_38.97146856_-91.13118671,600-180-19.1912.png,19.1912
3428_PULEBbNgB_nrWLYAcryDWA_38.97146856_-91.13118671,600-270-19.1912.png,19.1912
2838_hM8GYf-JVmvr0QzrYeTl6w_50.39442058_80.22286215,601-0-49.4728.png,49.4728
2838_hM8GYf-JVmvr0QzrYeTl6w_50.39442058_80.22286215,601-90-49.4728.png,49.4728
2838_hM8GYf-JVmvr0QzrYeTl6w_50.39442058_80.22286215,601-180-49.4728.png,49.4728
2838_hM8GYf-JVmvr0QzrYeTl6w_50.39442058_80.22286215,601-270-49.4728.png,49.4728
820_IeZ_7nTAB_OA53DuuocXYA_6.27334890_124.15746066,602-0-66.8021.png,66.8021
820_IeZ_7nTAB_OA53DuuocXYA_6.27334890_124.15746066,602-90-66.8021.png,66.8021
820_IeZ_7nTAB_OA53DuuocXYA_6.27334890_124.15746066,602-180-66.8021.png,66.8021
820_IeZ_7nTAB_OA53DuuocXYA_6.27334890_124.15746066,602-270-66.8021.png,66.8021
50_6x7Clq-50I2N797VsFlbWg_-42.04987776_171.36623888,603-0-63.8556.png,63.8556
50_6x7Clq-50I2N797VsFlbWg_-42.04987776_171.36623888,603-90-63.8556.png,63.8556
50_6x7Clq-50I2N797VsFlbWg_-42.04987776_171.36623888,603-180-63.8556.png,63.8556
50_6x7Clq-50I2N797VsFlbWg_-42.04987776_171.36623888,603-270-63.8556.png,63.8556
2822_RfylcoBv5PnvFRJRLCD2iA_-17.02944866_128.21092841,604-0-67.5107.png,67.5107
2822_RfylcoBv5PnvFRJRLCD2iA_-17.02944866_128.21092841,604-90-67.5107.png,67.5107
2822_RfylcoBv5PnvFRJRLCD2iA_-17.02944866_128.21092841,604-180-67.5107.png,67.5107
2822_RfylcoBv5PnvFRJRLCD2iA_-17.02944866_128.21092841,604-270-67.5107.png,67.5107
452_i6GTiip0B6js8c17a72rww_38.97665313_-85.10236226,605-0-20.6818.png,20.6818
452_i6GTiip0B6js8c17a72rww_38.97665313_-85.10236226,605-90-20.6818.png,20.6818
452_i6GTiip0B6js8c17a72rww_38.97665313_-85.10236226,605-180-20.6818.png,20.6818
452_i6GTiip0B6js8c17a72rww_38.97665313_-85.10236226,605-270-20.6818.png,20.6818
2173_pJILL1UfR2vlBJ8z-6jFNQ_-29.57219949_151.86657262,606-0-78.6678.png,78.6678
2173_pJILL1UfR2vlBJ8z-6jFNQ_-29.57219949_151.86657262,606-90-78.6678.png,78.6678
2173_pJILL1UfR2vlBJ8z-6jFNQ_-29.57219949_151.86657262,606-180-78.6678.png,78.6678
2173_pJILL1UfR2vlBJ8z-6jFNQ_-29.57219949_151.86657262,606-270-78.6678.png,78.6678
772_tUcWwiNn8BS_gCO_y_aRnw_55.02256781_15.05711596,607-0-18.1388.png,18.1388
772_tUcWwiNn8BS_gCO_y_aRnw_55.02256781_15.05711596,607-90-18.1388.png,18.1388
772_tUcWwiNn8BS_gCO_y_aRnw_55.02256781_15.05711596,607-180-18.1388.png,18.1388
772_tUcWwiNn8BS_gCO_y_aRnw_55.02256781_15.05711596,607-270-18.1388.png,18.1388
21_d-888Dufg5Tv1B7QFG9l1A_44.49255545_9.67351890,608-0-58.112.png,58.112
21_d-888Dufg5Tv1B7QFG9l1A_44.49255545_9.67351890,608-90-58.112.png,58.112
21_d-888Dufg5Tv1B7QFG9l1A_44.49255545_9.67351890,608-180-58.112.png,58.112
21_d-888Dufg5Tv1B7QFG9l1A_44.49255545_9.67351890,608-270-58.112.png,58.112
941_DEhEiUPuprS5wj7xB2iL4w_43.92381828_11.03576837,609-0-18.634.png,18.634
941_DEhEiUPuprS5wj7xB2iL4w_43.92381828_11.03576837,609-90-18.634.png,18.634
941_DEhEiUPuprS5wj7xB2iL4w_43.92381828_11.03576837,609-180-18.634.png,18.634
941_DEhEiUPuprS5wj7xB2iL4w_43.92381828_11.03576837,609-270-18.634.png,18.634
1810_TZ76NEbPiNqZheXujjXvNQ_-37.77822100_175.11067891,610-0-20.8683.png,20.8683
1810_TZ76NEbPiNqZheXujjXvNQ_-37.77822100_175.11067891,610-90-20.8683.png,20.8683
1810_TZ76NEbPiNqZheXujjXvNQ_-37.77822100_175.11067891,610-180-20.8683.png,20.8683
1810_TZ76NEbPiNqZheXujjXvNQ_-37.77822100_175.11067891,610-270-20.8683.png,20.8683
679_Llt2bRJHg3MeGr5i1zIXaQ_28.70566538_77.46518857,611-0-29.4137.png,29.4137
679_Llt2bRJHg3MeGr5i1zIXaQ_28.70566538_77.46518857,611-90-29.4137.png,29.4137
679_Llt2bRJHg3MeGr5i1zIXaQ_28.70566538_77.46518857,611-180-29.4137.png,29.4137
679_Llt2bRJHg3MeGr5i1zIXaQ_28.70566538_77.46518857,611-270-29.4137.png,29.4137
621_arCq_tVkvBedGwZ8d2g8Sw_56.29364224_9.36056095,612-0-44.7055.png,44.7055
621_arCq_tVkvBedGwZ8d2g8Sw_56.29364224_9.36056095,612-90-44.7055.png,44.7055
621_arCq_tVkvBedGwZ8d2g8Sw_56.29364224_9.36056095,612-180-44.7055.png,44.7055
621_arCq_tVkvBedGwZ8d2g8Sw_56.29364224_9.36056095,612-270-44.7055.png,44.7055
851_quvjYewp1lysK0g5CdgZ-Q_44.88992762_-96.85172593,613-0-11.904.png,11.904
851_quvjYewp1lysK0g5CdgZ-Q_44.88992762_-96.85172593,613-90-11.904.png,11.904
851_quvjYewp1lysK0g5CdgZ-Q_44.88992762_-96.85172593,613-180-11.904.png,11.904
851_quvjYewp1lysK0g5CdgZ-Q_44.88992762_-96.85172593,613-270-11.904.png,11.904
1203_JjofxCXBEuKXk1Ysqd_D3Q_27.22506962_-98.14217248,614-0-73.0804.png,73.0804
1203_JjofxCXBEuKXk1Ysqd_D3Q_27.22506962_-98.14217248,614-90-73.0804.png,73.0804
1203_JjofxCXBEuKXk1Ysqd_D3Q_27.22506962_-98.14217248,614-180-73.0804.png,73.0804
1203_JjofxCXBEuKXk1Ysqd_D3Q_27.22506962_-98.14217248,614-270-73.0804.png,73.0804
671_VrCN1BwXwQfGVFruACfHUg_32.38354646_-82.99177377,615-0-72.0424.png,72.0424
671_VrCN1BwXwQfGVFruACfHUg_32.38354646_-82.99177377,615-90-72.0424.png,72.0424
671_VrCN1BwXwQfGVFruACfHUg_32.38354646_-82.99177377,615-180-72.0424.png,72.0424
671_VrCN1BwXwQfGVFruACfHUg_32.38354646_-82.99177377,615-270-72.0424.png,72.0424
2480_sPqEnhAFC2SG45O4i6vpMw_34.04196421_-117.36319529,616-0-32.1789.png,32.1789
2480_sPqEnhAFC2SG45O4i6vpMw_34.04196421_-117.36319529,616-90-32.1789.png,32.1789
2480_sPqEnhAFC2SG45O4i6vpMw_34.04196421_-117.36319529,616-180-32.1789.png,32.1789
2480_sPqEnhAFC2SG45O4i6vpMw_34.04196421_-117.36319529,616-270-32.1789.png,32.1789
6_unGEQTC63IoEBFLnMlSxDg_35.39781307_-97.53900798,617-0-16.0069.png,16.0069
6_unGEQTC63IoEBFLnMlSxDg_35.39781307_-97.53900798,617-90-16.0069.png,16.0069
6_unGEQTC63IoEBFLnMlSxDg_35.39781307_-97.53900798,617-180-16.0069.png,16.0069
6_unGEQTC63IoEBFLnMlSxDg_35.39781307_-97.53900798,617-270-16.0069.png,16.0069
1548_VL6gx03qs8MTJ53zGbrH7Q_-3.49136131_-45.25093249,618-0-75.3771.png,75.3771
1548_VL6gx03qs8MTJ53zGbrH7Q_-3.49136131_-45.25093249,618-90-75.3771.png,75.3771
1548_VL6gx03qs8MTJ53zGbrH7Q_-3.49136131_-45.25093249,618-180-75.3771.png,75.3771
1548_VL6gx03qs8MTJ53zGbrH7Q_-3.49136131_-45.25093249,618-270-75.3771.png,75.3771
78_Xl4wkUdRWBvKMeJsybic9g_55.03743356_10.55410992,619-0-36.6123.png,36.6123
78_Xl4wkUdRWBvKMeJsybic9g_55.03743356_10.55410992,619-90-36.6123.png,36.6123
78_Xl4wkUdRWBvKMeJsybic9g_55.03743356_10.55410992,619-180-36.6123.png,36.6123
78_Xl4wkUdRWBvKMeJsybic9g_55.03743356_10.55410992,619-270-36.6123.png,36.6123
865_ZnJnNi11cKCfXQuR2gCzBQ_23.17053355_90.33362158,620-0-53.8791.png,53.8791
865_ZnJnNi11cKCfXQuR2gCzBQ_23.17053355_90.33362158,620-90-53.8791.png,53.8791
865_ZnJnNi11cKCfXQuR2gCzBQ_23.17053355_90.33362158,620-180-53.8791.png,53.8791
865_ZnJnNi11cKCfXQuR2gCzBQ_23.17053355_90.33362158,620-270-53.8791.png,53.8791
1354_JRlvdT363imbnXDPqIJGjw_26.16541366_-97.72092094,621-0-81.8034.png,81.8034
1354_JRlvdT363imbnXDPqIJGjw_26.16541366_-97.72092094,621-90-81.8034.png,81.8034
1354_JRlvdT363imbnXDPqIJGjw_26.16541366_-97.72092094,621-180-81.8034.png,81.8034
1354_JRlvdT363imbnXDPqIJGjw_26.16541366_-97.72092094,621-270-81.8034.png,81.8034
1091_9XDp5bNuitf20EujLOIlkA_47.38308882_18.86622201,622-0-59.5905.png,59.5905
1091_9XDp5bNuitf20EujLOIlkA_47.38308882_18.86622201,622-90-59.5905.png,59.5905
1091_9XDp5bNuitf20EujLOIlkA_47.38308882_18.86622201,622-180-59.5905.png,59.5905
1091_9XDp5bNuitf20EujLOIlkA_47.38308882_18.86622201,622-270-59.5905.png,59.5905
1228_ZPPNN2f5sC37a-s2bek_HQ_50.05232400_21.41484575,623-0-49.2593.png,49.2593
1228_ZPPNN2f5sC37a-s2bek_HQ_50.05232400_21.41484575,623-90-49.2593.png,49.2593
1228_ZPPNN2f5sC37a-s2bek_HQ_50.05232400_21.41484575,623-180-49.2593.png,49.2593
1228_ZPPNN2f5sC37a-s2bek_HQ_50.05232400_21.41484575,623-270-49.2593.png,49.2593
639_6x_lwAUk1BYIbV9PXNdCpQ_20.57808562_79.86360623,624-0-45.4294.png,45.4294
639_6x_lwAUk1BYIbV9PXNdCpQ_20.57808562_79.86360623,624-90-45.4294.png,45.4294
639_6x_lwAUk1BYIbV9PXNdCpQ_20.57808562_79.86360623,624-180-45.4294.png,45.4294
639_6x_lwAUk1BYIbV9PXNdCpQ_20.57808562_79.86360623,624-270-45.4294.png,45.4294
3213_kFptukmOqu-9nA0a8b75Kg_24.10856796_74.03942903,625-0-19.9202.png,19.9202
3213_kFptukmOqu-9nA0a8b75Kg_24.10856796_74.03942903,625-90-19.9202.png,19.9202
3213_kFptukmOqu-9nA0a8b75Kg_24.10856796_74.03942903,625-180-19.9202.png,19.9202
3213_kFptukmOqu-9nA0a8b75Kg_24.10856796_74.03942903,625-270-19.9202.png,19.9202
2478_GwG15FhXvx8NbpWmkMo-6Q_52.85667144_44.54237564,626-0-78.9368.png,78.9368
2478_GwG15FhXvx8NbpWmkMo-6Q_52.85667144_44.54237564,626-90-78.9368.png,78.9368
2478_GwG15FhXvx8NbpWmkMo-6Q_52.85667144_44.54237564,626-180-78.9368.png,78.9368
2478_GwG15FhXvx8NbpWmkMo-6Q_52.85667144_44.54237564,626-270-78.9368.png,78.9368
210_79Xuab-KvGwHctbORHS-9A_-23.36914823_150.49370448,627-0-69.8266.png,69.8266
210_79Xuab-KvGwHctbORHS-9A_-23.36914823_150.49370448,627-90-69.8266.png,69.8266
210_79Xuab-KvGwHctbORHS-9A_-23.36914823_150.49370448,627-180-69.8266.png,69.8266
210_79Xuab-KvGwHctbORHS-9A_-23.36914823_150.49370448,627-270-69.8266.png,69.8266
722_zElMGChc4e7Utn2wTGbM3A_37.42997591_24.94454052,628-0-33.6103.png,33.6103
722_zElMGChc4e7Utn2wTGbM3A_37.42997591_24.94454052,628-90-33.6103.png,33.6103
722_zElMGChc4e7Utn2wTGbM3A_37.42997591_24.94454052,628-180-33.6103.png,33.6103
722_zElMGChc4e7Utn2wTGbM3A_37.42997591_24.94454052,628-270-33.6103.png,33.6103
199_UoN_cdZ1Z9ncvZX3KbG8eg_2.21875745_102.45438578,629-0-42.4625.png,42.4625
199_UoN_cdZ1Z9ncvZX3KbG8eg_2.21875745_102.45438578,629-90-42.4625.png,42.4625
199_UoN_cdZ1Z9ncvZX3KbG8eg_2.21875745_102.45438578,629-180-42.4625.png,42.4625
199_UoN_cdZ1Z9ncvZX3KbG8eg_2.21875745_102.45438578,629-270-42.4625.png,42.4625
2812_oVUCjByUgxQZCwOWL8vHog_58.28343210_7.35432939,630-0-45.772.png,45.772
2812_oVUCjByUgxQZCwOWL8vHog_58.28343210_7.35432939,630-90-45.772.png,45.772
2812_oVUCjByUgxQZCwOWL8vHog_58.28343210_7.35432939,630-180-45.772.png,45.772
2812_oVUCjByUgxQZCwOWL8vHog_58.28343210_7.35432939,630-270-45.772.png,45.772
2572_GJFntjHeU2-iLYkkUlNTeQ_51.94318777_-108.61245271,631-0-61.4931.png,61.4931
2572_GJFntjHeU2-iLYkkUlNTeQ_51.94318777_-108.61245271,631-90-61.4931.png,61.4931
2572_GJFntjHeU2-iLYkkUlNTeQ_51.94318777_-108.61245271,631-180-61.4931.png,61.4931
2572_GJFntjHeU2-iLYkkUlNTeQ_51.94318777_-108.61245271,631-270-61.4931.png,61.4931
2684_qXZju-b9IlA-HBIQPqmg9w_18.07148824_75.70049576,632-0-46.4734.png,46.4734
2684_qXZju-b9IlA-HBIQPqmg9w_18.07148824_75.70049576,632-90-46.4734.png,46.4734
2684_qXZju-b9IlA-HBIQPqmg9w_18.07148824_75.70049576,632-180-46.4734.png,46.4734
2684_qXZju-b9IlA-HBIQPqmg9w_18.07148824_75.70049576,632-270-46.4734.png,46.4734
1316_MutMMJKpJ_XNvzs7N7AzeQ_34.37554817_-101.57497828,633-0-17.0151.png,17.0151
1316_MutMMJKpJ_XNvzs7N7AzeQ_34.37554817_-101.57497828,633-90-17.0151.png,17.0151
1316_MutMMJKpJ_XNvzs7N7AzeQ_34.37554817_-101.57497828,633-180-17.0151.png,17.0151
1316_MutMMJKpJ_XNvzs7N7AzeQ_34.37554817_-101.57497828,633-270-17.0151.png,17.0151
1443_R2N86C1Nisbk6L9rxFzsxw_41.43098096_-96.76676386,634-0-31.7887.png,31.7887
1443_R2N86C1Nisbk6L9rxFzsxw_41.43098096_-96.76676386,634-90-31.7887.png,31.7887
1443_R2N86C1Nisbk6L9rxFzsxw_41.43098096_-96.76676386,634-180-31.7887.png,31.7887
1443_R2N86C1Nisbk6L9rxFzsxw_41.43098096_-96.76676386,634-270-31.7887.png,31.7887
1513_P9F__3vL7XkDedDMlT_lXg_34.04377860_-93.68895727,635-0-30.2203.png,30.2203
1513_P9F__3vL7XkDedDMlT_lXg_34.04377860_-93.68895727,635-90-30.2203.png,30.2203
1513_P9F__3vL7XkDedDMlT_lXg_34.04377860_-93.68895727,635-180-30.2203.png,30.2203
1513_P9F__3vL7XkDedDMlT_lXg_34.04377860_-93.68895727,635-270-30.2203.png,30.2203
496_Gfdb3XlF4gipqYgf3SjugA_46.43371518_-81.14955977,636-0-66.9606.png,66.9606
496_Gfdb3XlF4gipqYgf3SjugA_46.43371518_-81.14955977,636-90-66.9606.png,66.9606
496_Gfdb3XlF4gipqYgf3SjugA_46.43371518_-81.14955977,636-180-66.9606.png,66.9606
496_Gfdb3XlF4gipqYgf3SjugA_46.43371518_-81.14955977,636-270-66.9606.png,66.9606
1367_tLPso3oal5JvuGeftPrd6g_45.66299016_11.79320870,637-0-62.4414.png,62.4414
1367_tLPso3oal5JvuGeftPrd6g_45.66299016_11.79320870,637-90-62.4414.png,62.4414
1367_tLPso3oal5JvuGeftPrd6g_45.66299016_11.79320870,637-180-62.4414.png,62.4414
1367_tLPso3oal5JvuGeftPrd6g_45.66299016_11.79320870,637-270-62.4414.png,62.4414
1381_zPTwhSlCkr2jgUoCPg0nIA_7.99126996_80.48419946,638-0-74.3097.png,74.3097
1381_zPTwhSlCkr2jgUoCPg0nIA_7.99126996_80.48419946,638-90-74.3097.png,74.3097
1381_zPTwhSlCkr2jgUoCPg0nIA_7.99126996_80.48419946,638-180-74.3097.png,74.3097
1381_zPTwhSlCkr2jgUoCPg0nIA_7.99126996_80.48419946,638-270-74.3097.png,74.3097
475_dLW_-d2W93uabibxbvQsPg_39.59382664_-3.04176164,639-0-35.6916.png,35.6916
475_dLW_-d2W93uabibxbvQsPg_39.59382664_-3.04176164,639-90-35.6916.png,35.6916
475_dLW_-d2W93uabibxbvQsPg_39.59382664_-3.04176164,639-180-35.6916.png,35.6916
475_dLW_-d2W93uabibxbvQsPg_39.59382664_-3.04176164,639-270-35.6916.png,35.6916
1890_pFOFUqghdptwO6uersI3OQ_11.41020105_105.59691111,640-0-26.2624.png,26.2624
1890_pFOFUqghdptwO6uersI3OQ_11.41020105_105.59691111,640-90-26.2624.png,26.2624
1890_pFOFUqghdptwO6uersI3OQ_11.41020105_105.59691111,640-180-26.2624.png,26.2624
1890_pFOFUqghdptwO6uersI3OQ_11.41020105_105.59691111,640-270-26.2624.png,26.2624
2286_Eg_gzMZT-V9bWL6QjEmyJA_26.51123254_93.95991189,641-0-45.4956.png,45.4956
2286_Eg_gzMZT-V9bWL6QjEmyJA_26.51123254_93.95991189,641-90-45.4956.png,45.4956
2286_Eg_gzMZT-V9bWL6QjEmyJA_26.51123254_93.95991189,641-180-45.4956.png,45.4956
2286_Eg_gzMZT-V9bWL6QjEmyJA_26.51123254_93.95991189,641-270-45.4956.png,45.4956
544_r7Rn57_oh6zFYPSFY_PBUQ_69.29090928_19.96359914,642-0-51.8011.png,51.8011
544_r7Rn57_oh6zFYPSFY_PBUQ_69.29090928_19.96359914,642-90-51.8011.png,51.8011
544_r7Rn57_oh6zFYPSFY_PBUQ_69.29090928_19.96359914,642-180-51.8011.png,51.8011
544_r7Rn57_oh6zFYPSFY_PBUQ_69.29090928_19.96359914,642-270-51.8011.png,51.8011
367_WIG9qOyhrrKvhha7HonAMg_58.98613487_14.09647357,643-0-19.0581.png,19.0581
367_WIG9qOyhrrKvhha7HonAMg_58.98613487_14.09647357,643-90-19.0581.png,19.0581
367_WIG9qOyhrrKvhha7HonAMg_58.98613487_14.09647357,643-180-19.0581.png,19.0581
367_WIG9qOyhrrKvhha7HonAMg_58.98613487_14.09647357,643-270-19.0581.png,19.0581
1126_1U-BfES7ab1-rK-G8bP6hA_45.36067655_7.64603653,644-0-45.0359.png,45.0359
1126_1U-BfES7ab1-rK-G8bP6hA_45.36067655_7.64603653,644-90-45.0359.png,45.0359
1126_1U-BfES7ab1-rK-G8bP6hA_45.36067655_7.64603653,644-180-45.0359.png,45.0359
1126_1U-BfES7ab1-rK-G8bP6hA_45.36067655_7.64603653,644-270-45.0359.png,45.0359
239_gTnJ5KPiXG0axrGXZnrPvw_61.38321467_11.62606454,645-0-30.0704.png,30.0704
239_gTnJ5KPiXG0axrGXZnrPvw_61.38321467_11.62606454,645-90-30.0704.png,30.0704
239_gTnJ5KPiXG0axrGXZnrPvw_61.38321467_11.62606454,645-180-30.0704.png,30.0704
239_gTnJ5KPiXG0axrGXZnrPvw_61.38321467_11.62606454,645-270-30.0704.png,30.0704
2165_jsmXUrUqOM7RRdVVc6k9Cg_44.88551176_-89.25432393,646-0-17.8472.png,17.8472
2165_jsmXUrUqOM7RRdVVc6k9Cg_44.88551176_-89.25432393,646-90-17.8472.png,17.8472
2165_jsmXUrUqOM7RRdVVc6k9Cg_44.88551176_-89.25432393,646-180-17.8472.png,17.8472
2165_jsmXUrUqOM7RRdVVc6k9Cg_44.88551176_-89.25432393,646-270-17.8472.png,17.8472
466_Y9gJ_5fY1zFsbstcShg2yQ_-18.22486107_127.66642637,647-0-76.9177.png,76.9177
466_Y9gJ_5fY1zFsbstcShg2yQ_-18.22486107_127.66642637,647-90-76.9177.png,76.9177
466_Y9gJ_5fY1zFsbstcShg2yQ_-18.22486107_127.66642637,647-180-76.9177.png,76.9177
466_Y9gJ_5fY1zFsbstcShg2yQ_-18.22486107_127.66642637,647-270-76.9177.png,76.9177
150_YnmG2hm9tILSR8mDch3N7A_26.54954609_80.63316950,648-0-57.5644.png,57.5644
150_YnmG2hm9tILSR8mDch3N7A_26.54954609_80.63316950,648-90-57.5644.png,57.5644
150_YnmG2hm9tILSR8mDch3N7A_26.54954609_80.63316950,648-180-57.5644.png,57.5644
150_YnmG2hm9tILSR8mDch3N7A_26.54954609_80.63316950,648-270-57.5644.png,57.5644
139_tW6R4_habY0nV6kMLld4ig_41.31412594_2.01448861,649-0-46.8593.png,46.8593
139_tW6R4_habY0nV6kMLld4ig_41.31412594_2.01448861,649-90-46.8593.png,46.8593
139_tW6R4_habY0nV6kMLld4ig_41.31412594_2.01448861,649-180-46.8593.png,46.8593
139_tW6R4_habY0nV6kMLld4ig_41.31412594_2.01448861,649-270-46.8593.png,46.8593
2747_v7hI8sU8XFDwJE_1dGQeNQ_67.96646134_23.66628199,650-0-43.7698.png,43.7698
2747_v7hI8sU8XFDwJE_1dGQeNQ_67.96646134_23.66628199,650-90-43.7698.png,43.7698
2747_v7hI8sU8XFDwJE_1dGQeNQ_67.96646134_23.66628199,650-180-43.7698.png,43.7698
2747_v7hI8sU8XFDwJE_1dGQeNQ_67.96646134_23.66628199,650-270-43.7698.png,43.7698
643_BlBt_YjAhU-PE0HT8hEUOw_44.52384073_10.73041250,651-0-13.9148.png,13.9148
643_BlBt_YjAhU-PE0HT8hEUOw_44.52384073_10.73041250,651-90-13.9148.png,13.9148
643_BlBt_YjAhU-PE0HT8hEUOw_44.52384073_10.73041250,651-180-13.9148.png,13.9148
643_BlBt_YjAhU-PE0HT8hEUOw_44.52384073_10.73041250,651-270-13.9148.png,13.9148
971_hg4xgUsuw6-mpjX80M1QlA_-36.76453439_174.74826285,652-0-57.7108.png,57.7108
971_hg4xgUsuw6-mpjX80M1QlA_-36.76453439_174.74826285,652-90-57.7108.png,57.7108
971_hg4xgUsuw6-mpjX80M1QlA_-36.76453439_174.74826285,652-180-57.7108.png,57.7108
971_hg4xgUsuw6-mpjX80M1QlA_-36.76453439_174.74826285,652-270-57.7108.png,57.7108
718_eR-G-gp5vSA8do6ysQwuaw_17.76892762_-96.95876423,653-0-51.1382.png,51.1382
718_eR-G-gp5vSA8do6ysQwuaw_17.76892762_-96.95876423,653-90-51.1382.png,51.1382
718_eR-G-gp5vSA8do6ysQwuaw_17.76892762_-96.95876423,653-180-51.1382.png,51.1382
718_eR-G-gp5vSA8do6ysQwuaw_17.76892762_-96.95876423,653-270-51.1382.png,51.1382
1929_YrvwlhEK3St3ImxncEWysw_44.89495256_-98.10014838,654-0-32.8986.png,32.8986
1929_YrvwlhEK3St3ImxncEWysw_44.89495256_-98.10014838,654-90-32.8986.png,32.8986
1929_YrvwlhEK3St3ImxncEWysw_44.89495256_-98.10014838,654-180-32.8986.png,32.8986
1929_YrvwlhEK3St3ImxncEWysw_44.89495256_-98.10014838,654-270-32.8986.png,32.8986
284_XYpKmm12no26drELbop7wQ_35.33915097_24.62066164,655-0-45.8768.png,45.8768
284_XYpKmm12no26drELbop7wQ_35.33915097_24.62066164,655-90-45.8768.png,45.8768
284_XYpKmm12no26drELbop7wQ_35.33915097_24.62066164,655-180-45.8768.png,45.8768
284_XYpKmm12no26drELbop7wQ_35.33915097_24.62066164,655-270-45.8768.png,45.8768
947_gGaMWz_-S8PSxxXRpUbrKg_50.57430296_5.80707915,656-0-14.9172.png,14.9172
947_gGaMWz_-S8PSxxXRpUbrKg_50.57430296_5.80707915,656-90-14.9172.png,14.9172
947_gGaMWz_-S8PSxxXRpUbrKg_50.57430296_5.80707915,656-180-14.9172.png,14.9172
947_gGaMWz_-S8PSxxXRpUbrKg_50.57430296_5.80707915,656-270-14.9172.png,14.9172
1165_qx7IMdSvZhvb_AbkuQxgvw_60.14677229_24.41572684,657-0-43.7045.png,43.7045
1165_qx7IMdSvZhvb_AbkuQxgvw_60.14677229_24.41572684,657-90-43.7045.png,43.7045
1165_qx7IMdSvZhvb_AbkuQxgvw_60.14677229_24.41572684,657-180-43.7045.png,43.7045
1165_qx7IMdSvZhvb_AbkuQxgvw_60.14677229_24.41572684,657-270-43.7045.png,43.7045
1961_3flrdG77cL6tRpsGiZ_m9w_40.37337149_-74.08701441,658-0-67.2998.png,67.2998
1961_3flrdG77cL6tRpsGiZ_m9w_40.37337149_-74.08701441,658-90-67.2998.png,67.2998
1961_3flrdG77cL6tRpsGiZ_m9w_40.37337149_-74.08701441,658-180-67.2998.png,67.2998
1961_3flrdG77cL6tRpsGiZ_m9w_40.37337149_-74.08701441,658-270-67.2998.png,67.2998
1105_VD7bNB5Hj5LbIGNN4jNf8Q_52.16414997_9.91251271,659-0-37.7137.png,37.7137
1105_VD7bNB5Hj5LbIGNN4jNf8Q_52.16414997_9.91251271,659-90-37.7137.png,37.7137
1105_VD7bNB5Hj5LbIGNN4jNf8Q_52.16414997_9.91251271,659-180-37.7137.png,37.7137
1105_VD7bNB5Hj5LbIGNN4jNf8Q_52.16414997_9.91251271,659-270-37.7137.png,37.7137
2668_LTy_-AOLwR58z-z2--cw3w_43.80535520_4.66045450,660-0-39.5363.png,39.5363
2668_LTy_-AOLwR58z-z2--cw3w_43.80535520_4.66045450,660-90-39.5363.png,39.5363
2668_LTy_-AOLwR58z-z2--cw3w_43.80535520_4.66045450,660-180-39.5363.png,39.5363
2668_LTy_-AOLwR58z-z2--cw3w_43.80535520_4.66045450,660-270-39.5363.png,39.5363
693_q-ilU0pePBDI-TM4ndgQCg_-25.95644858_28.22079319,661-0-72.8578.png,72.8578
693_q-ilU0pePBDI-TM4ndgQCg_-25.95644858_28.22079319,661-90-72.8578.png,72.8578
693_q-ilU0pePBDI-TM4ndgQCg_-25.95644858_28.22079319,661-180-72.8578.png,72.8578
693_q-ilU0pePBDI-TM4ndgQCg_-25.95644858_28.22079319,661-270-72.8578.png,72.8578
2550_CDu45PFdqz0qxthGMwAjVw_48.24073861_14.52603636,662-0-42.6163.png,42.6163
2550_CDu45PFdqz0qxthGMwAjVw_48.24073861_14.52603636,662-90-42.6163.png,42.6163
2550_CDu45PFdqz0qxthGMwAjVw_48.24073861_14.52603636,662-180-42.6163.png,42.6163
2550_CDu45PFdqz0qxthGMwAjVw_48.24073861_14.52603636,662-270-42.6163.png,42.6163
1390_C3L_AYdZmCfMd7IDltFG0Q_44.54308225_-94.36632114,663-0-28.6522.png,28.6522
1390_C3L_AYdZmCfMd7IDltFG0Q_44.54308225_-94.36632114,663-90-28.6522.png,28.6522
1390_C3L_AYdZmCfMd7IDltFG0Q_44.54308225_-94.36632114,663-180-28.6522.png,28.6522
1390_C3L_AYdZmCfMd7IDltFG0Q_44.54308225_-94.36632114,663-270-28.6522.png,28.6522
2791_Q_kP0TqkPPzZwN819BAbdw_55.31648371_-3.41611946,664-0-40.6049.png,40.6049
2791_Q_kP0TqkPPzZwN819BAbdw_55.31648371_-3.41611946,664-90-40.6049.png,40.6049
2791_Q_kP0TqkPPzZwN819BAbdw_55.31648371_-3.41611946,664-180-40.6049.png,40.6049
2791_Q_kP0TqkPPzZwN819BAbdw_55.31648371_-3.41611946,664-270-40.6049.png,40.6049
330_IHC25HmTWRf5bmvqcyzLkA_17.37669943_75.14881149,665-0-37.8634.png,37.8634
330_IHC25HmTWRf5bmvqcyzLkA_17.37669943_75.14881149,665-90-37.8634.png,37.8634
330_IHC25HmTWRf5bmvqcyzLkA_17.37669943_75.14881149,665-180-37.8634.png,37.8634
330_IHC25HmTWRf5bmvqcyzLkA_17.37669943_75.14881149,665-270-37.8634.png,37.8634
753_vVkslGJ1tY-YvymBYAwJYw_48.31665125_8.91592944,666-0-71.9496.png,71.9496
753_vVkslGJ1tY-YvymBYAwJYw_48.31665125_8.91592944,666-90-71.9496.png,71.9496
753_vVkslGJ1tY-YvymBYAwJYw_48.31665125_8.91592944,666-180-71.9496.png,71.9496
753_vVkslGJ1tY-YvymBYAwJYw_48.31665125_8.91592944,666-270-71.9496.png,71.9496
1510_58rFrFwIygPzeY4X5VB3Rw_-34.89996395_-57.93370589,667-0-52.5601.png,52.5601
1510_58rFrFwIygPzeY4X5VB3Rw_-34.89996395_-57.93370589,667-90-52.5601.png,52.5601
1510_58rFrFwIygPzeY4X5VB3Rw_-34.89996395_-57.93370589,667-180-52.5601.png,52.5601
1510_58rFrFwIygPzeY4X5VB3Rw_-34.89996395_-57.93370589,667-270-52.5601.png,52.5601
2632_6RIWaI4jxKGnmXZ4XuKi7w_50.38322173_-101.70082994,668-0-51.74.png,51.74
2632_6RIWaI4jxKGnmXZ4XuKi7w_50.38322173_-101.70082994,668-90-51.74.png,51.74
2632_6RIWaI4jxKGnmXZ4XuKi7w_50.38322173_-101.70082994,668-180-51.74.png,51.74
2632_6RIWaI4jxKGnmXZ4XuKi7w_50.38322173_-101.70082994,668-270-51.74.png,51.74
2566_ajBX5yjh5HJYvl-DHsu6gg_46.88455508_-60.50599556,669-0-50.2356.png,50.2356
2566_ajBX5yjh5HJYvl-DHsu6gg_46.88455508_-60.50599556,669-90-50.2356.png,50.2356
2566_ajBX5yjh5HJYvl-DHsu6gg_46.88455508_-60.50599556,669-180-50.2356.png,50.2356
2566_ajBX5yjh5HJYvl-DHsu6gg_46.88455508_-60.50599556,669-270-50.2356.png,50.2356
760_QUJnueLWixa0Bma9sUKbzg_45.12490558_-71.46057106,670-0-45.7714.png,45.7714
760_QUJnueLWixa0Bma9sUKbzg_45.12490558_-71.46057106,670-90-45.7714.png,45.7714
760_QUJnueLWixa0Bma9sUKbzg_45.12490558_-71.46057106,670-180-45.7714.png,45.7714
760_QUJnueLWixa0Bma9sUKbzg_45.12490558_-71.46057106,670-270-45.7714.png,45.7714
1927_zlshxYZsYpzxPZYvZH_rlA_42.69003701_-73.86590450,671-0-31.2918.png,31.2918
1927_zlshxYZsYpzxPZYvZH_rlA_42.69003701_-73.86590450,671-90-31.2918.png,31.2918
1927_zlshxYZsYpzxPZYvZH_rlA_42.69003701_-73.86590450,671-180-31.2918.png,31.2918
1927_zlshxYZsYpzxPZYvZH_rlA_42.69003701_-73.86590450,671-270-31.2918.png,31.2918
3029_Wf4fpPWrI_rtIxb45ICC6g_51.34941411_9.56052591,672-0-20.2449.png,20.2449
3029_Wf4fpPWrI_rtIxb45ICC6g_51.34941411_9.56052591,672-90-20.2449.png,20.2449
3029_Wf4fpPWrI_rtIxb45ICC6g_51.34941411_9.56052591,672-180-20.2449.png,20.2449
3029_Wf4fpPWrI_rtIxb45ICC6g_51.34941411_9.56052591,672-270-20.2449.png,20.2449
2657_EcxLN-ywezNDtB_jBSpKpg_-34.27621195_137.87252572,673-0-10.5705.png,10.5705
2657_EcxLN-ywezNDtB_jBSpKpg_-34.27621195_137.87252572,673-90-10.5705.png,10.5705
2657_EcxLN-ywezNDtB_jBSpKpg_-34.27621195_137.87252572,673-180-10.5705.png,10.5705
2657_EcxLN-ywezNDtB_jBSpKpg_-34.27621195_137.87252572,673-270-10.5705.png,10.5705
907_Ns8PhO4kM97VlZzMqdx1EA_21.83943728_87.21909340,674-0-42.3201.png,42.3201
907_Ns8PhO4kM97VlZzMqdx1EA_21.83943728_87.21909340,674-90-42.3201.png,42.3201
907_Ns8PhO4kM97VlZzMqdx1EA_21.83943728_87.21909340,674-180-42.3201.png,42.3201
907_Ns8PhO4kM97VlZzMqdx1EA_21.83943728_87.21909340,674-270-42.3201.png,42.3201
1547_iK0yc36bhMBSBCcvNHlXaA_34.03507769_-101.69652703,675-0-14.7827.png,14.7827
1547_iK0yc36bhMBSBCcvNHlXaA_34.03507769_-101.69652703,675-90-14.7827.png,14.7827
1547_iK0yc36bhMBSBCcvNHlXaA_34.03507769_-101.69652703,675-180-14.7827.png,14.7827
1547_iK0yc36bhMBSBCcvNHlXaA_34.03507769_-101.69652703,675-270-14.7827.png,14.7827
1302_ouWR5wTa8LslITOpiDYfJA_50.67610420_-120.24725566,676-0-61.5985.png,61.5985
1302_ouWR5wTa8LslITOpiDYfJA_50.67610420_-120.24725566,676-90-61.5985.png,61.5985
1302_ouWR5wTa8LslITOpiDYfJA_50.67610420_-120.24725566,676-180-61.5985.png,61.5985
1302_ouWR5wTa8LslITOpiDYfJA_50.67610420_-120.24725566,676-270-61.5985.png,61.5985
2466_iOYlLrB3b08hy0BwII1_eA_42.10307616_-75.37523445,677-0-45.5334.png,45.5334
2466_iOYlLrB3b08hy0BwII1_eA_42.10307616_-75.37523445,677-90-45.5334.png,45.5334
2466_iOYlLrB3b08hy0BwII1_eA_42.10307616_-75.37523445,677-180-45.5334.png,45.5334
2466_iOYlLrB3b08hy0BwII1_eA_42.10307616_-75.37523445,677-270-45.5334.png,45.5334
2502_e1FFf1zQFwZAIbrUG-mECw_44.00283874_4.92726324,678-0-24.7139.png,24.7139
2502_e1FFf1zQFwZAIbrUG-mECw_44.00283874_4.92726324,678-90-24.7139.png,24.7139
2502_e1FFf1zQFwZAIbrUG-mECw_44.00283874_4.92726324,678-180-24.7139.png,24.7139
2502_e1FFf1zQFwZAIbrUG-mECw_44.00283874_4.92726324,678-270-24.7139.png,24.7139
193_GDhgktiViQf36EaMG2r2nA_41.94013943_15.06378149,679-0-26.374.png,26.374
193_GDhgktiViQf36EaMG2r2nA_41.94013943_15.06378149,679-90-26.374.png,26.374
193_GDhgktiViQf36EaMG2r2nA_41.94013943_15.06378149,679-180-26.374.png,26.374
193_GDhgktiViQf36EaMG2r2nA_41.94013943_15.06378149,679-270-26.374.png,26.374
245_MOqRPACLLgfjd3FgrGlQfQ_-32.74110184_115.87452018,680-0-26.1273.png,26.1273
245_MOqRPACLLgfjd3FgrGlQfQ_-32.74110184_115.87452018,680-90-26.1273.png,26.1273
245_MOqRPACLLgfjd3FgrGlQfQ_-32.74110184_115.87452018,680-180-26.1273.png,26.1273
245_MOqRPACLLgfjd3FgrGlQfQ_-32.74110184_115.87452018,680-270-26.1273.png,26.1273
1408_0RUs6dOJIEGTvM_0c7jGHg_46.07693519_2.07899889,681-0-53.2965.png,53.2965
1408_0RUs6dOJIEGTvM_0c7jGHg_46.07693519_2.07899889,681-90-53.2965.png,53.2965
1408_0RUs6dOJIEGTvM_0c7jGHg_46.07693519_2.07899889,681-180-53.2965.png,53.2965
1408_0RUs6dOJIEGTvM_0c7jGHg_46.07693519_2.07899889,681-270-53.2965.png,53.2965
914_g2hiiA_EEn3t8CWDr3nDFA_18.77095102_83.41887834,682-0-77.8693.png,77.8693
914_g2hiiA_EEn3t8CWDr3nDFA_18.77095102_83.41887834,682-90-77.8693.png,77.8693
914_g2hiiA_EEn3t8CWDr3nDFA_18.77095102_83.41887834,682-180-77.8693.png,77.8693
914_g2hiiA_EEn3t8CWDr3nDFA_18.77095102_83.41887834,682-270-77.8693.png,77.8693
496_-0_SxMYASGBdeOmC9PtYog_45.80436971_-96.49916036,683-0-22.2566.png,22.2566
496_-0_SxMYASGBdeOmC9PtYog_45.80436971_-96.49916036,683-90-22.2566.png,22.2566
496_-0_SxMYASGBdeOmC9PtYog_45.80436971_-96.49916036,683-180-22.2566.png,22.2566
496_-0_SxMYASGBdeOmC9PtYog_45.80436971_-96.49916036,683-270-22.2566.png,22.2566
533_g_iCWNHbk5226UT6Ho40Xw_66.38993044_23.65728010,684-0-36.38.png,36.38
533_g_iCWNHbk5226UT6Ho40Xw_66.38993044_23.65728010,684-90-36.38.png,36.38
533_g_iCWNHbk5226UT6Ho40Xw_66.38993044_23.65728010,684-180-36.38.png,36.38
533_g_iCWNHbk5226UT6Ho40Xw_66.38993044_23.65728010,684-270-36.38.png,36.38
3111_abM3XUko7mtjhxK6Jr6i5w_44.53123750_-74.03452849,685-0-60.0047.png,60.0047
3111_abM3XUko7mtjhxK6Jr6i5w_44.53123750_-74.03452849,685-90-60.0047.png,60.0047
3111_abM3XUko7mtjhxK6Jr6i5w_44.53123750_-74.03452849,685-180-60.0047.png,60.0047
3111_abM3XUko7mtjhxK6Jr6i5w_44.53123750_-74.03452849,685-270-60.0047.png,60.0047
3149_jbfqiY8yIEabaPHH6rHQew_48.28969441_1.18495572,686-0-42.1329.png,42.1329
3149_jbfqiY8yIEabaPHH6rHQew_48.28969441_1.18495572,686-90-42.1329.png,42.1329
3149_jbfqiY8yIEabaPHH6rHQew_48.28969441_1.18495572,686-180-42.1329.png,42.1329
3149_jbfqiY8yIEabaPHH6rHQew_48.28969441_1.18495572,686-270-42.1329.png,42.1329
228_XW9tB-Bc88sOh_tmA_OXHg_32.71955266_-84.01039032,687-0-54.799.png,54.799
228_XW9tB-Bc88sOh_tmA_OXHg_32.71955266_-84.01039032,687-90-54.799.png,54.799
228_XW9tB-Bc88sOh_tmA_OXHg_32.71955266_-84.01039032,687-180-54.799.png,54.799
228_XW9tB-Bc88sOh_tmA_OXHg_32.71955266_-84.01039032,687-270-54.799.png,54.799
2267_kC_VDb5ckgJdGMJuUgy06Q_33.29601225_-93.23592283,688-0-71.6056.png,71.6056
2267_kC_VDb5ckgJdGMJuUgy06Q_33.29601225_-93.23592283,688-90-71.6056.png,71.6056
2267_kC_VDb5ckgJdGMJuUgy06Q_33.29601225_-93.23592283,688-180-71.6056.png,71.6056
2267_kC_VDb5ckgJdGMJuUgy06Q_33.29601225_-93.23592283,688-270-71.6056.png,71.6056
84_THQhj9xDxZjBWQSu0jA__w_38.69117654_-91.72262103,689-0-21.4721.png,21.4721
84_THQhj9xDxZjBWQSu0jA__w_38.69117654_-91.72262103,689-90-21.4721.png,21.4721
84_THQhj9xDxZjBWQSu0jA__w_38.69117654_-91.72262103,689-180-21.4721.png,21.4721
84_THQhj9xDxZjBWQSu0jA__w_38.69117654_-91.72262103,689-270-21.4721.png,21.4721
1277_oyW9_aVqcQNwvp2cSxwFkA_-33.66309402_115.28427076,690-0-11.2125.png,11.2125
1277_oyW9_aVqcQNwvp2cSxwFkA_-33.66309402_115.28427076,690-90-11.2125.png,11.2125
1277_oyW9_aVqcQNwvp2cSxwFkA_-33.66309402_115.28427076,690-180-11.2125.png,11.2125
1277_oyW9_aVqcQNwvp2cSxwFkA_-33.66309402_115.28427076,690-270-11.2125.png,11.2125
1730_FIB0VxhUrzgnajBve56qTg_-22.21747507_-51.64077177,691-0-52.1337.png,52.1337
1730_FIB0VxhUrzgnajBve56qTg_-22.21747507_-51.64077177,691-90-52.1337.png,52.1337
1730_FIB0VxhUrzgnajBve56qTg_-22.21747507_-51.64077177,691-180-52.1337.png,52.1337
1730_FIB0VxhUrzgnajBve56qTg_-22.21747507_-51.64077177,691-270-52.1337.png,52.1337
679_n1Slji05mpNMHZmhEF8dwA_61.09962423_50.33244900,692-0-14.9004.png,14.9004
679_n1Slji05mpNMHZmhEF8dwA_61.09962423_50.33244900,692-90-14.9004.png,14.9004
679_n1Slji05mpNMHZmhEF8dwA_61.09962423_50.33244900,692-180-14.9004.png,14.9004
679_n1Slji05mpNMHZmhEF8dwA_61.09962423_50.33244900,692-270-14.9004.png,14.9004
1466_64TMLZ5xo0eM3KRKIzg3xg_59.29178674_5.22778603,693-0-31.6371.png,31.6371
1466_64TMLZ5xo0eM3KRKIzg3xg_59.29178674_5.22778603,693-90-31.6371.png,31.6371
1466_64TMLZ5xo0eM3KRKIzg3xg_59.29178674_5.22778603,693-180-31.6371.png,31.6371
1466_64TMLZ5xo0eM3KRKIzg3xg_59.29178674_5.22778603,693-270-31.6371.png,31.6371
1566_GmCfqrOfjdD5DhZCtbX-9w_-25.64057052_27.21671329,694-0-80.4004.png,80.4004
1566_GmCfqrOfjdD5DhZCtbX-9w_-25.64057052_27.21671329,694-90-80.4004.png,80.4004
1566_GmCfqrOfjdD5DhZCtbX-9w_-25.64057052_27.21671329,694-180-80.4004.png,80.4004
1566_GmCfqrOfjdD5DhZCtbX-9w_-25.64057052_27.21671329,694-270-80.4004.png,80.4004
1221_mYCX1OQKTysZ_xLEOlbc7A_70.12289117_22.98323549,695-0-34.0178.png,34.0178
1221_mYCX1OQKTysZ_xLEOlbc7A_70.12289117_22.98323549,695-90-34.0178.png,34.0178
1221_mYCX1OQKTysZ_xLEOlbc7A_70.12289117_22.98323549,695-180-34.0178.png,34.0178
1221_mYCX1OQKTysZ_xLEOlbc7A_70.12289117_22.98323549,695-270-34.0178.png,34.0178
659_tlD-oRk_xBkAAAQXIFTAgA_15.10061082_145.64428928,696-0-76.8732.png,76.8732
659_tlD-oRk_xBkAAAQXIFTAgA_15.10061082_145.64428928,696-90-76.8732.png,76.8732
659_tlD-oRk_xBkAAAQXIFTAgA_15.10061082_145.64428928,696-180-76.8732.png,76.8732
659_tlD-oRk_xBkAAAQXIFTAgA_15.10061082_145.64428928,696-270-76.8732.png,76.8732
2618_RBP9U9xyO31PlT6qKZisCQ_59.24165369_-125.98102559,697-0-18.6298.png,18.6298
2618_RBP9U9xyO31PlT6qKZisCQ_59.24165369_-125.98102559,697-90-18.6298.png,18.6298
2618_RBP9U9xyO31PlT6qKZisCQ_59.24165369_-125.98102559,697-180-18.6298.png,18.6298
2618_RBP9U9xyO31PlT6qKZisCQ_59.24165369_-125.98102559,697-270-18.6298.png,18.6298
1623_X5bF-DL1GtTtm5hQz_ftLw_16.23847679_-97.27961997,698-0-81.8087.png,81.8087
1623_X5bF-DL1GtTtm5hQz_ftLw_16.23847679_-97.27961997,698-90-81.8087.png,81.8087
1623_X5bF-DL1GtTtm5hQz_ftLw_16.23847679_-97.27961997,698-180-81.8087.png,81.8087
1623_X5bF-DL1GtTtm5hQz_ftLw_16.23847679_-97.27961997,698-270-81.8087.png,81.8087
486_VD_8Ai07mPGs5XMpFonnxQ_36.99657134_-76.57422490,699-0-57.1593.png,57.1593
486_VD_8Ai07mPGs5XMpFonnxQ_36.99657134_-76.57422490,699-90-57.1593.png,57.1593
486_VD_8Ai07mPGs5XMpFonnxQ_36.99657134_-76.57422490,699-180-57.1593.png,57.1593
486_VD_8Ai07mPGs5XMpFonnxQ_36.99657134_-76.57422490,699-270-57.1593.png,57.1593
443_OsiYA-jjBUN81rF2FjSMaA_10.47094738_7.44681017,700-0-26.5455.png,26.5455
443_OsiYA-jjBUN81rF2FjSMaA_10.47094738_7.44681017,700-90-26.5455.png,26.5455
443_OsiYA-jjBUN81rF2FjSMaA_10.47094738_7.44681017,700-180-26.5455.png,26.5455
443_OsiYA-jjBUN81rF2FjSMaA_10.47094738_7.44681017,700-270-26.5455.png,26.5455
2105_P36qNllTX_1J0vJOnlo9Ew_37.75741039_-83.12153310,701-0-23.0011.png,23.0011
2105_P36qNllTX_1J0vJOnlo9Ew_37.75741039_-83.12153310,701-90-23.0011.png,23.0011
2105_P36qNllTX_1J0vJOnlo9Ew_37.75741039_-83.12153310,701-180-23.0011.png,23.0011
2105_P36qNllTX_1J0vJOnlo9Ew_37.75741039_-83.12153310,701-270-23.0011.png,23.0011
1493_PBfrScW93Ig8EteTaTI8IA_23.21391040_120.12035802,702-0-70.1854.png,70.1854
1493_PBfrScW93Ig8EteTaTI8IA_23.21391040_120.12035802,702-90-70.1854.png,70.1854
1493_PBfrScW93Ig8EteTaTI8IA_23.21391040_120.12035802,702-180-70.1854.png,70.1854
1493_PBfrScW93Ig8EteTaTI8IA_23.21391040_120.12035802,702-270-70.1854.png,70.1854
105_aWtEjg9kEq3URnQOuUIopQ_49.48275465_5.95202990,703-0-39.515.png,39.515
105_aWtEjg9kEq3URnQOuUIopQ_49.48275465_5.95202990,703-90-39.515.png,39.515
105_aWtEjg9kEq3URnQOuUIopQ_49.48275465_5.95202990,703-180-39.515.png,39.515
105_aWtEjg9kEq3URnQOuUIopQ_49.48275465_5.95202990,703-270-39.515.png,39.515
837_6kUvGV5isBaZJdZo2LN4jA_40.34869365_33.98898036,704-0-84.423.png,84.423
837_6kUvGV5isBaZJdZo2LN4jA_40.34869365_33.98898036,704-90-84.423.png,84.423
837_6kUvGV5isBaZJdZo2LN4jA_40.34869365_33.98898036,704-180-84.423.png,84.423
837_6kUvGV5isBaZJdZo2LN4jA_40.34869365_33.98898036,704-270-84.423.png,84.423
766_unIBYjHkGQRcAkNeLyBguw_50.59991817_-108.41836252,705-0-21.0016.png,21.0016
766_unIBYjHkGQRcAkNeLyBguw_50.59991817_-108.41836252,705-90-21.0016.png,21.0016
766_unIBYjHkGQRcAkNeLyBguw_50.59991817_-108.41836252,705-180-21.0016.png,21.0016
766_unIBYjHkGQRcAkNeLyBguw_50.59991817_-108.41836252,705-270-21.0016.png,21.0016
1726_8uzLxTROEZQjs_Fo_VmqYQ_18.08420960_-94.91745976,706-0-52.6818.png,52.6818
1726_8uzLxTROEZQjs_Fo_VmqYQ_18.08420960_-94.91745976,706-90-52.6818.png,52.6818
1726_8uzLxTROEZQjs_Fo_VmqYQ_18.08420960_-94.91745976,706-180-52.6818.png,52.6818
1726_8uzLxTROEZQjs_Fo_VmqYQ_18.08420960_-94.91745976,706-270-52.6818.png,52.6818
2769_plipiviXhKT29YCqBD43uw_44.10219742_3.08729139,707-0-23.8712.png,23.8712
2769_plipiviXhKT29YCqBD43uw_44.10219742_3.08729139,707-90-23.8712.png,23.8712
2769_plipiviXhKT29YCqBD43uw_44.10219742_3.08729139,707-180-23.8712.png,23.8712
2769_plipiviXhKT29YCqBD43uw_44.10219742_3.08729139,707-270-23.8712.png,23.8712
365_lUpi4xZL-9ZuRutT94jCVA_15.15260292_120.92408313,708-0-57.8928.png,57.8928
365_lUpi4xZL-9ZuRutT94jCVA_15.15260292_120.92408313,708-90-57.8928.png,57.8928
365_lUpi4xZL-9ZuRutT94jCVA_15.15260292_120.92408313,708-180-57.8928.png,57.8928
365_lUpi4xZL-9ZuRutT94jCVA_15.15260292_120.92408313,708-270-57.8928.png,57.8928
3239_PU91B1SVyP85ww-f1yx7-Q_10.53102546_103.72808874,709-0-25.4104.png,25.4104
3239_PU91B1SVyP85ww-f1yx7-Q_10.53102546_103.72808874,709-90-25.4104.png,25.4104
3239_PU91B1SVyP85ww-f1yx7-Q_10.53102546_103.72808874,709-180-25.4104.png,25.4104
3239_PU91B1SVyP85ww-f1yx7-Q_10.53102546_103.72808874,709-270-25.4104.png,25.4104
2082_eZVF20PO1zm5TJDoGnEomg_39.51124939_-96.07648340,710-0-59.073.png,59.073
2082_eZVF20PO1zm5TJDoGnEomg_39.51124939_-96.07648340,710-90-59.073.png,59.073
2082_eZVF20PO1zm5TJDoGnEomg_39.51124939_-96.07648340,710-180-59.073.png,59.073
2082_eZVF20PO1zm5TJDoGnEomg_39.51124939_-96.07648340,710-270-59.073.png,59.073
1476_xJ9ANv5X6opm2oHbL3UI9w_16.51123597_104.69294902,711-0-52.028.png,52.028
1476_xJ9ANv5X6opm2oHbL3UI9w_16.51123597_104.69294902,711-90-52.028.png,52.028
1476_xJ9ANv5X6opm2oHbL3UI9w_16.51123597_104.69294902,711-180-52.028.png,52.028
1476_xJ9ANv5X6opm2oHbL3UI9w_16.51123597_104.69294902,711-270-52.028.png,52.028
18_8p5pfQvMxfp2YRixqDjb5Q_16.47841859_80.97471539,712-0-45.5831.png,45.5831
18_8p5pfQvMxfp2YRixqDjb5Q_16.47841859_80.97471539,712-90-45.5831.png,45.5831
18_8p5pfQvMxfp2YRixqDjb5Q_16.47841859_80.97471539,712-180-45.5831.png,45.5831
18_8p5pfQvMxfp2YRixqDjb5Q_16.47841859_80.97471539,712-270-45.5831.png,45.5831
622_mBd1HS9_Zhg90hEqMhDG-Q_-5.98974024_107.06819600,713-0-55.7234.png,55.7234
622_mBd1HS9_Zhg90hEqMhDG-Q_-5.98974024_107.06819600,713-90-55.7234.png,55.7234
622_mBd1HS9_Zhg90hEqMhDG-Q_-5.98974024_107.06819600,713-180-55.7234.png,55.7234
622_mBd1HS9_Zhg90hEqMhDG-Q_-5.98974024_107.06819600,713-270-55.7234.png,55.7234
3406_BX4H70SmklJnCQzzA84g2g_35.48289411_135.35018307,714-0-73.4152.png,73.4152
3406_BX4H70SmklJnCQzzA84g2g_35.48289411_135.35018307,714-90-73.4152.png,73.4152
3406_BX4H70SmklJnCQzzA84g2g_35.48289411_135.35018307,714-180-73.4152.png,73.4152
3406_BX4H70SmklJnCQzzA84g2g_35.48289411_135.35018307,714-270-73.4152.png,73.4152
3002_2h8CxhSlND_GO85NxOrvbg_30.32692576_78.03461140,715-0-70.1407.png,70.1407
3002_2h8CxhSlND_GO85NxOrvbg_30.32692576_78.03461140,715-90-70.1407.png,70.1407
3002_2h8CxhSlND_GO85NxOrvbg_30.32692576_78.03461140,715-180-70.1407.png,70.1407
3002_2h8CxhSlND_GO85NxOrvbg_30.32692576_78.03461140,715-270-70.1407.png,70.1407
2904_xGQx-C15E1EM3Hy3VsfMRQ_-13.64115723_-41.84351502,716-0-39.3865.png,39.3865
2904_xGQx-C15E1EM3Hy3VsfMRQ_-13.64115723_-41.84351502,716-90-39.3865.png,39.3865
2904_xGQx-C15E1EM3Hy3VsfMRQ_-13.64115723_-41.84351502,716-180-39.3865.png,39.3865
2904_xGQx-C15E1EM3Hy3VsfMRQ_-13.64115723_-41.84351502,716-270-39.3865.png,39.3865
784__eYieXQrgr29LjS9L2ZcDw_43.40972466_-72.84269615,717-0-40.3737.png,40.3737
784__eYieXQrgr29LjS9L2ZcDw_43.40972466_-72.84269615,717-90-40.3737.png,40.3737
784__eYieXQrgr29LjS9L2ZcDw_43.40972466_-72.84269615,717-180-40.3737.png,40.3737
784__eYieXQrgr29LjS9L2ZcDw_43.40972466_-72.84269615,717-270-40.3737.png,40.3737
3057_y3zuqg7jcifFC1dKJes3Ww_46.43859861_16.73302486,718-0-34.7023.png,34.7023
3057_y3zuqg7jcifFC1dKJes3Ww_46.43859861_16.73302486,718-90-34.7023.png,34.7023
3057_y3zuqg7jcifFC1dKJes3Ww_46.43859861_16.73302486,718-180-34.7023.png,34.7023
3057_y3zuqg7jcifFC1dKJes3Ww_46.43859861_16.73302486,718-270-34.7023.png,34.7023
2896_ojc_88QRDQQSPQ7ZXjyqLQ_46.72280328_-92.46158360,719-0-42.1008.png,42.1008
2896_ojc_88QRDQQSPQ7ZXjyqLQ_46.72280328_-92.46158360,719-90-42.1008.png,42.1008
2896_ojc_88QRDQQSPQ7ZXjyqLQ_46.72280328_-92.46158360,719-180-42.1008.png,42.1008
2896_ojc_88QRDQQSPQ7ZXjyqLQ_46.72280328_-92.46158360,719-270-42.1008.png,42.1008
2937_DXhWj5KnVAFVbuLPYd4O3w_18.64970710_-90.26773301,720-0-13.0051.png,13.0051
2937_DXhWj5KnVAFVbuLPYd4O3w_18.64970710_-90.26773301,720-90-13.0051.png,13.0051
2937_DXhWj5KnVAFVbuLPYd4O3w_18.64970710_-90.26773301,720-180-13.0051.png,13.0051
2937_DXhWj5KnVAFVbuLPYd4O3w_18.64970710_-90.26773301,720-270-13.0051.png,13.0051
434_7mwRfpf--eCkeVuk4a9iWQ_51.25788288_5.07066319,721-0-39.142.png,39.142
434_7mwRfpf--eCkeVuk4a9iWQ_51.25788288_5.07066319,721-90-39.142.png,39.142
434_7mwRfpf--eCkeVuk4a9iWQ_51.25788288_5.07066319,721-180-39.142.png,39.142
434_7mwRfpf--eCkeVuk4a9iWQ_51.25788288_5.07066319,721-270-39.142.png,39.142
179_zEVvxXocszMlNZmQ5eWoPQ_39.58831756_-89.78733160,722-0-57.834.png,57.834
179_zEVvxXocszMlNZmQ5eWoPQ_39.58831756_-89.78733160,722-90-57.834.png,57.834
179_zEVvxXocszMlNZmQ5eWoPQ_39.58831756_-89.78733160,722-180-57.834.png,57.834
179_zEVvxXocszMlNZmQ5eWoPQ_39.58831756_-89.78733160,722-270-57.834.png,57.834
2206_P2yfEIMa1fy8gVB8a9dZQg_16.91667243_121.65044003,723-0-70.7721.png,70.7721
2206_P2yfEIMa1fy8gVB8a9dZQg_16.91667243_121.65044003,723-90-70.7721.png,70.7721
2206_P2yfEIMa1fy8gVB8a9dZQg_16.91667243_121.65044003,723-180-70.7721.png,70.7721
2206_P2yfEIMa1fy8gVB8a9dZQg_16.91667243_121.65044003,723-270-70.7721.png,70.7721
149_jDUdqqcbJJiR2vdvlVVE1A_45.70496028_9.72379547,724-0-26.8543.png,26.8543
149_jDUdqqcbJJiR2vdvlVVE1A_45.70496028_9.72379547,724-90-26.8543.png,26.8543
149_jDUdqqcbJJiR2vdvlVVE1A_45.70496028_9.72379547,724-180-26.8543.png,26.8543
149_jDUdqqcbJJiR2vdvlVVE1A_45.70496028_9.72379547,724-270-26.8543.png,26.8543
1724_DgaV7X53PGa0cEq8em0JfA_40.30408184_-73.99235308,725-0-58.6725.png,58.6725
1724_DgaV7X53PGa0cEq8em0JfA_40.30408184_-73.99235308,725-90-58.6725.png,58.6725
1724_DgaV7X53PGa0cEq8em0JfA_40.30408184_-73.99235308,725-180-58.6725.png,58.6725
1724_DgaV7X53PGa0cEq8em0JfA_40.30408184_-73.99235308,725-270-58.6725.png,58.6725
66_tU1l3tjobI8AMMo068AEfg_37.12823230_-7.64941254,726-0-43.1968.png,43.1968
66_tU1l3tjobI8AMMo068AEfg_37.12823230_-7.64941254,726-90-43.1968.png,43.1968
66_tU1l3tjobI8AMMo068AEfg_37.12823230_-7.64941254,726-180-43.1968.png,43.1968
66_tU1l3tjobI8AMMo068AEfg_37.12823230_-7.64941254,726-270-43.1968.png,43.1968
1762_LhDcp9F7Pu3QO8-CcPuPhQ_48.93025081_15.23940459,727-0-34.7877.png,34.7877
1762_LhDcp9F7Pu3QO8-CcPuPhQ_48.93025081_15.23940459,727-90-34.7877.png,34.7877
1762_LhDcp9F7Pu3QO8-CcPuPhQ_48.93025081_15.23940459,727-180-34.7877.png,34.7877
1762_LhDcp9F7Pu3QO8-CcPuPhQ_48.93025081_15.23940459,727-270-34.7877.png,34.7877
593_Tgre8oGY_4jIVk2Hanrr3g_47.73212404_4.03503335,728-0-25.3959.png,25.3959
593_Tgre8oGY_4jIVk2Hanrr3g_47.73212404_4.03503335,728-90-25.3959.png,25.3959
593_Tgre8oGY_4jIVk2Hanrr3g_47.73212404_4.03503335,728-180-25.3959.png,25.3959
593_Tgre8oGY_4jIVk2Hanrr3g_47.73212404_4.03503335,728-270-25.3959.png,25.3959
2264_xnrCN6YNKwkay4v4cv0faw_37.14723305_-90.17940383,729-0-40.8754.png,40.8754
2264_xnrCN6YNKwkay4v4cv0faw_37.14723305_-90.17940383,729-90-40.8754.png,40.8754
2264_xnrCN6YNKwkay4v4cv0faw_37.14723305_-90.17940383,729-180-40.8754.png,40.8754
2264_xnrCN6YNKwkay4v4cv0faw_37.14723305_-90.17940383,729-270-40.8754.png,40.8754
698_ad7C_n8-rEtzT4wImW_ZFg_44.39876514_-1.12739085,730-0-29.849.png,29.849
698_ad7C_n8-rEtzT4wImW_ZFg_44.39876514_-1.12739085,730-90-29.849.png,29.849
698_ad7C_n8-rEtzT4wImW_ZFg_44.39876514_-1.12739085,730-180-29.849.png,29.849
698_ad7C_n8-rEtzT4wImW_ZFg_44.39876514_-1.12739085,730-270-29.849.png,29.849
532_nwcEb8wbl6mBNUlyxR9g1g_52.26906958_-2.15051673,731-0-49.3996.png,49.3996
532_nwcEb8wbl6mBNUlyxR9g1g_52.26906958_-2.15051673,731-90-49.3996.png,49.3996
532_nwcEb8wbl6mBNUlyxR9g1g_52.26906958_-2.15051673,731-180-49.3996.png,49.3996
532_nwcEb8wbl6mBNUlyxR9g1g_52.26906958_-2.15051673,731-270-49.3996.png,49.3996
1348_8QNZBAaH-9zuEMRmYSM6og_49.99950489_6.01666453,732-0-23.3378.png,23.3378
1348_8QNZBAaH-9zuEMRmYSM6og_49.99950489_6.01666453,732-90-23.3378.png,23.3378
1348_8QNZBAaH-9zuEMRmYSM6og_49.99950489_6.01666453,732-180-23.3378.png,23.3378
1348_8QNZBAaH-9zuEMRmYSM6og_49.99950489_6.01666453,732-270-23.3378.png,23.3378
1479_8O8heKbg2-4N1Ewdl0Kfxw_52.58349782_38.37787470,733-0-46.762.png,46.762
1479_8O8heKbg2-4N1Ewdl0Kfxw_52.58349782_38.37787470,733-90-46.762.png,46.762
1479_8O8heKbg2-4N1Ewdl0Kfxw_52.58349782_38.37787470,733-180-46.762.png,46.762
1479_8O8heKbg2-4N1Ewdl0Kfxw_52.58349782_38.37787470,733-270-46.762.png,46.762
629_3jjdrrIS5YdCdk7M6i08mA_45.03325601_2.54362159,734-0-42.8868.png,42.8868
629_3jjdrrIS5YdCdk7M6i08mA_45.03325601_2.54362159,734-90-42.8868.png,42.8868
629_3jjdrrIS5YdCdk7M6i08mA_45.03325601_2.54362159,734-180-42.8868.png,42.8868
629_3jjdrrIS5YdCdk7M6i08mA_45.03325601_2.54362159,734-270-42.8868.png,42.8868
122_jeQCjwQ6fANrK-O-ABH_CQ_36.71148134_-77.56450799,735-0-79.2837.png,79.2837
122_jeQCjwQ6fANrK-O-ABH_CQ_36.71148134_-77.56450799,735-90-79.2837.png,79.2837
122_jeQCjwQ6fANrK-O-ABH_CQ_36.71148134_-77.56450799,735-180-79.2837.png,79.2837
122_jeQCjwQ6fANrK-O-ABH_CQ_36.71148134_-77.56450799,735-270-79.2837.png,79.2837
1675_HpqPl68DD1rIvMpOpX0tOw_56.29780491_9.66763558,736-0-25.0965.png,25.0965
1675_HpqPl68DD1rIvMpOpX0tOw_56.29780491_9.66763558,736-90-25.0965.png,25.0965
1675_HpqPl68DD1rIvMpOpX0tOw_56.29780491_9.66763558,736-180-25.0965.png,25.0965
1675_HpqPl68DD1rIvMpOpX0tOw_56.29780491_9.66763558,736-270-25.0965.png,25.0965
486_V5EfRozQitZoYw_FwiVr4A_-11.89038519_-49.16126131,737-0-71.8326.png,71.8326
486_V5EfRozQitZoYw_FwiVr4A_-11.89038519_-49.16126131,737-90-71.8326.png,71.8326
486_V5EfRozQitZoYw_FwiVr4A_-11.89038519_-49.16126131,737-180-71.8326.png,71.8326
486_V5EfRozQitZoYw_FwiVr4A_-11.89038519_-49.16126131,737-270-71.8326.png,71.8326
3064_brzO7czIwQFlQ_1G8ccAXg_22.96079073_75.54518765,738-0-46.9697.png,46.9697
3064_brzO7czIwQFlQ_1G8ccAXg_22.96079073_75.54518765,738-90-46.9697.png,46.9697
3064_brzO7czIwQFlQ_1G8ccAXg_22.96079073_75.54518765,738-180-46.9697.png,46.9697
3064_brzO7czIwQFlQ_1G8ccAXg_22.96079073_75.54518765,738-270-46.9697.png,46.9697
3155_CLDkUiTqb1rBAHgTpTMmdQ_18.73768641_78.46234108,739-0-66.2167.png,66.2167
3155_CLDkUiTqb1rBAHgTpTMmdQ_18.73768641_78.46234108,739-90-66.2167.png,66.2167
3155_CLDkUiTqb1rBAHgTpTMmdQ_18.73768641_78.46234108,739-180-66.2167.png,66.2167
3155_CLDkUiTqb1rBAHgTpTMmdQ_18.73768641_78.46234108,739-270-66.2167.png,66.2167
1221_p5aTmHsjlZREYbpyKykCMw_35.35191669_24.43430340,740-0-45.6965.png,45.6965
1221_p5aTmHsjlZREYbpyKykCMw_35.35191669_24.43430340,740-90-45.6965.png,45.6965
1221_p5aTmHsjlZREYbpyKykCMw_35.35191669_24.43430340,740-180-45.6965.png,45.6965
1221_p5aTmHsjlZREYbpyKykCMw_35.35191669_24.43430340,740-270-45.6965.png,45.6965
782_cZaLzoXQGu0wWg_Eto5gqg_40.62557267_-4.96982655,741-0-46.2918.png,46.2918
782_cZaLzoXQGu0wWg_Eto5gqg_40.62557267_-4.96982655,741-90-46.2918.png,46.2918
782_cZaLzoXQGu0wWg_Eto5gqg_40.62557267_-4.96982655,741-180-46.2918.png,46.2918
782_cZaLzoXQGu0wWg_Eto5gqg_40.62557267_-4.96982655,741-270-46.2918.png,46.2918
562_TigTjlk1rZQuW6aG-zDyhg_34.34723125_-85.57966160,742-0-81.2721.png,81.2721
562_TigTjlk1rZQuW6aG-zDyhg_34.34723125_-85.57966160,742-90-81.2721.png,81.2721
562_TigTjlk1rZQuW6aG-zDyhg_34.34723125_-85.57966160,742-180-81.2721.png,81.2721
562_TigTjlk1rZQuW6aG-zDyhg_34.34723125_-85.57966160,742-270-81.2721.png,81.2721
294_sBhjiuPnpZQx30c-HPkBsg_54.97610116_12.33728089,743-0-18.7703.png,18.7703
294_sBhjiuPnpZQx30c-HPkBsg_54.97610116_12.33728089,743-90-18.7703.png,18.7703
294_sBhjiuPnpZQx30c-HPkBsg_54.97610116_12.33728089,743-180-18.7703.png,18.7703
294_sBhjiuPnpZQx30c-HPkBsg_54.97610116_12.33728089,743-270-18.7703.png,18.7703
259_Ob2XC_JEb8sUI3MhCncmqw_32.13518217_-89.40268513,744-0-62.3655.png,62.3655
259_Ob2XC_JEb8sUI3MhCncmqw_32.13518217_-89.40268513,744-90-62.3655.png,62.3655
259_Ob2XC_JEb8sUI3MhCncmqw_32.13518217_-89.40268513,744-180-62.3655.png,62.3655
259_Ob2XC_JEb8sUI3MhCncmqw_32.13518217_-89.40268513,744-270-62.3655.png,62.3655
2861_rMxL9Po7CDEZvu0uoUqnpA_51.18889393_21.10010790,745-0-42.836.png,42.836
2861_rMxL9Po7CDEZvu0uoUqnpA_51.18889393_21.10010790,745-90-42.836.png,42.836
2861_rMxL9Po7CDEZvu0uoUqnpA_51.18889393_21.10010790,745-180-42.836.png,42.836
2861_rMxL9Po7CDEZvu0uoUqnpA_51.18889393_21.10010790,745-270-42.836.png,42.836
2719_zKflXzFWIVusvdMUagAH0Q_31.58558236_-102.88991076,746-0-39.7344.png,39.7344
2719_zKflXzFWIVusvdMUagAH0Q_31.58558236_-102.88991076,746-90-39.7344.png,39.7344
2719_zKflXzFWIVusvdMUagAH0Q_31.58558236_-102.88991076,746-180-39.7344.png,39.7344
2719_zKflXzFWIVusvdMUagAH0Q_31.58558236_-102.88991076,746-270-39.7344.png,39.7344
974_cNkHWQ8iE5MVpZBQNDXsPA_43.57967722_7.05353074,747-0-23.9985.png,23.9985
974_cNkHWQ8iE5MVpZBQNDXsPA_43.57967722_7.05353074,747-90-23.9985.png,23.9985
974_cNkHWQ8iE5MVpZBQNDXsPA_43.57967722_7.05353074,747-180-23.9985.png,23.9985
974_cNkHWQ8iE5MVpZBQNDXsPA_43.57967722_7.05353074,747-270-23.9985.png,23.9985
2645_JI0BIkpjF4XNrh1L9MdF8A_46.76370546_1.82511267,748-0-50.4182.png,50.4182
2645_JI0BIkpjF4XNrh1L9MdF8A_46.76370546_1.82511267,748-90-50.4182.png,50.4182
2645_JI0BIkpjF4XNrh1L9MdF8A_46.76370546_1.82511267,748-180-50.4182.png,50.4182
2645_JI0BIkpjF4XNrh1L9MdF8A_46.76370546_1.82511267,748-270-50.4182.png,50.4182
2251_9TfYTzuQMBfvqiQpxy5Gdg_23.52980768_89.31666535,749-0-63.4832.png,63.4832
2251_9TfYTzuQMBfvqiQpxy5Gdg_23.52980768_89.31666535,749-90-63.4832.png,63.4832
2251_9TfYTzuQMBfvqiQpxy5Gdg_23.52980768_89.31666535,749-180-63.4832.png,63.4832
2251_9TfYTzuQMBfvqiQpxy5Gdg_23.52980768_89.31666535,749-270-63.4832.png,63.4832
53_WXcrJS1YMm0DwzrT8zUeng_34.69219419_135.55571034,750-0-48.6944.png,48.6944
53_WXcrJS1YMm0DwzrT8zUeng_34.69219419_135.55571034,750-90-48.6944.png,48.6944
53_WXcrJS1YMm0DwzrT8zUeng_34.69219419_135.55571034,750-180-48.6944.png,48.6944
53_WXcrJS1YMm0DwzrT8zUeng_34.69219419_135.55571034,750-270-48.6944.png,48.6944
1206_Dit_nwzSHiV5ht8OJeewoQ_55.44818906_55.01795739,751-0-27.0776.png,27.0776
1206_Dit_nwzSHiV5ht8OJeewoQ_55.44818906_55.01795739,751-90-27.0776.png,27.0776
1206_Dit_nwzSHiV5ht8OJeewoQ_55.44818906_55.01795739,751-180-27.0776.png,27.0776
1206_Dit_nwzSHiV5ht8OJeewoQ_55.44818906_55.01795739,751-270-27.0776.png,27.0776
2352_SXXjIzuaFeZq8swXvvKDcQ_-32.73596475_151.58961567,752-0-82.5862.png,82.5862
2352_SXXjIzuaFeZq8swXvvKDcQ_-32.73596475_151.58961567,752-90-82.5862.png,82.5862
2352_SXXjIzuaFeZq8swXvvKDcQ_-32.73596475_151.58961567,752-180-82.5862.png,82.5862
2352_SXXjIzuaFeZq8swXvvKDcQ_-32.73596475_151.58961567,752-270-82.5862.png,82.5862
730_wZz5FCiT5-7DpXD_XwWo1Q_37.35789723_13.84926360,753-0-47.5641.png,47.5641
730_wZz5FCiT5-7DpXD_XwWo1Q_37.35789723_13.84926360,753-90-47.5641.png,47.5641
730_wZz5FCiT5-7DpXD_XwWo1Q_37.35789723_13.84926360,753-180-47.5641.png,47.5641
730_wZz5FCiT5-7DpXD_XwWo1Q_37.35789723_13.84926360,753-270-47.5641.png,47.5641
2836_04pXoFoi6KNvg_HaIAvqEw_37.04026753_-99.98641588,754-0-78.0164.png,78.0164
2836_04pXoFoi6KNvg_HaIAvqEw_37.04026753_-99.98641588,754-90-78.0164.png,78.0164
2836_04pXoFoi6KNvg_HaIAvqEw_37.04026753_-99.98641588,754-180-78.0164.png,78.0164
2836_04pXoFoi6KNvg_HaIAvqEw_37.04026753_-99.98641588,754-270-78.0164.png,78.0164
80_wnAURrzVfQiEb1zK2vRyMg_-11.58147368_-50.93064115,755-0-53.7728.png,53.7728
80_wnAURrzVfQiEb1zK2vRyMg_-11.58147368_-50.93064115,755-90-53.7728.png,53.7728
80_wnAURrzVfQiEb1zK2vRyMg_-11.58147368_-50.93064115,755-180-53.7728.png,53.7728
80_wnAURrzVfQiEb1zK2vRyMg_-11.58147368_-50.93064115,755-270-53.7728.png,53.7728
585_pCiBjACQsv9j9fwMm2vmSQ_49.10618101_-118.46627381,756-0-42.4732.png,42.4732
585_pCiBjACQsv9j9fwMm2vmSQ_49.10618101_-118.46627381,756-90-42.4732.png,42.4732
585_pCiBjACQsv9j9fwMm2vmSQ_49.10618101_-118.46627381,756-180-42.4732.png,42.4732
585_pCiBjACQsv9j9fwMm2vmSQ_49.10618101_-118.46627381,756-270-42.4732.png,42.4732
105_VwWiqJdHcZXPbCgh9A638g_50.72605973_-3.91284941,757-0-29.4807.png,29.4807
105_VwWiqJdHcZXPbCgh9A638g_50.72605973_-3.91284941,757-90-29.4807.png,29.4807
105_VwWiqJdHcZXPbCgh9A638g_50.72605973_-3.91284941,757-180-29.4807.png,29.4807
105_VwWiqJdHcZXPbCgh9A638g_50.72605973_-3.91284941,757-270-29.4807.png,29.4807
157_txLOmhc3IWl9hoAiY0_e8A_51.24154422_-2.36334769,758-0-51.5546.png,51.5546
157_txLOmhc3IWl9hoAiY0_e8A_51.24154422_-2.36334769,758-90-51.5546.png,51.5546
157_txLOmhc3IWl9hoAiY0_e8A_51.24154422_-2.36334769,758-180-51.5546.png,51.5546
157_txLOmhc3IWl9hoAiY0_e8A_51.24154422_-2.36334769,758-270-51.5546.png,51.5546
1368__D4xUCbK8Lq8oMUtzOI91g_43.23528918_-102.47094148,759-0-33.6843.png,33.6843
1368__D4xUCbK8Lq8oMUtzOI91g_43.23528918_-102.47094148,759-90-33.6843.png,33.6843
1368__D4xUCbK8Lq8oMUtzOI91g_43.23528918_-102.47094148,759-180-33.6843.png,33.6843
1368__D4xUCbK8Lq8oMUtzOI91g_43.23528918_-102.47094148,759-270-33.6843.png,33.6843
640_APtNDTBIg2OWEBn4FOXjag_40.16795776_9.17766210,760-0-71.5358.png,71.5358
640_APtNDTBIg2OWEBn4FOXjag_40.16795776_9.17766210,760-90-71.5358.png,71.5358
640_APtNDTBIg2OWEBn4FOXjag_40.16795776_9.17766210,760-180-71.5358.png,71.5358
640_APtNDTBIg2OWEBn4FOXjag_40.16795776_9.17766210,760-270-71.5358.png,71.5358
2778_QRkhBitIq8UVzVzr4ZSCvw_48.67246269_9.98675121,761-0-54.902.png,54.902
2778_QRkhBitIq8UVzVzr4ZSCvw_48.67246269_9.98675121,761-90-54.902.png,54.902
2778_QRkhBitIq8UVzVzr4ZSCvw_48.67246269_9.98675121,761-180-54.902.png,54.902
2778_QRkhBitIq8UVzVzr4ZSCvw_48.67246269_9.98675121,761-270-54.902.png,54.902
2035_l-zCSj98QVRNx_exv3d1Bw_34.87470475_-98.22129310,762-0-5.3729.png,5.3729
2035_l-zCSj98QVRNx_exv3d1Bw_34.87470475_-98.22129310,762-90-5.3729.png,5.3729
2035_l-zCSj98QVRNx_exv3d1Bw_34.87470475_-98.22129310,762-180-5.3729.png,5.3729
2035_l-zCSj98QVRNx_exv3d1Bw_34.87470475_-98.22129310,762-270-5.3729.png,5.3729
475_3Wmu8gbbRnJ1xlkiZL8Raw_50.26666947_-64.84801140,763-0-30.7064.png,30.7064
475_3Wmu8gbbRnJ1xlkiZL8Raw_50.26666947_-64.84801140,763-90-30.7064.png,30.7064
475_3Wmu8gbbRnJ1xlkiZL8Raw_50.26666947_-64.84801140,763-180-30.7064.png,30.7064
475_3Wmu8gbbRnJ1xlkiZL8Raw_50.26666947_-64.84801140,763-270-30.7064.png,30.7064
1629_YAgD8ipIQxcA_wlcwqCK9g_41.40979730_14.61865224,764-0-29.7479.png,29.7479
1629_YAgD8ipIQxcA_wlcwqCK9g_41.40979730_14.61865224,764-90-29.7479.png,29.7479
1629_YAgD8ipIQxcA_wlcwqCK9g_41.40979730_14.61865224,764-180-29.7479.png,29.7479
1629_YAgD8ipIQxcA_wlcwqCK9g_41.40979730_14.61865224,764-270-29.7479.png,29.7479
2786_1iU_wwxNjKHUBpthR8dKbw_54.72959750_-1.48072823,765-0-45.4329.png,45.4329
2786_1iU_wwxNjKHUBpthR8dKbw_54.72959750_-1.48072823,765-90-45.4329.png,45.4329
2786_1iU_wwxNjKHUBpthR8dKbw_54.72959750_-1.48072823,765-180-45.4329.png,45.4329
2786_1iU_wwxNjKHUBpthR8dKbw_54.72959750_-1.48072823,765-270-45.4329.png,45.4329
1253_2Lgv2QFtXRl3b8rUWDgZ4g_41.80892584_-7.33620749,766-0-59.5779.png,59.5779
1253_2Lgv2QFtXRl3b8rUWDgZ4g_41.80892584_-7.33620749,766-90-59.5779.png,59.5779
1253_2Lgv2QFtXRl3b8rUWDgZ4g_41.80892584_-7.33620749,766-180-59.5779.png,59.5779
1253_2Lgv2QFtXRl3b8rUWDgZ4g_41.80892584_-7.33620749,766-270-59.5779.png,59.5779
962_6Wn7OPSi7jKXh4vL_gYnng_9.01232043_-79.48804053,767-0-87.2173.png,87.2173
962_6Wn7OPSi7jKXh4vL_gYnng_9.01232043_-79.48804053,767-90-87.2173.png,87.2173
962_6Wn7OPSi7jKXh4vL_gYnng_9.01232043_-79.48804053,767-180-87.2173.png,87.2173
962_6Wn7OPSi7jKXh4vL_gYnng_9.01232043_-79.48804053,767-270-87.2173.png,87.2173
1395_jUoCAG00yyswflMXVwFfjA_39.50621485_-118.85205845,768-0-24.3618.png,24.3618
1395_jUoCAG00yyswflMXVwFfjA_39.50621485_-118.85205845,768-90-24.3618.png,24.3618
1395_jUoCAG00yyswflMXVwFfjA_39.50621485_-118.85205845,768-180-24.3618.png,24.3618
1395_jUoCAG00yyswflMXVwFfjA_39.50621485_-118.85205845,768-270-24.3618.png,24.3618
2161_EBJ3ZViBBT_8kowQhdg17g_22.05609399_73.83175555,769-0-42.4191.png,42.4191
2161_EBJ3ZViBBT_8kowQhdg17g_22.05609399_73.83175555,769-90-42.4191.png,42.4191
2161_EBJ3ZViBBT_8kowQhdg17g_22.05609399_73.83175555,769-180-42.4191.png,42.4191
2161_EBJ3ZViBBT_8kowQhdg17g_22.05609399_73.83175555,769-270-42.4191.png,42.4191
2544_eLqgzcXxAdjYyuS-MG86kA_43.38701504_-95.12733780,770-0-46.5756.png,46.5756
2544_eLqgzcXxAdjYyuS-MG86kA_43.38701504_-95.12733780,770-90-46.5756.png,46.5756
2544_eLqgzcXxAdjYyuS-MG86kA_43.38701504_-95.12733780,770-180-46.5756.png,46.5756
2544_eLqgzcXxAdjYyuS-MG86kA_43.38701504_-95.12733780,770-270-46.5756.png,46.5756
2851_TmP5sU-2Dd3d_g2gV_XQjw_-25.99957212_-49.04704699,771-0-82.8397.png,82.8397
2851_TmP5sU-2Dd3d_g2gV_XQjw_-25.99957212_-49.04704699,771-90-82.8397.png,82.8397
2851_TmP5sU-2Dd3d_g2gV_XQjw_-25.99957212_-49.04704699,771-180-82.8397.png,82.8397
2851_TmP5sU-2Dd3d_g2gV_XQjw_-25.99957212_-49.04704699,771-270-82.8397.png,82.8397
3430_J5ixaYFQpWEdX111QzIgow_21.34227586_71.30650692,772-0-68.0815.png,68.0815
3430_J5ixaYFQpWEdX111QzIgow_21.34227586_71.30650692,772-90-68.0815.png,68.0815
3430_J5ixaYFQpWEdX111QzIgow_21.34227586_71.30650692,772-180-68.0815.png,68.0815
3430_J5ixaYFQpWEdX111QzIgow_21.34227586_71.30650692,772-270-68.0815.png,68.0815
1673_dt1KKKVDaO4ND4jBrsN9yw_48.17047822_12.14950139,773-0-72.5456.png,72.5456
1673_dt1KKKVDaO4ND4jBrsN9yw_48.17047822_12.14950139,773-90-72.5456.png,72.5456
1673_dt1KKKVDaO4ND4jBrsN9yw_48.17047822_12.14950139,773-180-72.5456.png,72.5456
1673_dt1KKKVDaO4ND4jBrsN9yw_48.17047822_12.14950139,773-270-72.5456.png,72.5456
381_8XVzu6PLrU3BrnOpHZTwdg_40.00704994_18.42568553,774-0-71.2442.png,71.2442
381_8XVzu6PLrU3BrnOpHZTwdg_40.00704994_18.42568553,774-90-71.2442.png,71.2442
381_8XVzu6PLrU3BrnOpHZTwdg_40.00704994_18.42568553,774-180-71.2442.png,71.2442
381_8XVzu6PLrU3BrnOpHZTwdg_40.00704994_18.42568553,774-270-71.2442.png,71.2442
3101_oSyh_rzqCtPai5cA3UTIZA_-33.83123336_20.05585748,775-0-46.8803.png,46.8803
3101_oSyh_rzqCtPai5cA3UTIZA_-33.83123336_20.05585748,775-90-46.8803.png,46.8803
3101_oSyh_rzqCtPai5cA3UTIZA_-33.83123336_20.05585748,775-180-46.8803.png,46.8803
3101_oSyh_rzqCtPai5cA3UTIZA_-33.83123336_20.05585748,775-270-46.8803.png,46.8803
3031_i-d2lQxiJ7PtCEBpqo33pA_53.13332417_6.55013276,776-0-47.7374.png,47.7374
3031_i-d2lQxiJ7PtCEBpqo33pA_53.13332417_6.55013276,776-90-47.7374.png,47.7374
3031_i-d2lQxiJ7PtCEBpqo33pA_53.13332417_6.55013276,776-180-47.7374.png,47.7374
3031_i-d2lQxiJ7PtCEBpqo33pA_53.13332417_6.55013276,776-270-47.7374.png,47.7374
3344_Iq_Uq8rRXGSD83KcDkqFKQ_26.08053046_71.78439903,777-0-50.6503.png,50.6503
3344_Iq_Uq8rRXGSD83KcDkqFKQ_26.08053046_71.78439903,777-90-50.6503.png,50.6503
3344_Iq_Uq8rRXGSD83KcDkqFKQ_26.08053046_71.78439903,777-180-50.6503.png,50.6503
3344_Iq_Uq8rRXGSD83KcDkqFKQ_26.08053046_71.78439903,777-270-50.6503.png,50.6503
3197_6Zur2oG-51-XaXkOwavRaw_46.17243272_10.09259855,778-0-45.7621.png,45.7621
3197_6Zur2oG-51-XaXkOwavRaw_46.17243272_10.09259855,778-90-45.7621.png,45.7621
3197_6Zur2oG-51-XaXkOwavRaw_46.17243272_10.09259855,778-180-45.7621.png,45.7621
3197_6Zur2oG-51-XaXkOwavRaw_46.17243272_10.09259855,778-270-45.7621.png,45.7621
1404_K-4-uITuEeMn6P9XVwCJGA_39.34069923_-76.50554775,779-0-29.9504.png,29.9504
1404_K-4-uITuEeMn6P9XVwCJGA_39.34069923_-76.50554775,779-90-29.9504.png,29.9504
1404_K-4-uITuEeMn6P9XVwCJGA_39.34069923_-76.50554775,779-180-29.9504.png,29.9504
1404_K-4-uITuEeMn6P9XVwCJGA_39.34069923_-76.50554775,779-270-29.9504.png,29.9504
164_79hyeUhOhwmd-I3pXV84YQ_61.55522858_9.94070428,780-0-28.4411.png,28.4411
164_79hyeUhOhwmd-I3pXV84YQ_61.55522858_9.94070428,780-90-28.4411.png,28.4411
164_79hyeUhOhwmd-I3pXV84YQ_61.55522858_9.94070428,780-180-28.4411.png,28.4411
164_79hyeUhOhwmd-I3pXV84YQ_61.55522858_9.94070428,780-270-28.4411.png,28.4411
757_p57eH32nxFNbr3fzGzMIeQ_31.51841699_74.79554516,781-0-69.1771.png,69.1771
757_p57eH32nxFNbr3fzGzMIeQ_31.51841699_74.79554516,781-90-69.1771.png,69.1771
757_p57eH32nxFNbr3fzGzMIeQ_31.51841699_74.79554516,781-180-69.1771.png,69.1771
757_p57eH32nxFNbr3fzGzMIeQ_31.51841699_74.79554516,781-270-69.1771.png,69.1771
2918_VNmE-mDPAZs_89C3F_Jm0Q_33.25181722_-95.37645232,782-0-35.0918.png,35.0918
2918_VNmE-mDPAZs_89C3F_Jm0Q_33.25181722_-95.37645232,782-90-35.0918.png,35.0918
2918_VNmE-mDPAZs_89C3F_Jm0Q_33.25181722_-95.37645232,782-180-35.0918.png,35.0918
2918_VNmE-mDPAZs_89C3F_Jm0Q_33.25181722_-95.37645232,782-270-35.0918.png,35.0918
2196_JeU4agYA7_LwEVliivRe5w_24.09673691_-110.38723112,783-0-82.4042.png,82.4042
2196_JeU4agYA7_LwEVliivRe5w_24.09673691_-110.38723112,783-90-82.4042.png,82.4042
2196_JeU4agYA7_LwEVliivRe5w_24.09673691_-110.38723112,783-180-82.4042.png,82.4042
2196_JeU4agYA7_LwEVliivRe5w_24.09673691_-110.38723112,783-270-82.4042.png,82.4042
2280_Qw0AjU9i_QVLK8CiAuTx-A_-33.60856044_25.92255693,784-0-75.5689.png,75.5689
2280_Qw0AjU9i_QVLK8CiAuTx-A_-33.60856044_25.92255693,784-90-75.5689.png,75.5689
2280_Qw0AjU9i_QVLK8CiAuTx-A_-33.60856044_25.92255693,784-180-75.5689.png,75.5689
2280_Qw0AjU9i_QVLK8CiAuTx-A_-33.60856044_25.92255693,784-270-75.5689.png,75.5689
481_iJ1atiA3-FMccFaT9uwcrQ_45.93325543_8.56776310,785-0-21.8886.png,21.8886
481_iJ1atiA3-FMccFaT9uwcrQ_45.93325543_8.56776310,785-90-21.8886.png,21.8886
481_iJ1atiA3-FMccFaT9uwcrQ_45.93325543_8.56776310,785-180-21.8886.png,21.8886
481_iJ1atiA3-FMccFaT9uwcrQ_45.93325543_8.56776310,785-270-21.8886.png,21.8886
1334_r_KPCjbpT2lX-8OoFhdnwQ_45.41757879_3.28442160,786-0-33.2631.png,33.2631
1334_r_KPCjbpT2lX-8OoFhdnwQ_45.41757879_3.28442160,786-90-33.2631.png,33.2631
1334_r_KPCjbpT2lX-8OoFhdnwQ_45.41757879_3.28442160,786-180-33.2631.png,33.2631
1334_r_KPCjbpT2lX-8OoFhdnwQ_45.41757879_3.28442160,786-270-33.2631.png,33.2631
1914_TmH6iDogP8altKkBATFp9w_40.81222838_-73.96097443,787-0-47.1982.png,47.1982
1914_TmH6iDogP8altKkBATFp9w_40.81222838_-73.96097443,787-90-47.1982.png,47.1982
1914_TmH6iDogP8altKkBATFp9w_40.81222838_-73.96097443,787-180-47.1982.png,47.1982
1914_TmH6iDogP8altKkBATFp9w_40.81222838_-73.96097443,787-270-47.1982.png,47.1982
1746_MOLx4cIEGMOwJZost9tuNQ_41.19276244_-2.70682392,788-0-39.6108.png,39.6108
1746_MOLx4cIEGMOwJZost9tuNQ_41.19276244_-2.70682392,788-90-39.6108.png,39.6108
1746_MOLx4cIEGMOwJZost9tuNQ_41.19276244_-2.70682392,788-180-39.6108.png,39.6108
1746_MOLx4cIEGMOwJZost9tuNQ_41.19276244_-2.70682392,788-270-39.6108.png,39.6108
779_czcKi5ljPARQSvIkZOFyTA_50.88942465_13.81127253,789-0-49.1539.png,49.1539
779_czcKi5ljPARQSvIkZOFyTA_50.88942465_13.81127253,789-90-49.1539.png,49.1539
779_czcKi5ljPARQSvIkZOFyTA_50.88942465_13.81127253,789-180-49.1539.png,49.1539
779_czcKi5ljPARQSvIkZOFyTA_50.88942465_13.81127253,789-270-49.1539.png,49.1539
1464_Ik9DiMCMQL2aB0jSCJUh7A_21.96606143_-103.35897014,790-0-83.9425.png,83.9425
1464_Ik9DiMCMQL2aB0jSCJUh7A_21.96606143_-103.35897014,790-90-83.9425.png,83.9425
1464_Ik9DiMCMQL2aB0jSCJUh7A_21.96606143_-103.35897014,790-180-83.9425.png,83.9425
1464_Ik9DiMCMQL2aB0jSCJUh7A_21.96606143_-103.35897014,790-270-83.9425.png,83.9425
1327_TseWta_X7IzjdAsMzD5LvA_-34.74241816_138.70884081,791-0-52.8712.png,52.8712
1327_TseWta_X7IzjdAsMzD5LvA_-34.74241816_138.70884081,791-90-52.8712.png,52.8712
1327_TseWta_X7IzjdAsMzD5LvA_-34.74241816_138.70884081,791-180-52.8712.png,52.8712
1327_TseWta_X7IzjdAsMzD5LvA_-34.74241816_138.70884081,791-270-52.8712.png,52.8712
1650_FJbokGeF7TZRtOl5mqXIiQ_-39.43323230_174.08374535,792-0-10.0636.png,10.0636
1650_FJbokGeF7TZRtOl5mqXIiQ_-39.43323230_174.08374535,792-90-10.0636.png,10.0636
1650_FJbokGeF7TZRtOl5mqXIiQ_-39.43323230_174.08374535,792-180-10.0636.png,10.0636
1650_FJbokGeF7TZRtOl5mqXIiQ_-39.43323230_174.08374535,792-270-10.0636.png,10.0636
1118_E2UrzH03lMWowuiNOBO_wQ_45.47302606_12.10198859,793-0-80.1085.png,80.1085
1118_E2UrzH03lMWowuiNOBO_wQ_45.47302606_12.10198859,793-90-80.1085.png,80.1085
1118_E2UrzH03lMWowuiNOBO_wQ_45.47302606_12.10198859,793-180-80.1085.png,80.1085
1118_E2UrzH03lMWowuiNOBO_wQ_45.47302606_12.10198859,793-270-80.1085.png,80.1085
101_YGPjakBVAVG3XrdV3U71tw_43.65983229_-90.80027294,794-0-38.1629.png,38.1629
101_YGPjakBVAVG3XrdV3U71tw_43.65983229_-90.80027294,794-90-38.1629.png,38.1629
101_YGPjakBVAVG3XrdV3U71tw_43.65983229_-90.80027294,794-180-38.1629.png,38.1629
101_YGPjakBVAVG3XrdV3U71tw_43.65983229_-90.80027294,794-270-38.1629.png,38.1629
2733_BQT5Y-xMsckd881Iu1JEWg_50.01654105_20.88243172,795-0-17.2828.png,17.2828
2733_BQT5Y-xMsckd881Iu1JEWg_50.01654105_20.88243172,795-90-17.2828.png,17.2828
2733_BQT5Y-xMsckd881Iu1JEWg_50.01654105_20.88243172,795-180-17.2828.png,17.2828
2733_BQT5Y-xMsckd881Iu1JEWg_50.01654105_20.88243172,795-270-17.2828.png,17.2828
407_d1fL1hvgDZRmOUzcE7CV_w_23.08958700_120.31823519,796-0-49.4822.png,49.4822
407_d1fL1hvgDZRmOUzcE7CV_w_23.08958700_120.31823519,796-90-49.4822.png,49.4822
407_d1fL1hvgDZRmOUzcE7CV_w_23.08958700_120.31823519,796-180-49.4822.png,49.4822
407_d1fL1hvgDZRmOUzcE7CV_w_23.08958700_120.31823519,796-270-49.4822.png,49.4822
1688_GrCrbNZ3UeyQEj-W9mbgPw_43.53793105_-5.66201100,797-0-29.5827.png,29.5827
1688_GrCrbNZ3UeyQEj-W9mbgPw_43.53793105_-5.66201100,797-90-29.5827.png,29.5827
1688_GrCrbNZ3UeyQEj-W9mbgPw_43.53793105_-5.66201100,797-180-29.5827.png,29.5827
1688_GrCrbNZ3UeyQEj-W9mbgPw_43.53793105_-5.66201100,797-270-29.5827.png,29.5827
395_npo9ssh6UPbrGnAVqc-ILg_41.61091130_14.06980096,798-0-55.5468.png,55.5468
395_npo9ssh6UPbrGnAVqc-ILg_41.61091130_14.06980096,798-90-55.5468.png,55.5468
395_npo9ssh6UPbrGnAVqc-ILg_41.61091130_14.06980096,798-180-55.5468.png,55.5468
395_npo9ssh6UPbrGnAVqc-ILg_41.61091130_14.06980096,798-270-55.5468.png,55.5468
539_vn3NDAIpOJnyVBpVfyrRtA_-40.76033006_145.29599498,799-0-41.9086.png,41.9086
539_vn3NDAIpOJnyVBpVfyrRtA_-40.76033006_145.29599498,799-90-41.9086.png,41.9086
539_vn3NDAIpOJnyVBpVfyrRtA_-40.76033006_145.29599498,799-180-41.9086.png,41.9086
539_vn3NDAIpOJnyVBpVfyrRtA_-40.76033006_145.29599498,799-270-41.9086.png,41.9086
616_FUqC-utRzEQjeQRpa1I2RA_51.98641826_21.58672484,800-0-30.801.png,30.801
616_FUqC-utRzEQjeQRpa1I2RA_51.98641826_21.58672484,800-90-30.801.png,30.801
616_FUqC-utRzEQjeQRpa1I2RA_51.98641826_21.58672484,800-180-30.801.png,30.801
616_FUqC-utRzEQjeQRpa1I2RA_51.98641826_21.58672484,800-270-30.801.png,30.801
446_XIj0qbu_IDyH4xYGEpoSKA_35.29368480_-2.93832142,801-0-54.7813.png,54.7813
446_XIj0qbu_IDyH4xYGEpoSKA_35.29368480_-2.93832142,801-90-54.7813.png,54.7813
446_XIj0qbu_IDyH4xYGEpoSKA_35.29368480_-2.93832142,801-180-54.7813.png,54.7813
446_XIj0qbu_IDyH4xYGEpoSKA_35.29368480_-2.93832142,801-270-54.7813.png,54.7813
1607_G3NGT21936XhKIk7qQFKyQ_16.48926853_78.41216365,802-0-36.8855.png,36.8855
1607_G3NGT21936XhKIk7qQFKyQ_16.48926853_78.41216365,802-90-36.8855.png,36.8855
1607_G3NGT21936XhKIk7qQFKyQ_16.48926853_78.41216365,802-180-36.8855.png,36.8855
1607_G3NGT21936XhKIk7qQFKyQ_16.48926853_78.41216365,802-270-36.8855.png,36.8855
634_yaq2Aj9kHF_M_RL1YhMmgw_44.87125864_8.08921107,803-0-37.7679.png,37.7679
634_yaq2Aj9kHF_M_RL1YhMmgw_44.87125864_8.08921107,803-90-37.7679.png,37.7679
634_yaq2Aj9kHF_M_RL1YhMmgw_44.87125864_8.08921107,803-180-37.7679.png,37.7679
634_yaq2Aj9kHF_M_RL1YhMmgw_44.87125864_8.08921107,803-270-37.7679.png,37.7679
583_fV7ptxGJVALYIz8m_Xw6Hg_32.74443917_-81.16708449,804-0-26.7204.png,26.7204
583_fV7ptxGJVALYIz8m_Xw6Hg_32.74443917_-81.16708449,804-90-26.7204.png,26.7204
583_fV7ptxGJVALYIz8m_Xw6Hg_32.74443917_-81.16708449,804-180-26.7204.png,26.7204
583_fV7ptxGJVALYIz8m_Xw6Hg_32.74443917_-81.16708449,804-270-26.7204.png,26.7204
811_anlpAIc_89vjpk2kyw1Rgw_-28.69984323_24.71657645,805-0-44.6364.png,44.6364
811_anlpAIc_89vjpk2kyw1Rgw_-28.69984323_24.71657645,805-90-44.6364.png,44.6364
811_anlpAIc_89vjpk2kyw1Rgw_-28.69984323_24.71657645,805-180-44.6364.png,44.6364
811_anlpAIc_89vjpk2kyw1Rgw_-28.69984323_24.71657645,805-270-44.6364.png,44.6364
407_xZzbak05lw9KkQ1Qlkq0fg_-17.77219552_-42.67616132,806-0-60.4825.png,60.4825
407_xZzbak05lw9KkQ1Qlkq0fg_-17.77219552_-42.67616132,806-90-60.4825.png,60.4825
407_xZzbak05lw9KkQ1Qlkq0fg_-17.77219552_-42.67616132,806-180-60.4825.png,60.4825
407_xZzbak05lw9KkQ1Qlkq0fg_-17.77219552_-42.67616132,806-270-60.4825.png,60.4825
742_2oAvvjnnYjxcYZ1_6QvuMg_45.37774853_-89.19484232,807-0-29.0071.png,29.0071
742_2oAvvjnnYjxcYZ1_6QvuMg_45.37774853_-89.19484232,807-90-29.0071.png,29.0071
742_2oAvvjnnYjxcYZ1_6QvuMg_45.37774853_-89.19484232,807-180-29.0071.png,29.0071
742_2oAvvjnnYjxcYZ1_6QvuMg_45.37774853_-89.19484232,807-270-29.0071.png,29.0071
550_axFwqKIhfsH22GUsd_sx2A_45.59671228_-75.01052466,808-0-49.4286.png,49.4286
550_axFwqKIhfsH22GUsd_sx2A_45.59671228_-75.01052466,808-90-49.4286.png,49.4286
550_axFwqKIhfsH22GUsd_sx2A_45.59671228_-75.01052466,808-180-49.4286.png,49.4286
550_axFwqKIhfsH22GUsd_sx2A_45.59671228_-75.01052466,808-270-49.4286.png,49.4286
1736_7F6nk8G2UCD84Zo5mW0teQ_33.09722666_-85.52452062,809-0-30.9388.png,30.9388
1736_7F6nk8G2UCD84Zo5mW0teQ_33.09722666_-85.52452062,809-90-30.9388.png,30.9388
1736_7F6nk8G2UCD84Zo5mW0teQ_33.09722666_-85.52452062,809-180-30.9388.png,30.9388
1736_7F6nk8G2UCD84Zo5mW0teQ_33.09722666_-85.52452062,809-270-30.9388.png,30.9388
1401_QqbwNcmXz0PDtJPghCs5BA_59.36043876_13.93122657,810-0-17.2794.png,17.2794
1401_QqbwNcmXz0PDtJPghCs5BA_59.36043876_13.93122657,810-90-17.2794.png,17.2794
1401_QqbwNcmXz0PDtJPghCs5BA_59.36043876_13.93122657,810-180-17.2794.png,17.2794
1401_QqbwNcmXz0PDtJPghCs5BA_59.36043876_13.93122657,810-270-17.2794.png,17.2794
909_BNHT2ioRjAifbAH0-c4P0g_55.59785644_8.39444022,811-0-27.8428.png,27.8428
909_BNHT2ioRjAifbAH0-c4P0g_55.59785644_8.39444022,811-90-27.8428.png,27.8428
909_BNHT2ioRjAifbAH0-c4P0g_55.59785644_8.39444022,811-180-27.8428.png,27.8428
909_BNHT2ioRjAifbAH0-c4P0g_55.59785644_8.39444022,811-270-27.8428.png,27.8428
806_F_aT1tCq-PPptt2d1mceaQ_46.86900521_1.72111743,812-0-27.3719.png,27.3719
806_F_aT1tCq-PPptt2d1mceaQ_46.86900521_1.72111743,812-90-27.3719.png,27.3719
806_F_aT1tCq-PPptt2d1mceaQ_46.86900521_1.72111743,812-180-27.3719.png,27.3719
806_F_aT1tCq-PPptt2d1mceaQ_46.86900521_1.72111743,812-270-27.3719.png,27.3719
1263_vTNUOhUNHgniXRhSLv3HbA_41.93290973_25.89972634,813-0-71.1166.png,71.1166
1263_vTNUOhUNHgniXRhSLv3HbA_41.93290973_25.89972634,813-90-71.1166.png,71.1166
1263_vTNUOhUNHgniXRhSLv3HbA_41.93290973_25.89972634,813-180-71.1166.png,71.1166
1263_vTNUOhUNHgniXRhSLv3HbA_41.93290973_25.89972634,813-270-71.1166.png,71.1166
1704_iX8gYLarDtBO9nyu28GnPA_39.33154400_21.68802237,814-0-22.6651.png,22.6651
1704_iX8gYLarDtBO9nyu28GnPA_39.33154400_21.68802237,814-90-22.6651.png,22.6651
1704_iX8gYLarDtBO9nyu28GnPA_39.33154400_21.68802237,814-180-22.6651.png,22.6651
1704_iX8gYLarDtBO9nyu28GnPA_39.33154400_21.68802237,814-270-22.6651.png,22.6651
2701_zWQsVtC-CyDb08ZCKZHclg_37.34885085_-120.97957218,815-0-47.6549.png,47.6549
2701_zWQsVtC-CyDb08ZCKZHclg_37.34885085_-120.97957218,815-90-47.6549.png,47.6549
2701_zWQsVtC-CyDb08ZCKZHclg_37.34885085_-120.97957218,815-180-47.6549.png,47.6549
2701_zWQsVtC-CyDb08ZCKZHclg_37.34885085_-120.97957218,815-270-47.6549.png,47.6549
37_UvgeLp63gy84MkbgdvIk6g_48.21816638_-101.28420131,816-0-73.2244.png,73.2244
37_UvgeLp63gy84MkbgdvIk6g_48.21816638_-101.28420131,816-90-73.2244.png,73.2244
37_UvgeLp63gy84MkbgdvIk6g_48.21816638_-101.28420131,816-180-73.2244.png,73.2244
37_UvgeLp63gy84MkbgdvIk6g_48.21816638_-101.28420131,816-270-73.2244.png,73.2244
541_SF6tJyEjD_HxNxMBt12RsA_45.11549961_-123.31623420,817-0-18.2156.png,18.2156
541_SF6tJyEjD_HxNxMBt12RsA_45.11549961_-123.31623420,817-90-18.2156.png,18.2156
541_SF6tJyEjD_HxNxMBt12RsA_45.11549961_-123.31623420,817-180-18.2156.png,18.2156
541_SF6tJyEjD_HxNxMBt12RsA_45.11549961_-123.31623420,817-270-18.2156.png,18.2156
2087_EJXgkJzlhITATN_rmWCU7Q_37.74472455_38.26780112,818-0-14.1615.png,14.1615
2087_EJXgkJzlhITATN_rmWCU7Q_37.74472455_38.26780112,818-90-14.1615.png,14.1615
2087_EJXgkJzlhITATN_rmWCU7Q_37.74472455_38.26780112,818-180-14.1615.png,14.1615
2087_EJXgkJzlhITATN_rmWCU7Q_37.74472455_38.26780112,818-270-14.1615.png,14.1615
1158_pj2Vb4lppU-zEB8K1VWgWg_34.88257605_-82.27213064,819-0-31.4435.png,31.4435
1158_pj2Vb4lppU-zEB8K1VWgWg_34.88257605_-82.27213064,819-90-31.4435.png,31.4435
1158_pj2Vb4lppU-zEB8K1VWgWg_34.88257605_-82.27213064,819-180-31.4435.png,31.4435
1158_pj2Vb4lppU-zEB8K1VWgWg_34.88257605_-82.27213064,819-270-31.4435.png,31.4435
3219_LUepb3Ueu_wzn66-xozhsA_45.62152181_-70.08636471,820-0-39.4202.png,39.4202
3219_LUepb3Ueu_wzn66-xozhsA_45.62152181_-70.08636471,820-90-39.4202.png,39.4202
3219_LUepb3Ueu_wzn66-xozhsA_45.62152181_-70.08636471,820-180-39.4202.png,39.4202
3219_LUepb3Ueu_wzn66-xozhsA_45.62152181_-70.08636471,820-270-39.4202.png,39.4202
1185_uKVgeJVe-QqXRHZoboCp7w_-29.92013553_30.96470007,821-0-65.4091.png,65.4091
1185_uKVgeJVe-QqXRHZoboCp7w_-29.92013553_30.96470007,821-90-65.4091.png,65.4091
1185_uKVgeJVe-QqXRHZoboCp7w_-29.92013553_30.96470007,821-180-65.4091.png,65.4091
1185_uKVgeJVe-QqXRHZoboCp7w_-29.92013553_30.96470007,821-270-65.4091.png,65.4091
165_qx7IMdSvZhvb_AbkuQxgvw_60.14677229_24.41572684,822-0-43.7045.png,43.7045
165_qx7IMdSvZhvb_AbkuQxgvw_60.14677229_24.41572684,822-90-43.7045.png,43.7045
165_qx7IMdSvZhvb_AbkuQxgvw_60.14677229_24.41572684,822-180-43.7045.png,43.7045
165_qx7IMdSvZhvb_AbkuQxgvw_60.14677229_24.41572684,822-270-43.7045.png,43.7045
292_R6mnFKXofkWuE_qiq3hNaQ_3.21654641_101.71636883,823-0-67.7823.png,67.7823
292_R6mnFKXofkWuE_qiq3hNaQ_3.21654641_101.71636883,823-90-67.7823.png,67.7823
292_R6mnFKXofkWuE_qiq3hNaQ_3.21654641_101.71636883,823-180-67.7823.png,67.7823
292_R6mnFKXofkWuE_qiq3hNaQ_3.21654641_101.71636883,823-270-67.7823.png,67.7823
638_nQVzGCH5zdPw3MgM5vVXtQ_63.42590531_10.39610904,824-0-25.9956.png,25.9956
638_nQVzGCH5zdPw3MgM5vVXtQ_63.42590531_10.39610904,824-90-25.9956.png,25.9956
638_nQVzGCH5zdPw3MgM5vVXtQ_63.42590531_10.39610904,824-180-25.9956.png,25.9956
638_nQVzGCH5zdPw3MgM5vVXtQ_63.42590531_10.39610904,824-270-25.9956.png,25.9956
580_g4T2o1Tpxk7ehHZFCzhnAA_38.24672261_-97.34602102,825-0-37.8214.png,37.8214
580_g4T2o1Tpxk7ehHZFCzhnAA_38.24672261_-97.34602102,825-90-37.8214.png,37.8214
580_g4T2o1Tpxk7ehHZFCzhnAA_38.24672261_-97.34602102,825-180-37.8214.png,37.8214
580_g4T2o1Tpxk7ehHZFCzhnAA_38.24672261_-97.34602102,825-270-37.8214.png,37.8214
2843_K-4-uITuEeMn6P9XVwCJGA_39.34069923_-76.50554775,826-0-29.9504.png,29.9504
2843_K-4-uITuEeMn6P9XVwCJGA_39.34069923_-76.50554775,826-90-29.9504.png,29.9504
2843_K-4-uITuEeMn6P9XVwCJGA_39.34069923_-76.50554775,826-180-29.9504.png,29.9504
2843_K-4-uITuEeMn6P9XVwCJGA_39.34069923_-76.50554775,826-270-29.9504.png,29.9504
781_GQGqprB9Im_kal0M12jhRQ_47.92413721_-3.47746522,827-0-32.9547.png,32.9547
781_GQGqprB9Im_kal0M12jhRQ_47.92413721_-3.47746522,827-90-32.9547.png,32.9547
781_GQGqprB9Im_kal0M12jhRQ_47.92413721_-3.47746522,827-180-32.9547.png,32.9547
781_GQGqprB9Im_kal0M12jhRQ_47.92413721_-3.47746522,827-270-32.9547.png,32.9547
615_TIfRG6fNjAgQ7QmtZsxaYQ_58.08340976_13.51634610,828-0-35.164.png,35.164
615_TIfRG6fNjAgQ7QmtZsxaYQ_58.08340976_13.51634610,828-90-35.164.png,35.164
615_TIfRG6fNjAgQ7QmtZsxaYQ_58.08340976_13.51634610,828-180-35.164.png,35.164
615_TIfRG6fNjAgQ7QmtZsxaYQ_58.08340976_13.51634610,828-270-35.164.png,35.164
668_2AhqCCCQ2qw3ihoY4UnlCw_53.74344630_-7.92353229,829-0-47.5869.png,47.5869
668_2AhqCCCQ2qw3ihoY4UnlCw_53.74344630_-7.92353229,829-90-47.5869.png,47.5869
668_2AhqCCCQ2qw3ihoY4UnlCw_53.74344630_-7.92353229,829-180-47.5869.png,47.5869
668_2AhqCCCQ2qw3ihoY4UnlCw_53.74344630_-7.92353229,829-270-47.5869.png,47.5869
1805_tFz_0ckDK4IUTdJtMkOGbw_36.86670707_-80.41561869,830-0-48.3492.png,48.3492
1805_tFz_0ckDK4IUTdJtMkOGbw_36.86670707_-80.41561869,830-90-48.3492.png,48.3492
1805_tFz_0ckDK4IUTdJtMkOGbw_36.86670707_-80.41561869,830-180-48.3492.png,48.3492
1805_tFz_0ckDK4IUTdJtMkOGbw_36.86670707_-80.41561869,830-270-48.3492.png,48.3492
2451_cIFRsdN3qS9AdnvR8e019A_26.11011365_-103.42695927,831-0-50.4014.png,50.4014
2451_cIFRsdN3qS9AdnvR8e019A_26.11011365_-103.42695927,831-90-50.4014.png,50.4014
2451_cIFRsdN3qS9AdnvR8e019A_26.11011365_-103.42695927,831-180-50.4014.png,50.4014
2451_cIFRsdN3qS9AdnvR8e019A_26.11011365_-103.42695927,831-270-50.4014.png,50.4014
1788_iUE2vpKsk8R5-aVM4_2oOw_13.34984864_77.45320188,832-0-36.3753.png,36.3753
1788_iUE2vpKsk8R5-aVM4_2oOw_13.34984864_77.45320188,832-90-36.3753.png,36.3753
1788_iUE2vpKsk8R5-aVM4_2oOw_13.34984864_77.45320188,832-180-36.3753.png,36.3753
1788_iUE2vpKsk8R5-aVM4_2oOw_13.34984864_77.45320188,832-270-36.3753.png,36.3753
1220_c3eSFrjC94dRQpm4cleKFg_19.10792358_77.49288234,833-0-43.1196.png,43.1196
1220_c3eSFrjC94dRQpm4cleKFg_19.10792358_77.49288234,833-90-43.1196.png,43.1196
1220_c3eSFrjC94dRQpm4cleKFg_19.10792358_77.49288234,833-180-43.1196.png,43.1196
1220_c3eSFrjC94dRQpm4cleKFg_19.10792358_77.49288234,833-270-43.1196.png,43.1196
809_d8XVfdPl4cJZsRtZPpveUA_44.51675778_6.01731845,834-0-35.4418.png,35.4418
809_d8XVfdPl4cJZsRtZPpveUA_44.51675778_6.01731845,834-90-35.4418.png,35.4418
809_d8XVfdPl4cJZsRtZPpveUA_44.51675778_6.01731845,834-180-35.4418.png,35.4418
809_d8XVfdPl4cJZsRtZPpveUA_44.51675778_6.01731845,834-270-35.4418.png,35.4418
1079_p1Wji9c5LsB5z7SAWR-KMQ_46.55672763_18.59001592,835-0-23.2968.png,23.2968
1079_p1Wji9c5LsB5z7SAWR-KMQ_46.55672763_18.59001592,835-90-23.2968.png,23.2968
1079_p1Wji9c5LsB5z7SAWR-KMQ_46.55672763_18.59001592,835-180-23.2968.png,23.2968
1079_p1Wji9c5LsB5z7SAWR-KMQ_46.55672763_18.59001592,835-270-23.2968.png,23.2968
2850_mbj5OHLOjEStFJMehRKryg_51.59603889_16.04563145,836-0-21.6919.png,21.6919
2850_mbj5OHLOjEStFJMehRKryg_51.59603889_16.04563145,836-90-21.6919.png,21.6919
2850_mbj5OHLOjEStFJMehRKryg_51.59603889_16.04563145,836-180-21.6919.png,21.6919
2850_mbj5OHLOjEStFJMehRKryg_51.59603889_16.04563145,836-270-21.6919.png,21.6919
960_LTS8_Z7xSLfkMeZGZUGr8g_55.07346497_8.93171251,837-0-29.2878.png,29.2878
960_LTS8_Z7xSLfkMeZGZUGr8g_55.07346497_8.93171251,837-90-29.2878.png,29.2878
960_LTS8_Z7xSLfkMeZGZUGr8g_55.07346497_8.93171251,837-180-29.2878.png,29.2878
960_LTS8_Z7xSLfkMeZGZUGr8g_55.07346497_8.93171251,837-270-29.2878.png,29.2878
537_MsEGbK_s7qLuUupvgm2LhA_-34.20942779_142.20237323,838-0-25.6115.png,25.6115
537_MsEGbK_s7qLuUupvgm2LhA_-34.20942779_142.20237323,838-90-25.6115.png,25.6115
537_MsEGbK_s7qLuUupvgm2LhA_-34.20942779_142.20237323,838-180-25.6115.png,25.6115
537_MsEGbK_s7qLuUupvgm2LhA_-34.20942779_142.20237323,838-270-25.6115.png,25.6115
3292_kv23EDunkiOKUkut_CuCnw_37.14183186_-78.54369800,839-0-83.7083.png,83.7083
3292_kv23EDunkiOKUkut_CuCnw_37.14183186_-78.54369800,839-90-83.7083.png,83.7083
3292_kv23EDunkiOKUkut_CuCnw_37.14183186_-78.54369800,839-180-83.7083.png,83.7083
3292_kv23EDunkiOKUkut_CuCnw_37.14183186_-78.54369800,839-270-83.7083.png,83.7083
929_DEtQqOGmFjhRSAEKxZSYbw_47.46633892_-121.75004674,840-0-44.5678.png,44.5678
929_DEtQqOGmFjhRSAEKxZSYbw_47.46633892_-121.75004674,840-90-44.5678.png,44.5678
929_DEtQqOGmFjhRSAEKxZSYbw_47.46633892_-121.75004674,840-180-44.5678.png,44.5678
929_DEtQqOGmFjhRSAEKxZSYbw_47.46633892_-121.75004674,840-270-44.5678.png,44.5678
778_-1Do2qRUhozYCarTx9OAbA_31.71179342_75.65501293,841-0-44.8719.png,44.8719
778_-1Do2qRUhozYCarTx9OAbA_31.71179342_75.65501293,841-90-44.8719.png,44.8719
778_-1Do2qRUhozYCarTx9OAbA_31.71179342_75.65501293,841-180-44.8719.png,44.8719
778_-1Do2qRUhozYCarTx9OAbA_31.71179342_75.65501293,841-270-44.8719.png,44.8719
1475_gt8D-YgY7yiRb4ZbaqDeKg_52.23207853_6.93953773,842-0-62.1549.png,62.1549
1475_gt8D-YgY7yiRb4ZbaqDeKg_52.23207853_6.93953773,842-90-62.1549.png,62.1549
1475_gt8D-YgY7yiRb4ZbaqDeKg_52.23207853_6.93953773,842-180-62.1549.png,62.1549
1475_gt8D-YgY7yiRb4ZbaqDeKg_52.23207853_6.93953773,842-270-62.1549.png,62.1549
1759_qtXOIOxr-R32TqktHJT0SA_25.93168163_85.03840567,843-0-47.754.png,47.754
1759_qtXOIOxr-R32TqktHJT0SA_25.93168163_85.03840567,843-90-47.754.png,47.754
1759_qtXOIOxr-R32TqktHJT0SA_25.93168163_85.03840567,843-180-47.754.png,47.754
1759_qtXOIOxr-R32TqktHJT0SA_25.93168163_85.03840567,843-270-47.754.png,47.754
2770_raae8Yt9RO994Rt5N_n20Q_42.82979729_-103.00342987,844-0-16.4643.png,16.4643
2770_raae8Yt9RO994Rt5N_n20Q_42.82979729_-103.00342987,844-90-16.4643.png,16.4643
2770_raae8Yt9RO994Rt5N_n20Q_42.82979729_-103.00342987,844-180-16.4643.png,16.4643
2770_raae8Yt9RO994Rt5N_n20Q_42.82979729_-103.00342987,844-270-16.4643.png,16.4643
3118_p3Gv3z77xRfCtIsiOjFUww_23.07967791_80.05771630,845-0-72.7386.png,72.7386
3118_p3Gv3z77xRfCtIsiOjFUww_23.07967791_80.05771630,845-90-72.7386.png,72.7386
3118_p3Gv3z77xRfCtIsiOjFUww_23.07967791_80.05771630,845-180-72.7386.png,72.7386
3118_p3Gv3z77xRfCtIsiOjFUww_23.07967791_80.05771630,845-270-72.7386.png,72.7386
534_oDWlHnGQRz8atSqFnQvskQ_-33.39630937_25.54701243,846-0-36.7021.png,36.7021
534_oDWlHnGQRz8atSqFnQvskQ_-33.39630937_25.54701243,846-90-36.7021.png,36.7021
534_oDWlHnGQRz8atSqFnQvskQ_-33.39630937_25.54701243,846-180-36.7021.png,36.7021
534_oDWlHnGQRz8atSqFnQvskQ_-33.39630937_25.54701243,846-270-36.7021.png,36.7021
1628_dzIJbiB9pNaRyDxmFUr7MA_40.57291557_16.86596774,847-0-64.3527.png,64.3527
1628_dzIJbiB9pNaRyDxmFUr7MA_40.57291557_16.86596774,847-90-64.3527.png,64.3527
1628_dzIJbiB9pNaRyDxmFUr7MA_40.57291557_16.86596774,847-180-64.3527.png,64.3527
1628_dzIJbiB9pNaRyDxmFUr7MA_40.57291557_16.86596774,847-270-64.3527.png,64.3527
1525_wJw5IyFvmWaoJywgb7y_Vw_11.45841733_77.61743441,848-0-50.6497.png,50.6497
1525_wJw5IyFvmWaoJywgb7y_Vw_11.45841733_77.61743441,848-90-50.6497.png,50.6497
1525_wJw5IyFvmWaoJywgb7y_Vw_11.45841733_77.61743441,848-180-50.6497.png,50.6497
1525_wJw5IyFvmWaoJywgb7y_Vw_11.45841733_77.61743441,848-270-50.6497.png,50.6497
2348_8JolQhKmyjouCbLe8VBmKQ_59.27252539_18.28444700,849-0-39.5455.png,39.5455
2348_8JolQhKmyjouCbLe8VBmKQ_59.27252539_18.28444700,849-90-39.5455.png,39.5455
2348_8JolQhKmyjouCbLe8VBmKQ_59.27252539_18.28444700,849-180-39.5455.png,39.5455
2348_8JolQhKmyjouCbLe8VBmKQ_59.27252539_18.28444700,849-270-39.5455.png,39.5455
420_PfV4fnRkLN9fOS0iYgCOtg_32.58318975_-93.26024140,850-0-37.8003.png,37.8003
420_PfV4fnRkLN9fOS0iYgCOtg_32.58318975_-93.26024140,850-90-37.8003.png,37.8003
420_PfV4fnRkLN9fOS0iYgCOtg_32.58318975_-93.26024140,850-180-37.8003.png,37.8003
420_PfV4fnRkLN9fOS0iYgCOtg_32.58318975_-93.26024140,850-270-37.8003.png,37.8003
1305_uRxe241EBeD-T5JkhNstbw_51.44957816_5.51923614,851-0-44.4404.png,44.4404
1305_uRxe241EBeD-T5JkhNstbw_51.44957816_5.51923614,851-90-44.4404.png,44.4404
1305_uRxe241EBeD-T5JkhNstbw_51.44957816_5.51923614,851-180-44.4404.png,44.4404
1305_uRxe241EBeD-T5JkhNstbw_51.44957816_5.51923614,851-270-44.4404.png,44.4404
1943_uDHlzHA93iGrNfEglfG0EA_-15.48373153_-70.16708600,852-0-14.3909.png,14.3909
1943_uDHlzHA93iGrNfEglfG0EA_-15.48373153_-70.16708600,852-90-14.3909.png,14.3909
1943_uDHlzHA93iGrNfEglfG0EA_-15.48373153_-70.16708600,852-180-14.3909.png,14.3909
1943_uDHlzHA93iGrNfEglfG0EA_-15.48373153_-70.16708600,852-270-14.3909.png,14.3909
1583_8Bc0aHM9FxSUQAqxKqInqA_45.55761462_10.04963139,853-0-22.6018.png,22.6018
1583_8Bc0aHM9FxSUQAqxKqInqA_45.55761462_10.04963139,853-90-22.6018.png,22.6018
1583_8Bc0aHM9FxSUQAqxKqInqA_45.55761462_10.04963139,853-180-22.6018.png,22.6018
1583_8Bc0aHM9FxSUQAqxKqInqA_45.55761462_10.04963139,853-270-22.6018.png,22.6018
26_3avPxqBXPJb-QVKmuG9jKA_-42.31815138_173.74408487,854-0-9.0426.png,9.0426
26_3avPxqBXPJb-QVKmuG9jKA_-42.31815138_173.74408487,854-90-9.0426.png,9.0426
26_3avPxqBXPJb-QVKmuG9jKA_-42.31815138_173.74408487,854-180-9.0426.png,9.0426
26_3avPxqBXPJb-QVKmuG9jKA_-42.31815138_173.74408487,854-270-9.0426.png,9.0426
2200_Tz_V87D2ij6V1waduEW3jw_28.23514664_80.86098173,855-0-71.2403.png,71.2403
2200_Tz_V87D2ij6V1waduEW3jw_28.23514664_80.86098173,855-90-71.2403.png,71.2403
2200_Tz_V87D2ij6V1waduEW3jw_28.23514664_80.86098173,855-180-71.2403.png,71.2403
2200_Tz_V87D2ij6V1waduEW3jw_28.23514664_80.86098173,855-270-71.2403.png,71.2403
2990_R7mtaYtK5HRt1WLewN4INg_41.80656869_-96.47867660,856-0-13.4779.png,13.4779
2990_R7mtaYtK5HRt1WLewN4INg_41.80656869_-96.47867660,856-90-13.4779.png,13.4779
2990_R7mtaYtK5HRt1WLewN4INg_41.80656869_-96.47867660,856-180-13.4779.png,13.4779
2990_R7mtaYtK5HRt1WLewN4INg_41.80656869_-96.47867660,856-270-13.4779.png,13.4779
585_q-ilU0pePBDI-TM4ndgQCg_-25.95644858_28.22079319,857-0-72.8578.png,72.8578
585_q-ilU0pePBDI-TM4ndgQCg_-25.95644858_28.22079319,857-90-72.8578.png,72.8578
585_q-ilU0pePBDI-TM4ndgQCg_-25.95644858_28.22079319,857-180-72.8578.png,72.8578
585_q-ilU0pePBDI-TM4ndgQCg_-25.95644858_28.22079319,857-270-72.8578.png,72.8578
814_vRlqH6Ho0F62Ygbp6aC-Bg_56.65187132_74.05053571,858-0-49.601.png,49.601
814_vRlqH6Ho0F62Ygbp6aC-Bg_56.65187132_74.05053571,858-90-49.601.png,49.601
814_vRlqH6Ho0F62Ygbp6aC-Bg_56.65187132_74.05053571,858-180-49.601.png,49.601
814_vRlqH6Ho0F62Ygbp6aC-Bg_56.65187132_74.05053571,858-270-49.601.png,49.601
227_xFGg4sx9csuLS5nUhY6FpQ_-37.25297423_-73.23541893,859-0-65.3773.png,65.3773
227_xFGg4sx9csuLS5nUhY6FpQ_-37.25297423_-73.23541893,859-90-65.3773.png,65.3773
227_xFGg4sx9csuLS5nUhY6FpQ_-37.25297423_-73.23541893,859-180-65.3773.png,65.3773
227_xFGg4sx9csuLS5nUhY6FpQ_-37.25297423_-73.23541893,859-270-65.3773.png,65.3773
1684_sRFN_Ak3bIUXoBRy1EovEg_9.07981458_99.31235484,860-0-55.487.png,55.487
1684_sRFN_Ak3bIUXoBRy1EovEg_9.07981458_99.31235484,860-90-55.487.png,55.487
1684_sRFN_Ak3bIUXoBRy1EovEg_9.07981458_99.31235484,860-180-55.487.png,55.487
1684_sRFN_Ak3bIUXoBRy1EovEg_9.07981458_99.31235484,860-270-55.487.png,55.487
35_rfWawhTaaXzFE7zOdQ0ouA_18.32630424_78.33462322,861-0-66.0347.png,66.0347
35_rfWawhTaaXzFE7zOdQ0ouA_18.32630424_78.33462322,861-90-66.0347.png,66.0347
35_rfWawhTaaXzFE7zOdQ0ouA_18.32630424_78.33462322,861-180-66.0347.png,66.0347
35_rfWawhTaaXzFE7zOdQ0ouA_18.32630424_78.33462322,861-270-66.0347.png,66.0347
2872_VejesG-JQw8weUYIcY7qtg_37.79846396_-121.05254068,862-0-23.0071.png,23.0071
2872_VejesG-JQw8weUYIcY7qtg_37.79846396_-121.05254068,862-90-23.0071.png,23.0071
2872_VejesG-JQw8weUYIcY7qtg_37.79846396_-121.05254068,862-180-23.0071.png,23.0071
2872_VejesG-JQw8weUYIcY7qtg_37.79846396_-121.05254068,862-270-23.0071.png,23.0071
1807_RHWfYSBXKGys9MZIAkeUxA_68.77260243_16.17119755,863-0-28.0241.png,28.0241
1807_RHWfYSBXKGys9MZIAkeUxA_68.77260243_16.17119755,863-90-28.0241.png,28.0241
1807_RHWfYSBXKGys9MZIAkeUxA_68.77260243_16.17119755,863-180-28.0241.png,28.0241
1807_RHWfYSBXKGys9MZIAkeUxA_68.77260243_16.17119755,863-270-28.0241.png,28.0241
1446_1OF1OCc918wBRE2oq-LGug_49.13385152_-96.56165337,864-0-48.3468.png,48.3468
1446_1OF1OCc918wBRE2oq-LGug_49.13385152_-96.56165337,864-90-48.3468.png,48.3468
1446_1OF1OCc918wBRE2oq-LGug_49.13385152_-96.56165337,864-180-48.3468.png,48.3468
1446_1OF1OCc918wBRE2oq-LGug_49.13385152_-96.56165337,864-270-48.3468.png,48.3468
348_JI2lhHUymGlHeY1JjlNETg_2.94970183_101.43337822,865-0-72.8547.png,72.8547
348_JI2lhHUymGlHeY1JjlNETg_2.94970183_101.43337822,865-90-72.8547.png,72.8547
348_JI2lhHUymGlHeY1JjlNETg_2.94970183_101.43337822,865-180-72.8547.png,72.8547
348_JI2lhHUymGlHeY1JjlNETg_2.94970183_101.43337822,865-270-72.8547.png,72.8547
648_o7Ab7xi4iaKed9RN60tOGg_40.26390780_-8.27525654,866-0-36.9096.png,36.9096
648_o7Ab7xi4iaKed9RN60tOGg_40.26390780_-8.27525654,866-90-36.9096.png,36.9096
648_o7Ab7xi4iaKed9RN60tOGg_40.26390780_-8.27525654,866-180-36.9096.png,36.9096
648_o7Ab7xi4iaKed9RN60tOGg_40.26390780_-8.27525654,866-270-36.9096.png,36.9096
307_OhQKPK9RcGstb3w8ZqaIcg_43.52669274_-71.46906941,867-0-33.446.png,33.446
307_OhQKPK9RcGstb3w8ZqaIcg_43.52669274_-71.46906941,867-90-33.446.png,33.446
307_OhQKPK9RcGstb3w8ZqaIcg_43.52669274_-71.46906941,867-180-33.446.png,33.446
307_OhQKPK9RcGstb3w8ZqaIcg_43.52669274_-71.46906941,867-270-33.446.png,33.446
217_bH7n1A9QwM0L2EzOtiymoA_23.94850155_121.50692243,868-0-81.6709.png,81.6709
217_bH7n1A9QwM0L2EzOtiymoA_23.94850155_121.50692243,868-90-81.6709.png,81.6709
217_bH7n1A9QwM0L2EzOtiymoA_23.94850155_121.50692243,868-180-81.6709.png,81.6709
217_bH7n1A9QwM0L2EzOtiymoA_23.94850155_121.50692243,868-270-81.6709.png,81.6709
97_MOLx4cIEGMOwJZost9tuNQ_41.19276244_-2.70682392,869-0-39.6108.png,39.6108
97_MOLx4cIEGMOwJZost9tuNQ_41.19276244_-2.70682392,869-90-39.6108.png,39.6108
97_MOLx4cIEGMOwJZost9tuNQ_41.19276244_-2.70682392,869-180-39.6108.png,39.6108
97_MOLx4cIEGMOwJZost9tuNQ_41.19276244_-2.70682392,869-270-39.6108.png,39.6108
2607_UuSBeoHsj0Xk_XgvgAgb1w_40.61243979_-83.21688549,870-0-20.4903.png,20.4903
2607_UuSBeoHsj0Xk_XgvgAgb1w_40.61243979_-83.21688549,870-90-20.4903.png,20.4903
2607_UuSBeoHsj0Xk_XgvgAgb1w_40.61243979_-83.21688549,870-180-20.4903.png,20.4903
2607_UuSBeoHsj0Xk_XgvgAgb1w_40.61243979_-83.21688549,870-270-20.4903.png,20.4903
1679_T6gbnR3FyAizZ7L5Ipngsg_48.54956821_14.13298364,871-0-31.7396.png,31.7396
1679_T6gbnR3FyAizZ7L5Ipngsg_48.54956821_14.13298364,871-90-31.7396.png,31.7396
1679_T6gbnR3FyAizZ7L5Ipngsg_48.54956821_14.13298364,871-180-31.7396.png,31.7396
1679_T6gbnR3FyAizZ7L5Ipngsg_48.54956821_14.13298364,871-270-31.7396.png,31.7396
700_SE2yt2kpsZhdbEZ8t3KixQ_39.44988261_-2.67410307,872-0-61.1878.png,61.1878
700_SE2yt2kpsZhdbEZ8t3KixQ_39.44988261_-2.67410307,872-90-61.1878.png,61.1878
700_SE2yt2kpsZhdbEZ8t3KixQ_39.44988261_-2.67410307,872-180-61.1878.png,61.1878
700_SE2yt2kpsZhdbEZ8t3KixQ_39.44988261_-2.67410307,872-270-61.1878.png,61.1878
1267_wF5Q4mc1F_llC_4S0_wdBQ_13.68221102_103.17484667,873-0-53.7626.png,53.7626
1267_wF5Q4mc1F_llC_4S0_wdBQ_13.68221102_103.17484667,873-90-53.7626.png,53.7626
1267_wF5Q4mc1F_llC_4S0_wdBQ_13.68221102_103.17484667,873-180-53.7626.png,53.7626
1267_wF5Q4mc1F_llC_4S0_wdBQ_13.68221102_103.17484667,873-270-53.7626.png,53.7626
1751_oKkHescX1XDEL11hTa_1Xg_-34.43000263_150.23531513,874-0-26.9766.png,26.9766
1751_oKkHescX1XDEL11hTa_1Xg_-34.43000263_150.23531513,874-90-26.9766.png,26.9766
1751_oKkHescX1XDEL11hTa_1Xg_-34.43000263_150.23531513,874-180-26.9766.png,26.9766
1751_oKkHescX1XDEL11hTa_1Xg_-34.43000263_150.23531513,874-270-26.9766.png,26.9766
3237_R1xph-b8KhJx_4RPZTFrvw_41.26742789_16.41785801,875-0-17.602.png,17.602
3237_R1xph-b8KhJx_4RPZTFrvw_41.26742789_16.41785801,875-90-17.602.png,17.602
3237_R1xph-b8KhJx_4RPZTFrvw_41.26742789_16.41785801,875-180-17.602.png,17.602
3237_R1xph-b8KhJx_4RPZTFrvw_41.26742789_16.41785801,875-270-17.602.png,17.602
3311_iU4nZOd1kSdKFH6AJJ-aJw_50.94452971_5.10714195,876-0-35.8024.png,35.8024
3311_iU4nZOd1kSdKFH6AJJ-aJw_50.94452971_5.10714195,876-90-35.8024.png,35.8024
3311_iU4nZOd1kSdKFH6AJJ-aJw_50.94452971_5.10714195,876-180-35.8024.png,35.8024
3311_iU4nZOd1kSdKFH6AJJ-aJw_50.94452971_5.10714195,876-270-35.8024.png,35.8024
284_S8kWhapu830QsW-utfWskA_31.59311020_-99.42427668,877-0-22.3825.png,22.3825
284_S8kWhapu830QsW-utfWskA_31.59311020_-99.42427668,877-90-22.3825.png,22.3825
284_S8kWhapu830QsW-utfWskA_31.59311020_-99.42427668,877-180-22.3825.png,22.3825
284_S8kWhapu830QsW-utfWskA_31.59311020_-99.42427668,877-270-22.3825.png,22.3825
1163_cFIhk4ZK498b50e8Aupqug_36.93454464_-121.76735283,878-0-32.0546.png,32.0546
1163_cFIhk4ZK498b50e8Aupqug_36.93454464_-121.76735283,878-90-32.0546.png,32.0546
1163_cFIhk4ZK498b50e8Aupqug_36.93454464_-121.76735283,878-180-32.0546.png,32.0546
1163_cFIhk4ZK498b50e8Aupqug_36.93454464_-121.76735283,878-270-32.0546.png,32.0546
985_u-MIEgvtgA4ywFEp593Zgw_12.58309686_-81.70644150,879-0-64.6872.png,64.6872
985_u-MIEgvtgA4ywFEp593Zgw_12.58309686_-81.70644150,879-90-64.6872.png,64.6872
985_u-MIEgvtgA4ywFEp593Zgw_12.58309686_-81.70644150,879-180-64.6872.png,64.6872
985_u-MIEgvtgA4ywFEp593Zgw_12.58309686_-81.70644150,879-270-64.6872.png,64.6872
260_ne62pRxrCfVYCQL-4r8ZjQ_40.19677192_-92.54423840,880-0-29.9968.png,29.9968
260_ne62pRxrCfVYCQL-4r8ZjQ_40.19677192_-92.54423840,880-90-29.9968.png,29.9968
260_ne62pRxrCfVYCQL-4r8ZjQ_40.19677192_-92.54423840,880-180-29.9968.png,29.9968
260_ne62pRxrCfVYCQL-4r8ZjQ_40.19677192_-92.54423840,880-270-29.9968.png,29.9968
1876_tLPso3oal5JvuGeftPrd6g_45.66299016_11.79320870,881-0-62.4414.png,62.4414
1876_tLPso3oal5JvuGeftPrd6g_45.66299016_11.79320870,881-90-62.4414.png,62.4414
1876_tLPso3oal5JvuGeftPrd6g_45.66299016_11.79320870,881-180-62.4414.png,62.4414
1876_tLPso3oal5JvuGeftPrd6g_45.66299016_11.79320870,881-270-62.4414.png,62.4414
2079_PHMG5nYcW4nc10quERNwCg_39.10836811_-89.81640719,882-0-35.6352.png,35.6352
2079_PHMG5nYcW4nc10quERNwCg_39.10836811_-89.81640719,882-90-35.6352.png,35.6352
2079_PHMG5nYcW4nc10quERNwCg_39.10836811_-89.81640719,882-180-35.6352.png,35.6352
2079_PHMG5nYcW4nc10quERNwCg_39.10836811_-89.81640719,882-270-35.6352.png,35.6352
455_BKAuCRSDm7UVKoyxX-vMtA_44.66338410_-103.85589518,883-0-18.1222.png,18.1222
455_BKAuCRSDm7UVKoyxX-vMtA_44.66338410_-103.85589518,883-90-18.1222.png,18.1222
455_BKAuCRSDm7UVKoyxX-vMtA_44.66338410_-103.85589518,883-180-18.1222.png,18.1222
455_BKAuCRSDm7UVKoyxX-vMtA_44.66338410_-103.85589518,883-270-18.1222.png,18.1222
2529_flTEX54MMeHu9HUsYqfQmg_-2.41910690_-48.15215580,884-0-80.852.png,80.852
2529_flTEX54MMeHu9HUsYqfQmg_-2.41910690_-48.15215580,884-90-80.852.png,80.852
2529_flTEX54MMeHu9HUsYqfQmg_-2.41910690_-48.15215580,884-180-80.852.png,80.852
2529_flTEX54MMeHu9HUsYqfQmg_-2.41910690_-48.15215580,884-270-80.852.png,80.852
1481_Ex4ZevM3iXG5XF-mT0KLIQ_35.15144519_139.64568359,885-0-88.8742.png,88.8742
1481_Ex4ZevM3iXG5XF-mT0KLIQ_35.15144519_139.64568359,885-90-88.8742.png,88.8742
1481_Ex4ZevM3iXG5XF-mT0KLIQ_35.15144519_139.64568359,885-180-88.8742.png,88.8742
1481_Ex4ZevM3iXG5XF-mT0KLIQ_35.15144519_139.64568359,885-270-88.8742.png,88.8742
2748__IZDkK95e7QCsThTcy_P6A_43.64604140_4.03936755,886-0-16.994.png,16.994
2748__IZDkK95e7QCsThTcy_P6A_43.64604140_4.03936755,886-90-16.994.png,16.994
2748__IZDkK95e7QCsThTcy_P6A_43.64604140_4.03936755,886-180-16.994.png,16.994
2748__IZDkK95e7QCsThTcy_P6A_43.64604140_4.03936755,886-270-16.994.png,16.994
540_PUGyy4G-xgd5BHthWH7HSA_-33.55618956_26.98201484,887-0-38.0173.png,38.0173
540_PUGyy4G-xgd5BHthWH7HSA_-33.55618956_26.98201484,887-90-38.0173.png,38.0173
540_PUGyy4G-xgd5BHthWH7HSA_-33.55618956_26.98201484,887-180-38.0173.png,38.0173
540_PUGyy4G-xgd5BHthWH7HSA_-33.55618956_26.98201484,887-270-38.0173.png,38.0173
3068_sjUvmBZ50zG1RNIh_n70tA_39.98201020_-83.32469218,888-0-31.6824.png,31.6824
3068_sjUvmBZ50zG1RNIh_n70tA_39.98201020_-83.32469218,888-90-31.6824.png,31.6824
3068_sjUvmBZ50zG1RNIh_n70tA_39.98201020_-83.32469218,888-180-31.6824.png,31.6824
3068_sjUvmBZ50zG1RNIh_n70tA_39.98201020_-83.32469218,888-270-31.6824.png,31.6824
343_hxGtxmo4tgS15fmd40eL8Q_45.98823952_27.21573487,889-0-61.9707.png,61.9707
343_hxGtxmo4tgS15fmd40eL8Q_45.98823952_27.21573487,889-90-61.9707.png,61.9707
343_hxGtxmo4tgS15fmd40eL8Q_45.98823952_27.21573487,889-180-61.9707.png,61.9707
343_hxGtxmo4tgS15fmd40eL8Q_45.98823952_27.21573487,889-270-61.9707.png,61.9707
2846_F0SagkHBK_WjL7aexiGfxQ_25.50564968_72.20192188,890-0-28.6859.png,28.6859
2846_F0SagkHBK_WjL7aexiGfxQ_25.50564968_72.20192188,890-90-28.6859.png,28.6859
2846_F0SagkHBK_WjL7aexiGfxQ_25.50564968_72.20192188,890-180-28.6859.png,28.6859
2846_F0SagkHBK_WjL7aexiGfxQ_25.50564968_72.20192188,890-270-28.6859.png,28.6859
1058_3QFl30hRhfTn-DJUE8-blQ_-37.77636864_144.94594390,891-0-78.1859.png,78.1859
1058_3QFl30hRhfTn-DJUE8-blQ_-37.77636864_144.94594390,891-90-78.1859.png,78.1859
1058_3QFl30hRhfTn-DJUE8-blQ_-37.77636864_144.94594390,891-180-78.1859.png,78.1859
1058_3QFl30hRhfTn-DJUE8-blQ_-37.77636864_144.94594390,891-270-78.1859.png,78.1859
1370_BwJD0R2aMGCfSfSgixTjXw_41.79563817_-71.08978252,892-0-28.6643.png,28.6643
1370_BwJD0R2aMGCfSfSgixTjXw_41.79563817_-71.08978252,892-90-28.6643.png,28.6643
1370_BwJD0R2aMGCfSfSgixTjXw_41.79563817_-71.08978252,892-180-28.6643.png,28.6643
1370_BwJD0R2aMGCfSfSgixTjXw_41.79563817_-71.08978252,892-270-28.6643.png,28.6643
2354_osEAU_er9oB3K5J5IGm4GA_46.48336733_10.26666665,893-0-69.1783.png,69.1783
2354_osEAU_er9oB3K5J5IGm4GA_46.48336733_10.26666665,893-90-69.1783.png,69.1783
2354_osEAU_er9oB3K5J5IGm4GA_46.48336733_10.26666665,893-180-69.1783.png,69.1783
2354_osEAU_er9oB3K5J5IGm4GA_46.48336733_10.26666665,893-270-69.1783.png,69.1783
2605_47rTPAChoNXhDbSocj3aOQ_38.48457266_-83.38738683,894-0-72.3367.png,72.3367
2605_47rTPAChoNXhDbSocj3aOQ_38.48457266_-83.38738683,894-90-72.3367.png,72.3367
2605_47rTPAChoNXhDbSocj3aOQ_38.48457266_-83.38738683,894-180-72.3367.png,72.3367
2605_47rTPAChoNXhDbSocj3aOQ_38.48457266_-83.38738683,894-270-72.3367.png,72.3367
69_2RC9j7jVHJCUjcvIl_rEGQ_43.19804970_27.82288393,895-0-64.0506.png,64.0506
69_2RC9j7jVHJCUjcvIl_rEGQ_43.19804970_27.82288393,895-90-64.0506.png,64.0506
69_2RC9j7jVHJCUjcvIl_rEGQ_43.19804970_27.82288393,895-180-64.0506.png,64.0506
69_2RC9j7jVHJCUjcvIl_rEGQ_43.19804970_27.82288393,895-270-64.0506.png,64.0506
581_6l5X5ptao3SGdZd7DwcIuw_48.94468935_-57.91610877,896-0-36.8616.png,36.8616
581_6l5X5ptao3SGdZd7DwcIuw_48.94468935_-57.91610877,896-90-36.8616.png,36.8616
581_6l5X5ptao3SGdZd7DwcIuw_48.94468935_-57.91610877,896-180-36.8616.png,36.8616
581_6l5X5ptao3SGdZd7DwcIuw_48.94468935_-57.91610877,896-270-36.8616.png,36.8616
3381_cFljSeR9aD0yQFdR9xEWZg_9.65672893_6.04393004,897-0-39.9109.png,39.9109
3381_cFljSeR9aD0yQFdR9xEWZg_9.65672893_6.04393004,897-90-39.9109.png,39.9109
3381_cFljSeR9aD0yQFdR9xEWZg_9.65672893_6.04393004,897-180-39.9109.png,39.9109
3381_cFljSeR9aD0yQFdR9xEWZg_9.65672893_6.04393004,897-270-39.9109.png,39.9109
864_3iY6neFQ8lDIE-DKCgg9hA_54.82749084_23.84653462,898-0-51.4019.png,51.4019
864_3iY6neFQ8lDIE-DKCgg9hA_54.82749084_23.84653462,898-90-51.4019.png,51.4019
864_3iY6neFQ8lDIE-DKCgg9hA_54.82749084_23.84653462,898-180-51.4019.png,51.4019
864_3iY6neFQ8lDIE-DKCgg9hA_54.82749084_23.84653462,898-270-51.4019.png,51.4019
450_KnD7M_yWIFuI_rNiELFzew_43.29967772_24.35044485,899-0-30.4071.png,30.4071
450_KnD7M_yWIFuI_rNiELFzew_43.29967772_24.35044485,899-90-30.4071.png,30.4071
450_KnD7M_yWIFuI_rNiELFzew_43.29967772_24.35044485,899-180-30.4071.png,30.4071
450_KnD7M_yWIFuI_rNiELFzew_43.29967772_24.35044485,899-270-30.4071.png,30.4071
802_-6idsQ3ebaAyHsY4DhVcVg_7.60022841_4.76729608,900-0-72.7667.png,72.7667
802_-6idsQ3ebaAyHsY4DhVcVg_7.60022841_4.76729608,900-90-72.7667.png,72.7667
802_-6idsQ3ebaAyHsY4DhVcVg_7.60022841_4.76729608,900-180-72.7667.png,72.7667
802_-6idsQ3ebaAyHsY4DhVcVg_7.60022841_4.76729608,900-270-72.7667.png,72.7667
1561_7iHiBzWjzbEOmm40exU1wg_47.98336985_-58.96549820,901-0-60.2554.png,60.2554
1561_7iHiBzWjzbEOmm40exU1wg_47.98336985_-58.96549820,901-90-60.2554.png,60.2554
1561_7iHiBzWjzbEOmm40exU1wg_47.98336985_-58.96549820,901-180-60.2554.png,60.2554
1561_7iHiBzWjzbEOmm40exU1wg_47.98336985_-58.96549820,901-270-60.2554.png,60.2554
282_2RwKQbRSLnSsjFEZ1l-xUg_50.69795163_2.26051024,902-0-55.8251.png,55.8251
282_2RwKQbRSLnSsjFEZ1l-xUg_50.69795163_2.26051024,902-90-55.8251.png,55.8251
282_2RwKQbRSLnSsjFEZ1l-xUg_50.69795163_2.26051024,902-180-55.8251.png,55.8251
282_2RwKQbRSLnSsjFEZ1l-xUg_50.69795163_2.26051024,902-270-55.8251.png,55.8251
1918_0J6YVnqsAFjQEjt-JtNJ8A_37.91445655_-3.00372515,903-0-61.6163.png,61.6163
1918_0J6YVnqsAFjQEjt-JtNJ8A_37.91445655_-3.00372515,903-90-61.6163.png,61.6163
1918_0J6YVnqsAFjQEjt-JtNJ8A_37.91445655_-3.00372515,903-180-61.6163.png,61.6163
1918_0J6YVnqsAFjQEjt-JtNJ8A_37.91445655_-3.00372515,903-270-61.6163.png,61.6163
1191_dSA5QJwEaTMV-GttWpUwng_42.81632935_-1.64369831,904-0-73.3711.png,73.3711
1191_dSA5QJwEaTMV-GttWpUwng_42.81632935_-1.64369831,904-90-73.3711.png,73.3711
1191_dSA5QJwEaTMV-GttWpUwng_42.81632935_-1.64369831,904-180-73.3711.png,73.3711
1191_dSA5QJwEaTMV-GttWpUwng_42.81632935_-1.64369831,904-270-73.3711.png,73.3711
61_IhScUVOxyPZ5gkz0840m_A_26.11888211_86.31124506,905-0-67.0691.png,67.0691
61_IhScUVOxyPZ5gkz0840m_A_26.11888211_86.31124506,905-90-67.0691.png,67.0691
61_IhScUVOxyPZ5gkz0840m_A_26.11888211_86.31124506,905-180-67.0691.png,67.0691
61_IhScUVOxyPZ5gkz0840m_A_26.11888211_86.31124506,905-270-67.0691.png,67.0691
2584_DpI-nT7CaamgN5tM2MAq1A_39.68137392_-88.19584437,906-0-38.922.png,38.922
2584_DpI-nT7CaamgN5tM2MAq1A_39.68137392_-88.19584437,906-90-38.922.png,38.922
2584_DpI-nT7CaamgN5tM2MAq1A_39.68137392_-88.19584437,906-180-38.922.png,38.922
2584_DpI-nT7CaamgN5tM2MAq1A_39.68137392_-88.19584437,906-270-38.922.png,38.922
627_5RiadX1OZ01BD5iPtvuI7w_-18.54388338_-53.12908358,907-0-16.2379.png,16.2379
627_5RiadX1OZ01BD5iPtvuI7w_-18.54388338_-53.12908358,907-90-16.2379.png,16.2379
627_5RiadX1OZ01BD5iPtvuI7w_-18.54388338_-53.12908358,907-180-16.2379.png,16.2379
627_5RiadX1OZ01BD5iPtvuI7w_-18.54388338_-53.12908358,907-270-16.2379.png,16.2379
1916_v1Gq-loqo1zmUzubuAEkNw_15.39868815_75.68281388,908-0-30.3567.png,30.3567
1916_v1Gq-loqo1zmUzubuAEkNw_15.39868815_75.68281388,908-90-30.3567.png,30.3567
1916_v1Gq-loqo1zmUzubuAEkNw_15.39868815_75.68281388,908-180-30.3567.png,30.3567
1916_v1Gq-loqo1zmUzubuAEkNw_15.39868815_75.68281388,908-270-30.3567.png,30.3567
188_F2_mL3hUrF-hF6QT1bp13A_38.67787661_-89.10494284,909-0-63.1172.png,63.1172
188_F2_mL3hUrF-hF6QT1bp13A_38.67787661_-89.10494284,909-90-63.1172.png,63.1172
188_F2_mL3hUrF-hF6QT1bp13A_38.67787661_-89.10494284,909-180-63.1172.png,63.1172
188_F2_mL3hUrF-hF6QT1bp13A_38.67787661_-89.10494284,909-270-63.1172.png,63.1172
2799_rpVT0TWZRIKcss4SeFPp1Q_37.99768168_-100.86116455,910-0-30.8492.png,30.8492
2799_rpVT0TWZRIKcss4SeFPp1Q_37.99768168_-100.86116455,910-90-30.8492.png,30.8492
2799_rpVT0TWZRIKcss4SeFPp1Q_37.99768168_-100.86116455,910-180-30.8492.png,30.8492
2799_rpVT0TWZRIKcss4SeFPp1Q_37.99768168_-100.86116455,910-270-30.8492.png,30.8492
807_Mj569BVfDVvvf7dMkHsArA_44.03515559_-69.53686675,911-0-18.7298.png,18.7298
807_Mj569BVfDVvvf7dMkHsArA_44.03515559_-69.53686675,911-90-18.7298.png,18.7298
807_Mj569BVfDVvvf7dMkHsArA_44.03515559_-69.53686675,911-180-18.7298.png,18.7298
807_Mj569BVfDVvvf7dMkHsArA_44.03515559_-69.53686675,911-270-18.7298.png,18.7298
2552_BJt4JMvEb1_bO7Pf9_00-A_31.69755338_-90.62333833,912-0-86.1273.png,86.1273
2552_BJt4JMvEb1_bO7Pf9_00-A_31.69755338_-90.62333833,912-90-86.1273.png,86.1273
2552_BJt4JMvEb1_bO7Pf9_00-A_31.69755338_-90.62333833,912-180-86.1273.png,86.1273
2552_BJt4JMvEb1_bO7Pf9_00-A_31.69755338_-90.62333833,912-270-86.1273.png,86.1273
1273_WHYA80oOhpDACovvbt6Hxw_19.53205090_-99.22602701,913-0-67.447.png,67.447
1273_WHYA80oOhpDACovvbt6Hxw_19.53205090_-99.22602701,913-90-67.447.png,67.447
1273_WHYA80oOhpDACovvbt6Hxw_19.53205090_-99.22602701,913-180-67.447.png,67.447
1273_WHYA80oOhpDACovvbt6Hxw_19.53205090_-99.22602701,913-270-67.447.png,67.447
2380_LpGz63j6OUujOGsIp-Jp4w_33.20897952_35.57804177,914-0-56.2263.png,56.2263
2380_LpGz63j6OUujOGsIp-Jp4w_33.20897952_35.57804177,914-90-56.2263.png,56.2263
2380_LpGz63j6OUujOGsIp-Jp4w_33.20897952_35.57804177,914-180-56.2263.png,56.2263
2380_LpGz63j6OUujOGsIp-Jp4w_33.20897952_35.57804177,914-270-56.2263.png,56.2263
1369_LSi6g9-LV8M0Xx6a9Nkgcw_22.27768547_114.22858002,915-0-75.718.png,75.718
1369_LSi6g9-LV8M0Xx6a9Nkgcw_22.27768547_114.22858002,915-90-75.718.png,75.718
1369_LSi6g9-LV8M0Xx6a9Nkgcw_22.27768547_114.22858002,915-180-75.718.png,75.718
1369_LSi6g9-LV8M0Xx6a9Nkgcw_22.27768547_114.22858002,915-270-75.718.png,75.718
206_DvSeA01J-U70bfqM45auNQ_32.84645376_-83.63719659,916-0-29.1699.png,29.1699
206_DvSeA01J-U70bfqM45auNQ_32.84645376_-83.63719659,916-90-29.1699.png,29.1699
206_DvSeA01J-U70bfqM45auNQ_32.84645376_-83.63719659,916-180-29.1699.png,29.1699
206_DvSeA01J-U70bfqM45auNQ_32.84645376_-83.63719659,916-270-29.1699.png,29.1699
732_o2mukJgZj3nTAbuC0hoeSA_44.13410730_-113.90440856,917-0-19.5652.png,19.5652
732_o2mukJgZj3nTAbuC0hoeSA_44.13410730_-113.90440856,917-90-19.5652.png,19.5652
732_o2mukJgZj3nTAbuC0hoeSA_44.13410730_-113.90440856,917-180-19.5652.png,19.5652
732_o2mukJgZj3nTAbuC0hoeSA_44.13410730_-113.90440856,917-270-19.5652.png,19.5652
447_6kg5SG0QemDgk5HcBiLzHQ_42.51272871_-92.25486749,918-0-33.3167.png,33.3167
447_6kg5SG0QemDgk5HcBiLzHQ_42.51272871_-92.25486749,918-90-33.3167.png,33.3167
447_6kg5SG0QemDgk5HcBiLzHQ_42.51272871_-92.25486749,918-180-33.3167.png,33.3167
447_6kg5SG0QemDgk5HcBiLzHQ_42.51272871_-92.25486749,918-270-33.3167.png,33.3167
808__EcECzPghCXjAzbQkcR56A_39.93389886_-120.89800764,919-0-31.3326.png,31.3326
808__EcECzPghCXjAzbQkcR56A_39.93389886_-120.89800764,919-90-31.3326.png,31.3326
808__EcECzPghCXjAzbQkcR56A_39.93389886_-120.89800764,919-180-31.3326.png,31.3326
808__EcECzPghCXjAzbQkcR56A_39.93389886_-120.89800764,919-270-31.3326.png,31.3326
649_pNREEX9tfs4fDYhv3KVtcA_37.91150039_-97.42326445,920-0-31.172.png,31.172
649_pNREEX9tfs4fDYhv3KVtcA_37.91150039_-97.42326445,920-90-31.172.png,31.172
649_pNREEX9tfs4fDYhv3KVtcA_37.91150039_-97.42326445,920-180-31.172.png,31.172
649_pNREEX9tfs4fDYhv3KVtcA_37.91150039_-97.42326445,920-270-31.172.png,31.172
541_B_jtJ_kFyN4qdaLdZchLgw_-13.54181025_-58.82024468,921-0-62.2051.png,62.2051
541_B_jtJ_kFyN4qdaLdZchLgw_-13.54181025_-58.82024468,921-90-62.2051.png,62.2051
541_B_jtJ_kFyN4qdaLdZchLgw_-13.54181025_-58.82024468,921-180-62.2051.png,62.2051
541_B_jtJ_kFyN4qdaLdZchLgw_-13.54181025_-58.82024468,921-270-62.2051.png,62.2051
2705_7OampA24k1aTDdCL-pEYOQ_25.98322562_87.50390505,922-0-35.8495.png,35.8495
2705_7OampA24k1aTDdCL-pEYOQ_25.98322562_87.50390505,922-90-35.8495.png,35.8495
2705_7OampA24k1aTDdCL-pEYOQ_25.98322562_87.50390505,922-180-35.8495.png,35.8495
2705_7OampA24k1aTDdCL-pEYOQ_25.98322562_87.50390505,922-270-35.8495.png,35.8495
2689_EuZ1WsOIBpLYvStgN9e6CA_34.77350689_-88.92460089,923-0-56.8942.png,56.8942
2689_EuZ1WsOIBpLYvStgN9e6CA_34.77350689_-88.92460089,923-90-56.8942.png,56.8942
2689_EuZ1WsOIBpLYvStgN9e6CA_34.77350689_-88.92460089,923-180-56.8942.png,56.8942
2689_EuZ1WsOIBpLYvStgN9e6CA_34.77350689_-88.92460089,923-270-56.8942.png,56.8942
677_E0dkGcSrCA9UDHfJitZ6Mg_49.08297217_6.63988666,924-0-25.4449.png,25.4449
677_E0dkGcSrCA9UDHfJitZ6Mg_49.08297217_6.63988666,924-90-25.4449.png,25.4449
677_E0dkGcSrCA9UDHfJitZ6Mg_49.08297217_6.63988666,924-180-25.4449.png,25.4449
677_E0dkGcSrCA9UDHfJitZ6Mg_49.08297217_6.63988666,924-270-25.4449.png,25.4449
795_jLzM4lrUjmxYaFfFsq_KHQ_35.67937090_-81.24355363,925-0-62.0801.png,62.0801
795_jLzM4lrUjmxYaFfFsq_KHQ_35.67937090_-81.24355363,925-90-62.0801.png,62.0801
795_jLzM4lrUjmxYaFfFsq_KHQ_35.67937090_-81.24355363,925-180-62.0801.png,62.0801
795_jLzM4lrUjmxYaFfFsq_KHQ_35.67937090_-81.24355363,925-270-62.0801.png,62.0801
3402_hcOv5KXgFvLTrcMmSz7czw_51.39988414_12.04618518,926-0-41.4703.png,41.4703
3402_hcOv5KXgFvLTrcMmSz7czw_51.39988414_12.04618518,926-90-41.4703.png,41.4703
3402_hcOv5KXgFvLTrcMmSz7czw_51.39988414_12.04618518,926-180-41.4703.png,41.4703
3402_hcOv5KXgFvLTrcMmSz7czw_51.39988414_12.04618518,926-270-41.4703.png,41.4703
1824_dogRSz0DNnoaqLV3qoST1w_53.32617356_-3.40191112,927-0-56.271.png,56.271
1824_dogRSz0DNnoaqLV3qoST1w_53.32617356_-3.40191112,927-90-56.271.png,56.271
1824_dogRSz0DNnoaqLV3qoST1w_53.32617356_-3.40191112,927-180-56.271.png,56.271
1824_dogRSz0DNnoaqLV3qoST1w_53.32617356_-3.40191112,927-270-56.271.png,56.271
2968_B1psdsCc7WN2nFEWbM6yRg_39.53315564_-84.09013694,928-0-18.8541.png,18.8541
2968_B1psdsCc7WN2nFEWbM6yRg_39.53315564_-84.09013694,928-90-18.8541.png,18.8541
2968_B1psdsCc7WN2nFEWbM6yRg_39.53315564_-84.09013694,928-180-18.8541.png,18.8541
2968_B1psdsCc7WN2nFEWbM6yRg_39.53315564_-84.09013694,928-270-18.8541.png,18.8541
166_C-P3dXLq9QusZ01F43vIyg_37.29342756_-79.85261976,929-0-62.2328.png,62.2328
166_C-P3dXLq9QusZ01F43vIyg_37.29342756_-79.85261976,929-90-62.2328.png,62.2328
166_C-P3dXLq9QusZ01F43vIyg_37.29342756_-79.85261976,929-180-62.2328.png,62.2328
166_C-P3dXLq9QusZ01F43vIyg_37.29342756_-79.85261976,929-270-62.2328.png,62.2328
1321_wCxpj5TJtfAgf2zefJBDNg_42.99634060_-2.98160734,930-0-23.61.png,23.61
1321_wCxpj5TJtfAgf2zefJBDNg_42.99634060_-2.98160734,930-90-23.61.png,23.61
1321_wCxpj5TJtfAgf2zefJBDNg_42.99634060_-2.98160734,930-180-23.61.png,23.61
1321_wCxpj5TJtfAgf2zefJBDNg_42.99634060_-2.98160734,930-270-23.61.png,23.61
1062_rdhqnVKSRnTUD2sRpN3FRw_55.88096379_9.74757842,931-0-26.2645.png,26.2645
1062_rdhqnVKSRnTUD2sRpN3FRw_55.88096379_9.74757842,931-90-26.2645.png,26.2645
1062_rdhqnVKSRnTUD2sRpN3FRw_55.88096379_9.74757842,931-180-26.2645.png,26.2645
1062_rdhqnVKSRnTUD2sRpN3FRw_55.88096379_9.74757842,931-270-26.2645.png,26.2645
500_Xy2QqHOxbFnaxq0E3jmUwg_35.85265475_139.41191052,932-0-47.7934.png,47.7934
500_Xy2QqHOxbFnaxq0E3jmUwg_35.85265475_139.41191052,932-90-47.7934.png,47.7934
500_Xy2QqHOxbFnaxq0E3jmUwg_35.85265475_139.41191052,932-180-47.7934.png,47.7934
500_Xy2QqHOxbFnaxq0E3jmUwg_35.85265475_139.41191052,932-270-47.7934.png,47.7934
1615_mC0UafQaIzv1qCmYMccwaQ_40.86162248_-99.98636171,933-0-46.7692.png,46.7692
1615_mC0UafQaIzv1qCmYMccwaQ_40.86162248_-99.98636171,933-90-46.7692.png,46.7692
1615_mC0UafQaIzv1qCmYMccwaQ_40.86162248_-99.98636171,933-180-46.7692.png,46.7692
1615_mC0UafQaIzv1qCmYMccwaQ_40.86162248_-99.98636171,933-270-46.7692.png,46.7692
2576_nrB5eL6uBdrXglEU0LXeAg_40.21454219_-84.35643957,934-0-19.0532.png,19.0532
2576_nrB5eL6uBdrXglEU0LXeAg_40.21454219_-84.35643957,934-90-19.0532.png,19.0532
2576_nrB5eL6uBdrXglEU0LXeAg_40.21454219_-84.35643957,934-180-19.0532.png,19.0532
2576_nrB5eL6uBdrXglEU0LXeAg_40.21454219_-84.35643957,934-270-19.0532.png,19.0532
879_FrOrmwjvFbDriJWc13jHXg_32.02096361_-85.08568087,935-0-77.8461.png,77.8461
879_FrOrmwjvFbDriJWc13jHXg_32.02096361_-85.08568087,935-90-77.8461.png,77.8461
879_FrOrmwjvFbDriJWc13jHXg_32.02096361_-85.08568087,935-180-77.8461.png,77.8461
879_FrOrmwjvFbDriJWc13jHXg_32.02096361_-85.08568087,935-270-77.8461.png,77.8461
892_REQCd42lQQT6lKIPqHkM7A_53.58159647_15.54152584,936-0-55.5121.png,55.5121
892_REQCd42lQQT6lKIPqHkM7A_53.58159647_15.54152584,936-90-55.5121.png,55.5121
892_REQCd42lQQT6lKIPqHkM7A_53.58159647_15.54152584,936-180-55.5121.png,55.5121
892_REQCd42lQQT6lKIPqHkM7A_53.58159647_15.54152584,936-270-55.5121.png,55.5121
917_3ynWbcZyppuUprbkYLDYZQ_20.60134894_-103.78400555,937-0-68.7109.png,68.7109
917_3ynWbcZyppuUprbkYLDYZQ_20.60134894_-103.78400555,937-90-68.7109.png,68.7109
917_3ynWbcZyppuUprbkYLDYZQ_20.60134894_-103.78400555,937-180-68.7109.png,68.7109
917_3ynWbcZyppuUprbkYLDYZQ_20.60134894_-103.78400555,937-270-68.7109.png,68.7109
2540_VCGhGtsoWSoNk3Of_nOUOQ_39.54304643_8.63334690,938-0-47.1963.png,47.1963
2540_VCGhGtsoWSoNk3Of_nOUOQ_39.54304643_8.63334690,938-90-47.1963.png,47.1963
2540_VCGhGtsoWSoNk3Of_nOUOQ_39.54304643_8.63334690,938-180-47.1963.png,47.1963
2540_VCGhGtsoWSoNk3Of_nOUOQ_39.54304643_8.63334690,938-270-47.1963.png,47.1963
1893_P9kgFdvRjkMLaIDWkOXcKQ_38.68303533_-112.14894598,939-0-45.5211.png,45.5211
1893_P9kgFdvRjkMLaIDWkOXcKQ_38.68303533_-112.14894598,939-90-45.5211.png,45.5211
1893_P9kgFdvRjkMLaIDWkOXcKQ_38.68303533_-112.14894598,939-180-45.5211.png,45.5211
1893_P9kgFdvRjkMLaIDWkOXcKQ_38.68303533_-112.14894598,939-270-45.5211.png,45.5211
766_1egUYQaa-7_n4yv0WLDVxw_50.90003122_-101.90099001,940-0-38.3722.png,38.3722
766_1egUYQaa-7_n4yv0WLDVxw_50.90003122_-101.90099001,940-90-38.3722.png,38.3722
766_1egUYQaa-7_n4yv0WLDVxw_50.90003122_-101.90099001,940-180-38.3722.png,38.3722
766_1egUYQaa-7_n4yv0WLDVxw_50.90003122_-101.90099001,940-270-38.3722.png,38.3722
3288_rdhqnVKSRnTUD2sRpN3FRw_55.88096379_9.74757842,941-0-26.2645.png,26.2645
3288_rdhqnVKSRnTUD2sRpN3FRw_55.88096379_9.74757842,941-90-26.2645.png,26.2645
3288_rdhqnVKSRnTUD2sRpN3FRw_55.88096379_9.74757842,941-180-26.2645.png,26.2645
3288_rdhqnVKSRnTUD2sRpN3FRw_55.88096379_9.74757842,941-270-26.2645.png,26.2645
295_cJH2yP0MF2MEL9r548wKhA_43.95406859_5.83485813,942-0-79.6261.png,79.6261
295_cJH2yP0MF2MEL9r548wKhA_43.95406859_5.83485813,942-90-79.6261.png,79.6261
295_cJH2yP0MF2MEL9r548wKhA_43.95406859_5.83485813,942-180-79.6261.png,79.6261
295_cJH2yP0MF2MEL9r548wKhA_43.95406859_5.83485813,942-270-79.6261.png,79.6261
316_hdQdosmbs60sKWBiNU1O3w_60.36018037_6.62997027,943-0-28.4349.png,28.4349
316_hdQdosmbs60sKWBiNU1O3w_60.36018037_6.62997027,943-90-28.4349.png,28.4349
316_hdQdosmbs60sKWBiNU1O3w_60.36018037_6.62997027,943-180-28.4349.png,28.4349
316_hdQdosmbs60sKWBiNU1O3w_60.36018037_6.62997027,943-270-28.4349.png,28.4349
1077_GuPYpk7fmw3Amp1zETRhIA_43.29234167_141.84510726,944-0-37.366.png,37.366
1077_GuPYpk7fmw3Amp1zETRhIA_43.29234167_141.84510726,944-90-37.366.png,37.366
1077_GuPYpk7fmw3Amp1zETRhIA_43.29234167_141.84510726,944-180-37.366.png,37.366
1077_GuPYpk7fmw3Amp1zETRhIA_43.29234167_141.84510726,944-270-37.366.png,37.366
1086_ZwikUNFVkGg2cWjCSlPH0w_19.10942845_-98.18299057,945-0-36.6996.png,36.6996
1086_ZwikUNFVkGg2cWjCSlPH0w_19.10942845_-98.18299057,945-90-36.6996.png,36.6996
1086_ZwikUNFVkGg2cWjCSlPH0w_19.10942845_-98.18299057,945-180-36.6996.png,36.6996
1086_ZwikUNFVkGg2cWjCSlPH0w_19.10942845_-98.18299057,945-270-36.6996.png,36.6996
3252_E79DWvT1ELOcg_6eWb4pdw_52.50393610_-3.97880861,946-0-26.9194.png,26.9194
3252_E79DWvT1ELOcg_6eWb4pdw_52.50393610_-3.97880861,946-90-26.9194.png,26.9194
3252_E79DWvT1ELOcg_6eWb4pdw_52.50393610_-3.97880861,946-180-26.9194.png,26.9194
3252_E79DWvT1ELOcg_6eWb4pdw_52.50393610_-3.97880861,946-270-26.9194.png,26.9194
539_RfVLDCPG1qybcXfyg819sQ_-7.94498168_114.41682488,947-0-73.2735.png,73.2735
539_RfVLDCPG1qybcXfyg819sQ_-7.94498168_114.41682488,947-90-73.2735.png,73.2735
539_RfVLDCPG1qybcXfyg819sQ_-7.94498168_114.41682488,947-180-73.2735.png,73.2735
539_RfVLDCPG1qybcXfyg819sQ_-7.94498168_114.41682488,947-270-73.2735.png,73.2735
1911_etRN24veXAkVaqoXSNJ7vQ_34.45622700_135.38942462,948-0-49.3489.png,49.3489
1911_etRN24veXAkVaqoXSNJ7vQ_34.45622700_135.38942462,948-90-49.3489.png,49.3489
1911_etRN24veXAkVaqoXSNJ7vQ_34.45622700_135.38942462,948-180-49.3489.png,49.3489
1911_etRN24veXAkVaqoXSNJ7vQ_34.45622700_135.38942462,948-270-49.3489.png,49.3489
658_uZ4Ujr-7P9sp5md2is7V3w_33.27234831_-95.58449387,949-0-80.6873.png,80.6873
658_uZ4Ujr-7P9sp5md2is7V3w_33.27234831_-95.58449387,949-90-80.6873.png,80.6873
658_uZ4Ujr-7P9sp5md2is7V3w_33.27234831_-95.58449387,949-180-80.6873.png,80.6873
658_uZ4Ujr-7P9sp5md2is7V3w_33.27234831_-95.58449387,949-270-80.6873.png,80.6873
3071_xtYxDEb__jwKM30BNsz6kA_60.81425356_23.64287251,950-0-27.4386.png,27.4386
3071_xtYxDEb__jwKM30BNsz6kA_60.81425356_23.64287251,950-90-27.4386.png,27.4386
3071_xtYxDEb__jwKM30BNsz6kA_60.81425356_23.64287251,950-180-27.4386.png,27.4386
3071_xtYxDEb__jwKM30BNsz6kA_60.81425356_23.64287251,950-270-27.4386.png,27.4386
459_Ia-dvecAu0jgP18Y8g6JXw_33.04889636_-95.71256820,951-0-39.3732.png,39.3732
459_Ia-dvecAu0jgP18Y8g6JXw_33.04889636_-95.71256820,951-90-39.3732.png,39.3732
459_Ia-dvecAu0jgP18Y8g6JXw_33.04889636_-95.71256820,951-180-39.3732.png,39.3732
459_Ia-dvecAu0jgP18Y8g6JXw_33.04889636_-95.71256820,951-270-39.3732.png,39.3732
177_L1pYRkpIX2yxkVRhdSL_0g_38.47303642_-99.44265430,952-0-77.0277.png,77.0277
177_L1pYRkpIX2yxkVRhdSL_0g_38.47303642_-99.44265430,952-90-77.0277.png,77.0277
177_L1pYRkpIX2yxkVRhdSL_0g_38.47303642_-99.44265430,952-180-77.0277.png,77.0277
177_L1pYRkpIX2yxkVRhdSL_0g_38.47303642_-99.44265430,952-270-77.0277.png,77.0277
731_L1H6MtcWhYoT9jem3gHJFA_42.26071002_3.10460779,953-0-30.9578.png,30.9578
731_L1H6MtcWhYoT9jem3gHJFA_42.26071002_3.10460779,953-90-30.9578.png,30.9578
731_L1H6MtcWhYoT9jem3gHJFA_42.26071002_3.10460779,953-180-30.9578.png,30.9578
731_L1H6MtcWhYoT9jem3gHJFA_42.26071002_3.10460779,953-270-30.9578.png,30.9578
215_-k7FWq4lwaxtiLUcy5OtHQ_26.93105146_78.55788384,954-0-45.8157.png,45.8157
215_-k7FWq4lwaxtiLUcy5OtHQ_26.93105146_78.55788384,954-90-45.8157.png,45.8157
215_-k7FWq4lwaxtiLUcy5OtHQ_26.93105146_78.55788384,954-180-45.8157.png,45.8157
215_-k7FWq4lwaxtiLUcy5OtHQ_26.93105146_78.55788384,954-270-45.8157.png,45.8157
2889_vFXixKcgwBCjloe_G8JZKQ_42.06713397_-79.96875879,955-0-47.3849.png,47.3849
2889_vFXixKcgwBCjloe_G8JZKQ_42.06713397_-79.96875879,955-90-47.3849.png,47.3849
2889_vFXixKcgwBCjloe_G8JZKQ_42.06713397_-79.96875879,955-180-47.3849.png,47.3849
2889_vFXixKcgwBCjloe_G8JZKQ_42.06713397_-79.96875879,955-270-47.3849.png,47.3849
1564_ZQuG-T3Poctvmj-u0Mpj5A_34.65790357_-102.72458628,956-0-18.9827.png,18.9827
1564_ZQuG-T3Poctvmj-u0Mpj5A_34.65790357_-102.72458628,956-90-18.9827.png,18.9827
1564_ZQuG-T3Poctvmj-u0Mpj5A_34.65790357_-102.72458628,956-180-18.9827.png,18.9827
1564_ZQuG-T3Poctvmj-u0Mpj5A_34.65790357_-102.72458628,956-270-18.9827.png,18.9827
1222_6BdjSEvPF1chyUEMm3Ayjw_62.03407702_14.36568932,957-0-58.8157.png,58.8157
1222_6BdjSEvPF1chyUEMm3Ayjw_62.03407702_14.36568932,957-90-58.8157.png,58.8157
1222_6BdjSEvPF1chyUEMm3Ayjw_62.03407702_14.36568932,957-180-58.8157.png,58.8157
1222_6BdjSEvPF1chyUEMm3Ayjw_62.03407702_14.36568932,957-270-58.8157.png,58.8157
226_LjsxjYHOXQSmCEG3gbyl0A_31.79686890_-88.23749968,958-0-75.0339.png,75.0339
226_LjsxjYHOXQSmCEG3gbyl0A_31.79686890_-88.23749968,958-90-75.0339.png,75.0339
226_LjsxjYHOXQSmCEG3gbyl0A_31.79686890_-88.23749968,958-180-75.0339.png,75.0339
226_LjsxjYHOXQSmCEG3gbyl0A_31.79686890_-88.23749968,958-270-75.0339.png,75.0339
801_2brTI6SqJOF7fgsjV6Afpw_50.67755061_3.43372009,959-0-48.2695.png,48.2695
801_2brTI6SqJOF7fgsjV6Afpw_50.67755061_3.43372009,959-90-48.2695.png,48.2695
801_2brTI6SqJOF7fgsjV6Afpw_50.67755061_3.43372009,959-180-48.2695.png,48.2695
801_2brTI6SqJOF7fgsjV6Afpw_50.67755061_3.43372009,959-270-48.2695.png,48.2695
3084_pLwrYY3qGxoVEua0d8flmQ_42.04720955_-97.83408265,960-0-42.9027.png,42.9027
3084_pLwrYY3qGxoVEua0d8flmQ_42.04720955_-97.83408265,960-90-42.9027.png,42.9027
3084_pLwrYY3qGxoVEua0d8flmQ_42.04720955_-97.83408265,960-180-42.9027.png,42.9027
3084_pLwrYY3qGxoVEua0d8flmQ_42.04720955_-97.83408265,960-270-42.9027.png,42.9027
1551_4qPNfgpY5-mUWLoaoNSFNA_55.51913328_9.73926906,961-0-29.2412.png,29.2412
1551_4qPNfgpY5-mUWLoaoNSFNA_55.51913328_9.73926906,961-90-29.2412.png,29.2412
1551_4qPNfgpY5-mUWLoaoNSFNA_55.51913328_9.73926906,961-180-29.2412.png,29.2412
1551_4qPNfgpY5-mUWLoaoNSFNA_55.51913328_9.73926906,961-270-29.2412.png,29.2412
1399_nntI6sEW7EYLg3zdEehb0Q_41.40995436_1.77498020,962-0-44.0041.png,44.0041
1399_nntI6sEW7EYLg3zdEehb0Q_41.40995436_1.77498020,962-90-44.0041.png,44.0041
1399_nntI6sEW7EYLg3zdEehb0Q_41.40995436_1.77498020,962-180-44.0041.png,44.0041
1399_nntI6sEW7EYLg3zdEehb0Q_41.40995436_1.77498020,962-270-44.0041.png,44.0041
93_MmsEiQr3B38-zNwrquozKQ_44.00431962_12.65826399,963-0-63.9535.png,63.9535
93_MmsEiQr3B38-zNwrquozKQ_44.00431962_12.65826399,963-90-63.9535.png,63.9535
93_MmsEiQr3B38-zNwrquozKQ_44.00431962_12.65826399,963-180-63.9535.png,63.9535
93_MmsEiQr3B38-zNwrquozKQ_44.00431962_12.65826399,963-270-63.9535.png,63.9535
485_qv28verzekhIt1HiVIZMrQ_-34.71778788_138.64790083,964-0-48.5913.png,48.5913
485_qv28verzekhIt1HiVIZMrQ_-34.71778788_138.64790083,964-90-48.5913.png,48.5913
485_qv28verzekhIt1HiVIZMrQ_-34.71778788_138.64790083,964-180-48.5913.png,48.5913
485_qv28verzekhIt1HiVIZMrQ_-34.71778788_138.64790083,964-270-48.5913.png,48.5913
1279_g9siU_Zv9lOg3Fu1DlFb1Q_36.81620809_-76.38853314,965-0-40.2564.png,40.2564
1279_g9siU_Zv9lOg3Fu1DlFb1Q_36.81620809_-76.38853314,965-90-40.2564.png,40.2564
1279_g9siU_Zv9lOg3Fu1DlFb1Q_36.81620809_-76.38853314,965-180-40.2564.png,40.2564
1279_g9siU_Zv9lOg3Fu1DlFb1Q_36.81620809_-76.38853314,965-270-40.2564.png,40.2564
1964_veWJgg6aNTiMbSVezdNedA_20.21095003_-100.89067989,966-0-45.3707.png,45.3707
1964_veWJgg6aNTiMbSVezdNedA_20.21095003_-100.89067989,966-90-45.3707.png,45.3707
1964_veWJgg6aNTiMbSVezdNedA_20.21095003_-100.89067989,966-180-45.3707.png,45.3707
1964_veWJgg6aNTiMbSVezdNedA_20.21095003_-100.89067989,966-270-45.3707.png,45.3707
299_4xuXMsOtdvxiQCVMJnMDdA_23.18382066_120.53553382,967-0-28.1141.png,28.1141
299_4xuXMsOtdvxiQCVMJnMDdA_23.18382066_120.53553382,967-90-28.1141.png,28.1141
299_4xuXMsOtdvxiQCVMJnMDdA_23.18382066_120.53553382,967-180-28.1141.png,28.1141
299_4xuXMsOtdvxiQCVMJnMDdA_23.18382066_120.53553382,967-270-28.1141.png,28.1141
2894_ke1GtfWHy7RG1F48ryHUGA_26.23626984_84.30620141,968-0-52.7268.png,52.7268
2894_ke1GtfWHy7RG1F48ryHUGA_26.23626984_84.30620141,968-90-52.7268.png,52.7268
2894_ke1GtfWHy7RG1F48ryHUGA_26.23626984_84.30620141,968-180-52.7268.png,52.7268
2894_ke1GtfWHy7RG1F48ryHUGA_26.23626984_84.30620141,968-270-52.7268.png,52.7268
1136_h6IL4QVELQrah_T_mJ5ivA_19.06505108_-98.22848606,969-0-68.2701.png,68.2701
1136_h6IL4QVELQrah_T_mJ5ivA_19.06505108_-98.22848606,969-90-68.2701.png,68.2701
1136_h6IL4QVELQrah_T_mJ5ivA_19.06505108_-98.22848606,969-180-68.2701.png,68.2701
1136_h6IL4QVELQrah_T_mJ5ivA_19.06505108_-98.22848606,969-270-68.2701.png,68.2701
1229_E6a5tDitKXT8knL19cp6Ug_47.96679762_22.44925046,970-0-19.0209.png,19.0209
1229_E6a5tDitKXT8knL19cp6Ug_47.96679762_22.44925046,970-90-19.0209.png,19.0209
1229_E6a5tDitKXT8knL19cp6Ug_47.96679762_22.44925046,970-180-19.0209.png,19.0209
1229_E6a5tDitKXT8knL19cp6Ug_47.96679762_22.44925046,970-270-19.0209.png,19.0209
524_dFTo8l_2rxobU1ujtIy4rg_43.37066165_-121.06406153,971-0-65.1199.png,65.1199
524_dFTo8l_2rxobU1ujtIy4rg_43.37066165_-121.06406153,971-90-65.1199.png,65.1199
524_dFTo8l_2rxobU1ujtIy4rg_43.37066165_-121.06406153,971-180-65.1199.png,65.1199
524_dFTo8l_2rxobU1ujtIy4rg_43.37066165_-121.06406153,971-270-65.1199.png,65.1199
2324_SxjNj2AM_2X7wcdSH4wsCQ_-32.09998678_-67.93342221,972-0-11.6905.png,11.6905
2324_SxjNj2AM_2X7wcdSH4wsCQ_-32.09998678_-67.93342221,972-90-11.6905.png,11.6905
2324_SxjNj2AM_2X7wcdSH4wsCQ_-32.09998678_-67.93342221,972-180-11.6905.png,11.6905
2324_SxjNj2AM_2X7wcdSH4wsCQ_-32.09998678_-67.93342221,972-270-11.6905.png,11.6905
1373_V0uMvu3CWnnNOCEu0fUv5A_18.62968362_-98.89699027,973-0-63.8979.png,63.8979
1373_V0uMvu3CWnnNOCEu0fUv5A_18.62968362_-98.89699027,973-90-63.8979.png,63.8979
1373_V0uMvu3CWnnNOCEu0fUv5A_18.62968362_-98.89699027,973-180-63.8979.png,63.8979
1373_V0uMvu3CWnnNOCEu0fUv5A_18.62968362_-98.89699027,973-270-63.8979.png,63.8979
1150_bSdhQdZPyrqCk0vczlhraw_19.53608296_79.81295353,974-0-42.4707.png,42.4707
1150_bSdhQdZPyrqCk0vczlhraw_19.53608296_79.81295353,974-90-42.4707.png,42.4707
1150_bSdhQdZPyrqCk0vczlhraw_19.53608296_79.81295353,974-180-42.4707.png,42.4707
1150_bSdhQdZPyrqCk0vczlhraw_19.53608296_79.81295353,974-270-42.4707.png,42.4707
27_9nUB1LxhpmE8vtFxFsF9og_43.17278102_-89.10928063,975-0-48.1944.png,48.1944
27_9nUB1LxhpmE8vtFxFsF9og_43.17278102_-89.10928063,975-90-48.1944.png,48.1944
27_9nUB1LxhpmE8vtFxFsF9og_43.17278102_-89.10928063,975-180-48.1944.png,48.1944
27_9nUB1LxhpmE8vtFxFsF9og_43.17278102_-89.10928063,975-270-48.1944.png,48.1944
120_zElMGChc4e7Utn2wTGbM3A_37.42997591_24.94454052,976-0-33.6103.png,33.6103
120_zElMGChc4e7Utn2wTGbM3A_37.42997591_24.94454052,976-90-33.6103.png,33.6103
120_zElMGChc4e7Utn2wTGbM3A_37.42997591_24.94454052,976-180-33.6103.png,33.6103
120_zElMGChc4e7Utn2wTGbM3A_37.42997591_24.94454052,976-270-33.6103.png,33.6103
786_8hEUy9hIHuEHCUPDUR58ww_47.45239180_6.68986091,977-0-23.6316.png,23.6316
786_8hEUy9hIHuEHCUPDUR58ww_47.45239180_6.68986091,977-90-23.6316.png,23.6316
786_8hEUy9hIHuEHCUPDUR58ww_47.45239180_6.68986091,977-180-23.6316.png,23.6316
786_8hEUy9hIHuEHCUPDUR58ww_47.45239180_6.68986091,977-270-23.6316.png,23.6316
545_hYE79LQ6ajLO0X79zKb-fw_-33.58774502_150.19745348,978-0-40.5361.png,40.5361
545_hYE79LQ6ajLO0X79zKb-fw_-33.58774502_150.19745348,978-90-40.5361.png,40.5361
545_hYE79LQ6ajLO0X79zKb-fw_-33.58774502_150.19745348,978-180-40.5361.png,40.5361
545_hYE79LQ6ajLO0X79zKb-fw_-33.58774502_150.19745348,978-270-40.5361.png,40.5361
850_SJvLo1hRoY6adSF0dUBn7Q_42.34962421_-97.79167258,979-0-46.2509.png,46.2509
850_SJvLo1hRoY6adSF0dUBn7Q_42.34962421_-97.79167258,979-90-46.2509.png,46.2509
850_SJvLo1hRoY6adSF0dUBn7Q_42.34962421_-97.79167258,979-180-46.2509.png,46.2509
850_SJvLo1hRoY6adSF0dUBn7Q_42.34962421_-97.79167258,979-270-46.2509.png,46.2509
244_MvDAP44UNNHenuXOIhM7wQ_47.13784923_-102.33249951,980-0-35.5343.png,35.5343
244_MvDAP44UNNHenuXOIhM7wQ_47.13784923_-102.33249951,980-90-35.5343.png,35.5343
244_MvDAP44UNNHenuXOIhM7wQ_47.13784923_-102.33249951,980-180-35.5343.png,35.5343
244_MvDAP44UNNHenuXOIhM7wQ_47.13784923_-102.33249951,980-270-35.5343.png,35.5343
304_h82BmQF8xBVU9Fjqz5gVsg_38.92005119_-81.09320735,981-0-39.1607.png,39.1607
304_h82BmQF8xBVU9Fjqz5gVsg_38.92005119_-81.09320735,981-90-39.1607.png,39.1607
304_h82BmQF8xBVU9Fjqz5gVsg_38.92005119_-81.09320735,981-180-39.1607.png,39.1607
304_h82BmQF8xBVU9Fjqz5gVsg_38.92005119_-81.09320735,981-270-39.1607.png,39.1607
359_2sGL4L8KYPwlNvUucqaxUA_11.75447345_105.80138733,982-0-31.5318.png,31.5318
359_2sGL4L8KYPwlNvUucqaxUA_11.75447345_105.80138733,982-90-31.5318.png,31.5318
359_2sGL4L8KYPwlNvUucqaxUA_11.75447345_105.80138733,982-180-31.5318.png,31.5318
359_2sGL4L8KYPwlNvUucqaxUA_11.75447345_105.80138733,982-270-31.5318.png,31.5318
577_R_UYt1Ja7OdojVP_JGviVg_38.46022712_-91.83228262,983-0-80.5431.png,80.5431
577_R_UYt1Ja7OdojVP_JGviVg_38.46022712_-91.83228262,983-90-80.5431.png,80.5431
577_R_UYt1Ja7OdojVP_JGviVg_38.46022712_-91.83228262,983-180-80.5431.png,80.5431
577_R_UYt1Ja7OdojVP_JGviVg_38.46022712_-91.83228262,983-270-80.5431.png,80.5431
68_vVQwQU4jlisXip9PWsWIYQ_35.28233044_-91.36547832,984-0-49.3867.png,49.3867
68_vVQwQU4jlisXip9PWsWIYQ_35.28233044_-91.36547832,984-90-49.3867.png,49.3867
68_vVQwQU4jlisXip9PWsWIYQ_35.28233044_-91.36547832,984-180-49.3867.png,49.3867
68_vVQwQU4jlisXip9PWsWIYQ_35.28233044_-91.36547832,984-270-49.3867.png,49.3867
1351_ttzpZtfmFhAUxcxOBnv98A_42.22422601_-3.58946221,985-0-21.9716.png,21.9716
1351_ttzpZtfmFhAUxcxOBnv98A_42.22422601_-3.58946221,985-90-21.9716.png,21.9716
1351_ttzpZtfmFhAUxcxOBnv98A_42.22422601_-3.58946221,985-180-21.9716.png,21.9716
1351_ttzpZtfmFhAUxcxOBnv98A_42.22422601_-3.58946221,985-270-21.9716.png,21.9716
832_8yf-G0505tl4Q0mzRgcZrQ_62.34321547_24.70517294,986-0-38.7113.png,38.7113
832_8yf-G0505tl4Q0mzRgcZrQ_62.34321547_24.70517294,986-90-38.7113.png,38.7113
832_8yf-G0505tl4Q0mzRgcZrQ_62.34321547_24.70517294,986-180-38.7113.png,38.7113
832_8yf-G0505tl4Q0mzRgcZrQ_62.34321547_24.70517294,986-270-38.7113.png,38.7113
343_uE3pKaFngjW-IytfCwqPkQ_39.06891683_-89.61940035,987-0-80.0421.png,80.0421
343_uE3pKaFngjW-IytfCwqPkQ_39.06891683_-89.61940035,987-90-80.0421.png,80.0421
343_uE3pKaFngjW-IytfCwqPkQ_39.06891683_-89.61940035,987-180-80.0421.png,80.0421
343_uE3pKaFngjW-IytfCwqPkQ_39.06891683_-89.61940035,987-270-80.0421.png,80.0421
2303_nhXAwcexWvn4awUuynoIew_45.44437804_-99.02935327,988-0-17.1634.png,17.1634
2303_nhXAwcexWvn4awUuynoIew_45.44437804_-99.02935327,988-90-17.1634.png,17.1634
2303_nhXAwcexWvn4awUuynoIew_45.44437804_-99.02935327,988-180-17.1634.png,17.1634
2303_nhXAwcexWvn4awUuynoIew_45.44437804_-99.02935327,988-270-17.1634.png,17.1634
1981_dVXaticzvQTr7rkm09xH-A_60.14180952_15.41404397,989-0-23.8184.png,23.8184
1981_dVXaticzvQTr7rkm09xH-A_60.14180952_15.41404397,989-90-23.8184.png,23.8184
1981_dVXaticzvQTr7rkm09xH-A_60.14180952_15.41404397,989-180-23.8184.png,23.8184
1981_dVXaticzvQTr7rkm09xH-A_60.14180952_15.41404397,989-270-23.8184.png,23.8184
1218_iyKUlMqtOmWDT4pCIJu1QA_42.72425052_-73.70669767,990-0-48.8961.png,48.8961
1218_iyKUlMqtOmWDT4pCIJu1QA_42.72425052_-73.70669767,990-90-48.8961.png,48.8961
1218_iyKUlMqtOmWDT4pCIJu1QA_42.72425052_-73.70669767,990-180-48.8961.png,48.8961
1218_iyKUlMqtOmWDT4pCIJu1QA_42.72425052_-73.70669767,990-270-48.8961.png,48.8961
1733_beNF6oau0x23z3EmC3EHmw_-33.38426710_18.89948268,991-0-40.2577.png,40.2577
1733_beNF6oau0x23z3EmC3EHmw_-33.38426710_18.89948268,991-90-40.2577.png,40.2577
1733_beNF6oau0x23z3EmC3EHmw_-33.38426710_18.89948268,991-180-40.2577.png,40.2577
1733_beNF6oau0x23z3EmC3EHmw_-33.38426710_18.89948268,991-270-40.2577.png,40.2577
595_mRPWiJtLtT8CPfDTZDd5Ng_47.71894955_-0.39392207,992-0-28.5512.png,28.5512
595_mRPWiJtLtT8CPfDTZDd5Ng_47.71894955_-0.39392207,992-90-28.5512.png,28.5512
595_mRPWiJtLtT8CPfDTZDd5Ng_47.71894955_-0.39392207,992-180-28.5512.png,28.5512
595_mRPWiJtLtT8CPfDTZDd5Ng_47.71894955_-0.39392207,992-270-28.5512.png,28.5512
1144_PEIzJC7e5lUDWa5aKt9p6g_41.57545690_12.78012069,993-0-48.958.png,48.958
1144_PEIzJC7e5lUDWa5aKt9p6g_41.57545690_12.78012069,993-90-48.958.png,48.958
1144_PEIzJC7e5lUDWa5aKt9p6g_41.57545690_12.78012069,993-180-48.958.png,48.958
1144_PEIzJC7e5lUDWa5aKt9p6g_41.57545690_12.78012069,993-270-48.958.png,48.958
144_1N9IJ7I5EwqhYrOc_pEJTA_57.06488136_8.77542773,994-0-25.5357.png,25.5357
144_1N9IJ7I5EwqhYrOc_pEJTA_57.06488136_8.77542773,994-90-25.5357.png,25.5357
144_1N9IJ7I5EwqhYrOc_pEJTA_57.06488136_8.77542773,994-180-25.5357.png,25.5357
144_1N9IJ7I5EwqhYrOc_pEJTA_57.06488136_8.77542773,994-270-25.5357.png,25.5357
2288_oDpwHYcPQ72SoKbEZ7N7Rw_35.51436062_134.08211758,995-0-67.0267.png,67.0267
2288_oDpwHYcPQ72SoKbEZ7N7Rw_35.51436062_134.08211758,995-90-67.0267.png,67.0267
2288_oDpwHYcPQ72SoKbEZ7N7Rw_35.51436062_134.08211758,995-180-67.0267.png,67.0267
2288_oDpwHYcPQ72SoKbEZ7N7Rw_35.51436062_134.08211758,995-270-67.0267.png,67.0267
469_IQ4ib7ZAJ_lqnN-Zt-KjZA_38.52530064_-77.72599633,996-0-51.4269.png,51.4269
469_IQ4ib7ZAJ_lqnN-Zt-KjZA_38.52530064_-77.72599633,996-90-51.4269.png,51.4269
469_IQ4ib7ZAJ_lqnN-Zt-KjZA_38.52530064_-77.72599633,996-180-51.4269.png,51.4269
469_IQ4ib7ZAJ_lqnN-Zt-KjZA_38.52530064_-77.72599633,996-270-51.4269.png,51.4269
429_LtahHxH2gsSc1kQQOh0T-g_40.52245046_-79.96312971,997-0-47.824.png,47.824
429_LtahHxH2gsSc1kQQOh0T-g_40.52245046_-79.96312971,997-90-47.824.png,47.824
429_LtahHxH2gsSc1kQQOh0T-g_40.52245046_-79.96312971,997-180-47.824.png,47.824
429_LtahHxH2gsSc1kQQOh0T-g_40.52245046_-79.96312971,997-270-47.824.png,47.824
102_NBW4pKuCwLnXiou23SetAw_43.88628461_-75.44721170,998-0-25.3669.png,25.3669
102_NBW4pKuCwLnXiou23SetAw_43.88628461_-75.44721170,998-90-25.3669.png,25.3669
102_NBW4pKuCwLnXiou23SetAw_43.88628461_-75.44721170,998-180-25.3669.png,25.3669
102_NBW4pKuCwLnXiou23SetAw_43.88628461_-75.44721170,998-270-25.3669.png,25.3669
801_QANVbpS4Kr9Ks0Rtd2S15A_37.12768217_138.06057985,999-0-49.9375.png,49.9375
801_QANVbpS4Kr9Ks0Rtd2S15A_37.12768217_138.06057985,999-90-49.9375.png,49.9375
801_QANVbpS4Kr9Ks0Rtd2S15A_37.12768217_138.06057985,999-180-49.9375.png,49.9375
801_QANVbpS4Kr9Ks0Rtd2S15A_37.12768217_138.06057985,999-270-49.9375.png,49.9375
1843_EoA0FRvNkOrqxGjBnerFew_39.59964723_-8.83303294,1000-0-21.3845.png,21.3845
1843_EoA0FRvNkOrqxGjBnerFew_39.59964723_-8.83303294,1000-90-21.3845.png,21.3845
1843_EoA0FRvNkOrqxGjBnerFew_39.59964723_-8.83303294,1000-180-21.3845.png,21.3845
1843_EoA0FRvNkOrqxGjBnerFew_39.59964723_-8.83303294,1000-270-21.3845.png,21.3845
193_8hEUy9hIHuEHCUPDUR58ww_47.45239180_6.68986091,1001-0-23.6316.png,23.6316
193_8hEUy9hIHuEHCUPDUR58ww_47.45239180_6.68986091,1001-90-23.6316.png,23.6316
193_8hEUy9hIHuEHCUPDUR58ww_47.45239180_6.68986091,1001-180-23.6316.png,23.6316
193_8hEUy9hIHuEHCUPDUR58ww_47.45239180_6.68986091,1001-270-23.6316.png,23.6316
729_pHfMwcCawincySTXLQywIw_44.84717650_0.39104840,1002-0-32.4936.png,32.4936
729_pHfMwcCawincySTXLQywIw_44.84717650_0.39104840,1002-90-32.4936.png,32.4936
729_pHfMwcCawincySTXLQywIw_44.84717650_0.39104840,1002-180-32.4936.png,32.4936
729_pHfMwcCawincySTXLQywIw_44.84717650_0.39104840,1002-270-32.4936.png,32.4936
501_14JLKrtF5rNk_VMiHAOb3A_41.83294017_0.37939877,1003-0-23.5848.png,23.5848
501_14JLKrtF5rNk_VMiHAOb3A_41.83294017_0.37939877,1003-90-23.5848.png,23.5848
501_14JLKrtF5rNk_VMiHAOb3A_41.83294017_0.37939877,1003-180-23.5848.png,23.5848
501_14JLKrtF5rNk_VMiHAOb3A_41.83294017_0.37939877,1003-270-23.5848.png,23.5848
846_gRTRFZdVdENqp3WL-3Ovag_43.71943789_-87.73515176,1004-0-80.8378.png,80.8378
846_gRTRFZdVdENqp3WL-3Ovag_43.71943789_-87.73515176,1004-90-80.8378.png,80.8378
846_gRTRFZdVdENqp3WL-3Ovag_43.71943789_-87.73515176,1004-180-80.8378.png,80.8378
846_gRTRFZdVdENqp3WL-3Ovag_43.71943789_-87.73515176,1004-270-80.8378.png,80.8378
2667_U4VLo4366wg-b8hjW1-XLA_41.28031448_-78.47672897,1005-0-72.2734.png,72.2734
2667_U4VLo4366wg-b8hjW1-XLA_41.28031448_-78.47672897,1005-90-72.2734.png,72.2734
2667_U4VLo4366wg-b8hjW1-XLA_41.28031448_-78.47672897,1005-180-72.2734.png,72.2734
2667_U4VLo4366wg-b8hjW1-XLA_41.28031448_-78.47672897,1005-270-72.2734.png,72.2734
1587_KpQHpQasaKrYIx17UrdmNQ_23.93589504_120.54122367,1006-0-38.2044.png,38.2044
1587_KpQHpQasaKrYIx17UrdmNQ_23.93589504_120.54122367,1006-90-38.2044.png,38.2044
1587_KpQHpQasaKrYIx17UrdmNQ_23.93589504_120.54122367,1006-180-38.2044.png,38.2044
1587_KpQHpQasaKrYIx17UrdmNQ_23.93589504_120.54122367,1006-270-38.2044.png,38.2044
195_vQZcl6XWgGAJ-rz4UCBolw_46.67961074_-119.91706401,1007-0-28.8243.png,28.8243
195_vQZcl6XWgGAJ-rz4UCBolw_46.67961074_-119.91706401,1007-90-28.8243.png,28.8243
195_vQZcl6XWgGAJ-rz4UCBolw_46.67961074_-119.91706401,1007-180-28.8243.png,28.8243
195_vQZcl6XWgGAJ-rz4UCBolw_46.67961074_-119.91706401,1007-270-28.8243.png,28.8243
727_4q4rpW2NrXMZblZw0HFt2Q_39.09752698_-84.65823426,1008-0-22.512.png,22.512
727_4q4rpW2NrXMZblZw0HFt2Q_39.09752698_-84.65823426,1008-90-22.512.png,22.512
727_4q4rpW2NrXMZblZw0HFt2Q_39.09752698_-84.65823426,1008-180-22.512.png,22.512
727_4q4rpW2NrXMZblZw0HFt2Q_39.09752698_-84.65823426,1008-270-22.512.png,22.512
2482_mC6a28hLouVcG4NbHx9bRQ_-32.38782006_150.68931915,1009-0-41.8039.png,41.8039
2482_mC6a28hLouVcG4NbHx9bRQ_-32.38782006_150.68931915,1009-90-41.8039.png,41.8039
2482_mC6a28hLouVcG4NbHx9bRQ_-32.38782006_150.68931915,1009-180-41.8039.png,41.8039
2482_mC6a28hLouVcG4NbHx9bRQ_-32.38782006_150.68931915,1009-270-41.8039.png,41.8039
201_ll97o3PK3_Z2zTE4KFrCfw_35.82995942_-90.17792407,1010-0-52.3753.png,52.3753
201_ll97o3PK3_Z2zTE4KFrCfw_35.82995942_-90.17792407,1010-90-52.3753.png,52.3753
201_ll97o3PK3_Z2zTE4KFrCfw_35.82995942_-90.17792407,1010-180-52.3753.png,52.3753
201_ll97o3PK3_Z2zTE4KFrCfw_35.82995942_-90.17792407,1010-270-52.3753.png,52.3753
1205_ozM80sTxFcJZOLar91n8wg_-36.82818346_174.79026805,1011-0-21.7812.png,21.7812
1205_ozM80sTxFcJZOLar91n8wg_-36.82818346_174.79026805,1011-90-21.7812.png,21.7812
1205_ozM80sTxFcJZOLar91n8wg_-36.82818346_174.79026805,1011-180-21.7812.png,21.7812
1205_ozM80sTxFcJZOLar91n8wg_-36.82818346_174.79026805,1011-270-21.7812.png,21.7812
1756_4hWT6Wrk_2NRNSJXsiEWSg_6.55223620_101.34482036,1012-0-80.8785.png,80.8785
1756_4hWT6Wrk_2NRNSJXsiEWSg_6.55223620_101.34482036,1012-90-80.8785.png,80.8785
1756_4hWT6Wrk_2NRNSJXsiEWSg_6.55223620_101.34482036,1012-180-80.8785.png,80.8785
1756_4hWT6Wrk_2NRNSJXsiEWSg_6.55223620_101.34482036,1012-270-80.8785.png,80.8785
157_VBd6YpE6TKcswQQKhbKt6g_45.36675607_-63.31531155,1013-0-61.4338.png,61.4338
157_VBd6YpE6TKcswQQKhbKt6g_45.36675607_-63.31531155,1013-90-61.4338.png,61.4338
157_VBd6YpE6TKcswQQKhbKt6g_45.36675607_-63.31531155,1013-180-61.4338.png,61.4338
157_VBd6YpE6TKcswQQKhbKt6g_45.36675607_-63.31531155,1013-270-61.4338.png,61.4338
661_eDSlIJNI6jaSQC2La1tKhw_-31.00880285_-62.66746089,1014-0-21.1166.png,21.1166
661_eDSlIJNI6jaSQC2La1tKhw_-31.00880285_-62.66746089,1014-90-21.1166.png,21.1166
661_eDSlIJNI6jaSQC2La1tKhw_-31.00880285_-62.66746089,1014-180-21.1166.png,21.1166
661_eDSlIJNI6jaSQC2La1tKhw_-31.00880285_-62.66746089,1014-270-21.1166.png,21.1166
1837_Wnb0PTzIZp9cMcDAkE-UgA_43.25866384_-82.81697456,1015-0-43.8499.png,43.8499
1837_Wnb0PTzIZp9cMcDAkE-UgA_43.25866384_-82.81697456,1015-90-43.8499.png,43.8499
1837_Wnb0PTzIZp9cMcDAkE-UgA_43.25866384_-82.81697456,1015-180-43.8499.png,43.8499
1837_Wnb0PTzIZp9cMcDAkE-UgA_43.25866384_-82.81697456,1015-270-43.8499.png,43.8499
2144_Cb_RDa9xcuRa6dS5m5I7aQ_48.69599416_-0.61543952,1016-0-18.5642.png,18.5642
2144_Cb_RDa9xcuRa6dS5m5I7aQ_48.69599416_-0.61543952,1016-90-18.5642.png,18.5642
2144_Cb_RDa9xcuRa6dS5m5I7aQ_48.69599416_-0.61543952,1016-180-18.5642.png,18.5642
2144_Cb_RDa9xcuRa6dS5m5I7aQ_48.69599416_-0.61543952,1016-270-18.5642.png,18.5642
2101_9codcCKn6ojXfavVs1GGlA_60.55224501_14.35193951,1017-0-11.4036.png,11.4036
2101_9codcCKn6ojXfavVs1GGlA_60.55224501_14.35193951,1017-90-11.4036.png,11.4036
2101_9codcCKn6ojXfavVs1GGlA_60.55224501_14.35193951,1017-180-11.4036.png,11.4036
2101_9codcCKn6ojXfavVs1GGlA_60.55224501_14.35193951,1017-270-11.4036.png,11.4036
2617_6WCOeIx1pUDN-_WYpF2l0Q_13.18009865_80.30631828,1018-0-32.8761.png,32.8761
2617_6WCOeIx1pUDN-_WYpF2l0Q_13.18009865_80.30631828,1018-90-32.8761.png,32.8761
2617_6WCOeIx1pUDN-_WYpF2l0Q_13.18009865_80.30631828,1018-180-32.8761.png,32.8761
2617_6WCOeIx1pUDN-_WYpF2l0Q_13.18009865_80.30631828,1018-270-32.8761.png,32.8761
328_KnD7M_yWIFuI_rNiELFzew_43.29967772_24.35044485,1019-0-30.4071.png,30.4071
328_KnD7M_yWIFuI_rNiELFzew_43.29967772_24.35044485,1019-90-30.4071.png,30.4071
328_KnD7M_yWIFuI_rNiELFzew_43.29967772_24.35044485,1019-180-30.4071.png,30.4071
328_KnD7M_yWIFuI_rNiELFzew_43.29967772_24.35044485,1019-270-30.4071.png,30.4071
858_fdvhBh8p32sdBucOYbKYWg_51.09993253_2.99924894,1020-0-36.1801.png,36.1801
858_fdvhBh8p32sdBucOYbKYWg_51.09993253_2.99924894,1020-90-36.1801.png,36.1801
858_fdvhBh8p32sdBucOYbKYWg_51.09993253_2.99924894,1020-180-36.1801.png,36.1801
858_fdvhBh8p32sdBucOYbKYWg_51.09993253_2.99924894,1020-270-36.1801.png,36.1801
783_wFIxqfcWgy2mnV10dsVZJA_51.45467358_0.52401710,1021-0-59.325.png,59.325
783_wFIxqfcWgy2mnV10dsVZJA_51.45467358_0.52401710,1021-90-59.325.png,59.325
783_wFIxqfcWgy2mnV10dsVZJA_51.45467358_0.52401710,1021-180-59.325.png,59.325
783_wFIxqfcWgy2mnV10dsVZJA_51.45467358_0.52401710,1021-270-59.325.png,59.325
1460_2TK_ufASogg21JZ0pf50UA_10.48235979_8.59614559,1022-0-58.5509.png,58.5509
1460_2TK_ufASogg21JZ0pf50UA_10.48235979_8.59614559,1022-90-58.5509.png,58.5509
1460_2TK_ufASogg21JZ0pf50UA_10.48235979_8.59614559,1022-180-58.5509.png,58.5509
1460_2TK_ufASogg21JZ0pf50UA_10.48235979_8.59614559,1022-270-58.5509.png,58.5509
137_mSUItSNG8WGbK7Og7IGMJA_22.03038944_82.62237553,1023-0-39.922.png,39.922
137_mSUItSNG8WGbK7Og7IGMJA_22.03038944_82.62237553,1023-90-39.922.png,39.922
137_mSUItSNG8WGbK7Og7IGMJA_22.03038944_82.62237553,1023-180-39.922.png,39.922
137_mSUItSNG8WGbK7Og7IGMJA_22.03038944_82.62237553,1023-270-39.922.png,39.922
429_TypExoB5v70NpJI6svGP2Q_-28.96119150_153.46304837,1024-0-17.6485.png,17.6485
429_TypExoB5v70NpJI6svGP2Q_-28.96119150_153.46304837,1024-90-17.6485.png,17.6485
429_TypExoB5v70NpJI6svGP2Q_-28.96119150_153.46304837,1024-180-17.6485.png,17.6485
429_TypExoB5v70NpJI6svGP2Q_-28.96119150_153.46304837,1024-270-17.6485.png,17.6485
111_Ryg7XnzobKlB1GLGqQlLbw_50.05772096_15.48715433,1025-0-66.1662.png,66.1662
111_Ryg7XnzobKlB1GLGqQlLbw_50.05772096_15.48715433,1025-90-66.1662.png,66.1662
111_Ryg7XnzobKlB1GLGqQlLbw_50.05772096_15.48715433,1025-180-66.1662.png,66.1662
111_Ryg7XnzobKlB1GLGqQlLbw_50.05772096_15.48715433,1025-270-66.1662.png,66.1662
945_jxGYmhF3zsP64xSHhZ0fWg_27.26400648_74.98878511,1026-0-44.7921.png,44.7921
945_jxGYmhF3zsP64xSHhZ0fWg_27.26400648_74.98878511,1026-90-44.7921.png,44.7921
945_jxGYmhF3zsP64xSHhZ0fWg_27.26400648_74.98878511,1026-180-44.7921.png,44.7921
945_jxGYmhF3zsP64xSHhZ0fWg_27.26400648_74.98878511,1026-270-44.7921.png,44.7921
578_DItThUThq_IgTtBXoj9u2g_45.86890103_15.51924305,1027-0-28.563.png,28.563
578_DItThUThq_IgTtBXoj9u2g_45.86890103_15.51924305,1027-90-28.563.png,28.563
578_DItThUThq_IgTtBXoj9u2g_45.86890103_15.51924305,1027-180-28.563.png,28.563
578_DItThUThq_IgTtBXoj9u2g_45.86890103_15.51924305,1027-270-28.563.png,28.563
1435_rNmoACsXxE3Aoj6l2A9w3g_62.89463502_7.67243570,1028-0-39.2891.png,39.2891
1435_rNmoACsXxE3Aoj6l2A9w3g_62.89463502_7.67243570,1028-90-39.2891.png,39.2891
1435_rNmoACsXxE3Aoj6l2A9w3g_62.89463502_7.67243570,1028-180-39.2891.png,39.2891
1435_rNmoACsXxE3Aoj6l2A9w3g_62.89463502_7.67243570,1028-270-39.2891.png,39.2891
1783_aMFHS6kWzdHlhqroLFqWtw_1.31422285_103.93638175,1029-0-47.9821.png,47.9821
1783_aMFHS6kWzdHlhqroLFqWtw_1.31422285_103.93638175,1029-90-47.9821.png,47.9821
1783_aMFHS6kWzdHlhqroLFqWtw_1.31422285_103.93638175,1029-180-47.9821.png,47.9821
1783_aMFHS6kWzdHlhqroLFqWtw_1.31422285_103.93638175,1029-270-47.9821.png,47.9821
2010_HJ8nw61ih8FdI5PpjeDfng_40.41482233_29.18347223,1030-0-24.4718.png,24.4718
2010_HJ8nw61ih8FdI5PpjeDfng_40.41482233_29.18347223,1030-90-24.4718.png,24.4718
2010_HJ8nw61ih8FdI5PpjeDfng_40.41482233_29.18347223,1030-180-24.4718.png,24.4718
2010_HJ8nw61ih8FdI5PpjeDfng_40.41482233_29.18347223,1030-270-24.4718.png,24.4718
599_ZtHhMSszRlqA1r329fkNHA_51.75002039_22.17306816,1031-0-77.0448.png,77.0448
599_ZtHhMSszRlqA1r329fkNHA_51.75002039_22.17306816,1031-90-77.0448.png,77.0448
599_ZtHhMSszRlqA1r329fkNHA_51.75002039_22.17306816,1031-180-77.0448.png,77.0448
599_ZtHhMSszRlqA1r329fkNHA_51.75002039_22.17306816,1031-270-77.0448.png,77.0448
2020_VFmzP8H2Tpz39eZVE-0kwg_42.48166677_-72.12849069,1032-0-75.4848.png,75.4848
2020_VFmzP8H2Tpz39eZVE-0kwg_42.48166677_-72.12849069,1032-90-75.4848.png,75.4848
2020_VFmzP8H2Tpz39eZVE-0kwg_42.48166677_-72.12849069,1032-180-75.4848.png,75.4848
2020_VFmzP8H2Tpz39eZVE-0kwg_42.48166677_-72.12849069,1032-270-75.4848.png,75.4848
60_AA0c9rmUDJ-XVHKXaHmhbQ_45.02754750_8.26627418,1033-0-47.5273.png,47.5273
60_AA0c9rmUDJ-XVHKXaHmhbQ_45.02754750_8.26627418,1033-90-47.5273.png,47.5273
60_AA0c9rmUDJ-XVHKXaHmhbQ_45.02754750_8.26627418,1033-180-47.5273.png,47.5273
60_AA0c9rmUDJ-XVHKXaHmhbQ_45.02754750_8.26627418,1033-270-47.5273.png,47.5273
1445_k90J5Uek7gN_bm4Z5Wifvw_-17.39956920_-63.83342178,1034-0-13.2058.png,13.2058
1445_k90J5Uek7gN_bm4Z5Wifvw_-17.39956920_-63.83342178,1034-90-13.2058.png,13.2058
1445_k90J5Uek7gN_bm4Z5Wifvw_-17.39956920_-63.83342178,1034-180-13.2058.png,13.2058
1445_k90J5Uek7gN_bm4Z5Wifvw_-17.39956920_-63.83342178,1034-270-13.2058.png,13.2058
1610_fv-ZuzwYM0ZYtmZgTmIkWQ_42.67169757_-5.18277738,1035-0-28.1527.png,28.1527
1610_fv-ZuzwYM0ZYtmZgTmIkWQ_42.67169757_-5.18277738,1035-90-28.1527.png,28.1527
1610_fv-ZuzwYM0ZYtmZgTmIkWQ_42.67169757_-5.18277738,1035-180-28.1527.png,28.1527
1610_fv-ZuzwYM0ZYtmZgTmIkWQ_42.67169757_-5.18277738,1035-270-28.1527.png,28.1527
304_I5RWTM3EvkCvg7zLlNkrdQ_56.13322047_9.06106664,1036-0-33.3869.png,33.3869
304_I5RWTM3EvkCvg7zLlNkrdQ_56.13322047_9.06106664,1036-90-33.3869.png,33.3869
304_I5RWTM3EvkCvg7zLlNkrdQ_56.13322047_9.06106664,1036-180-33.3869.png,33.3869
304_I5RWTM3EvkCvg7zLlNkrdQ_56.13322047_9.06106664,1036-270-33.3869.png,33.3869
154_QvoFeSg_NvKoR7j6FfMsvQ_33.55185095_133.46108244,1037-0-17.8032.png,17.8032
154_QvoFeSg_NvKoR7j6FfMsvQ_33.55185095_133.46108244,1037-90-17.8032.png,17.8032
154_QvoFeSg_NvKoR7j6FfMsvQ_33.55185095_133.46108244,1037-180-17.8032.png,17.8032
154_QvoFeSg_NvKoR7j6FfMsvQ_33.55185095_133.46108244,1037-270-17.8032.png,17.8032
2960_PHy-KV57PZD027GJ8LOoKQ_45.26274280_-94.12427694,1038-0-45.7531.png,45.7531
2960_PHy-KV57PZD027GJ8LOoKQ_45.26274280_-94.12427694,1038-90-45.7531.png,45.7531
2960_PHy-KV57PZD027GJ8LOoKQ_45.26274280_-94.12427694,1038-180-45.7531.png,45.7531
2960_PHy-KV57PZD027GJ8LOoKQ_45.26274280_-94.12427694,1038-270-45.7531.png,45.7531
1169_ictckD9bcendrROpkhHUBQ_27.49531005_-82.71085548,1039-0-47.7449.png,47.7449
1169_ictckD9bcendrROpkhHUBQ_27.49531005_-82.71085548,1039-90-47.7449.png,47.7449
1169_ictckD9bcendrROpkhHUBQ_27.49531005_-82.71085548,1039-180-47.7449.png,47.7449
1169_ictckD9bcendrROpkhHUBQ_27.49531005_-82.71085548,1039-270-47.7449.png,47.7449
1526_9LH2vRcUsMftgdjDm0hiQg_1.32102761_103.81353667,1040-0-36.9549.png,36.9549
1526_9LH2vRcUsMftgdjDm0hiQg_1.32102761_103.81353667,1040-90-36.9549.png,36.9549
1526_9LH2vRcUsMftgdjDm0hiQg_1.32102761_103.81353667,1040-180-36.9549.png,36.9549
1526_9LH2vRcUsMftgdjDm0hiQg_1.32102761_103.81353667,1040-270-36.9549.png,36.9549
379_-uxOW5cE6m7XKMJhbscBwg_-32.07717924_133.48403288,1041-0-17.0086.png,17.0086
379_-uxOW5cE6m7XKMJhbscBwg_-32.07717924_133.48403288,1041-90-17.0086.png,17.0086
379_-uxOW5cE6m7XKMJhbscBwg_-32.07717924_133.48403288,1041-180-17.0086.png,17.0086
379_-uxOW5cE6m7XKMJhbscBwg_-32.07717924_133.48403288,1041-270-17.0086.png,17.0086
754_t6t70NdqRytiiatCw_ZObA_34.23348353_-80.10677794,1042-0-40.6672.png,40.6672
754_t6t70NdqRytiiatCw_ZObA_34.23348353_-80.10677794,1042-90-40.6672.png,40.6672
754_t6t70NdqRytiiatCw_ZObA_34.23348353_-80.10677794,1042-180-40.6672.png,40.6672
754_t6t70NdqRytiiatCw_ZObA_34.23348353_-80.10677794,1042-270-40.6672.png,40.6672
515_d5nVPjEJQZ6NYFdvro6CMg_41.37171205_-82.49364380,1043-0-33.0941.png,33.0941
515_d5nVPjEJQZ6NYFdvro6CMg_41.37171205_-82.49364380,1043-90-33.0941.png,33.0941
515_d5nVPjEJQZ6NYFdvro6CMg_41.37171205_-82.49364380,1043-180-33.0941.png,33.0941
515_d5nVPjEJQZ6NYFdvro6CMg_41.37171205_-82.49364380,1043-270-33.0941.png,33.0941
1935_dnHKbmeLIAIbv6M0cZDprw_33.10020316_139.78312759,1044-0-78.9336.png,78.9336
1935_dnHKbmeLIAIbv6M0cZDprw_33.10020316_139.78312759,1044-90-78.9336.png,78.9336
1935_dnHKbmeLIAIbv6M0cZDprw_33.10020316_139.78312759,1044-180-78.9336.png,78.9336
1935_dnHKbmeLIAIbv6M0cZDprw_33.10020316_139.78312759,1044-270-78.9336.png,78.9336
1272_9JPM9C8AMdLyhl1i4N_E_Q_41.47705554_-1.37416059,1045-0-68.1999.png,68.1999
1272_9JPM9C8AMdLyhl1i4N_E_Q_41.47705554_-1.37416059,1045-90-68.1999.png,68.1999
1272_9JPM9C8AMdLyhl1i4N_E_Q_41.47705554_-1.37416059,1045-180-68.1999.png,68.1999
1272_9JPM9C8AMdLyhl1i4N_E_Q_41.47705554_-1.37416059,1045-270-68.1999.png,68.1999
3159_gOPgltGeZzwhGyyadkr1kg_37.06790036_-96.01475601,1046-0-27.0434.png,27.0434
3159_gOPgltGeZzwhGyyadkr1kg_37.06790036_-96.01475601,1046-90-27.0434.png,27.0434
3159_gOPgltGeZzwhGyyadkr1kg_37.06790036_-96.01475601,1046-180-27.0434.png,27.0434
3159_gOPgltGeZzwhGyyadkr1kg_37.06790036_-96.01475601,1046-270-27.0434.png,27.0434
1129_kp08Ao9ZxkqVjlPs-vsXMw_14.85228200_105.41054229,1047-0-81.7389.png,81.7389
1129_kp08Ao9ZxkqVjlPs-vsXMw_14.85228200_105.41054229,1047-90-81.7389.png,81.7389
1129_kp08Ao9ZxkqVjlPs-vsXMw_14.85228200_105.41054229,1047-180-81.7389.png,81.7389
1129_kp08Ao9ZxkqVjlPs-vsXMw_14.85228200_105.41054229,1047-270-81.7389.png,81.7389
3152_izI-4LGv9Dho2JNG6rEvEg_46.21951975_-66.61238349,1048-0-19.2554.png,19.2554
3152_izI-4LGv9Dho2JNG6rEvEg_46.21951975_-66.61238349,1048-90-19.2554.png,19.2554
3152_izI-4LGv9Dho2JNG6rEvEg_46.21951975_-66.61238349,1048-180-19.2554.png,19.2554
3152_izI-4LGv9Dho2JNG6rEvEg_46.21951975_-66.61238349,1048-270-19.2554.png,19.2554
3356_vexjDrSQymWr-RORen8N7A_-19.75442560_-50.91661340,1049-0-33.5517.png,33.5517
3356_vexjDrSQymWr-RORen8N7A_-19.75442560_-50.91661340,1049-90-33.5517.png,33.5517
3356_vexjDrSQymWr-RORen8N7A_-19.75442560_-50.91661340,1049-180-33.5517.png,33.5517
3356_vexjDrSQymWr-RORen8N7A_-19.75442560_-50.91661340,1049-270-33.5517.png,33.5517
1010_FUz1ZpAgvX1P3JfqcsOEcQ_43.71011725_-82.60973825,1050-0-36.2203.png,36.2203
1010_FUz1ZpAgvX1P3JfqcsOEcQ_43.71011725_-82.60973825,1050-90-36.2203.png,36.2203
1010_FUz1ZpAgvX1P3JfqcsOEcQ_43.71011725_-82.60973825,1050-180-36.2203.png,36.2203
1010_FUz1ZpAgvX1P3JfqcsOEcQ_43.71011725_-82.60973825,1050-270-36.2203.png,36.2203
517_IxLEB13ocpzo2illPZW7cA_25.86850658_88.14308427,1051-0-42.8906.png,42.8906
517_IxLEB13ocpzo2illPZW7cA_25.86850658_88.14308427,1051-90-42.8906.png,42.8906
517_IxLEB13ocpzo2illPZW7cA_25.86850658_88.14308427,1051-180-42.8906.png,42.8906
517_IxLEB13ocpzo2illPZW7cA_25.86850658_88.14308427,1051-270-42.8906.png,42.8906
2509_Af_sFjp_Ah2WJO4q2-AAIQ_33.99940910_-117.04796300,1052-0-32.8935.png,32.8935
2509_Af_sFjp_Ah2WJO4q2-AAIQ_33.99940910_-117.04796300,1052-90-32.8935.png,32.8935
2509_Af_sFjp_Ah2WJO4q2-AAIQ_33.99940910_-117.04796300,1052-180-32.8935.png,32.8935
2509_Af_sFjp_Ah2WJO4q2-AAIQ_33.99940910_-117.04796300,1052-270-32.8935.png,32.8935
2670_c22ZLSFWS61Jtqjch7pyPw_13.67225788_103.71699336,1053-0-22.9847.png,22.9847
2670_c22ZLSFWS61Jtqjch7pyPw_13.67225788_103.71699336,1053-90-22.9847.png,22.9847
2670_c22ZLSFWS61Jtqjch7pyPw_13.67225788_103.71699336,1053-180-22.9847.png,22.9847
2670_c22ZLSFWS61Jtqjch7pyPw_13.67225788_103.71699336,1053-270-22.9847.png,22.9847
656_UL0sRv0MYHb9Zy4OzJ8EWg_50.40737638_4.26977232,1054-0-31.4866.png,31.4866
656_UL0sRv0MYHb9Zy4OzJ8EWg_50.40737638_4.26977232,1054-90-31.4866.png,31.4866
656_UL0sRv0MYHb9Zy4OzJ8EWg_50.40737638_4.26977232,1054-180-31.4866.png,31.4866
656_UL0sRv0MYHb9Zy4OzJ8EWg_50.40737638_4.26977232,1054-270-31.4866.png,31.4866
1346_0msI7mj0WEUIVDSI28Lvxg_30.37866058_-89.08127003,1055-0-24.7367.png,24.7367
1346_0msI7mj0WEUIVDSI28Lvxg_30.37866058_-89.08127003,1055-90-24.7367.png,24.7367
1346_0msI7mj0WEUIVDSI28Lvxg_30.37866058_-89.08127003,1055-180-24.7367.png,24.7367
1346_0msI7mj0WEUIVDSI28Lvxg_30.37866058_-89.08127003,1055-270-24.7367.png,24.7367
2859_giyligGUfTBZTNbS7vrqSQ_-1.29005758_121.19402119,1056-0-84.4104.png,84.4104
2859_giyligGUfTBZTNbS7vrqSQ_-1.29005758_121.19402119,1056-90-84.4104.png,84.4104
2859_giyligGUfTBZTNbS7vrqSQ_-1.29005758_121.19402119,1056-180-84.4104.png,84.4104
2859_giyligGUfTBZTNbS7vrqSQ_-1.29005758_121.19402119,1056-270-84.4104.png,84.4104
750_U58xFz7PTeSYt_2k46LzqQ_52.60854237_-8.91184342,1057-0-63.8422.png,63.8422
750_U58xFz7PTeSYt_2k46LzqQ_52.60854237_-8.91184342,1057-90-63.8422.png,63.8422
750_U58xFz7PTeSYt_2k46LzqQ_52.60854237_-8.91184342,1057-180-63.8422.png,63.8422
750_U58xFz7PTeSYt_2k46LzqQ_52.60854237_-8.91184342,1057-270-63.8422.png,63.8422
569_5iNeRO9nxPMX7hE443mciw_18.00868822_74.77916521,1058-0-45.2003.png,45.2003
569_5iNeRO9nxPMX7hE443mciw_18.00868822_74.77916521,1058-90-45.2003.png,45.2003
569_5iNeRO9nxPMX7hE443mciw_18.00868822_74.77916521,1058-180-45.2003.png,45.2003
569_5iNeRO9nxPMX7hE443mciw_18.00868822_74.77916521,1058-270-45.2003.png,45.2003
1909_rhluwKYKQcWTXMwa7jLqFA_14.81663138_-15.89960529,1059-0-72.7832.png,72.7832
1909_rhluwKYKQcWTXMwa7jLqFA_14.81663138_-15.89960529,1059-90-72.7832.png,72.7832
1909_rhluwKYKQcWTXMwa7jLqFA_14.81663138_-15.89960529,1059-180-72.7832.png,72.7832
1909_rhluwKYKQcWTXMwa7jLqFA_14.81663138_-15.89960529,1059-270-72.7832.png,72.7832
906_al3Ol0RnXZ4ldd1e8mbCUQ_-33.82350290_148.69329133,1060-0-77.9289.png,77.9289
906_al3Ol0RnXZ4ldd1e8mbCUQ_-33.82350290_148.69329133,1060-90-77.9289.png,77.9289
906_al3Ol0RnXZ4ldd1e8mbCUQ_-33.82350290_148.69329133,1060-180-77.9289.png,77.9289
906_al3Ol0RnXZ4ldd1e8mbCUQ_-33.82350290_148.69329133,1060-270-77.9289.png,77.9289
2788_Ocpw789cOo7Vf5gGsA3gRg_68.09664089_16.37523153,1061-0-36.5814.png,36.5814
2788_Ocpw789cOo7Vf5gGsA3gRg_68.09664089_16.37523153,1061-90-36.5814.png,36.5814
2788_Ocpw789cOo7Vf5gGsA3gRg_68.09664089_16.37523153,1061-180-36.5814.png,36.5814
2788_Ocpw789cOo7Vf5gGsA3gRg_68.09664089_16.37523153,1061-270-36.5814.png,36.5814
1718_l1oqwb47KJmKhXjYVBXOWw_37.81929495_128.63265870,1062-0-43.5187.png,43.5187
1718_l1oqwb47KJmKhXjYVBXOWw_37.81929495_128.63265870,1062-90-43.5187.png,43.5187
1718_l1oqwb47KJmKhXjYVBXOWw_37.81929495_128.63265870,1062-180-43.5187.png,43.5187
1718_l1oqwb47KJmKhXjYVBXOWw_37.81929495_128.63265870,1062-270-43.5187.png,43.5187
2176_7h_N1Qso8C-l4JVxGMN35A_-3.58392597_-59.13120111,1063-0-50.859.png,50.859
2176_7h_N1Qso8C-l4JVxGMN35A_-3.58392597_-59.13120111,1063-90-50.859.png,50.859
2176_7h_N1Qso8C-l4JVxGMN35A_-3.58392597_-59.13120111,1063-180-50.859.png,50.859
2176_7h_N1Qso8C-l4JVxGMN35A_-3.58392597_-59.13120111,1063-270-50.859.png,50.859
140_v7hI8sU8XFDwJE_1dGQeNQ_67.96646134_23.66628199,1064-0-43.7698.png,43.7698
140_v7hI8sU8XFDwJE_1dGQeNQ_67.96646134_23.66628199,1064-90-43.7698.png,43.7698
140_v7hI8sU8XFDwJE_1dGQeNQ_67.96646134_23.66628199,1064-180-43.7698.png,43.7698
140_v7hI8sU8XFDwJE_1dGQeNQ_67.96646134_23.66628199,1064-270-43.7698.png,43.7698
1365_ZqcDXUvGcihFRiWEQqD0MA_10.47043894_7.37314059,1065-0-49.9004.png,49.9004
1365_ZqcDXUvGcihFRiWEQqD0MA_10.47043894_7.37314059,1065-90-49.9004.png,49.9004
1365_ZqcDXUvGcihFRiWEQqD0MA_10.47043894_7.37314059,1065-180-49.9004.png,49.9004
1365_ZqcDXUvGcihFRiWEQqD0MA_10.47043894_7.37314059,1065-270-49.9004.png,49.9004
360_BN25i9UPjJNkZ8fkM_bltg_24.84553356_88.56910845,1066-0-32.3893.png,32.3893
360_BN25i9UPjJNkZ8fkM_bltg_24.84553356_88.56910845,1066-90-32.3893.png,32.3893
360_BN25i9UPjJNkZ8fkM_bltg_24.84553356_88.56910845,1066-180-32.3893.png,32.3893
360_BN25i9UPjJNkZ8fkM_bltg_24.84553356_88.56910845,1066-270-32.3893.png,32.3893
2832_1xmv1qP1GyBMzWiX2ph_9A_16.87517513_80.33236615,1067-0-38.9533.png,38.9533
2832_1xmv1qP1GyBMzWiX2ph_9A_16.87517513_80.33236615,1067-90-38.9533.png,38.9533
2832_1xmv1qP1GyBMzWiX2ph_9A_16.87517513_80.33236615,1067-180-38.9533.png,38.9533
2832_1xmv1qP1GyBMzWiX2ph_9A_16.87517513_80.33236615,1067-270-38.9533.png,38.9533
3375_lQfZm7CLi00d26blxbiwKw_49.21673834_-121.08555956,1068-0-63.3459.png,63.3459
3375_lQfZm7CLi00d26blxbiwKw_49.21673834_-121.08555956,1068-90-63.3459.png,63.3459
3375_lQfZm7CLi00d26blxbiwKw_49.21673834_-121.08555956,1068-180-63.3459.png,63.3459
3375_lQfZm7CLi00d26blxbiwKw_49.21673834_-121.08555956,1068-270-63.3459.png,63.3459
1219_7oaC0d5sei_znig87_13Pw_45.76129813_24.82035201,1069-0-33.2509.png,33.2509
1219_7oaC0d5sei_znig87_13Pw_45.76129813_24.82035201,1069-90-33.2509.png,33.2509
1219_7oaC0d5sei_znig87_13Pw_45.76129813_24.82035201,1069-180-33.2509.png,33.2509
1219_7oaC0d5sei_znig87_13Pw_45.76129813_24.82035201,1069-270-33.2509.png,33.2509
458_fFt2BrhrcdU_6Qf-YavVoQ_36.84207939_-76.01315021,1070-0-34.8217.png,34.8217
458_fFt2BrhrcdU_6Qf-YavVoQ_36.84207939_-76.01315021,1070-90-34.8217.png,34.8217
458_fFt2BrhrcdU_6Qf-YavVoQ_36.84207939_-76.01315021,1070-180-34.8217.png,34.8217
458_fFt2BrhrcdU_6Qf-YavVoQ_36.84207939_-76.01315021,1070-270-34.8217.png,34.8217
2772_j_koIVpOp91cAZO9AsjqWA_29.22350902_-13.45228386,1071-0-25.4703.png,25.4703
2772_j_koIVpOp91cAZO9AsjqWA_29.22350902_-13.45228386,1071-90-25.4703.png,25.4703
2772_j_koIVpOp91cAZO9AsjqWA_29.22350902_-13.45228386,1071-180-25.4703.png,25.4703
2772_j_koIVpOp91cAZO9AsjqWA_29.22350902_-13.45228386,1071-270-25.4703.png,25.4703
1124_CsmOnE8AIyEiUP-p-nc44g_0.62615445_34.57959885,1072-0-58.3545.png,58.3545
1124_CsmOnE8AIyEiUP-p-nc44g_0.62615445_34.57959885,1072-90-58.3545.png,58.3545
1124_CsmOnE8AIyEiUP-p-nc44g_0.62615445_34.57959885,1072-180-58.3545.png,58.3545
1124_CsmOnE8AIyEiUP-p-nc44g_0.62615445_34.57959885,1072-270-58.3545.png,58.3545
109_Sqqd1lK1OW29OD0a4xZySg_43.89094717_2.12904542,1073-0-39.2898.png,39.2898
109_Sqqd1lK1OW29OD0a4xZySg_43.89094717_2.12904542,1073-90-39.2898.png,39.2898
109_Sqqd1lK1OW29OD0a4xZySg_43.89094717_2.12904542,1073-180-39.2898.png,39.2898
109_Sqqd1lK1OW29OD0a4xZySg_43.89094717_2.12904542,1073-270-39.2898.png,39.2898
3045_fXLwbRobPzfJszj-l5QzBw_52.50919955_6.09505129,1074-0-45.5711.png,45.5711
3045_fXLwbRobPzfJszj-l5QzBw_52.50919955_6.09505129,1074-90-45.5711.png,45.5711
3045_fXLwbRobPzfJszj-l5QzBw_52.50919955_6.09505129,1074-180-45.5711.png,45.5711
3045_fXLwbRobPzfJszj-l5QzBw_52.50919955_6.09505129,1074-270-45.5711.png,45.5711
1911_JlRvFjTyhiikKTxFlSS-BQ_24.50214591_84.64691770,1075-0-41.2308.png,41.2308
1911_JlRvFjTyhiikKTxFlSS-BQ_24.50214591_84.64691770,1075-90-41.2308.png,41.2308
1911_JlRvFjTyhiikKTxFlSS-BQ_24.50214591_84.64691770,1075-180-41.2308.png,41.2308
1911_JlRvFjTyhiikKTxFlSS-BQ_24.50214591_84.64691770,1075-270-41.2308.png,41.2308
384_TgAC-FYdpy8F8X3dHRAQxQ_51.20196898_19.51354357,1076-0-57.0588.png,57.0588
384_TgAC-FYdpy8F8X3dHRAQxQ_51.20196898_19.51354357,1076-90-57.0588.png,57.0588
384_TgAC-FYdpy8F8X3dHRAQxQ_51.20196898_19.51354357,1076-180-57.0588.png,57.0588
384_TgAC-FYdpy8F8X3dHRAQxQ_51.20196898_19.51354357,1076-270-57.0588.png,57.0588
107_j9lXPLClUMSL25a2VQigmg_57.93023872_56.23611256,1077-0-34.5779.png,34.5779
107_j9lXPLClUMSL25a2VQigmg_57.93023872_56.23611256,1077-90-34.5779.png,34.5779
107_j9lXPLClUMSL25a2VQigmg_57.93023872_56.23611256,1077-180-34.5779.png,34.5779
107_j9lXPLClUMSL25a2VQigmg_57.93023872_56.23611256,1077-270-34.5779.png,34.5779
1239_Ze8jpyhnL2ILUVpAhrIhRw_40.39022346_-3.72176223,1078-0-66.3298.png,66.3298
1239_Ze8jpyhnL2ILUVpAhrIhRw_40.39022346_-3.72176223,1078-90-66.3298.png,66.3298
1239_Ze8jpyhnL2ILUVpAhrIhRw_40.39022346_-3.72176223,1078-180-66.3298.png,66.3298
1239_Ze8jpyhnL2ILUVpAhrIhRw_40.39022346_-3.72176223,1078-270-66.3298.png,66.3298
646_C2cKCWZjshhuD76TUAOf3Q_29.79799186_-98.71461580,1079-0-35.0241.png,35.0241
646_C2cKCWZjshhuD76TUAOf3Q_29.79799186_-98.71461580,1079-90-35.0241.png,35.0241
646_C2cKCWZjshhuD76TUAOf3Q_29.79799186_-98.71461580,1079-180-35.0241.png,35.0241
646_C2cKCWZjshhuD76TUAOf3Q_29.79799186_-98.71461580,1079-270-35.0241.png,35.0241
562_1XVIQ-AlCw62_1LnuRQnzA_50.07033119_14.99011716,1080-0-60.4648.png,60.4648
562_1XVIQ-AlCw62_1LnuRQnzA_50.07033119_14.99011716,1080-90-60.4648.png,60.4648
562_1XVIQ-AlCw62_1LnuRQnzA_50.07033119_14.99011716,1080-180-60.4648.png,60.4648
562_1XVIQ-AlCw62_1LnuRQnzA_50.07033119_14.99011716,1080-270-60.4648.png,60.4648
293_F21k4wUJiOEKyt-XLkdxAw_55.85417468_11.99886151,1081-0-39.6996.png,39.6996
293_F21k4wUJiOEKyt-XLkdxAw_55.85417468_11.99886151,1081-90-39.6996.png,39.6996
293_F21k4wUJiOEKyt-XLkdxAw_55.85417468_11.99886151,1081-180-39.6996.png,39.6996
293_F21k4wUJiOEKyt-XLkdxAw_55.85417468_11.99886151,1081-270-39.6996.png,39.6996
898_sYzJpf8qIxHzlWcv9Q_Vfg_42.39226782_-75.08538693,1082-0-23.4022.png,23.4022
898_sYzJpf8qIxHzlWcv9Q_Vfg_42.39226782_-75.08538693,1082-90-23.4022.png,23.4022
898_sYzJpf8qIxHzlWcv9Q_Vfg_42.39226782_-75.08538693,1082-180-23.4022.png,23.4022
898_sYzJpf8qIxHzlWcv9Q_Vfg_42.39226782_-75.08538693,1082-270-23.4022.png,23.4022
1036_TTvLMqR1sTNIi559GrYzWg_32.66511190_-107.16878780,1083-0-84.1896.png,84.1896
1036_TTvLMqR1sTNIi559GrYzWg_32.66511190_-107.16878780,1083-90-84.1896.png,84.1896
1036_TTvLMqR1sTNIi559GrYzWg_32.66511190_-107.16878780,1083-180-84.1896.png,84.1896
1036_TTvLMqR1sTNIi559GrYzWg_32.66511190_-107.16878780,1083-270-84.1896.png,84.1896
74_fvE_5b20aA9VSqz5cP8VGg_64.75663681_-147.36059830,1084-0-48.8823.png,48.8823
74_fvE_5b20aA9VSqz5cP8VGg_64.75663681_-147.36059830,1084-90-48.8823.png,48.8823
74_fvE_5b20aA9VSqz5cP8VGg_64.75663681_-147.36059830,1084-180-48.8823.png,48.8823
74_fvE_5b20aA9VSqz5cP8VGg_64.75663681_-147.36059830,1084-270-48.8823.png,48.8823
1837_EsipYZx3rkUid2CZQgcwTw_27.31813617_76.54978754,1085-0-35.2868.png,35.2868
1837_EsipYZx3rkUid2CZQgcwTw_27.31813617_76.54978754,1085-90-35.2868.png,35.2868
1837_EsipYZx3rkUid2CZQgcwTw_27.31813617_76.54978754,1085-180-35.2868.png,35.2868
1837_EsipYZx3rkUid2CZQgcwTw_27.31813617_76.54978754,1085-270-35.2868.png,35.2868
743_j1vnqzfm_TQTEUVyQnI2Dg_39.97292867_-2.89827104,1086-0-66.3067.png,66.3067
743_j1vnqzfm_TQTEUVyQnI2Dg_39.97292867_-2.89827104,1086-90-66.3067.png,66.3067
743_j1vnqzfm_TQTEUVyQnI2Dg_39.97292867_-2.89827104,1086-180-66.3067.png,66.3067
743_j1vnqzfm_TQTEUVyQnI2Dg_39.97292867_-2.89827104,1086-270-66.3067.png,66.3067
715_D6ox_nuBox7874Ae96F7pg_-27.60888000_-61.34493092,1087-0-58.7582.png,58.7582
715_D6ox_nuBox7874Ae96F7pg_-27.60888000_-61.34493092,1087-90-58.7582.png,58.7582
715_D6ox_nuBox7874Ae96F7pg_-27.60888000_-61.34493092,1087-180-58.7582.png,58.7582
715_D6ox_nuBox7874Ae96F7pg_-27.60888000_-61.34493092,1087-270-58.7582.png,58.7582
3134_QVXy4YgCCe5ut-H0wSu2Bg_38.07939443_-91.08630851,1088-0-47.1927.png,47.1927
3134_QVXy4YgCCe5ut-H0wSu2Bg_38.07939443_-91.08630851,1088-90-47.1927.png,47.1927
3134_QVXy4YgCCe5ut-H0wSu2Bg_38.07939443_-91.08630851,1088-180-47.1927.png,47.1927
3134_QVXy4YgCCe5ut-H0wSu2Bg_38.07939443_-91.08630851,1088-270-47.1927.png,47.1927
2233_3Sqi23R6bh6IF8_g8xnJ5w_10.14679142_78.79388853,1089-0-38.6938.png,38.6938
2233_3Sqi23R6bh6IF8_g8xnJ5w_10.14679142_78.79388853,1089-90-38.6938.png,38.6938
2233_3Sqi23R6bh6IF8_g8xnJ5w_10.14679142_78.79388853,1089-180-38.6938.png,38.6938
2233_3Sqi23R6bh6IF8_g8xnJ5w_10.14679142_78.79388853,1089-270-38.6938.png,38.6938
1133__xLxiUru_r0ia9VdkTyJ3g_24.72834763_121.73040216,1090-0-71.383.png,71.383
1133__xLxiUru_r0ia9VdkTyJ3g_24.72834763_121.73040216,1090-90-71.383.png,71.383
1133__xLxiUru_r0ia9VdkTyJ3g_24.72834763_121.73040216,1090-180-71.383.png,71.383
1133__xLxiUru_r0ia9VdkTyJ3g_24.72834763_121.73040216,1090-270-71.383.png,71.383
715_-MjWDpsnaXYiCbYevMsQiA_53.51983597_11.07537585,1091-0-48.3284.png,48.3284
715_-MjWDpsnaXYiCbYevMsQiA_53.51983597_11.07537585,1091-90-48.3284.png,48.3284
715_-MjWDpsnaXYiCbYevMsQiA_53.51983597_11.07537585,1091-180-48.3284.png,48.3284
715_-MjWDpsnaXYiCbYevMsQiA_53.51983597_11.07537585,1091-270-48.3284.png,48.3284
1699_yqtjmv-jqMWw5esLk7laYg_36.48150206_-93.90600026,1092-0-14.605.png,14.605
1699_yqtjmv-jqMWw5esLk7laYg_36.48150206_-93.90600026,1092-90-14.605.png,14.605
1699_yqtjmv-jqMWw5esLk7laYg_36.48150206_-93.90600026,1092-180-14.605.png,14.605
1699_yqtjmv-jqMWw5esLk7laYg_36.48150206_-93.90600026,1092-270-14.605.png,14.605
636_bNLUANNW-TtFQAtpJYMnWQ_52.03336906_4.71702410,1093-0-38.2869.png,38.2869
636_bNLUANNW-TtFQAtpJYMnWQ_52.03336906_4.71702410,1093-90-38.2869.png,38.2869
636_bNLUANNW-TtFQAtpJYMnWQ_52.03336906_4.71702410,1093-180-38.2869.png,38.2869
636_bNLUANNW-TtFQAtpJYMnWQ_52.03336906_4.71702410,1093-270-38.2869.png,38.2869
2178_oWR-FXxI8zyf5EIN6OhaCA_50.65974059_1.73622657,1094-0-57.1758.png,57.1758
2178_oWR-FXxI8zyf5EIN6OhaCA_50.65974059_1.73622657,1094-90-57.1758.png,57.1758
2178_oWR-FXxI8zyf5EIN6OhaCA_50.65974059_1.73622657,1094-180-57.1758.png,57.1758
2178_oWR-FXxI8zyf5EIN6OhaCA_50.65974059_1.73622657,1094-270-57.1758.png,57.1758
2443_6-dJRoMEEUcE14UOk3xhJw_-38.55674482_176.04477185,1095-0-18.9731.png,18.9731
2443_6-dJRoMEEUcE14UOk3xhJw_-38.55674482_176.04477185,1095-90-18.9731.png,18.9731
2443_6-dJRoMEEUcE14UOk3xhJw_-38.55674482_176.04477185,1095-180-18.9731.png,18.9731
2443_6-dJRoMEEUcE14UOk3xhJw_-38.55674482_176.04477185,1095-270-18.9731.png,18.9731
2816_9QV95EGUE8kBqJsRlBZLzw_42.02430436_-79.69587187,1096-0-24.3176.png,24.3176
2816_9QV95EGUE8kBqJsRlBZLzw_42.02430436_-79.69587187,1096-90-24.3176.png,24.3176
2816_9QV95EGUE8kBqJsRlBZLzw_42.02430436_-79.69587187,1096-180-24.3176.png,24.3176
2816_9QV95EGUE8kBqJsRlBZLzw_42.02430436_-79.69587187,1096-270-24.3176.png,24.3176
991_K5Y4lcMBZAGPgq51rnQHnw_32.71199503_-117.05035096,1097-0-49.7101.png,49.7101
991_K5Y4lcMBZAGPgq51rnQHnw_32.71199503_-117.05035096,1097-90-49.7101.png,49.7101
991_K5Y4lcMBZAGPgq51rnQHnw_32.71199503_-117.05035096,1097-180-49.7101.png,49.7101
991_K5Y4lcMBZAGPgq51rnQHnw_32.71199503_-117.05035096,1097-270-49.7101.png,49.7101
84_uIhbVZG-4uM1hs4KVvhLJA_-40.13897092_176.53571807,1098-0-16.3968.png,16.3968
84_uIhbVZG-4uM1hs4KVvhLJA_-40.13897092_176.53571807,1098-90-16.3968.png,16.3968
84_uIhbVZG-4uM1hs4KVvhLJA_-40.13897092_176.53571807,1098-180-16.3968.png,16.3968
84_uIhbVZG-4uM1hs4KVvhLJA_-40.13897092_176.53571807,1098-270-16.3968.png,16.3968
2066_unGEQTC63IoEBFLnMlSxDg_35.39781307_-97.53900798,1099-0-16.0069.png,16.0069
2066_unGEQTC63IoEBFLnMlSxDg_35.39781307_-97.53900798,1099-90-16.0069.png,16.0069
2066_unGEQTC63IoEBFLnMlSxDg_35.39781307_-97.53900798,1099-180-16.0069.png,16.0069
2066_unGEQTC63IoEBFLnMlSxDg_35.39781307_-97.53900798,1099-270-16.0069.png,16.0069
1716_l-OXN80gm3o4-diuuzXZBg_33.94759628_-78.22663633,1100-0-39.4324.png,39.4324
1716_l-OXN80gm3o4-diuuzXZBg_33.94759628_-78.22663633,1100-90-39.4324.png,39.4324
1716_l-OXN80gm3o4-diuuzXZBg_33.94759628_-78.22663633,1100-180-39.4324.png,39.4324
1716_l-OXN80gm3o4-diuuzXZBg_33.94759628_-78.22663633,1100-270-39.4324.png,39.4324
630_w2u1YEDTXs1JMFw5N3kfWg_38.08354286_-99.88810634,1101-0-22.8984.png,22.8984
630_w2u1YEDTXs1JMFw5N3kfWg_38.08354286_-99.88810634,1101-90-22.8984.png,22.8984
630_w2u1YEDTXs1JMFw5N3kfWg_38.08354286_-99.88810634,1101-180-22.8984.png,22.8984
630_w2u1YEDTXs1JMFw5N3kfWg_38.08354286_-99.88810634,1101-270-22.8984.png,22.8984
257_n5Ojao2Erwcio2G2SGNnRw_22.74247497_-103.04470848,1102-0-55.1498.png,55.1498
257_n5Ojao2Erwcio2G2SGNnRw_22.74247497_-103.04470848,1102-90-55.1498.png,55.1498
257_n5Ojao2Erwcio2G2SGNnRw_22.74247497_-103.04470848,1102-180-55.1498.png,55.1498
257_n5Ojao2Erwcio2G2SGNnRw_22.74247497_-103.04470848,1102-270-55.1498.png,55.1498
876_z-hDIKTU1qNQq-zrX_kirg_51.21891425_4.12366003,1103-0-48.48.png,48.48
876_z-hDIKTU1qNQq-zrX_kirg_51.21891425_4.12366003,1103-90-48.48.png,48.48
876_z-hDIKTU1qNQq-zrX_kirg_51.21891425_4.12366003,1103-180-48.48.png,48.48
876_z-hDIKTU1qNQq-zrX_kirg_51.21891425_4.12366003,1103-270-48.48.png,48.48
1827_VddsBXQHbyL-qouaGuVzBg_23.86651996_121.50026704,1104-0-44.0684.png,44.0684
1827_VddsBXQHbyL-qouaGuVzBg_23.86651996_121.50026704,1104-90-44.0684.png,44.0684
1827_VddsBXQHbyL-qouaGuVzBg_23.86651996_121.50026704,1104-180-44.0684.png,44.0684
1827_VddsBXQHbyL-qouaGuVzBg_23.86651996_121.50026704,1104-270-44.0684.png,44.0684
403_boCJ0_fLDq1V96S7uRqjAg_51.93654015_1.27844026,1105-0-51.1872.png,51.1872
403_boCJ0_fLDq1V96S7uRqjAg_51.93654015_1.27844026,1105-90-51.1872.png,51.1872
403_boCJ0_fLDq1V96S7uRqjAg_51.93654015_1.27844026,1105-180-51.1872.png,51.1872
403_boCJ0_fLDq1V96S7uRqjAg_51.93654015_1.27844026,1105-270-51.1872.png,51.1872
76_1VwvTsMIRTo8R7qmat5Rcw_61.45348726_21.71727924,1106-0-57.7121.png,57.7121
76_1VwvTsMIRTo8R7qmat5Rcw_61.45348726_21.71727924,1106-90-57.7121.png,57.7121
76_1VwvTsMIRTo8R7qmat5Rcw_61.45348726_21.71727924,1106-180-57.7121.png,57.7121
76_1VwvTsMIRTo8R7qmat5Rcw_61.45348726_21.71727924,1106-270-57.7121.png,57.7121
529_Ymh4cdAOEMY_uF0yL5IZYQ_43.12874647_10.68143170,1107-0-9.2956.png,9.2956
529_Ymh4cdAOEMY_uF0yL5IZYQ_43.12874647_10.68143170,1107-90-9.2956.png,9.2956
529_Ymh4cdAOEMY_uF0yL5IZYQ_43.12874647_10.68143170,1107-180-9.2956.png,9.2956
529_Ymh4cdAOEMY_uF0yL5IZYQ_43.12874647_10.68143170,1107-270-9.2956.png,9.2956
547_bhHMwxQQ8cQqEZWI2mTKNg_15.83626468_74.50409843,1108-0-68.762.png,68.762
547_bhHMwxQQ8cQqEZWI2mTKNg_15.83626468_74.50409843,1108-90-68.762.png,68.762
547_bhHMwxQQ8cQqEZWI2mTKNg_15.83626468_74.50409843,1108-180-68.762.png,68.762
547_bhHMwxQQ8cQqEZWI2mTKNg_15.83626468_74.50409843,1108-270-68.762.png,68.762
470_mI-l14Tqn_dna3AAHiWLyA_-23.74287746_-49.89010621,1109-0-36.961.png,36.961
470_mI-l14Tqn_dna3AAHiWLyA_-23.74287746_-49.89010621,1109-90-36.961.png,36.961
470_mI-l14Tqn_dna3AAHiWLyA_-23.74287746_-49.89010621,1109-180-36.961.png,36.961
470_mI-l14Tqn_dna3AAHiWLyA_-23.74287746_-49.89010621,1109-270-36.961.png,36.961
3391_o952E6yuPjQa0CD0EcKLcQ_50.86051679_0.56005013,1110-0-44.3509.png,44.3509
3391_o952E6yuPjQa0CD0EcKLcQ_50.86051679_0.56005013,1110-90-44.3509.png,44.3509
3391_o952E6yuPjQa0CD0EcKLcQ_50.86051679_0.56005013,1110-180-44.3509.png,44.3509
3391_o952E6yuPjQa0CD0EcKLcQ_50.86051679_0.56005013,1110-270-44.3509.png,44.3509
859_0i4ZeAbf8OAw9TCRTxw0og_15.73856866_-96.78559163,1111-0-24.1099.png,24.1099
859_0i4ZeAbf8OAw9TCRTxw0og_15.73856866_-96.78559163,1111-90-24.1099.png,24.1099
859_0i4ZeAbf8OAw9TCRTxw0og_15.73856866_-96.78559163,1111-180-24.1099.png,24.1099
859_0i4ZeAbf8OAw9TCRTxw0og_15.73856866_-96.78559163,1111-270-24.1099.png,24.1099
59_5R5Z_rlvoL94D4ULMA_66A_46.77082201_-88.44052533,1112-0-34.0583.png,34.0583
59_5R5Z_rlvoL94D4ULMA_66A_46.77082201_-88.44052533,1112-90-34.0583.png,34.0583
59_5R5Z_rlvoL94D4ULMA_66A_46.77082201_-88.44052533,1112-180-34.0583.png,34.0583
59_5R5Z_rlvoL94D4ULMA_66A_46.77082201_-88.44052533,1112-270-34.0583.png,34.0583
1054_UdVis1Vj6gdvd05WGmlebg_37.10055192_-92.56361595,1113-0-35.1514.png,35.1514
1054_UdVis1Vj6gdvd05WGmlebg_37.10055192_-92.56361595,1113-90-35.1514.png,35.1514
1054_UdVis1Vj6gdvd05WGmlebg_37.10055192_-92.56361595,1113-180-35.1514.png,35.1514
1054_UdVis1Vj6gdvd05WGmlebg_37.10055192_-92.56361595,1113-270-35.1514.png,35.1514
520_SrvgS1B-5pg_vxhtO_4w1A_-31.10712403_-71.11191389,1114-0-7.7252.png,7.7252
520_SrvgS1B-5pg_vxhtO_4w1A_-31.10712403_-71.11191389,1114-90-7.7252.png,7.7252
520_SrvgS1B-5pg_vxhtO_4w1A_-31.10712403_-71.11191389,1114-180-7.7252.png,7.7252
520_SrvgS1B-5pg_vxhtO_4w1A_-31.10712403_-71.11191389,1114-270-7.7252.png,7.7252
1187_-qR6O2AP3xZE6UbefCIvHA_57.05821149_9.21074214,1115-0-63.2713.png,63.2713
1187_-qR6O2AP3xZE6UbefCIvHA_57.05821149_9.21074214,1115-90-63.2713.png,63.2713
1187_-qR6O2AP3xZE6UbefCIvHA_57.05821149_9.21074214,1115-180-63.2713.png,63.2713
1187_-qR6O2AP3xZE6UbefCIvHA_57.05821149_9.21074214,1115-270-63.2713.png,63.2713
495_W65e908Gwn8U-aElXzCHBg_22.75060996_-102.75792234,1116-0-56.5967.png,56.5967
495_W65e908Gwn8U-aElXzCHBg_22.75060996_-102.75792234,1116-90-56.5967.png,56.5967
495_W65e908Gwn8U-aElXzCHBg_22.75060996_-102.75792234,1116-180-56.5967.png,56.5967
495_W65e908Gwn8U-aElXzCHBg_22.75060996_-102.75792234,1116-270-56.5967.png,56.5967
578_knp_Lmvz1Steijd8hWGkOA_51.41121277_20.59132769,1117-0-86.8794.png,86.8794
578_knp_Lmvz1Steijd8hWGkOA_51.41121277_20.59132769,1117-90-86.8794.png,86.8794
578_knp_Lmvz1Steijd8hWGkOA_51.41121277_20.59132769,1117-180-86.8794.png,86.8794
578_knp_Lmvz1Steijd8hWGkOA_51.41121277_20.59132769,1117-270-86.8794.png,86.8794
728_a0x0gh5W417xzPs0oHsG4w_-26.08602238_27.79236080,1118-0-76.7846.png,76.7846
728_a0x0gh5W417xzPs0oHsG4w_-26.08602238_27.79236080,1118-90-76.7846.png,76.7846
728_a0x0gh5W417xzPs0oHsG4w_-26.08602238_27.79236080,1118-180-76.7846.png,76.7846
728_a0x0gh5W417xzPs0oHsG4w_-26.08602238_27.79236080,1118-270-76.7846.png,76.7846
1778_Z4tnd5xyt_J1iECqYkB8ug_37.15126770_-119.50410085,1119-0-23.3734.png,23.3734
1778_Z4tnd5xyt_J1iECqYkB8ug_37.15126770_-119.50410085,1119-90-23.3734.png,23.3734
1778_Z4tnd5xyt_J1iECqYkB8ug_37.15126770_-119.50410085,1119-180-23.3734.png,23.3734
1778_Z4tnd5xyt_J1iECqYkB8ug_37.15126770_-119.50410085,1119-270-23.3734.png,23.3734
2192_YyTCetf5JjNC2xgLhLtYzQ_22.67431768_121.49629901,1120-0-76.0954.png,76.0954
2192_YyTCetf5JjNC2xgLhLtYzQ_22.67431768_121.49629901,1120-90-76.0954.png,76.0954
2192_YyTCetf5JjNC2xgLhLtYzQ_22.67431768_121.49629901,1120-180-76.0954.png,76.0954
2192_YyTCetf5JjNC2xgLhLtYzQ_22.67431768_121.49629901,1120-270-76.0954.png,76.0954
2875_kVh9EOPLwuCan8qjpM_lcA_46.09000197_3.44620319,1121-0-19.4087.png,19.4087
2875_kVh9EOPLwuCan8qjpM_lcA_46.09000197_3.44620319,1121-90-19.4087.png,19.4087
2875_kVh9EOPLwuCan8qjpM_lcA_46.09000197_3.44620319,1121-180-19.4087.png,19.4087
2875_kVh9EOPLwuCan8qjpM_lcA_46.09000197_3.44620319,1121-270-19.4087.png,19.4087
3039_0QwRN5VurSYLB4Xm9fXk_A_45.04130070_-0.18675995,1122-0-49.6936.png,49.6936
3039_0QwRN5VurSYLB4Xm9fXk_A_45.04130070_-0.18675995,1122-90-49.6936.png,49.6936
3039_0QwRN5VurSYLB4Xm9fXk_A_45.04130070_-0.18675995,1122-180-49.6936.png,49.6936
3039_0QwRN5VurSYLB4Xm9fXk_A_45.04130070_-0.18675995,1122-270-49.6936.png,49.6936
1821_I6lwucMqUPcjdHsw500rGA_39.95222663_8.73408126,1123-0-45.4066.png,45.4066
1821_I6lwucMqUPcjdHsw500rGA_39.95222663_8.73408126,1123-90-45.4066.png,45.4066
1821_I6lwucMqUPcjdHsw500rGA_39.95222663_8.73408126,1123-180-45.4066.png,45.4066
1821_I6lwucMqUPcjdHsw500rGA_39.95222663_8.73408126,1123-270-45.4066.png,45.4066
732_ujdnRIXt796Ue-_Cb44rRQ_38.23980456_32.21208018,1124-0-76.4042.png,76.4042
732_ujdnRIXt796Ue-_Cb44rRQ_38.23980456_32.21208018,1124-90-76.4042.png,76.4042
732_ujdnRIXt796Ue-_Cb44rRQ_38.23980456_32.21208018,1124-180-76.4042.png,76.4042
732_ujdnRIXt796Ue-_Cb44rRQ_38.23980456_32.21208018,1124-270-76.4042.png,76.4042
1714_xMs0ga_vFbD8UrDOGTINTw_23.24529897_119.67143138,1125-0-72.6793.png,72.6793
1714_xMs0ga_vFbD8UrDOGTINTw_23.24529897_119.67143138,1125-90-72.6793.png,72.6793
1714_xMs0ga_vFbD8UrDOGTINTw_23.24529897_119.67143138,1125-180-72.6793.png,72.6793
1714_xMs0ga_vFbD8UrDOGTINTw_23.24529897_119.67143138,1125-270-72.6793.png,72.6793
1267_wvXKWOg23cjcpIJ0XZsm3Q_36.62950770_-87.43391131,1126-0-35.2156.png,35.2156
1267_wvXKWOg23cjcpIJ0XZsm3Q_36.62950770_-87.43391131,1126-90-35.2156.png,35.2156
1267_wvXKWOg23cjcpIJ0XZsm3Q_36.62950770_-87.43391131,1126-180-35.2156.png,35.2156
1267_wvXKWOg23cjcpIJ0XZsm3Q_36.62950770_-87.43391131,1126-270-35.2156.png,35.2156
1957_XnqSnEYJW0MjAbpIJyMuxA_30.58935172_-87.87617102,1127-0-32.4307.png,32.4307
1957_XnqSnEYJW0MjAbpIJyMuxA_30.58935172_-87.87617102,1127-90-32.4307.png,32.4307
1957_XnqSnEYJW0MjAbpIJyMuxA_30.58935172_-87.87617102,1127-180-32.4307.png,32.4307
1957_XnqSnEYJW0MjAbpIJyMuxA_30.58935172_-87.87617102,1127-270-32.4307.png,32.4307
2031_mI-l14Tqn_dna3AAHiWLyA_-23.74287746_-49.89010621,1128-0-36.961.png,36.961
2031_mI-l14Tqn_dna3AAHiWLyA_-23.74287746_-49.89010621,1128-90-36.961.png,36.961
2031_mI-l14Tqn_dna3AAHiWLyA_-23.74287746_-49.89010621,1128-180-36.961.png,36.961
2031_mI-l14Tqn_dna3AAHiWLyA_-23.74287746_-49.89010621,1128-270-36.961.png,36.961
888_dRRd81me43BpM7jljYPScQ_19.26720020_73.17167430,1129-0-42.519.png,42.519
888_dRRd81me43BpM7jljYPScQ_19.26720020_73.17167430,1129-90-42.519.png,42.519
888_dRRd81me43BpM7jljYPScQ_19.26720020_73.17167430,1129-180-42.519.png,42.519
888_dRRd81me43BpM7jljYPScQ_19.26720020_73.17167430,1129-270-42.519.png,42.519
832_5x0gDaFEddy58vU3SAOHUg_40.47594916_39.37053872,1130-0-69.8031.png,69.8031
832_5x0gDaFEddy58vU3SAOHUg_40.47594916_39.37053872,1130-90-69.8031.png,69.8031
832_5x0gDaFEddy58vU3SAOHUg_40.47594916_39.37053872,1130-180-69.8031.png,69.8031
832_5x0gDaFEddy58vU3SAOHUg_40.47594916_39.37053872,1130-270-69.8031.png,69.8031
1833_9ihAcm3EQbU-MzisUn8w4g_-24.85008054_-65.46704925,1131-0-68.2731.png,68.2731
1833_9ihAcm3EQbU-MzisUn8w4g_-24.85008054_-65.46704925,1131-90-68.2731.png,68.2731
1833_9ihAcm3EQbU-MzisUn8w4g_-24.85008054_-65.46704925,1131-180-68.2731.png,68.2731
1833_9ihAcm3EQbU-MzisUn8w4g_-24.85008054_-65.46704925,1131-270-68.2731.png,68.2731
593_KWaP1xkOuMlcvFjVJQSZqA_61.96917125_6.52421331,1132-0-31.8603.png,31.8603
593_KWaP1xkOuMlcvFjVJQSZqA_61.96917125_6.52421331,1132-90-31.8603.png,31.8603
593_KWaP1xkOuMlcvFjVJQSZqA_61.96917125_6.52421331,1132-180-31.8603.png,31.8603
593_KWaP1xkOuMlcvFjVJQSZqA_61.96917125_6.52421331,1132-270-31.8603.png,31.8603
945_Ayco3WCqM-B91Vu_QDV9rw_27.75344249_-97.44074098,1133-0-25.0903.png,25.0903
945_Ayco3WCqM-B91Vu_QDV9rw_27.75344249_-97.44074098,1133-90-25.0903.png,25.0903
945_Ayco3WCqM-B91Vu_QDV9rw_27.75344249_-97.44074098,1133-180-25.0903.png,25.0903
945_Ayco3WCqM-B91Vu_QDV9rw_27.75344249_-97.44074098,1133-270-25.0903.png,25.0903
1308_GuMEwP2UxatTLkw2zYnZXw_26.79421242_84.59381475,1134-0-35.6638.png,35.6638
1308_GuMEwP2UxatTLkw2zYnZXw_26.79421242_84.59381475,1134-90-35.6638.png,35.6638
1308_GuMEwP2UxatTLkw2zYnZXw_26.79421242_84.59381475,1134-180-35.6638.png,35.6638
1308_GuMEwP2UxatTLkw2zYnZXw_26.79421242_84.59381475,1134-270-35.6638.png,35.6638
538_ZAp0HBdMjjuc90Ds72VJVA_34.47231176_-87.28054099,1135-0-26.5698.png,26.5698
538_ZAp0HBdMjjuc90Ds72VJVA_34.47231176_-87.28054099,1135-90-26.5698.png,26.5698
538_ZAp0HBdMjjuc90Ds72VJVA_34.47231176_-87.28054099,1135-180-26.5698.png,26.5698
538_ZAp0HBdMjjuc90Ds72VJVA_34.47231176_-87.28054099,1135-270-26.5698.png,26.5698
881_zt9yD68llrIsut61hLcReQ_24.47335360_120.94216229,1136-0-74.9508.png,74.9508
881_zt9yD68llrIsut61hLcReQ_24.47335360_120.94216229,1136-90-74.9508.png,74.9508
881_zt9yD68llrIsut61hLcReQ_24.47335360_120.94216229,1136-180-74.9508.png,74.9508
881_zt9yD68llrIsut61hLcReQ_24.47335360_120.94216229,1136-270-74.9508.png,74.9508
793_GBxDe0ovHTowC7cBIdDB1Q_47.49257831_11.10171759,1137-0-55.0044.png,55.0044
793_GBxDe0ovHTowC7cBIdDB1Q_47.49257831_11.10171759,1137-90-55.0044.png,55.0044
793_GBxDe0ovHTowC7cBIdDB1Q_47.49257831_11.10171759,1137-180-55.0044.png,55.0044
793_GBxDe0ovHTowC7cBIdDB1Q_47.49257831_11.10171759,1137-270-55.0044.png,55.0044
1353_WAoUTQeJdh-5EpGHaTfArA_26.40102171_89.78519709,1138-0-39.4821.png,39.4821
1353_WAoUTQeJdh-5EpGHaTfArA_26.40102171_89.78519709,1138-90-39.4821.png,39.4821
1353_WAoUTQeJdh-5EpGHaTfArA_26.40102171_89.78519709,1138-180-39.4821.png,39.4821
1353_WAoUTQeJdh-5EpGHaTfArA_26.40102171_89.78519709,1138-270-39.4821.png,39.4821
886_gohJ7T_DOqx5wjSf1pYQ3w_46.00000826_26.83335906,1139-0-65.3455.png,65.3455
886_gohJ7T_DOqx5wjSf1pYQ3w_46.00000826_26.83335906,1139-90-65.3455.png,65.3455
886_gohJ7T_DOqx5wjSf1pYQ3w_46.00000826_26.83335906,1139-180-65.3455.png,65.3455
886_gohJ7T_DOqx5wjSf1pYQ3w_46.00000826_26.83335906,1139-270-65.3455.png,65.3455
946_kh8q12fttDhaE1lZ5d_0ow_1.24764273_101.22372602,1140-0-34.3513.png,34.3513
946_kh8q12fttDhaE1lZ5d_0ow_1.24764273_101.22372602,1140-90-34.3513.png,34.3513
946_kh8q12fttDhaE1lZ5d_0ow_1.24764273_101.22372602,1140-180-34.3513.png,34.3513
946_kh8q12fttDhaE1lZ5d_0ow_1.24764273_101.22372602,1140-270-34.3513.png,34.3513
253_0SwghVi4M5MaaXLy9hqMCg_35.01650490_25.06630139,1141-0-84.0422.png,84.0422
253_0SwghVi4M5MaaXLy9hqMCg_35.01650490_25.06630139,1141-90-84.0422.png,84.0422
253_0SwghVi4M5MaaXLy9hqMCg_35.01650490_25.06630139,1141-180-84.0422.png,84.0422
253_0SwghVi4M5MaaXLy9hqMCg_35.01650490_25.06630139,1141-270-84.0422.png,84.0422
2966_2Og7Vl-DXZs7USLis3R_5w_38.40519103_140.23229893,1142-0-55.4868.png,55.4868
2966_2Og7Vl-DXZs7USLis3R_5w_38.40519103_140.23229893,1142-90-55.4868.png,55.4868
2966_2Og7Vl-DXZs7USLis3R_5w_38.40519103_140.23229893,1142-180-55.4868.png,55.4868
2966_2Og7Vl-DXZs7USLis3R_5w_38.40519103_140.23229893,1142-270-55.4868.png,55.4868
1616_zYGe5Kxqo3y7-M8-WxFA-g_36.80835279_31.36154703,1143-0-13.2971.png,13.2971
1616_zYGe5Kxqo3y7-M8-WxFA-g_36.80835279_31.36154703,1143-90-13.2971.png,13.2971
1616_zYGe5Kxqo3y7-M8-WxFA-g_36.80835279_31.36154703,1143-180-13.2971.png,13.2971
1616_zYGe5Kxqo3y7-M8-WxFA-g_36.80835279_31.36154703,1143-270-13.2971.png,13.2971
1585_T9WRHpdZBOOCMvSdKv0Lmg_48.01149163_0.45585370,1144-0-38.2122.png,38.2122
1585_T9WRHpdZBOOCMvSdKv0Lmg_48.01149163_0.45585370,1144-90-38.2122.png,38.2122
1585_T9WRHpdZBOOCMvSdKv0Lmg_48.01149163_0.45585370,1144-180-38.2122.png,38.2122
1585_T9WRHpdZBOOCMvSdKv0Lmg_48.01149163_0.45585370,1144-270-38.2122.png,38.2122
55_Eu9JzuCNL0ivVNkikVihXg_62.96403597_22.59893982,1145-0-11.9526.png,11.9526
55_Eu9JzuCNL0ivVNkikVihXg_62.96403597_22.59893982,1145-90-11.9526.png,11.9526
55_Eu9JzuCNL0ivVNkikVihXg_62.96403597_22.59893982,1145-180-11.9526.png,11.9526
55_Eu9JzuCNL0ivVNkikVihXg_62.96403597_22.59893982,1145-270-11.9526.png,11.9526
3222_wGFfa-ikoZ3dD3QVCEOZ2A_51.32789384_0.94696067,1146-0-37.2101.png,37.2101
3222_wGFfa-ikoZ3dD3QVCEOZ2A_51.32789384_0.94696067,1146-90-37.2101.png,37.2101
3222_wGFfa-ikoZ3dD3QVCEOZ2A_51.32789384_0.94696067,1146-180-37.2101.png,37.2101
3222_wGFfa-ikoZ3dD3QVCEOZ2A_51.32789384_0.94696067,1146-270-37.2101.png,37.2101
94_TxWztVbt4Pe9rfXqUFc0ew_25.28044688_71.90216989,1147-0-31.8401.png,31.8401
94_TxWztVbt4Pe9rfXqUFc0ew_25.28044688_71.90216989,1147-90-31.8401.png,31.8401
94_TxWztVbt4Pe9rfXqUFc0ew_25.28044688_71.90216989,1147-180-31.8401.png,31.8401
94_TxWztVbt4Pe9rfXqUFc0ew_25.28044688_71.90216989,1147-270-31.8401.png,31.8401
428_h-72ui6Jd58KwIDFkNYwuw_18.84785269_-87.65360617,1148-0-48.6073.png,48.6073
428_h-72ui6Jd58KwIDFkNYwuw_18.84785269_-87.65360617,1148-90-48.6073.png,48.6073
428_h-72ui6Jd58KwIDFkNYwuw_18.84785269_-87.65360617,1148-180-48.6073.png,48.6073
428_h-72ui6Jd58KwIDFkNYwuw_18.84785269_-87.65360617,1148-270-48.6073.png,48.6073
3179_O6B6FTkyT79X64AqIYbjFw_31.50428840_-90.79121590,1149-0-59.5686.png,59.5686
3179_O6B6FTkyT79X64AqIYbjFw_31.50428840_-90.79121590,1149-90-59.5686.png,59.5686
3179_O6B6FTkyT79X64AqIYbjFw_31.50428840_-90.79121590,1149-180-59.5686.png,59.5686
3179_O6B6FTkyT79X64AqIYbjFw_31.50428840_-90.79121590,1149-270-59.5686.png,59.5686
2837_EcFcpcMApb0d0_DRHL1IJw_42.67510986_-75.14276781,1150-0-78.8749.png,78.8749
2837_EcFcpcMApb0d0_DRHL1IJw_42.67510986_-75.14276781,1150-90-78.8749.png,78.8749
2837_EcFcpcMApb0d0_DRHL1IJw_42.67510986_-75.14276781,1150-180-78.8749.png,78.8749
2837_EcFcpcMApb0d0_DRHL1IJw_42.67510986_-75.14276781,1150-270-78.8749.png,78.8749
1331_1sUFLvVAI3xqJne0NESYdw_-37.94883216_176.95024892,1151-0-50.4982.png,50.4982
1331_1sUFLvVAI3xqJne0NESYdw_-37.94883216_176.95024892,1151-90-50.4982.png,50.4982
1331_1sUFLvVAI3xqJne0NESYdw_-37.94883216_176.95024892,1151-180-50.4982.png,50.4982
1331_1sUFLvVAI3xqJne0NESYdw_-37.94883216_176.95024892,1151-270-50.4982.png,50.4982
3103_Uzrwstq75mEzuHrvE19hEw_6.96128438_100.52935697,1152-0-29.1539.png,29.1539
3103_Uzrwstq75mEzuHrvE19hEw_6.96128438_100.52935697,1152-90-29.1539.png,29.1539
3103_Uzrwstq75mEzuHrvE19hEw_6.96128438_100.52935697,1152-180-29.1539.png,29.1539
3103_Uzrwstq75mEzuHrvE19hEw_6.96128438_100.52935697,1152-270-29.1539.png,29.1539
371_876-dQ9pbyX0gL9VxsrdTw_53.61862653_7.18946814,1153-0-66.0603.png,66.0603
371_876-dQ9pbyX0gL9VxsrdTw_53.61862653_7.18946814,1153-90-66.0603.png,66.0603
371_876-dQ9pbyX0gL9VxsrdTw_53.61862653_7.18946814,1153-180-66.0603.png,66.0603
371_876-dQ9pbyX0gL9VxsrdTw_53.61862653_7.18946814,1153-270-66.0603.png,66.0603
1149_dVXaticzvQTr7rkm09xH-A_60.14180952_15.41404397,1154-0-23.8184.png,23.8184
1149_dVXaticzvQTr7rkm09xH-A_60.14180952_15.41404397,1154-90-23.8184.png,23.8184
1149_dVXaticzvQTr7rkm09xH-A_60.14180952_15.41404397,1154-180-23.8184.png,23.8184
1149_dVXaticzvQTr7rkm09xH-A_60.14180952_15.41404397,1154-270-23.8184.png,23.8184
770_oTX-bPrii4JapGLq3-EN5w_20.82102543_70.52308987,1155-0-36.6383.png,36.6383
770_oTX-bPrii4JapGLq3-EN5w_20.82102543_70.52308987,1155-90-36.6383.png,36.6383
770_oTX-bPrii4JapGLq3-EN5w_20.82102543_70.52308987,1155-180-36.6383.png,36.6383
770_oTX-bPrii4JapGLq3-EN5w_20.82102543_70.52308987,1155-270-36.6383.png,36.6383
208_3phWulaHTCxdhxsmZ1XpgQ_31.59918653_-106.24703887,1156-0-24.3821.png,24.3821
208_3phWulaHTCxdhxsmZ1XpgQ_31.59918653_-106.24703887,1156-90-24.3821.png,24.3821
208_3phWulaHTCxdhxsmZ1XpgQ_31.59918653_-106.24703887,1156-180-24.3821.png,24.3821
208_3phWulaHTCxdhxsmZ1XpgQ_31.59918653_-106.24703887,1156-270-24.3821.png,24.3821
492_8TQOh9sUc4-9jCZ3dWRJ2g_32.65252148_128.87464920,1157-0-52.1346.png,52.1346
492_8TQOh9sUc4-9jCZ3dWRJ2g_32.65252148_128.87464920,1157-90-52.1346.png,52.1346
492_8TQOh9sUc4-9jCZ3dWRJ2g_32.65252148_128.87464920,1157-180-52.1346.png,52.1346
492_8TQOh9sUc4-9jCZ3dWRJ2g_32.65252148_128.87464920,1157-270-52.1346.png,52.1346
1719_pEoXyoJkPMJhc79WB49NFQ_39.96007130_-82.81157144,1158-0-80.149.png,80.149
1719_pEoXyoJkPMJhc79WB49NFQ_39.96007130_-82.81157144,1158-90-80.149.png,80.149
1719_pEoXyoJkPMJhc79WB49NFQ_39.96007130_-82.81157144,1158-180-80.149.png,80.149
1719_pEoXyoJkPMJhc79WB49NFQ_39.96007130_-82.81157144,1158-270-80.149.png,80.149
369_cHsW6jubrkcQVJPbKQsowQ_-27.07756770_-53.00344933,1159-0-82.7571.png,82.7571
369_cHsW6jubrkcQVJPbKQsowQ_-27.07756770_-53.00344933,1159-90-82.7571.png,82.7571
369_cHsW6jubrkcQVJPbKQsowQ_-27.07756770_-53.00344933,1159-180-82.7571.png,82.7571
369_cHsW6jubrkcQVJPbKQsowQ_-27.07756770_-53.00344933,1159-270-82.7571.png,82.7571
176_qbT-lXLHLSO7tC7oUscvYA_33.27927499_-84.87944661,1160-0-64.6505.png,64.6505
176_qbT-lXLHLSO7tC7oUscvYA_33.27927499_-84.87944661,1160-90-64.6505.png,64.6505
176_qbT-lXLHLSO7tC7oUscvYA_33.27927499_-84.87944661,1160-180-64.6505.png,64.6505
176_qbT-lXLHLSO7tC7oUscvYA_33.27927499_-84.87944661,1160-270-64.6505.png,64.6505
1006_eQZfjxW480yE3P4v5zC7bA_14.78602252_76.09818941,1161-0-28.8127.png,28.8127
1006_eQZfjxW480yE3P4v5zC7bA_14.78602252_76.09818941,1161-90-28.8127.png,28.8127
1006_eQZfjxW480yE3P4v5zC7bA_14.78602252_76.09818941,1161-180-28.8127.png,28.8127
1006_eQZfjxW480yE3P4v5zC7bA_14.78602252_76.09818941,1161-270-28.8127.png,28.8127
296_Pq0vTKxB7gfqjxPu3C-IPA_41.91275165_15.78954554,1162-0-64.4529.png,64.4529
296_Pq0vTKxB7gfqjxPu3C-IPA_41.91275165_15.78954554,1162-90-64.4529.png,64.4529
296_Pq0vTKxB7gfqjxPu3C-IPA_41.91275165_15.78954554,1162-180-64.4529.png,64.4529
296_Pq0vTKxB7gfqjxPu3C-IPA_41.91275165_15.78954554,1162-270-64.4529.png,64.4529
2419_eEkvyeI8smkI2IsnSzABcA_41.83753367_-85.66473648,1163-0-70.7838.png,70.7838
2419_eEkvyeI8smkI2IsnSzABcA_41.83753367_-85.66473648,1163-90-70.7838.png,70.7838
2419_eEkvyeI8smkI2IsnSzABcA_41.83753367_-85.66473648,1163-180-70.7838.png,70.7838
2419_eEkvyeI8smkI2IsnSzABcA_41.83753367_-85.66473648,1163-270-70.7838.png,70.7838
242_tF_3NuAy8fMmRSyvLVSyYQ_49.48457549_6.56501278,1164-0-72.6997.png,72.6997
242_tF_3NuAy8fMmRSyvLVSyYQ_49.48457549_6.56501278,1164-90-72.6997.png,72.6997
242_tF_3NuAy8fMmRSyvLVSyYQ_49.48457549_6.56501278,1164-180-72.6997.png,72.6997
242_tF_3NuAy8fMmRSyvLVSyYQ_49.48457549_6.56501278,1164-270-72.6997.png,72.6997
19_L-cGc43fVfSoVqUmTCy2Cw_34.49551858_-117.22231115,1165-0-20.6798.png,20.6798
19_L-cGc43fVfSoVqUmTCy2Cw_34.49551858_-117.22231115,1165-90-20.6798.png,20.6798
19_L-cGc43fVfSoVqUmTCy2Cw_34.49551858_-117.22231115,1165-180-20.6798.png,20.6798
19_L-cGc43fVfSoVqUmTCy2Cw_34.49551858_-117.22231115,1165-270-20.6798.png,20.6798
1836_5wfFMc2db9dYSkn1J-gLmA_46.63910568_11.14281815,1166-0-54.3573.png,54.3573
1836_5wfFMc2db9dYSkn1J-gLmA_46.63910568_11.14281815,1166-90-54.3573.png,54.3573
1836_5wfFMc2db9dYSkn1J-gLmA_46.63910568_11.14281815,1166-180-54.3573.png,54.3573
1836_5wfFMc2db9dYSkn1J-gLmA_46.63910568_11.14281815,1166-270-54.3573.png,54.3573
1771_VWie2k1Hbg8oTFgcnOzsYg_22.49027073_79.57478335,1167-0-45.1581.png,45.1581
1771_VWie2k1Hbg8oTFgcnOzsYg_22.49027073_79.57478335,1167-90-45.1581.png,45.1581
1771_VWie2k1Hbg8oTFgcnOzsYg_22.49027073_79.57478335,1167-180-45.1581.png,45.1581
1771_VWie2k1Hbg8oTFgcnOzsYg_22.49027073_79.57478335,1167-270-45.1581.png,45.1581
625_rs8cpsQAwmrxEvefsz7Maw_-7.23555912_110.60672194,1168-0-81.5073.png,81.5073
625_rs8cpsQAwmrxEvefsz7Maw_-7.23555912_110.60672194,1168-90-81.5073.png,81.5073
625_rs8cpsQAwmrxEvefsz7Maw_-7.23555912_110.60672194,1168-180-81.5073.png,81.5073
625_rs8cpsQAwmrxEvefsz7Maw_-7.23555912_110.60672194,1168-270-81.5073.png,81.5073
1476_4YH9XeSmlHQr-2BftMAEAg_54.69052261_73.37379435,1169-0-20.8292.png,20.8292
1476_4YH9XeSmlHQr-2BftMAEAg_54.69052261_73.37379435,1169-90-20.8292.png,20.8292
1476_4YH9XeSmlHQr-2BftMAEAg_54.69052261_73.37379435,1169-180-20.8292.png,20.8292
1476_4YH9XeSmlHQr-2BftMAEAg_54.69052261_73.37379435,1169-270-20.8292.png,20.8292
1438_FHH86UqZJDXFjxFOiNqLxw_-37.56339051_144.87619602,1170-0-15.3287.png,15.3287
1438_FHH86UqZJDXFjxFOiNqLxw_-37.56339051_144.87619602,1170-90-15.3287.png,15.3287
1438_FHH86UqZJDXFjxFOiNqLxw_-37.56339051_144.87619602,1170-180-15.3287.png,15.3287
1438_FHH86UqZJDXFjxFOiNqLxw_-37.56339051_144.87619602,1170-270-15.3287.png,15.3287
1133_u4VmGQ5GHHFqyMAFnBu0Fg_-3.93369339_-38.31172173,1171-0-6.6161.png,6.6161
1133_u4VmGQ5GHHFqyMAFnBu0Fg_-3.93369339_-38.31172173,1171-90-6.6161.png,6.6161
1133_u4VmGQ5GHHFqyMAFnBu0Fg_-3.93369339_-38.31172173,1171-180-6.6161.png,6.6161
1133_u4VmGQ5GHHFqyMAFnBu0Fg_-3.93369339_-38.31172173,1171-270-6.6161.png,6.6161
1713__bCJm4kSR1YN-cz-ryNd0A_52.20505651_11.06183457,1172-0-43.5725.png,43.5725
1713__bCJm4kSR1YN-cz-ryNd0A_52.20505651_11.06183457,1172-90-43.5725.png,43.5725
1713__bCJm4kSR1YN-cz-ryNd0A_52.20505651_11.06183457,1172-180-43.5725.png,43.5725
1713__bCJm4kSR1YN-cz-ryNd0A_52.20505651_11.06183457,1172-270-43.5725.png,43.5725
46_IKK7Yfy1-yeH4Hp7Rcec9A_47.91584238_9.64350416,1173-0-55.3525.png,55.3525
46_IKK7Yfy1-yeH4Hp7Rcec9A_47.91584238_9.64350416,1173-90-55.3525.png,55.3525
46_IKK7Yfy1-yeH4Hp7Rcec9A_47.91584238_9.64350416,1173-180-55.3525.png,55.3525
46_IKK7Yfy1-yeH4Hp7Rcec9A_47.91584238_9.64350416,1173-270-55.3525.png,55.3525
692_FZ8gtoDL5LP9sCV8Klftbw_65.30036842_21.41651468,1174-0-14.5223.png,14.5223
692_FZ8gtoDL5LP9sCV8Klftbw_65.30036842_21.41651468,1174-90-14.5223.png,14.5223
692_FZ8gtoDL5LP9sCV8Klftbw_65.30036842_21.41651468,1174-180-14.5223.png,14.5223
692_FZ8gtoDL5LP9sCV8Klftbw_65.30036842_21.41651468,1174-270-14.5223.png,14.5223
540_OZ-HKLZUBBospGOHxNfGoQ_24.44080362_72.71819327,1175-0-25.3743.png,25.3743
540_OZ-HKLZUBBospGOHxNfGoQ_24.44080362_72.71819327,1175-90-25.3743.png,25.3743
540_OZ-HKLZUBBospGOHxNfGoQ_24.44080362_72.71819327,1175-180-25.3743.png,25.3743
540_OZ-HKLZUBBospGOHxNfGoQ_24.44080362_72.71819327,1175-270-25.3743.png,25.3743
1100_dSA5QJwEaTMV-GttWpUwng_42.81632935_-1.64369831,1176-0-73.3711.png,73.3711
1100_dSA5QJwEaTMV-GttWpUwng_42.81632935_-1.64369831,1176-90-73.3711.png,73.3711
1100_dSA5QJwEaTMV-GttWpUwng_42.81632935_-1.64369831,1176-180-73.3711.png,73.3711
1100_dSA5QJwEaTMV-GttWpUwng_42.81632935_-1.64369831,1176-270-73.3711.png,73.3711
1061_tKFUKKdt3iHQuS_J344rjg_43.23607657_-79.80675292,1177-0-29.9476.png,29.9476
1061_tKFUKKdt3iHQuS_J344rjg_43.23607657_-79.80675292,1177-90-29.9476.png,29.9476
1061_tKFUKKdt3iHQuS_J344rjg_43.23607657_-79.80675292,1177-180-29.9476.png,29.9476
1061_tKFUKKdt3iHQuS_J344rjg_43.23607657_-79.80675292,1177-270-29.9476.png,29.9476
3119_T1NduewaIEEVs3t0ceUWgg_38.41564460_-95.86216302,1178-0-79.6638.png,79.6638
3119_T1NduewaIEEVs3t0ceUWgg_38.41564460_-95.86216302,1178-90-79.6638.png,79.6638
3119_T1NduewaIEEVs3t0ceUWgg_38.41564460_-95.86216302,1178-180-79.6638.png,79.6638
3119_T1NduewaIEEVs3t0ceUWgg_38.41564460_-95.86216302,1178-270-79.6638.png,79.6638
1985_DAD1NHlrZFrkTirMK6pGeQ_-15.22664459_-59.33523551,1179-0-53.7462.png,53.7462
1985_DAD1NHlrZFrkTirMK6pGeQ_-15.22664459_-59.33523551,1179-90-53.7462.png,53.7462
1985_DAD1NHlrZFrkTirMK6pGeQ_-15.22664459_-59.33523551,1179-180-53.7462.png,53.7462
1985_DAD1NHlrZFrkTirMK6pGeQ_-15.22664459_-59.33523551,1179-270-53.7462.png,53.7462
1665_LEl8W5AFhpG0N8gdHxGYxg_-2.06287102_-44.77840075,1180-0-76.1108.png,76.1108
1665_LEl8W5AFhpG0N8gdHxGYxg_-2.06287102_-44.77840075,1180-90-76.1108.png,76.1108
1665_LEl8W5AFhpG0N8gdHxGYxg_-2.06287102_-44.77840075,1180-180-76.1108.png,76.1108
1665_LEl8W5AFhpG0N8gdHxGYxg_-2.06287102_-44.77840075,1180-270-76.1108.png,76.1108
1847_AAIIiy_UxHiJSBjFUWmZSA_44.18347547_25.76655437,1181-0-59.3178.png,59.3178
1847_AAIIiy_UxHiJSBjFUWmZSA_44.18347547_25.76655437,1181-90-59.3178.png,59.3178
1847_AAIIiy_UxHiJSBjFUWmZSA_44.18347547_25.76655437,1181-180-59.3178.png,59.3178
1847_AAIIiy_UxHiJSBjFUWmZSA_44.18347547_25.76655437,1181-270-59.3178.png,59.3178
223_R8hr_UPB97YqIO21Q5KwiA_52.27629462_9.05414092,1182-0-40.142.png,40.142
223_R8hr_UPB97YqIO21Q5KwiA_52.27629462_9.05414092,1182-90-40.142.png,40.142
223_R8hr_UPB97YqIO21Q5KwiA_52.27629462_9.05414092,1182-180-40.142.png,40.142
223_R8hr_UPB97YqIO21Q5KwiA_52.27629462_9.05414092,1182-270-40.142.png,40.142
741_UqZEoYRYDFC0-7PpDJjqGA_46.82603843_-100.77304028,1183-0-19.7296.png,19.7296
741_UqZEoYRYDFC0-7PpDJjqGA_46.82603843_-100.77304028,1183-90-19.7296.png,19.7296
741_UqZEoYRYDFC0-7PpDJjqGA_46.82603843_-100.77304028,1183-180-19.7296.png,19.7296
741_UqZEoYRYDFC0-7PpDJjqGA_46.82603843_-100.77304028,1183-270-19.7296.png,19.7296
1216_BJDDWYsOfDoaTLTmS7rW3g_31.48953362_74.87135414,1184-0-64.9916.png,64.9916
1216_BJDDWYsOfDoaTLTmS7rW3g_31.48953362_74.87135414,1184-90-64.9916.png,64.9916
1216_BJDDWYsOfDoaTLTmS7rW3g_31.48953362_74.87135414,1184-180-64.9916.png,64.9916
1216_BJDDWYsOfDoaTLTmS7rW3g_31.48953362_74.87135414,1184-270-64.9916.png,64.9916
3265_zO16q7w6UWtnH56yEQ4cWA_24.02451790_88.99271488,1185-0-64.0031.png,64.0031
3265_zO16q7w6UWtnH56yEQ4cWA_24.02451790_88.99271488,1185-90-64.0031.png,64.0031
3265_zO16q7w6UWtnH56yEQ4cWA_24.02451790_88.99271488,1185-180-64.0031.png,64.0031
3265_zO16q7w6UWtnH56yEQ4cWA_24.02451790_88.99271488,1185-270-64.0031.png,64.0031
616_zdp9mPj13R1xIn_LevKlGg_-34.05383451_150.66605788,1186-0-54.7861.png,54.7861
616_zdp9mPj13R1xIn_LevKlGg_-34.05383451_150.66605788,1186-90-54.7861.png,54.7861
616_zdp9mPj13R1xIn_LevKlGg_-34.05383451_150.66605788,1186-180-54.7861.png,54.7861
616_zdp9mPj13R1xIn_LevKlGg_-34.05383451_150.66605788,1186-270-54.7861.png,54.7861
1496_EEnnXgYEUCTCq-MlEFc61A_61.13800850_28.81850749,1187-0-41.5108.png,41.5108
1496_EEnnXgYEUCTCq-MlEFc61A_61.13800850_28.81850749,1187-90-41.5108.png,41.5108
1496_EEnnXgYEUCTCq-MlEFc61A_61.13800850_28.81850749,1187-180-41.5108.png,41.5108
1496_EEnnXgYEUCTCq-MlEFc61A_61.13800850_28.81850749,1187-270-41.5108.png,41.5108
2172_J_MplN30coz2HbQsGoFq7A_41.32020067_-111.96668104,1188-0-84.0887.png,84.0887
2172_J_MplN30coz2HbQsGoFq7A_41.32020067_-111.96668104,1188-90-84.0887.png,84.0887
2172_J_MplN30coz2HbQsGoFq7A_41.32020067_-111.96668104,1188-180-84.0887.png,84.0887
2172_J_MplN30coz2HbQsGoFq7A_41.32020067_-111.96668104,1188-270-84.0887.png,84.0887
1472_gO4gjpcm0bkPEqoMtT8ofw_-1.94847988_30.07333543,1189-0-70.9047.png,70.9047
1472_gO4gjpcm0bkPEqoMtT8ofw_-1.94847988_30.07333543,1189-90-70.9047.png,70.9047
1472_gO4gjpcm0bkPEqoMtT8ofw_-1.94847988_30.07333543,1189-180-70.9047.png,70.9047
1472_gO4gjpcm0bkPEqoMtT8ofw_-1.94847988_30.07333543,1189-270-70.9047.png,70.9047
196_Dj7eNRi14elNPdW5Bo8NhQ_-21.74011137_-44.30929486,1190-0-82.1178.png,82.1178
196_Dj7eNRi14elNPdW5Bo8NhQ_-21.74011137_-44.30929486,1190-90-82.1178.png,82.1178
196_Dj7eNRi14elNPdW5Bo8NhQ_-21.74011137_-44.30929486,1190-180-82.1178.png,82.1178
196_Dj7eNRi14elNPdW5Bo8NhQ_-21.74011137_-44.30929486,1190-270-82.1178.png,82.1178
1388_2XEfJl_YUTERaJJZZu-JDw_44.99036126_12.40180762,1191-0-41.6851.png,41.6851
1388_2XEfJl_YUTERaJJZZu-JDw_44.99036126_12.40180762,1191-90-41.6851.png,41.6851
1388_2XEfJl_YUTERaJJZZu-JDw_44.99036126_12.40180762,1191-180-41.6851.png,41.6851
1388_2XEfJl_YUTERaJJZZu-JDw_44.99036126_12.40180762,1191-270-41.6851.png,41.6851
2038_UdIlzPe6I__lDGpDo42ORA_38.95290227_32.60928326,1192-0-74.4103.png,74.4103
2038_UdIlzPe6I__lDGpDo42ORA_38.95290227_32.60928326,1192-90-74.4103.png,74.4103
2038_UdIlzPe6I__lDGpDo42ORA_38.95290227_32.60928326,1192-180-74.4103.png,74.4103
2038_UdIlzPe6I__lDGpDo42ORA_38.95290227_32.60928326,1192-270-74.4103.png,74.4103
2244_ts3DE6r2X9LZK6SrrI3FtA_20.77522392_86.74162093,1193-0-26.3915.png,26.3915
2244_ts3DE6r2X9LZK6SrrI3FtA_20.77522392_86.74162093,1193-90-26.3915.png,26.3915
2244_ts3DE6r2X9LZK6SrrI3FtA_20.77522392_86.74162093,1193-180-26.3915.png,26.3915
2244_ts3DE6r2X9LZK6SrrI3FtA_20.77522392_86.74162093,1193-270-26.3915.png,26.3915
473_B_quLmNAA3XaSkDgRkOZLA_-20.02464369_148.26578428,1194-0-43.1575.png,43.1575
473_B_quLmNAA3XaSkDgRkOZLA_-20.02464369_148.26578428,1194-90-43.1575.png,43.1575
473_B_quLmNAA3XaSkDgRkOZLA_-20.02464369_148.26578428,1194-180-43.1575.png,43.1575
473_B_quLmNAA3XaSkDgRkOZLA_-20.02464369_148.26578428,1194-270-43.1575.png,43.1575
503_mLHygchTOu5stjfeOSD43w_39.11026158_-108.35095144,1195-0-51.2671.png,51.2671
503_mLHygchTOu5stjfeOSD43w_39.11026158_-108.35095144,1195-90-51.2671.png,51.2671
503_mLHygchTOu5stjfeOSD43w_39.11026158_-108.35095144,1195-180-51.2671.png,51.2671
503_mLHygchTOu5stjfeOSD43w_39.11026158_-108.35095144,1195-270-51.2671.png,51.2671
2697_GEmtXXa5AlO4sS2KJj9peA_40.86421220_-98.00743669,1196-0-70.7219.png,70.7219
2697_GEmtXXa5AlO4sS2KJj9peA_40.86421220_-98.00743669,1196-90-70.7219.png,70.7219
2697_GEmtXXa5AlO4sS2KJj9peA_40.86421220_-98.00743669,1196-180-70.7219.png,70.7219
2697_GEmtXXa5AlO4sS2KJj9peA_40.86421220_-98.00743669,1196-270-70.7219.png,70.7219
2417_K-6mniFOg0N35KJk-btCqw_39.65937066_-110.85347961,1197-0-71.3621.png,71.3621
2417_K-6mniFOg0N35KJk-btCqw_39.65937066_-110.85347961,1197-90-71.3621.png,71.3621
2417_K-6mniFOg0N35KJk-btCqw_39.65937066_-110.85347961,1197-180-71.3621.png,71.3621
2417_K-6mniFOg0N35KJk-btCqw_39.65937066_-110.85347961,1197-270-71.3621.png,71.3621
364_BYF9Ro2yf4ILxUHhEd3rFA_34.43116932_-110.59402631,1198-0-72.1819.png,72.1819
364_BYF9Ro2yf4ILxUHhEd3rFA_34.43116932_-110.59402631,1198-90-72.1819.png,72.1819
364_BYF9Ro2yf4ILxUHhEd3rFA_34.43116932_-110.59402631,1198-180-72.1819.png,72.1819
364_BYF9Ro2yf4ILxUHhEd3rFA_34.43116932_-110.59402631,1198-270-72.1819.png,72.1819
1711_wqw790afwdDFYN7LrvC5Gg_-33.86676077_25.56647511,1199-0-48.8769.png,48.8769
1711_wqw790afwdDFYN7LrvC5Gg_-33.86676077_25.56647511,1199-90-48.8769.png,48.8769
1711_wqw790afwdDFYN7LrvC5Gg_-33.86676077_25.56647511,1199-180-48.8769.png,48.8769
1711_wqw790afwdDFYN7LrvC5Gg_-33.86676077_25.56647511,1199-270-48.8769.png,48.8769
551_vl-STin0knwJRhIRsn1cgQ_26.59150445_86.26437125,1200-0-52.0304.png,52.0304
551_vl-STin0knwJRhIRsn1cgQ_26.59150445_86.26437125,1200-90-52.0304.png,52.0304
551_vl-STin0knwJRhIRsn1cgQ_26.59150445_86.26437125,1200-180-52.0304.png,52.0304
551_vl-STin0knwJRhIRsn1cgQ_26.59150445_86.26437125,1200-270-52.0304.png,52.0304
2184_gp4xkA_kwH84tBj8V0yrCQ_33.49955118_-82.05702446,1201-0-36.5364.png,36.5364
2184_gp4xkA_kwH84tBj8V0yrCQ_33.49955118_-82.05702446,1201-90-36.5364.png,36.5364
2184_gp4xkA_kwH84tBj8V0yrCQ_33.49955118_-82.05702446,1201-180-36.5364.png,36.5364
2184_gp4xkA_kwH84tBj8V0yrCQ_33.49955118_-82.05702446,1201-270-36.5364.png,36.5364
1525_PnYZU35ChNVqJOf1RyJ1jw_30.71543728_76.03337369,1202-0-80.8221.png,80.8221
1525_PnYZU35ChNVqJOf1RyJ1jw_30.71543728_76.03337369,1202-90-80.8221.png,80.8221
1525_PnYZU35ChNVqJOf1RyJ1jw_30.71543728_76.03337369,1202-180-80.8221.png,80.8221
1525_PnYZU35ChNVqJOf1RyJ1jw_30.71543728_76.03337369,1202-270-80.8221.png,80.8221
48_ckhGncZeKfelHBAkF1EuZw_-38.12972561_144.35388392,1203-0-23.367.png,23.367
48_ckhGncZeKfelHBAkF1EuZw_-38.12972561_144.35388392,1203-90-23.367.png,23.367
48_ckhGncZeKfelHBAkF1EuZw_-38.12972561_144.35388392,1203-180-23.367.png,23.367
48_ckhGncZeKfelHBAkF1EuZw_-38.12972561_144.35388392,1203-270-23.367.png,23.367
3151_TPjOoCR7wtb64dL4qQsvAg_39.32798501_-84.12116196,1204-0-59.367.png,59.367
3151_TPjOoCR7wtb64dL4qQsvAg_39.32798501_-84.12116196,1204-90-59.367.png,59.367
3151_TPjOoCR7wtb64dL4qQsvAg_39.32798501_-84.12116196,1204-180-59.367.png,59.367
3151_TPjOoCR7wtb64dL4qQsvAg_39.32798501_-84.12116196,1204-270-59.367.png,59.367
3333_n1Slji05mpNMHZmhEF8dwA_61.09962423_50.33244900,1205-0-14.9004.png,14.9004
3333_n1Slji05mpNMHZmhEF8dwA_61.09962423_50.33244900,1205-90-14.9004.png,14.9004
3333_n1Slji05mpNMHZmhEF8dwA_61.09962423_50.33244900,1205-180-14.9004.png,14.9004
3333_n1Slji05mpNMHZmhEF8dwA_61.09962423_50.33244900,1205-270-14.9004.png,14.9004
138_xeCKJZR2D4irHk0v3hUzVA_37.41807454_-78.07578321,1206-0-9.2556.png,9.2556
138_xeCKJZR2D4irHk0v3hUzVA_37.41807454_-78.07578321,1206-90-9.2556.png,9.2556
138_xeCKJZR2D4irHk0v3hUzVA_37.41807454_-78.07578321,1206-180-9.2556.png,9.2556
138_xeCKJZR2D4irHk0v3hUzVA_37.41807454_-78.07578321,1206-270-9.2556.png,9.2556
2199_-lVWyyqLGUKjNxjYK1uoLQ_15.68504902_-93.20813122,1207-0-48.5793.png,48.5793
2199_-lVWyyqLGUKjNxjYK1uoLQ_15.68504902_-93.20813122,1207-90-48.5793.png,48.5793
2199_-lVWyyqLGUKjNxjYK1uoLQ_15.68504902_-93.20813122,1207-180-48.5793.png,48.5793
2199_-lVWyyqLGUKjNxjYK1uoLQ_15.68504902_-93.20813122,1207-270-48.5793.png,48.5793
3422_vn3NDAIpOJnyVBpVfyrRtA_-40.76033006_145.29599498,1208-0-41.9086.png,41.9086
3422_vn3NDAIpOJnyVBpVfyrRtA_-40.76033006_145.29599498,1208-90-41.9086.png,41.9086
3422_vn3NDAIpOJnyVBpVfyrRtA_-40.76033006_145.29599498,1208-180-41.9086.png,41.9086
3422_vn3NDAIpOJnyVBpVfyrRtA_-40.76033006_145.29599498,1208-270-41.9086.png,41.9086
3189_GxBw_o_xqxIw1zQfMmtaJQ_38.05119066_21.92234262,1209-0-47.6959.png,47.6959
3189_GxBw_o_xqxIw1zQfMmtaJQ_38.05119066_21.92234262,1209-90-47.6959.png,47.6959
3189_GxBw_o_xqxIw1zQfMmtaJQ_38.05119066_21.92234262,1209-180-47.6959.png,47.6959
3189_GxBw_o_xqxIw1zQfMmtaJQ_38.05119066_21.92234262,1209-270-47.6959.png,47.6959
2708_wbYMJIEJaiGJGWVTpSXJpg_65.65005871_21.96654366,1210-0-18.9915.png,18.9915
2708_wbYMJIEJaiGJGWVTpSXJpg_65.65005871_21.96654366,1210-90-18.9915.png,18.9915
2708_wbYMJIEJaiGJGWVTpSXJpg_65.65005871_21.96654366,1210-180-18.9915.png,18.9915
2708_wbYMJIEJaiGJGWVTpSXJpg_65.65005871_21.96654366,1210-270-18.9915.png,18.9915
861_nhXAwcexWvn4awUuynoIew_45.44437804_-99.02935327,1211-0-17.1634.png,17.1634
861_nhXAwcexWvn4awUuynoIew_45.44437804_-99.02935327,1211-90-17.1634.png,17.1634
861_nhXAwcexWvn4awUuynoIew_45.44437804_-99.02935327,1211-180-17.1634.png,17.1634
861_nhXAwcexWvn4awUuynoIew_45.44437804_-99.02935327,1211-270-17.1634.png,17.1634
652_B4YCjb996OE_AzjRiW5H_A_38.02825395_12.87943721,1212-0-42.6065.png,42.6065
652_B4YCjb996OE_AzjRiW5H_A_38.02825395_12.87943721,1212-90-42.6065.png,42.6065
652_B4YCjb996OE_AzjRiW5H_A_38.02825395_12.87943721,1212-180-42.6065.png,42.6065
652_B4YCjb996OE_AzjRiW5H_A_38.02825395_12.87943721,1212-270-42.6065.png,42.6065
640_jrL20kLdkq63yQxebgYFfw_57.12804732_35.35680550,1213-0-42.9211.png,42.9211
640_jrL20kLdkq63yQxebgYFfw_57.12804732_35.35680550,1213-90-42.9211.png,42.9211
640_jrL20kLdkq63yQxebgYFfw_57.12804732_35.35680550,1213-180-42.9211.png,42.9211
640_jrL20kLdkq63yQxebgYFfw_57.12804732_35.35680550,1213-270-42.9211.png,42.9211
3302_GTR0rEFPlE7I79mLCwhhEQ_42.89615414_-92.80263168,1214-0-43.3069.png,43.3069
3302_GTR0rEFPlE7I79mLCwhhEQ_42.89615414_-92.80263168,1214-90-43.3069.png,43.3069
3302_GTR0rEFPlE7I79mLCwhhEQ_42.89615414_-92.80263168,1214-180-43.3069.png,43.3069
3302_GTR0rEFPlE7I79mLCwhhEQ_42.89615414_-92.80263168,1214-270-43.3069.png,43.3069
2300_TzxL6iZWTz1AZb6_qXsd7w_60.28237505_11.17875461,1215-0-32.8262.png,32.8262
2300_TzxL6iZWTz1AZb6_qXsd7w_60.28237505_11.17875461,1215-90-32.8262.png,32.8262
2300_TzxL6iZWTz1AZb6_qXsd7w_60.28237505_11.17875461,1215-180-32.8262.png,32.8262
2300_TzxL6iZWTz1AZb6_qXsd7w_60.28237505_11.17875461,1215-270-32.8262.png,32.8262
2761_d5DswchbLKw8uXfw3P3lWQ_48.78604408_44.78032208,1216-0-61.4123.png,61.4123
2761_d5DswchbLKw8uXfw3P3lWQ_48.78604408_44.78032208,1216-90-61.4123.png,61.4123
2761_d5DswchbLKw8uXfw3P3lWQ_48.78604408_44.78032208,1216-180-61.4123.png,61.4123
2761_d5DswchbLKw8uXfw3P3lWQ_48.78604408_44.78032208,1216-270-61.4123.png,61.4123
855_fZgPwUiSWgwfJagBnXK83g_31.85277061_-86.29428403,1217-0-51.8714.png,51.8714
855_fZgPwUiSWgwfJagBnXK83g_31.85277061_-86.29428403,1217-90-51.8714.png,51.8714
855_fZgPwUiSWgwfJagBnXK83g_31.85277061_-86.29428403,1217-180-51.8714.png,51.8714
855_fZgPwUiSWgwfJagBnXK83g_31.85277061_-86.29428403,1217-270-51.8714.png,51.8714
2640_XmUxvJezibTYoCGeYufoCw_60.22437640_17.70095044,1218-0-36.2655.png,36.2655
2640_XmUxvJezibTYoCGeYufoCw_60.22437640_17.70095044,1218-90-36.2655.png,36.2655
2640_XmUxvJezibTYoCGeYufoCw_60.22437640_17.70095044,1218-180-36.2655.png,36.2655
2640_XmUxvJezibTYoCGeYufoCw_60.22437640_17.70095044,1218-270-36.2655.png,36.2655
336_6hRSfSXfLhTgEEwh6nACWg_36.14868896_-99.29938219,1219-0-60.5364.png,60.5364
336_6hRSfSXfLhTgEEwh6nACWg_36.14868896_-99.29938219,1219-90-60.5364.png,60.5364
336_6hRSfSXfLhTgEEwh6nACWg_36.14868896_-99.29938219,1219-180-60.5364.png,60.5364
336_6hRSfSXfLhTgEEwh6nACWg_36.14868896_-99.29938219,1219-270-60.5364.png,60.5364
424_VieHD2KK0s2LG0nwN5u-xQ_7.90095924_98.30811825,1220-0-80.6555.png,80.6555
424_VieHD2KK0s2LG0nwN5u-xQ_7.90095924_98.30811825,1220-90-80.6555.png,80.6555
424_VieHD2KK0s2LG0nwN5u-xQ_7.90095924_98.30811825,1220-180-80.6555.png,80.6555
424_VieHD2KK0s2LG0nwN5u-xQ_7.90095924_98.30811825,1220-270-80.6555.png,80.6555
863_eOam_MgLsltPUqVcIiFR9Q_41.19416848_-8.33785222,1221-0-65.4798.png,65.4798
863_eOam_MgLsltPUqVcIiFR9Q_41.19416848_-8.33785222,1221-90-65.4798.png,65.4798
863_eOam_MgLsltPUqVcIiFR9Q_41.19416848_-8.33785222,1221-180-65.4798.png,65.4798
863_eOam_MgLsltPUqVcIiFR9Q_41.19416848_-8.33785222,1221-270-65.4798.png,65.4798
2777_8QNZBAaH-9zuEMRmYSM6og_49.99950489_6.01666453,1222-0-23.3378.png,23.3378
2777_8QNZBAaH-9zuEMRmYSM6og_49.99950489_6.01666453,1222-90-23.3378.png,23.3378
2777_8QNZBAaH-9zuEMRmYSM6og_49.99950489_6.01666453,1222-180-23.3378.png,23.3378
2777_8QNZBAaH-9zuEMRmYSM6og_49.99950489_6.01666453,1222-270-23.3378.png,23.3378
884_gD2_WeOZFdIPBoXfcTB-Fw_-33.11187339_-64.34794098,1223-0-42.4318.png,42.4318
884_gD2_WeOZFdIPBoXfcTB-Fw_-33.11187339_-64.34794098,1223-90-42.4318.png,42.4318
884_gD2_WeOZFdIPBoXfcTB-Fw_-33.11187339_-64.34794098,1223-180-42.4318.png,42.4318
884_gD2_WeOZFdIPBoXfcTB-Fw_-33.11187339_-64.34794098,1223-270-42.4318.png,42.4318
1177_Fc6bFS7D6SbN95SHMfmlyA_62.03324686_24.54984793,1224-0-40.4084.png,40.4084
1177_Fc6bFS7D6SbN95SHMfmlyA_62.03324686_24.54984793,1224-90-40.4084.png,40.4084
1177_Fc6bFS7D6SbN95SHMfmlyA_62.03324686_24.54984793,1224-180-40.4084.png,40.4084
1177_Fc6bFS7D6SbN95SHMfmlyA_62.03324686_24.54984793,1224-270-40.4084.png,40.4084
1194_J1T0TyDqlm6ylKpd-yqUsw_41.76932236_-110.32556711,1225-0-10.6381.png,10.6381
1194_J1T0TyDqlm6ylKpd-yqUsw_41.76932236_-110.32556711,1225-90-10.6381.png,10.6381
1194_J1T0TyDqlm6ylKpd-yqUsw_41.76932236_-110.32556711,1225-180-10.6381.png,10.6381
1194_J1T0TyDqlm6ylKpd-yqUsw_41.76932236_-110.32556711,1225-270-10.6381.png,10.6381
345_eVQC0iCATZVvWFGy1FS3jA_25.51898106_89.81164950,1226-0-28.8644.png,28.8644
345_eVQC0iCATZVvWFGy1FS3jA_25.51898106_89.81164950,1226-90-28.8644.png,28.8644
345_eVQC0iCATZVvWFGy1FS3jA_25.51898106_89.81164950,1226-180-28.8644.png,28.8644
345_eVQC0iCATZVvWFGy1FS3jA_25.51898106_89.81164950,1226-270-28.8644.png,28.8644
3250_cXYkh2-B0FsM2dOlJ_zbyA_47.92979107_5.95719027,1227-0-45.5078.png,45.5078
3250_cXYkh2-B0FsM2dOlJ_zbyA_47.92979107_5.95719027,1227-90-45.5078.png,45.5078
3250_cXYkh2-B0FsM2dOlJ_zbyA_47.92979107_5.95719027,1227-180-45.5078.png,45.5078
3250_cXYkh2-B0FsM2dOlJ_zbyA_47.92979107_5.95719027,1227-270-45.5078.png,45.5078
505_ljaPEYcb7DpyECHkI-vNtA_42.22468373_-92.87463127,1228-0-44.1961.png,44.1961
505_ljaPEYcb7DpyECHkI-vNtA_42.22468373_-92.87463127,1228-90-44.1961.png,44.1961
505_ljaPEYcb7DpyECHkI-vNtA_42.22468373_-92.87463127,1228-180-44.1961.png,44.1961
505_ljaPEYcb7DpyECHkI-vNtA_42.22468373_-92.87463127,1228-270-44.1961.png,44.1961
996_JbtdRnRTo91EZWvpfQ79AA_43.84821633_0.29808162,1229-0-35.6903.png,35.6903
996_JbtdRnRTo91EZWvpfQ79AA_43.84821633_0.29808162,1229-90-35.6903.png,35.6903
996_JbtdRnRTo91EZWvpfQ79AA_43.84821633_0.29808162,1229-180-35.6903.png,35.6903
996_JbtdRnRTo91EZWvpfQ79AA_43.84821633_0.29808162,1229-270-35.6903.png,35.6903
1973_Lc9AtLJraBPCJVlH1cXTXw_38.29814963_23.11016047,1230-0-61.8833.png,61.8833
1973_Lc9AtLJraBPCJVlH1cXTXw_38.29814963_23.11016047,1230-90-61.8833.png,61.8833
1973_Lc9AtLJraBPCJVlH1cXTXw_38.29814963_23.11016047,1230-180-61.8833.png,61.8833
1973_Lc9AtLJraBPCJVlH1cXTXw_38.29814963_23.11016047,1230-270-61.8833.png,61.8833
3105_l0_kjEP0-0uP7T0NAYwOJg_44.46324813_-118.71024037,1231-0-59.9781.png,59.9781
3105_l0_kjEP0-0uP7T0NAYwOJg_44.46324813_-118.71024037,1231-90-59.9781.png,59.9781
3105_l0_kjEP0-0uP7T0NAYwOJg_44.46324813_-118.71024037,1231-180-59.9781.png,59.9781
3105_l0_kjEP0-0uP7T0NAYwOJg_44.46324813_-118.71024037,1231-270-59.9781.png,59.9781
1039_K3i9OpKD7U_QEeN4bwTQJA_59.33611094_18.05648091,1232-0-80.8965.png,80.8965
1039_K3i9OpKD7U_QEeN4bwTQJA_59.33611094_18.05648091,1232-90-80.8965.png,80.8965
1039_K3i9OpKD7U_QEeN4bwTQJA_59.33611094_18.05648091,1232-180-80.8965.png,80.8965
1039_K3i9OpKD7U_QEeN4bwTQJA_59.33611094_18.05648091,1232-270-80.8965.png,80.8965
2311_kAIUBoZDThSBaHnzlrNW1A_34.01945162_-85.86996331,1233-0-77.479.png,77.479
2311_kAIUBoZDThSBaHnzlrNW1A_34.01945162_-85.86996331,1233-90-77.479.png,77.479
2311_kAIUBoZDThSBaHnzlrNW1A_34.01945162_-85.86996331,1233-180-77.479.png,77.479
2311_kAIUBoZDThSBaHnzlrNW1A_34.01945162_-85.86996331,1233-270-77.479.png,77.479
2175_jClII6sxzpzvo3vi5mvuTA_42.52425356_-74.98883557,1234-0-25.0982.png,25.0982
2175_jClII6sxzpzvo3vi5mvuTA_42.52425356_-74.98883557,1234-90-25.0982.png,25.0982
2175_jClII6sxzpzvo3vi5mvuTA_42.52425356_-74.98883557,1234-180-25.0982.png,25.0982
2175_jClII6sxzpzvo3vi5mvuTA_42.52425356_-74.98883557,1234-270-25.0982.png,25.0982
2608_audl4A4KqgEFU2tCXrfYrQ_26.17374564_74.34818567,1235-0-32.6601.png,32.6601
2608_audl4A4KqgEFU2tCXrfYrQ_26.17374564_74.34818567,1235-90-32.6601.png,32.6601
2608_audl4A4KqgEFU2tCXrfYrQ_26.17374564_74.34818567,1235-180-32.6601.png,32.6601
2608_audl4A4KqgEFU2tCXrfYrQ_26.17374564_74.34818567,1235-270-32.6601.png,32.6601
2111_LLVpmwSW4jrORawqHwCN4Q_47.03057599_22.04753337,1236-0-45.4741.png,45.4741
2111_LLVpmwSW4jrORawqHwCN4Q_47.03057599_22.04753337,1236-90-45.4741.png,45.4741
2111_LLVpmwSW4jrORawqHwCN4Q_47.03057599_22.04753337,1236-180-45.4741.png,45.4741
2111_LLVpmwSW4jrORawqHwCN4Q_47.03057599_22.04753337,1236-270-45.4741.png,45.4741
2857_vIcSu6-ckAIRDKDimlPipg_69.66656971_19.03374609,1237-0-33.2063.png,33.2063
2857_vIcSu6-ckAIRDKDimlPipg_69.66656971_19.03374609,1237-90-33.2063.png,33.2063
2857_vIcSu6-ckAIRDKDimlPipg_69.66656971_19.03374609,1237-180-33.2063.png,33.2063
2857_vIcSu6-ckAIRDKDimlPipg_69.66656971_19.03374609,1237-270-33.2063.png,33.2063
514_4xFsMXacFBA8qnI_5I4RFg_24.73672585_121.78517823,1238-0-67.0503.png,67.0503
514_4xFsMXacFBA8qnI_5I4RFg_24.73672585_121.78517823,1238-90-67.0503.png,67.0503
514_4xFsMXacFBA8qnI_5I4RFg_24.73672585_121.78517823,1238-180-67.0503.png,67.0503
514_4xFsMXacFBA8qnI_5I4RFg_24.73672585_121.78517823,1238-270-67.0503.png,67.0503
694_9xw4cgBtCwoFmcIKakPkJg_34.57691554_132.22728241,1239-0-71.413.png,71.413
694_9xw4cgBtCwoFmcIKakPkJg_34.57691554_132.22728241,1239-90-71.413.png,71.413
694_9xw4cgBtCwoFmcIKakPkJg_34.57691554_132.22728241,1239-180-71.413.png,71.413
694_9xw4cgBtCwoFmcIKakPkJg_34.57691554_132.22728241,1239-270-71.413.png,71.413
1103_4WoTexrm1rKkvHEoIO_iTg_38.11674811_20.63474067,1240-0-47.1345.png,47.1345
1103_4WoTexrm1rKkvHEoIO_iTg_38.11674811_20.63474067,1240-90-47.1345.png,47.1345
1103_4WoTexrm1rKkvHEoIO_iTg_38.11674811_20.63474067,1240-180-47.1345.png,47.1345
1103_4WoTexrm1rKkvHEoIO_iTg_38.11674811_20.63474067,1240-270-47.1345.png,47.1345
831_JK69Wectzywd7PQWDSJfIw_-27.64863769_153.38085329,1241-0-39.6405.png,39.6405
831_JK69Wectzywd7PQWDSJfIw_-27.64863769_153.38085329,1241-90-39.6405.png,39.6405
831_JK69Wectzywd7PQWDSJfIw_-27.64863769_153.38085329,1241-180-39.6405.png,39.6405
831_JK69Wectzywd7PQWDSJfIw_-27.64863769_153.38085329,1241-270-39.6405.png,39.6405
1919_DJG82waTBYPjiKfrQwb-EQ_46.79705423_-1.15183941,1242-0-10.4084.png,10.4084
1919_DJG82waTBYPjiKfrQwb-EQ_46.79705423_-1.15183941,1242-90-10.4084.png,10.4084
1919_DJG82waTBYPjiKfrQwb-EQ_46.79705423_-1.15183941,1242-180-10.4084.png,10.4084
1919_DJG82waTBYPjiKfrQwb-EQ_46.79705423_-1.15183941,1242-270-10.4084.png,10.4084
601_eYjX4CzPc47V1zhokFt6ew_41.11869440_-98.83208568,1243-0-60.9326.png,60.9326
601_eYjX4CzPc47V1zhokFt6ew_41.11869440_-98.83208568,1243-90-60.9326.png,60.9326
601_eYjX4CzPc47V1zhokFt6ew_41.11869440_-98.83208568,1243-180-60.9326.png,60.9326
601_eYjX4CzPc47V1zhokFt6ew_41.11869440_-98.83208568,1243-270-60.9326.png,60.9326
721_Vxn7K_MSX8DwMw9mk3gEZw_45.64538031_-62.39185559,1244-0-39.6433.png,39.6433
721_Vxn7K_MSX8DwMw9mk3gEZw_45.64538031_-62.39185559,1244-90-39.6433.png,39.6433
721_Vxn7K_MSX8DwMw9mk3gEZw_45.64538031_-62.39185559,1244-180-39.6433.png,39.6433
721_Vxn7K_MSX8DwMw9mk3gEZw_45.64538031_-62.39185559,1244-270-39.6433.png,39.6433
353_-MPSMxiEIhC02Rq1HjRgdQ_41.32853990_34.84664592,1245-0-28.8836.png,28.8836
353_-MPSMxiEIhC02Rq1HjRgdQ_41.32853990_34.84664592,1245-90-28.8836.png,28.8836
353_-MPSMxiEIhC02Rq1HjRgdQ_41.32853990_34.84664592,1245-180-28.8836.png,28.8836
353_-MPSMxiEIhC02Rq1HjRgdQ_41.32853990_34.84664592,1245-270-28.8836.png,28.8836
1147_W5n6c68C3m6sTC6WyRYOBQ_40.65328792_22.94154523,1246-0-72.1837.png,72.1837
1147_W5n6c68C3m6sTC6WyRYOBQ_40.65328792_22.94154523,1246-90-72.1837.png,72.1837
1147_W5n6c68C3m6sTC6WyRYOBQ_40.65328792_22.94154523,1246-180-72.1837.png,72.1837
1147_W5n6c68C3m6sTC6WyRYOBQ_40.65328792_22.94154523,1246-270-72.1837.png,72.1837
1671_2sfOciZadx7KmgqMC8XfSA_42.92769885_-101.10180876,1247-0-13.3195.png,13.3195
1671_2sfOciZadx7KmgqMC8XfSA_42.92769885_-101.10180876,1247-90-13.3195.png,13.3195
1671_2sfOciZadx7KmgqMC8XfSA_42.92769885_-101.10180876,1247-180-13.3195.png,13.3195
1671_2sfOciZadx7KmgqMC8XfSA_42.92769885_-101.10180876,1247-270-13.3195.png,13.3195
1654_Hj_yh03PH-jWOrIovZKgqA_45.31079906_-88.10249195,1248-0-41.3927.png,41.3927
1654_Hj_yh03PH-jWOrIovZKgqA_45.31079906_-88.10249195,1248-90-41.3927.png,41.3927
1654_Hj_yh03PH-jWOrIovZKgqA_45.31079906_-88.10249195,1248-180-41.3927.png,41.3927
1654_Hj_yh03PH-jWOrIovZKgqA_45.31079906_-88.10249195,1248-270-41.3927.png,41.3927
834_LJBHX26VWXV6Mg3DGb8VTA_-46.35003568_168.85026511,1249-0-58.2608.png,58.2608
834_LJBHX26VWXV6Mg3DGb8VTA_-46.35003568_168.85026511,1249-90-58.2608.png,58.2608
834_LJBHX26VWXV6Mg3DGb8VTA_-46.35003568_168.85026511,1249-180-58.2608.png,58.2608
834_LJBHX26VWXV6Mg3DGb8VTA_-46.35003568_168.85026511,1249-270-58.2608.png,58.2608
2915__n19CsuOsObK464aTvECSg_21.46389648_-158.21280355,1250-0-41.2933.png,41.2933
2915__n19CsuOsObK464aTvECSg_21.46389648_-158.21280355,1250-90-41.2933.png,41.2933
2915__n19CsuOsObK464aTvECSg_21.46389648_-158.21280355,1250-180-41.2933.png,41.2933
2915__n19CsuOsObK464aTvECSg_21.46389648_-158.21280355,1250-270-41.2933.png,41.2933
493_62yDqwW0fW_xYcBLRxuW9w_-37.35886623_146.16446274,1251-0-53.47.png,53.47
493_62yDqwW0fW_xYcBLRxuW9w_-37.35886623_146.16446274,1251-90-53.47.png,53.47
493_62yDqwW0fW_xYcBLRxuW9w_-37.35886623_146.16446274,1251-180-53.47.png,53.47
493_62yDqwW0fW_xYcBLRxuW9w_-37.35886623_146.16446274,1251-270-53.47.png,53.47
10_SOJVt69a7faUNjrjHlo2fA_51.63832483_5.63189269,1252-0-38.2071.png,38.2071
10_SOJVt69a7faUNjrjHlo2fA_51.63832483_5.63189269,1252-90-38.2071.png,38.2071
10_SOJVt69a7faUNjrjHlo2fA_51.63832483_5.63189269,1252-180-38.2071.png,38.2071
10_SOJVt69a7faUNjrjHlo2fA_51.63832483_5.63189269,1252-270-38.2071.png,38.2071
660_VewKTCJvyp02oRpRKZkdQQ_69.72788497_30.04571051,1253-0-54.0891.png,54.0891
660_VewKTCJvyp02oRpRKZkdQQ_69.72788497_30.04571051,1253-90-54.0891.png,54.0891
660_VewKTCJvyp02oRpRKZkdQQ_69.72788497_30.04571051,1253-180-54.0891.png,54.0891
660_VewKTCJvyp02oRpRKZkdQQ_69.72788497_30.04571051,1253-270-54.0891.png,54.0891
168_8kFYmUJV9YK_B_VTWVhASA_43.24197486_-100.94970756,1254-0-30.2789.png,30.2789
168_8kFYmUJV9YK_B_VTWVhASA_43.24197486_-100.94970756,1254-90-30.2789.png,30.2789
168_8kFYmUJV9YK_B_VTWVhASA_43.24197486_-100.94970756,1254-180-30.2789.png,30.2789
168_8kFYmUJV9YK_B_VTWVhASA_43.24197486_-100.94970756,1254-270-30.2789.png,30.2789
2024_qI6M5xN1JPPU0rOWMe8FeQ_43.38072915_-89.41366774,1255-0-50.3706.png,50.3706
2024_qI6M5xN1JPPU0rOWMe8FeQ_43.38072915_-89.41366774,1255-90-50.3706.png,50.3706
2024_qI6M5xN1JPPU0rOWMe8FeQ_43.38072915_-89.41366774,1255-180-50.3706.png,50.3706
2024_qI6M5xN1JPPU0rOWMe8FeQ_43.38072915_-89.41366774,1255-270-50.3706.png,50.3706
842_uhK6xeaOOkqgg55Wc3WhXg_37.24056298_-97.40252327,1256-0-53.2199.png,53.2199
842_uhK6xeaOOkqgg55Wc3WhXg_37.24056298_-97.40252327,1256-90-53.2199.png,53.2199
842_uhK6xeaOOkqgg55Wc3WhXg_37.24056298_-97.40252327,1256-180-53.2199.png,53.2199
842_uhK6xeaOOkqgg55Wc3WhXg_37.24056298_-97.40252327,1256-270-53.2199.png,53.2199
713_X8U4btbKZ0Na3JlZkloWZw_24.48942893_89.68321087,1257-0-47.7716.png,47.7716
713_X8U4btbKZ0Na3JlZkloWZw_24.48942893_89.68321087,1257-90-47.7716.png,47.7716
713_X8U4btbKZ0Na3JlZkloWZw_24.48942893_89.68321087,1257-180-47.7716.png,47.7716
713_X8U4btbKZ0Na3JlZkloWZw_24.48942893_89.68321087,1257-270-47.7716.png,47.7716
148_IrxBg6byVMbO0NsVRT1nyA_32.52465198_-85.85111044,1258-0-62.5967.png,62.5967
148_IrxBg6byVMbO0NsVRT1nyA_32.52465198_-85.85111044,1258-90-62.5967.png,62.5967
148_IrxBg6byVMbO0NsVRT1nyA_32.52465198_-85.85111044,1258-180-62.5967.png,62.5967
148_IrxBg6byVMbO0NsVRT1nyA_32.52465198_-85.85111044,1258-270-62.5967.png,62.5967
637_vY7Pz6AUUOaOfArMH2w0Hw_20.18300085_85.61652043,1259-0-53.8831.png,53.8831
637_vY7Pz6AUUOaOfArMH2w0Hw_20.18300085_85.61652043,1259-90-53.8831.png,53.8831
637_vY7Pz6AUUOaOfArMH2w0Hw_20.18300085_85.61652043,1259-180-53.8831.png,53.8831
637_vY7Pz6AUUOaOfArMH2w0Hw_20.18300085_85.61652043,1259-270-53.8831.png,53.8831
633_cbMIgZy59cL0SAEwYT3JXA_20.05700314_-103.86331659,1260-0-75.5121.png,75.5121
633_cbMIgZy59cL0SAEwYT3JXA_20.05700314_-103.86331659,1260-90-75.5121.png,75.5121
633_cbMIgZy59cL0SAEwYT3JXA_20.05700314_-103.86331659,1260-180-75.5121.png,75.5121
633_cbMIgZy59cL0SAEwYT3JXA_20.05700314_-103.86331659,1260-270-75.5121.png,75.5121
303_I6lwucMqUPcjdHsw500rGA_39.95222663_8.73408126,1261-0-45.4066.png,45.4066
303_I6lwucMqUPcjdHsw500rGA_39.95222663_8.73408126,1261-90-45.4066.png,45.4066
303_I6lwucMqUPcjdHsw500rGA_39.95222663_8.73408126,1261-180-45.4066.png,45.4066
303_I6lwucMqUPcjdHsw500rGA_39.95222663_8.73408126,1261-270-45.4066.png,45.4066
1875_EoVgRjSYQRzFqrvZkxMDlQ_26.38562507_85.72802725,1262-0-68.8184.png,68.8184
1875_EoVgRjSYQRzFqrvZkxMDlQ_26.38562507_85.72802725,1262-90-68.8184.png,68.8184
1875_EoVgRjSYQRzFqrvZkxMDlQ_26.38562507_85.72802725,1262-180-68.8184.png,68.8184
1875_EoVgRjSYQRzFqrvZkxMDlQ_26.38562507_85.72802725,1262-270-68.8184.png,68.8184
1504_nU_AOY3_fB891tddeCvhzg_41.27760970_-70.11185531,1263-0-39.0927.png,39.0927
1504_nU_AOY3_fB891tddeCvhzg_41.27760970_-70.11185531,1263-90-39.0927.png,39.0927
1504_nU_AOY3_fB891tddeCvhzg_41.27760970_-70.11185531,1263-180-39.0927.png,39.0927
1504_nU_AOY3_fB891tddeCvhzg_41.27760970_-70.11185531,1263-270-39.0927.png,39.0927
1269_fN5MHYsNcYRyi36evEWWaQ_-20.52411768_145.39742415,1264-0-18.4293.png,18.4293
1269_fN5MHYsNcYRyi36evEWWaQ_-20.52411768_145.39742415,1264-90-18.4293.png,18.4293
1269_fN5MHYsNcYRyi36evEWWaQ_-20.52411768_145.39742415,1264-180-18.4293.png,18.4293
1269_fN5MHYsNcYRyi36evEWWaQ_-20.52411768_145.39742415,1264-270-18.4293.png,18.4293
3337_LstZoYOTOu1x-a05ZkJgbw_22.43122005_-97.96562323,1265-0-35.1636.png,35.1636
3337_LstZoYOTOu1x-a05ZkJgbw_22.43122005_-97.96562323,1265-90-35.1636.png,35.1636
3337_LstZoYOTOu1x-a05ZkJgbw_22.43122005_-97.96562323,1265-180-35.1636.png,35.1636
3337_LstZoYOTOu1x-a05ZkJgbw_22.43122005_-97.96562323,1265-270-35.1636.png,35.1636
949_NcVsPk0aOKkZRquyqzGumw_34.80427062_-81.23704948,1266-0-77.7015.png,77.7015
949_NcVsPk0aOKkZRquyqzGumw_34.80427062_-81.23704948,1266-90-77.7015.png,77.7015
949_NcVsPk0aOKkZRquyqzGumw_34.80427062_-81.23704948,1266-180-77.7015.png,77.7015
949_NcVsPk0aOKkZRquyqzGumw_34.80427062_-81.23704948,1266-270-77.7015.png,77.7015
1558_r7Rn57_oh6zFYPSFY_PBUQ_69.29090928_19.96359914,1267-0-51.8011.png,51.8011
1558_r7Rn57_oh6zFYPSFY_PBUQ_69.29090928_19.96359914,1267-90-51.8011.png,51.8011
1558_r7Rn57_oh6zFYPSFY_PBUQ_69.29090928_19.96359914,1267-180-51.8011.png,51.8011
1558_r7Rn57_oh6zFYPSFY_PBUQ_69.29090928_19.96359914,1267-270-51.8011.png,51.8011
926_OWThiYoIMhUGOrd8DRkv0w_-6.02622684_107.32083139,1268-0-54.2909.png,54.2909
926_OWThiYoIMhUGOrd8DRkv0w_-6.02622684_107.32083139,1268-90-54.2909.png,54.2909
926_OWThiYoIMhUGOrd8DRkv0w_-6.02622684_107.32083139,1268-180-54.2909.png,54.2909
926_OWThiYoIMhUGOrd8DRkv0w_-6.02622684_107.32083139,1268-270-54.2909.png,54.2909
552_CAw9bDyOhlstZycftN8u6A_51.82325180_5.37084521,1269-0-30.9605.png,30.9605
552_CAw9bDyOhlstZycftN8u6A_51.82325180_5.37084521,1269-90-30.9605.png,30.9605
552_CAw9bDyOhlstZycftN8u6A_51.82325180_5.37084521,1269-180-30.9605.png,30.9605
552_CAw9bDyOhlstZycftN8u6A_51.82325180_5.37084521,1269-270-30.9605.png,30.9605
897_-tV1_IIgdzGAino-KCPI2Q_10.95367074_105.28864393,1270-0-57.9699.png,57.9699
897_-tV1_IIgdzGAino-KCPI2Q_10.95367074_105.28864393,1270-90-57.9699.png,57.9699
897_-tV1_IIgdzGAino-KCPI2Q_10.95367074_105.28864393,1270-180-57.9699.png,57.9699
897_-tV1_IIgdzGAino-KCPI2Q_10.95367074_105.28864393,1270-270-57.9699.png,57.9699
483_waDwU8VHXOZ6PvEVUDf4OQ_27.04541922_82.26206953,1271-0-44.6442.png,44.6442
483_waDwU8VHXOZ6PvEVUDf4OQ_27.04541922_82.26206953,1271-90-44.6442.png,44.6442
483_waDwU8VHXOZ6PvEVUDf4OQ_27.04541922_82.26206953,1271-180-44.6442.png,44.6442
483_waDwU8VHXOZ6PvEVUDf4OQ_27.04541922_82.26206953,1271-270-44.6442.png,44.6442
2555_-_fSPrHZBLsPbuc0CSA9SQ_49.28036779_-122.91430474,1272-0-25.123.png,25.123
2555_-_fSPrHZBLsPbuc0CSA9SQ_49.28036779_-122.91430474,1272-90-25.123.png,25.123
2555_-_fSPrHZBLsPbuc0CSA9SQ_49.28036779_-122.91430474,1272-180-25.123.png,25.123
2555_-_fSPrHZBLsPbuc0CSA9SQ_49.28036779_-122.91430474,1272-270-25.123.png,25.123
1887_V_Bq3hVpYM_RP7RUUPtBlg_53.88807716_-9.10058717,1273-0-38.844.png,38.844
1887_V_Bq3hVpYM_RP7RUUPtBlg_53.88807716_-9.10058717,1273-90-38.844.png,38.844
1887_V_Bq3hVpYM_RP7RUUPtBlg_53.88807716_-9.10058717,1273-180-38.844.png,38.844
1887_V_Bq3hVpYM_RP7RUUPtBlg_53.88807716_-9.10058717,1273-270-38.844.png,38.844
880_If3p770Zs9qC6vzGN3doWQ_35.86417066_-90.60986223,1274-0-21.6996.png,21.6996
880_If3p770Zs9qC6vzGN3doWQ_35.86417066_-90.60986223,1274-90-21.6996.png,21.6996
880_If3p770Zs9qC6vzGN3doWQ_35.86417066_-90.60986223,1274-180-21.6996.png,21.6996
880_If3p770Zs9qC6vzGN3doWQ_35.86417066_-90.60986223,1274-270-21.6996.png,21.6996
849_nZHemPUxv95JdFuqlW-f1Q_39.40444720_20.32394463,1275-0-33.9564.png,33.9564
849_nZHemPUxv95JdFuqlW-f1Q_39.40444720_20.32394463,1275-90-33.9564.png,33.9564
849_nZHemPUxv95JdFuqlW-f1Q_39.40444720_20.32394463,1275-180-33.9564.png,33.9564
849_nZHemPUxv95JdFuqlW-f1Q_39.40444720_20.32394463,1275-270-33.9564.png,33.9564
1643_p_BJghWe9_jNHS7M0V-EcA_58.98921656_5.66152582,1276-0-34.265.png,34.265
1643_p_BJghWe9_jNHS7M0V-EcA_58.98921656_5.66152582,1276-90-34.265.png,34.265
1643_p_BJghWe9_jNHS7M0V-EcA_58.98921656_5.66152582,1276-180-34.265.png,34.265
1643_p_BJghWe9_jNHS7M0V-EcA_58.98921656_5.66152582,1276-270-34.265.png,34.265
3210_7E9tTK7LEJjTePQGpKB6tg_30.00694008_-97.15082420,1277-0-83.9317.png,83.9317
3210_7E9tTK7LEJjTePQGpKB6tg_30.00694008_-97.15082420,1277-90-83.9317.png,83.9317
3210_7E9tTK7LEJjTePQGpKB6tg_30.00694008_-97.15082420,1277-180-83.9317.png,83.9317
3210_7E9tTK7LEJjTePQGpKB6tg_30.00694008_-97.15082420,1277-270-83.9317.png,83.9317
1730_9JnRcDa313myioq71fZdbA_43.83360843_-79.24964104,1278-0-66.269.png,66.269
1730_9JnRcDa313myioq71fZdbA_43.83360843_-79.24964104,1278-90-66.269.png,66.269
1730_9JnRcDa313myioq71fZdbA_43.83360843_-79.24964104,1278-180-66.269.png,66.269
1730_9JnRcDa313myioq71fZdbA_43.83360843_-79.24964104,1278-270-66.269.png,66.269
1353_9ptBhjsiW9xTN05zM94LOw_37.16850134_-7.51794699,1279-0-61.5699.png,61.5699
1353_9ptBhjsiW9xTN05zM94LOw_37.16850134_-7.51794699,1279-90-61.5699.png,61.5699
1353_9ptBhjsiW9xTN05zM94LOw_37.16850134_-7.51794699,1279-180-61.5699.png,61.5699
1353_9ptBhjsiW9xTN05zM94LOw_37.16850134_-7.51794699,1279-270-61.5699.png,61.5699
1685_zcvh5H3Sjvd6x1OCaStfGA_-40.22646825_175.56464517,1280-0-59.9173.png,59.9173
1685_zcvh5H3Sjvd6x1OCaStfGA_-40.22646825_175.56464517,1280-90-59.9173.png,59.9173
1685_zcvh5H3Sjvd6x1OCaStfGA_-40.22646825_175.56464517,1280-180-59.9173.png,59.9173
1685_zcvh5H3Sjvd6x1OCaStfGA_-40.22646825_175.56464517,1280-270-59.9173.png,59.9173
2541_CbGHkX6I7RCDBilYEFqINg_12.21863190_78.04756704,1281-0-37.6539.png,37.6539
2541_CbGHkX6I7RCDBilYEFqINg_12.21863190_78.04756704,1281-90-37.6539.png,37.6539
2541_CbGHkX6I7RCDBilYEFqINg_12.21863190_78.04756704,1281-180-37.6539.png,37.6539
2541_CbGHkX6I7RCDBilYEFqINg_12.21863190_78.04756704,1281-270-37.6539.png,37.6539
250_KVWNZLTKkwXBDjwGrJhhuw_20.10920775_78.88525542,1282-0-29.541.png,29.541
250_KVWNZLTKkwXBDjwGrJhhuw_20.10920775_78.88525542,1282-90-29.541.png,29.541
250_KVWNZLTKkwXBDjwGrJhhuw_20.10920775_78.88525542,1282-180-29.541.png,29.541
250_KVWNZLTKkwXBDjwGrJhhuw_20.10920775_78.88525542,1282-270-29.541.png,29.541
817_-tDUr4m6rxkAOphhyXaGjQ_64.07293874_11.21747038,1283-0-14.608.png,14.608
817_-tDUr4m6rxkAOphhyXaGjQ_64.07293874_11.21747038,1283-90-14.608.png,14.608
817_-tDUr4m6rxkAOphhyXaGjQ_64.07293874_11.21747038,1283-180-14.608.png,14.608
817_-tDUr4m6rxkAOphhyXaGjQ_64.07293874_11.21747038,1283-270-14.608.png,14.608
1644_CdO3iSQnA_qOsE548Y7YZw_25.87680506_75.94398966,1284-0-66.1401.png,66.1401
1644_CdO3iSQnA_qOsE548Y7YZw_25.87680506_75.94398966,1284-90-66.1401.png,66.1401
1644_CdO3iSQnA_qOsE548Y7YZw_25.87680506_75.94398966,1284-180-66.1401.png,66.1401
1644_CdO3iSQnA_qOsE548Y7YZw_25.87680506_75.94398966,1284-270-66.1401.png,66.1401
1108_uZ4Ujr-7P9sp5md2is7V3w_33.27234831_-95.58449387,1285-0-80.6873.png,80.6873
1108_uZ4Ujr-7P9sp5md2is7V3w_33.27234831_-95.58449387,1285-90-80.6873.png,80.6873
1108_uZ4Ujr-7P9sp5md2is7V3w_33.27234831_-95.58449387,1285-180-80.6873.png,80.6873
1108_uZ4Ujr-7P9sp5md2is7V3w_33.27234831_-95.58449387,1285-270-80.6873.png,80.6873
3421_clFrJh-MBzAHDCSl1p4c7g_19.93888765_83.32233521,1286-0-52.9755.png,52.9755
3421_clFrJh-MBzAHDCSl1p4c7g_19.93888765_83.32233521,1286-90-52.9755.png,52.9755
3421_clFrJh-MBzAHDCSl1p4c7g_19.93888765_83.32233521,1286-180-52.9755.png,52.9755
3421_clFrJh-MBzAHDCSl1p4c7g_19.93888765_83.32233521,1286-270-52.9755.png,52.9755
1117_14JLKrtF5rNk_VMiHAOb3A_41.83294017_0.37939877,1287-0-23.5848.png,23.5848
1117_14JLKrtF5rNk_VMiHAOb3A_41.83294017_0.37939877,1287-90-23.5848.png,23.5848
1117_14JLKrtF5rNk_VMiHAOb3A_41.83294017_0.37939877,1287-180-23.5848.png,23.5848
1117_14JLKrtF5rNk_VMiHAOb3A_41.83294017_0.37939877,1287-270-23.5848.png,23.5848
2058_Evn1fnbXlyEjTF5bQEy9Mw_43.55327909_-99.68320421,1288-0-15.132.png,15.132
2058_Evn1fnbXlyEjTF5bQEy9Mw_43.55327909_-99.68320421,1288-90-15.132.png,15.132
2058_Evn1fnbXlyEjTF5bQEy9Mw_43.55327909_-99.68320421,1288-180-15.132.png,15.132
2058_Evn1fnbXlyEjTF5bQEy9Mw_43.55327909_-99.68320421,1288-270-15.132.png,15.132
1915__ZJFxxl-R2Zjv-VgPIQ-KQ_-32.42400693_-65.17779342,1289-0-14.8156.png,14.8156
1915__ZJFxxl-R2Zjv-VgPIQ-KQ_-32.42400693_-65.17779342,1289-90-14.8156.png,14.8156
1915__ZJFxxl-R2Zjv-VgPIQ-KQ_-32.42400693_-65.17779342,1289-180-14.8156.png,14.8156
1915__ZJFxxl-R2Zjv-VgPIQ-KQ_-32.42400693_-65.17779342,1289-270-14.8156.png,14.8156
1017_eMDtZhx7GqYW0RMH7HISvw_24.29572556_71.51888884,1290-0-27.3431.png,27.3431
1017_eMDtZhx7GqYW0RMH7HISvw_24.29572556_71.51888884,1290-90-27.3431.png,27.3431
1017_eMDtZhx7GqYW0RMH7HISvw_24.29572556_71.51888884,1290-180-27.3431.png,27.3431
1017_eMDtZhx7GqYW0RMH7HISvw_24.29572556_71.51888884,1290-270-27.3431.png,27.3431
3135_VxNMKHKZblUu5HNpz3ILWA_47.18431774_5.90819530,1291-0-41.1681.png,41.1681
3135_VxNMKHKZblUu5HNpz3ILWA_47.18431774_5.90819530,1291-90-41.1681.png,41.1681
3135_VxNMKHKZblUu5HNpz3ILWA_47.18431774_5.90819530,1291-180-41.1681.png,41.1681
3135_VxNMKHKZblUu5HNpz3ILWA_47.18431774_5.90819530,1291-270-41.1681.png,41.1681
1576_eUJL7lfZ6zxIekhmWQ4DpQ_39.02627933_-86.93737016,1292-0-43.577.png,43.577
1576_eUJL7lfZ6zxIekhmWQ4DpQ_39.02627933_-86.93737016,1292-90-43.577.png,43.577
1576_eUJL7lfZ6zxIekhmWQ4DpQ_39.02627933_-86.93737016,1292-180-43.577.png,43.577
1576_eUJL7lfZ6zxIekhmWQ4DpQ_39.02627933_-86.93737016,1292-270-43.577.png,43.577
644_llIrANsoYT0OaT448nlvMg_45.95803313_-107.98614570,1293-0-40.4976.png,40.4976
644_llIrANsoYT0OaT448nlvMg_45.95803313_-107.98614570,1293-90-40.4976.png,40.4976
644_llIrANsoYT0OaT448nlvMg_45.95803313_-107.98614570,1293-180-40.4976.png,40.4976
644_llIrANsoYT0OaT448nlvMg_45.95803313_-107.98614570,1293-270-40.4976.png,40.4976
908_HYUY1hJ1eXjnX_lp7Q39tA_43.85360701_10.54907437,1294-0-44.7415.png,44.7415
908_HYUY1hJ1eXjnX_lp7Q39tA_43.85360701_10.54907437,1294-90-44.7415.png,44.7415
908_HYUY1hJ1eXjnX_lp7Q39tA_43.85360701_10.54907437,1294-180-44.7415.png,44.7415
908_HYUY1hJ1eXjnX_lp7Q39tA_43.85360701_10.54907437,1294-270-44.7415.png,44.7415
282_BUQa_lkmcKrzjjbgj0McxA_57.19613691_23.09706324,1295-0-49.2128.png,49.2128
282_BUQa_lkmcKrzjjbgj0McxA_57.19613691_23.09706324,1295-90-49.2128.png,49.2128
282_BUQa_lkmcKrzjjbgj0McxA_57.19613691_23.09706324,1295-180-49.2128.png,49.2128
282_BUQa_lkmcKrzjjbgj0McxA_57.19613691_23.09706324,1295-270-49.2128.png,49.2128
88_Wnb0PTzIZp9cMcDAkE-UgA_43.25866384_-82.81697456,1296-0-43.8499.png,43.8499
88_Wnb0PTzIZp9cMcDAkE-UgA_43.25866384_-82.81697456,1296-90-43.8499.png,43.8499
88_Wnb0PTzIZp9cMcDAkE-UgA_43.25866384_-82.81697456,1296-180-43.8499.png,43.8499
88_Wnb0PTzIZp9cMcDAkE-UgA_43.25866384_-82.81697456,1296-270-43.8499.png,43.8499
1396_4_yu50emlY3OuKBkuD5PYw_65.33067446_25.38036243,1297-0-34.2985.png,34.2985
1396_4_yu50emlY3OuKBkuD5PYw_65.33067446_25.38036243,1297-90-34.2985.png,34.2985
1396_4_yu50emlY3OuKBkuD5PYw_65.33067446_25.38036243,1297-180-34.2985.png,34.2985
1396_4_yu50emlY3OuKBkuD5PYw_65.33067446_25.38036243,1297-270-34.2985.png,34.2985
858_LsvaOCroVzLF8dRO-44gdQ_55.55145515_12.15856512,1298-0-22.0468.png,22.0468
858_LsvaOCroVzLF8dRO-44gdQ_55.55145515_12.15856512,1298-90-22.0468.png,22.0468
858_LsvaOCroVzLF8dRO-44gdQ_55.55145515_12.15856512,1298-180-22.0468.png,22.0468
858_LsvaOCroVzLF8dRO-44gdQ_55.55145515_12.15856512,1298-270-22.0468.png,22.0468
408_wbYMJIEJaiGJGWVTpSXJpg_65.65005871_21.96654366,1299-0-18.9915.png,18.9915
408_wbYMJIEJaiGJGWVTpSXJpg_65.65005871_21.96654366,1299-90-18.9915.png,18.9915
408_wbYMJIEJaiGJGWVTpSXJpg_65.65005871_21.96654366,1299-180-18.9915.png,18.9915
408_wbYMJIEJaiGJGWVTpSXJpg_65.65005871_21.96654366,1299-270-18.9915.png,18.9915
749_kP31PlV6nFTXsDA0t-qG4Q_-39.63837522_176.82028059,1300-0-24.152.png,24.152
749_kP31PlV6nFTXsDA0t-qG4Q_-39.63837522_176.82028059,1300-90-24.152.png,24.152
749_kP31PlV6nFTXsDA0t-qG4Q_-39.63837522_176.82028059,1300-180-24.152.png,24.152
749_kP31PlV6nFTXsDA0t-qG4Q_-39.63837522_176.82028059,1300-270-24.152.png,24.152
683_CrSn0T83Kxs2EhsclgdL1w_50.03091438_-100.24034080,1301-0-19.5628.png,19.5628
683_CrSn0T83Kxs2EhsclgdL1w_50.03091438_-100.24034080,1301-90-19.5628.png,19.5628
683_CrSn0T83Kxs2EhsclgdL1w_50.03091438_-100.24034080,1301-180-19.5628.png,19.5628
683_CrSn0T83Kxs2EhsclgdL1w_50.03091438_-100.24034080,1301-270-19.5628.png,19.5628
2637_rHrDtBtzk1LluWIxQlCGRQ_40.53048342_-101.02480746,1302-0-18.6099.png,18.6099
2637_rHrDtBtzk1LluWIxQlCGRQ_40.53048342_-101.02480746,1302-90-18.6099.png,18.6099
2637_rHrDtBtzk1LluWIxQlCGRQ_40.53048342_-101.02480746,1302-180-18.6099.png,18.6099
2637_rHrDtBtzk1LluWIxQlCGRQ_40.53048342_-101.02480746,1302-270-18.6099.png,18.6099
128_p3Gv3z77xRfCtIsiOjFUww_23.07967791_80.05771630,1303-0-72.7386.png,72.7386
128_p3Gv3z77xRfCtIsiOjFUww_23.07967791_80.05771630,1303-90-72.7386.png,72.7386
128_p3Gv3z77xRfCtIsiOjFUww_23.07967791_80.05771630,1303-180-72.7386.png,72.7386
128_p3Gv3z77xRfCtIsiOjFUww_23.07967791_80.05771630,1303-270-72.7386.png,72.7386
1789_0K58mrc77e4XanNCA5LUwQ_-1.06519858_100.41496382,1304-0-77.7669.png,77.7669
1789_0K58mrc77e4XanNCA5LUwQ_-1.06519858_100.41496382,1304-90-77.7669.png,77.7669
1789_0K58mrc77e4XanNCA5LUwQ_-1.06519858_100.41496382,1304-180-77.7669.png,77.7669
1789_0K58mrc77e4XanNCA5LUwQ_-1.06519858_100.41496382,1304-270-77.7669.png,77.7669
105_s1rD5ZtYl15cikJe-iXrAA_44.35074153_10.63147007,1305-0-27.8949.png,27.8949
105_s1rD5ZtYl15cikJe-iXrAA_44.35074153_10.63147007,1305-90-27.8949.png,27.8949
105_s1rD5ZtYl15cikJe-iXrAA_44.35074153_10.63147007,1305-180-27.8949.png,27.8949
105_s1rD5ZtYl15cikJe-iXrAA_44.35074153_10.63147007,1305-270-27.8949.png,27.8949
587_UfdlhY18ww2PJ0cdgnNYLQ_18.09346509_80.79976906,1306-0-41.8477.png,41.8477
587_UfdlhY18ww2PJ0cdgnNYLQ_18.09346509_80.79976906,1306-90-41.8477.png,41.8477
587_UfdlhY18ww2PJ0cdgnNYLQ_18.09346509_80.79976906,1306-180-41.8477.png,41.8477
587_UfdlhY18ww2PJ0cdgnNYLQ_18.09346509_80.79976906,1306-270-41.8477.png,41.8477
2250_1l5bL_aBLRs6GuoocdiwGA_61.56394936_43.90752260,1307-0-44.2833.png,44.2833
2250_1l5bL_aBLRs6GuoocdiwGA_61.56394936_43.90752260,1307-90-44.2833.png,44.2833
2250_1l5bL_aBLRs6GuoocdiwGA_61.56394936_43.90752260,1307-180-44.2833.png,44.2833
2250_1l5bL_aBLRs6GuoocdiwGA_61.56394936_43.90752260,1307-270-44.2833.png,44.2833
1863_4_yu50emlY3OuKBkuD5PYw_65.33067446_25.38036243,1308-0-34.2985.png,34.2985
1863_4_yu50emlY3OuKBkuD5PYw_65.33067446_25.38036243,1308-90-34.2985.png,34.2985
1863_4_yu50emlY3OuKBkuD5PYw_65.33067446_25.38036243,1308-180-34.2985.png,34.2985
1863_4_yu50emlY3OuKBkuD5PYw_65.33067446_25.38036243,1308-270-34.2985.png,34.2985
444_IxL--PLOW1DFnM_ehF27Aw_50.94110891_3.45838232,1309-0-28.4587.png,28.4587
444_IxL--PLOW1DFnM_ehF27Aw_50.94110891_3.45838232,1309-90-28.4587.png,28.4587
444_IxL--PLOW1DFnM_ehF27Aw_50.94110891_3.45838232,1309-180-28.4587.png,28.4587
444_IxL--PLOW1DFnM_ehF27Aw_50.94110891_3.45838232,1309-270-28.4587.png,28.4587
1527_as3e6Hs4PSbmXA3qeXTI6w_16.62417818_81.16642920,1310-0-39.7755.png,39.7755
1527_as3e6Hs4PSbmXA3qeXTI6w_16.62417818_81.16642920,1310-90-39.7755.png,39.7755
1527_as3e6Hs4PSbmXA3qeXTI6w_16.62417818_81.16642920,1310-180-39.7755.png,39.7755
1527_as3e6Hs4PSbmXA3qeXTI6w_16.62417818_81.16642920,1310-270-39.7755.png,39.7755
3353_SCrgjnoHT490IwrsERrpHQ_34.92194574_-117.19758946,1311-0-39.8712.png,39.8712
3353_SCrgjnoHT490IwrsERrpHQ_34.92194574_-117.19758946,1311-90-39.8712.png,39.8712
3353_SCrgjnoHT490IwrsERrpHQ_34.92194574_-117.19758946,1311-180-39.8712.png,39.8712
3353_SCrgjnoHT490IwrsERrpHQ_34.92194574_-117.19758946,1311-270-39.8712.png,39.8712
1845_a5Z7U8OavZSu56vivoJHsQ_13.83344276_121.25116078,1312-0-24.2703.png,24.2703
1845_a5Z7U8OavZSu56vivoJHsQ_13.83344276_121.25116078,1312-90-24.2703.png,24.2703
1845_a5Z7U8OavZSu56vivoJHsQ_13.83344276_121.25116078,1312-180-24.2703.png,24.2703
1845_a5Z7U8OavZSu56vivoJHsQ_13.83344276_121.25116078,1312-270-24.2703.png,24.2703
935_xKZXp_h69rz9CFfIxP8htQ_38.66889947_-88.48565221,1313-0-68.7633.png,68.7633
935_xKZXp_h69rz9CFfIxP8htQ_38.66889947_-88.48565221,1313-90-68.7633.png,68.7633
935_xKZXp_h69rz9CFfIxP8htQ_38.66889947_-88.48565221,1313-180-68.7633.png,68.7633
935_xKZXp_h69rz9CFfIxP8htQ_38.66889947_-88.48565221,1313-270-68.7633.png,68.7633
1261_e-QvzYXqNXaQ7ghCGBzXfQ_47.09451989_-104.71500554,1314-0-83.4055.png,83.4055
1261_e-QvzYXqNXaQ7ghCGBzXfQ_47.09451989_-104.71500554,1314-90-83.4055.png,83.4055
1261_e-QvzYXqNXaQ7ghCGBzXfQ_47.09451989_-104.71500554,1314-180-83.4055.png,83.4055
1261_e-QvzYXqNXaQ7ghCGBzXfQ_47.09451989_-104.71500554,1314-270-83.4055.png,83.4055
73_dgIvT54oPLxnLww75XOEMw_41.16601823_-88.87724640,1315-0-68.0202.png,68.0202
73_dgIvT54oPLxnLww75XOEMw_41.16601823_-88.87724640,1315-90-68.0202.png,68.0202
73_dgIvT54oPLxnLww75XOEMw_41.16601823_-88.87724640,1315-180-68.0202.png,68.0202
73_dgIvT54oPLxnLww75XOEMw_41.16601823_-88.87724640,1315-270-68.0202.png,68.0202
1249_P6EKpg3GZnfrxYZRLHfI9Q_-18.96695802_-43.25607938,1316-0-67.9831.png,67.9831
1249_P6EKpg3GZnfrxYZRLHfI9Q_-18.96695802_-43.25607938,1316-90-67.9831.png,67.9831
1249_P6EKpg3GZnfrxYZRLHfI9Q_-18.96695802_-43.25607938,1316-180-67.9831.png,67.9831
1249_P6EKpg3GZnfrxYZRLHfI9Q_-18.96695802_-43.25607938,1316-270-67.9831.png,67.9831
997_blL3bDYIfSkK--0_STJtcQ_58.94738899_5.74047204,1317-0-28.1304.png,28.1304
997_blL3bDYIfSkK--0_STJtcQ_58.94738899_5.74047204,1317-90-28.1304.png,28.1304
997_blL3bDYIfSkK--0_STJtcQ_58.94738899_5.74047204,1317-180-28.1304.png,28.1304
997_blL3bDYIfSkK--0_STJtcQ_58.94738899_5.74047204,1317-270-28.1304.png,28.1304
2260_SYGyYjF8YF7gh8a0TGUaog_34.28029960_-118.77895296,1318-0-23.0327.png,23.0327
2260_SYGyYjF8YF7gh8a0TGUaog_34.28029960_-118.77895296,1318-90-23.0327.png,23.0327
2260_SYGyYjF8YF7gh8a0TGUaog_34.28029960_-118.77895296,1318-180-23.0327.png,23.0327
2260_SYGyYjF8YF7gh8a0TGUaog_34.28029960_-118.77895296,1318-270-23.0327.png,23.0327
1485_PEa9aF20ERbtBP7O5uaztA_61.13050432_9.08530749,1319-0-21.4825.png,21.4825
1485_PEa9aF20ERbtBP7O5uaztA_61.13050432_9.08530749,1319-90-21.4825.png,21.4825
1485_PEa9aF20ERbtBP7O5uaztA_61.13050432_9.08530749,1319-180-21.4825.png,21.4825
1485_PEa9aF20ERbtBP7O5uaztA_61.13050432_9.08530749,1319-270-21.4825.png,21.4825
942_OU3l55C2SxhG9HUnr9o-8g_45.46956998_-73.63154631,1320-0-44.5333.png,44.5333
942_OU3l55C2SxhG9HUnr9o-8g_45.46956998_-73.63154631,1320-90-44.5333.png,44.5333
942_OU3l55C2SxhG9HUnr9o-8g_45.46956998_-73.63154631,1320-180-44.5333.png,44.5333
942_OU3l55C2SxhG9HUnr9o-8g_45.46956998_-73.63154631,1320-270-44.5333.png,44.5333
72_KfQiukvuALc3N559NP2CPw_11.76454211_76.67639569,1321-0-40.1694.png,40.1694
72_KfQiukvuALc3N559NP2CPw_11.76454211_76.67639569,1321-90-40.1694.png,40.1694
72_KfQiukvuALc3N559NP2CPw_11.76454211_76.67639569,1321-180-40.1694.png,40.1694
72_KfQiukvuALc3N559NP2CPw_11.76454211_76.67639569,1321-270-40.1694.png,40.1694
2395_3Z0B2bsaiti_wpvTbGp9Tg_16.46550832_-15.69602598,1322-0-51.3251.png,51.3251
2395_3Z0B2bsaiti_wpvTbGp9Tg_16.46550832_-15.69602598,1322-90-51.3251.png,51.3251
2395_3Z0B2bsaiti_wpvTbGp9Tg_16.46550832_-15.69602598,1322-180-51.3251.png,51.3251
2395_3Z0B2bsaiti_wpvTbGp9Tg_16.46550832_-15.69602598,1322-270-51.3251.png,51.3251
3160_8Nj27owCOI24MAxkKMJMRg_46.51236776_-84.28828871,1323-0-29.823.png,29.823
3160_8Nj27owCOI24MAxkKMJMRg_46.51236776_-84.28828871,1323-90-29.823.png,29.823
3160_8Nj27owCOI24MAxkKMJMRg_46.51236776_-84.28828871,1323-180-29.823.png,29.823
3160_8Nj27owCOI24MAxkKMJMRg_46.51236776_-84.28828871,1323-270-29.823.png,29.823
1348_Q1_3Mm83EQOfU_rpgRKYvg_22.46418388_70.06108962,1324-0-70.7859.png,70.7859
1348_Q1_3Mm83EQOfU_rpgRKYvg_22.46418388_70.06108962,1324-90-70.7859.png,70.7859
1348_Q1_3Mm83EQOfU_rpgRKYvg_22.46418388_70.06108962,1324-180-70.7859.png,70.7859
1348_Q1_3Mm83EQOfU_rpgRKYvg_22.46418388_70.06108962,1324-270-70.7859.png,70.7859
1772_95wyBBLj4FJKEnWUqYbxDg_38.15447605_22.33830932,1325-0-35.669.png,35.669
1772_95wyBBLj4FJKEnWUqYbxDg_38.15447605_22.33830932,1325-90-35.669.png,35.669
1772_95wyBBLj4FJKEnWUqYbxDg_38.15447605_22.33830932,1325-180-35.669.png,35.669
1772_95wyBBLj4FJKEnWUqYbxDg_38.15447605_22.33830932,1325-270-35.669.png,35.669
2263_dQE121lbBd_-hGQcnZynPA_21.44536118_-103.10808897,1326-0-61.8215.png,61.8215
2263_dQE121lbBd_-hGQcnZynPA_21.44536118_-103.10808897,1326-90-61.8215.png,61.8215
2263_dQE121lbBd_-hGQcnZynPA_21.44536118_-103.10808897,1326-180-61.8215.png,61.8215
2263_dQE121lbBd_-hGQcnZynPA_21.44536118_-103.10808897,1326-270-61.8215.png,61.8215
224_Ngi8wU_wztIqLHE9N24mNA_61.01599570_69.03814567,1327-0-24.5746.png,24.5746
224_Ngi8wU_wztIqLHE9N24mNA_61.01599570_69.03814567,1327-90-24.5746.png,24.5746
224_Ngi8wU_wztIqLHE9N24mNA_61.01599570_69.03814567,1327-180-24.5746.png,24.5746
224_Ngi8wU_wztIqLHE9N24mNA_61.01599570_69.03814567,1327-270-24.5746.png,24.5746
544_kuTqTPOLFRHvzwskoVJK7Q_16.65986734_76.93302700,1328-0-23.6575.png,23.6575
544_kuTqTPOLFRHvzwskoVJK7Q_16.65986734_76.93302700,1328-90-23.6575.png,23.6575
544_kuTqTPOLFRHvzwskoVJK7Q_16.65986734_76.93302700,1328-180-23.6575.png,23.6575
544_kuTqTPOLFRHvzwskoVJK7Q_16.65986734_76.93302700,1328-270-23.6575.png,23.6575
540_MxTudMH64EjUybo2SLNRyQ_56.55481551_-5.41049734,1329-0-34.0651.png,34.0651
540_MxTudMH64EjUybo2SLNRyQ_56.55481551_-5.41049734,1329-90-34.0651.png,34.0651
540_MxTudMH64EjUybo2SLNRyQ_56.55481551_-5.41049734,1329-180-34.0651.png,34.0651
540_MxTudMH64EjUybo2SLNRyQ_56.55481551_-5.41049734,1329-270-34.0651.png,34.0651
786_3b1QaD9edDVedZuK2x-6MA_35.78219746_-113.07235613,1330-0-29.5787.png,29.5787
786_3b1QaD9edDVedZuK2x-6MA_35.78219746_-113.07235613,1330-90-29.5787.png,29.5787
786_3b1QaD9edDVedZuK2x-6MA_35.78219746_-113.07235613,1330-180-29.5787.png,29.5787
786_3b1QaD9edDVedZuK2x-6MA_35.78219746_-113.07235613,1330-270-29.5787.png,29.5787
813_CvRJEl6rAn4t1pkioEC6Fg_39.37776677_30.08047871,1331-0-17.0583.png,17.0583
813_CvRJEl6rAn4t1pkioEC6Fg_39.37776677_30.08047871,1331-90-17.0583.png,17.0583
813_CvRJEl6rAn4t1pkioEC6Fg_39.37776677_30.08047871,1331-180-17.0583.png,17.0583
813_CvRJEl6rAn4t1pkioEC6Fg_39.37776677_30.08047871,1331-270-17.0583.png,17.0583
1492_hS01s7jf93oVaCFwykAFPA_52.29016854_-1.94331575,1332-0-39.1606.png,39.1606
1492_hS01s7jf93oVaCFwykAFPA_52.29016854_-1.94331575,1332-90-39.1606.png,39.1606
1492_hS01s7jf93oVaCFwykAFPA_52.29016854_-1.94331575,1332-180-39.1606.png,39.1606
1492_hS01s7jf93oVaCFwykAFPA_52.29016854_-1.94331575,1332-270-39.1606.png,39.1606
716_jFA9HUvhD7Fj_SoHA-WyRw_45.65465191_12.29663939,1333-0-61.0151.png,61.0151
716_jFA9HUvhD7Fj_SoHA-WyRw_45.65465191_12.29663939,1333-90-61.0151.png,61.0151
716_jFA9HUvhD7Fj_SoHA-WyRw_45.65465191_12.29663939,1333-180-61.0151.png,61.0151
716_jFA9HUvhD7Fj_SoHA-WyRw_45.65465191_12.29663939,1333-270-61.0151.png,61.0151
556_6xtkneEYtksHe8_Xck9eDA_48.18654247_0.63854452,1334-0-41.5464.png,41.5464
556_6xtkneEYtksHe8_Xck9eDA_48.18654247_0.63854452,1334-90-41.5464.png,41.5464
556_6xtkneEYtksHe8_Xck9eDA_48.18654247_0.63854452,1334-180-41.5464.png,41.5464
556_6xtkneEYtksHe8_Xck9eDA_48.18654247_0.63854452,1334-270-41.5464.png,41.5464
1087_swuBY1Jga6eAeEPVsg9IBg_41.30270287_27.23450835,1335-0-32.6833.png,32.6833
1087_swuBY1Jga6eAeEPVsg9IBg_41.30270287_27.23450835,1335-90-32.6833.png,32.6833
1087_swuBY1Jga6eAeEPVsg9IBg_41.30270287_27.23450835,1335-180-32.6833.png,32.6833
1087_swuBY1Jga6eAeEPVsg9IBg_41.30270287_27.23450835,1335-270-32.6833.png,32.6833
3058_oPjcwYNgthUWVYfMLs_Alw_-24.95170147_28.53269984,1336-0-13.0173.png,13.0173
3058_oPjcwYNgthUWVYfMLs_Alw_-24.95170147_28.53269984,1336-90-13.0173.png,13.0173
3058_oPjcwYNgthUWVYfMLs_Alw_-24.95170147_28.53269984,1336-180-13.0173.png,13.0173
3058_oPjcwYNgthUWVYfMLs_Alw_-24.95170147_28.53269984,1336-270-13.0173.png,13.0173
498_tAeYVM2n28qf2WqSdNIrwg_36.72320371_-78.28039440,1337-0-74.689.png,74.689
498_tAeYVM2n28qf2WqSdNIrwg_36.72320371_-78.28039440,1337-90-74.689.png,74.689
498_tAeYVM2n28qf2WqSdNIrwg_36.72320371_-78.28039440,1337-180-74.689.png,74.689
498_tAeYVM2n28qf2WqSdNIrwg_36.72320371_-78.28039440,1337-270-74.689.png,74.689
291_-jbtN38cgIQJ8mLuoqR49A_15.30399020_-91.49277661,1338-0-74.296.png,74.296
291_-jbtN38cgIQJ8mLuoqR49A_15.30399020_-91.49277661,1338-90-74.296.png,74.296
291_-jbtN38cgIQJ8mLuoqR49A_15.30399020_-91.49277661,1338-180-74.296.png,74.296
291_-jbtN38cgIQJ8mLuoqR49A_15.30399020_-91.49277661,1338-270-74.296.png,74.296
649_aRxOcTXPflz-vesjL9FRMg_-33.28532215_148.74079081,1339-0-37.5003.png,37.5003
649_aRxOcTXPflz-vesjL9FRMg_-33.28532215_148.74079081,1339-90-37.5003.png,37.5003
649_aRxOcTXPflz-vesjL9FRMg_-33.28532215_148.74079081,1339-180-37.5003.png,37.5003
649_aRxOcTXPflz-vesjL9FRMg_-33.28532215_148.74079081,1339-270-37.5003.png,37.5003
1815_WC3uDGEbBpFhRqGhlLHgXA_35.33612060_139.46531113,1340-0-19.7258.png,19.7258
1815_WC3uDGEbBpFhRqGhlLHgXA_35.33612060_139.46531113,1340-90-19.7258.png,19.7258
1815_WC3uDGEbBpFhRqGhlLHgXA_35.33612060_139.46531113,1340-180-19.7258.png,19.7258
1815_WC3uDGEbBpFhRqGhlLHgXA_35.33612060_139.46531113,1340-270-19.7258.png,19.7258
519_hA3cj9iWBMIuq2vdYsEAAg_47.09724338_16.11929733,1341-0-43.32.png,43.32
519_hA3cj9iWBMIuq2vdYsEAAg_47.09724338_16.11929733,1341-90-43.32.png,43.32
519_hA3cj9iWBMIuq2vdYsEAAg_47.09724338_16.11929733,1341-180-43.32.png,43.32
519_hA3cj9iWBMIuq2vdYsEAAg_47.09724338_16.11929733,1341-270-43.32.png,43.32
868_P7CR4ttbbHRY1MTU23soRg_25.40492526_86.69019522,1342-0-72.7497.png,72.7497
868_P7CR4ttbbHRY1MTU23soRg_25.40492526_86.69019522,1342-90-72.7497.png,72.7497
868_P7CR4ttbbHRY1MTU23soRg_25.40492526_86.69019522,1342-180-72.7497.png,72.7497
868_P7CR4ttbbHRY1MTU23soRg_25.40492526_86.69019522,1342-270-72.7497.png,72.7497
1227_U7G-j03o8F84F9MszfnQqw_-33.30903335_117.34337554,1343-0-60.0804.png,60.0804
1227_U7G-j03o8F84F9MszfnQqw_-33.30903335_117.34337554,1343-90-60.0804.png,60.0804
1227_U7G-j03o8F84F9MszfnQqw_-33.30903335_117.34337554,1343-180-60.0804.png,60.0804
1227_U7G-j03o8F84F9MszfnQqw_-33.30903335_117.34337554,1343-270-60.0804.png,60.0804
82_Ftlwv2mi4BhEDqE9ctO7MQ_40.80833047_-109.46757827,1344-0-85.6942.png,85.6942
82_Ftlwv2mi4BhEDqE9ctO7MQ_40.80833047_-109.46757827,1344-90-85.6942.png,85.6942
82_Ftlwv2mi4BhEDqE9ctO7MQ_40.80833047_-109.46757827,1344-180-85.6942.png,85.6942
82_Ftlwv2mi4BhEDqE9ctO7MQ_40.80833047_-109.46757827,1344-270-85.6942.png,85.6942
970_KVWNZLTKkwXBDjwGrJhhuw_20.10920775_78.88525542,1345-0-29.541.png,29.541
970_KVWNZLTKkwXBDjwGrJhhuw_20.10920775_78.88525542,1345-90-29.541.png,29.541
970_KVWNZLTKkwXBDjwGrJhhuw_20.10920775_78.88525542,1345-180-29.541.png,29.541
970_KVWNZLTKkwXBDjwGrJhhuw_20.10920775_78.88525542,1345-270-29.541.png,29.541
923_WqVOV2-zYNJ_0Y0TQJJD9w_38.48031280_-102.78443747,1346-0-80.0789.png,80.0789
923_WqVOV2-zYNJ_0Y0TQJJD9w_38.48031280_-102.78443747,1346-90-80.0789.png,80.0789
923_WqVOV2-zYNJ_0Y0TQJJD9w_38.48031280_-102.78443747,1346-180-80.0789.png,80.0789
923_WqVOV2-zYNJ_0Y0TQJJD9w_38.48031280_-102.78443747,1346-270-80.0789.png,80.0789
1067_H9-ssyP96a9jNq4MO7V22w_41.83534663_12.88904726,1347-0-49.5387.png,49.5387
1067_H9-ssyP96a9jNq4MO7V22w_41.83534663_12.88904726,1347-90-49.5387.png,49.5387
1067_H9-ssyP96a9jNq4MO7V22w_41.83534663_12.88904726,1347-180-49.5387.png,49.5387
1067_H9-ssyP96a9jNq4MO7V22w_41.83534663_12.88904726,1347-270-49.5387.png,49.5387
2449_8tDr6NNDAD2qlURFkW2u9g_26.70357487_92.47811608,1348-0-76.599.png,76.599
2449_8tDr6NNDAD2qlURFkW2u9g_26.70357487_92.47811608,1348-90-76.599.png,76.599
2449_8tDr6NNDAD2qlURFkW2u9g_26.70357487_92.47811608,1348-180-76.599.png,76.599
2449_8tDr6NNDAD2qlURFkW2u9g_26.70357487_92.47811608,1348-270-76.599.png,76.599
1204_gEgzqngrv8f2zwc-NoH-4A_35.31836215_139.36402233,1349-0-30.6914.png,30.6914
1204_gEgzqngrv8f2zwc-NoH-4A_35.31836215_139.36402233,1349-90-30.6914.png,30.6914
1204_gEgzqngrv8f2zwc-NoH-4A_35.31836215_139.36402233,1349-180-30.6914.png,30.6914
1204_gEgzqngrv8f2zwc-NoH-4A_35.31836215_139.36402233,1349-270-30.6914.png,30.6914
843_jEPtp2xEzpb7LA7BkK_t_g_51.56429643_0.09641826,1350-0-30.32.png,30.32
843_jEPtp2xEzpb7LA7BkK_t_g_51.56429643_0.09641826,1350-90-30.32.png,30.32
843_jEPtp2xEzpb7LA7BkK_t_g_51.56429643_0.09641826,1350-180-30.32.png,30.32
843_jEPtp2xEzpb7LA7BkK_t_g_51.56429643_0.09641826,1350-270-30.32.png,30.32
3190_f0YmBZqi2Zn2Pc89HHqqlA_57.11327483_8.62127275,1351-0-41.4423.png,41.4423
3190_f0YmBZqi2Zn2Pc89HHqqlA_57.11327483_8.62127275,1351-90-41.4423.png,41.4423
3190_f0YmBZqi2Zn2Pc89HHqqlA_57.11327483_8.62127275,1351-180-41.4423.png,41.4423
3190_f0YmBZqi2Zn2Pc89HHqqlA_57.11327483_8.62127275,1351-270-41.4423.png,41.4423
2040_-aznPa8-AQxOvEv_IZtYWQ_66.93241340_28.89556625,1352-0-54.1542.png,54.1542
2040_-aznPa8-AQxOvEv_IZtYWQ_66.93241340_28.89556625,1352-90-54.1542.png,54.1542
2040_-aznPa8-AQxOvEv_IZtYWQ_66.93241340_28.89556625,1352-180-54.1542.png,54.1542
2040_-aznPa8-AQxOvEv_IZtYWQ_66.93241340_28.89556625,1352-270-54.1542.png,54.1542
567_RYu8tETopq5vF7LufB4FVw_38.72859713_42.41626809,1353-0-24.6929.png,24.6929
567_RYu8tETopq5vF7LufB4FVw_38.72859713_42.41626809,1353-90-24.6929.png,24.6929
567_RYu8tETopq5vF7LufB4FVw_38.72859713_42.41626809,1353-180-24.6929.png,24.6929
567_RYu8tETopq5vF7LufB4FVw_38.72859713_42.41626809,1353-270-24.6929.png,24.6929
3144_6V6hgnfaQA1_IRLcIMGJog_49.64821609_-1.57440688,1354-0-16.2732.png,16.2732
3144_6V6hgnfaQA1_IRLcIMGJog_49.64821609_-1.57440688,1354-90-16.2732.png,16.2732
3144_6V6hgnfaQA1_IRLcIMGJog_49.64821609_-1.57440688,1354-180-16.2732.png,16.2732
3144_6V6hgnfaQA1_IRLcIMGJog_49.64821609_-1.57440688,1354-270-16.2732.png,16.2732
2930_ccAi94Do_diNOy5RWJ8aOg_44.17311945_-87.55976429,1355-0-33.562.png,33.562
2930_ccAi94Do_diNOy5RWJ8aOg_44.17311945_-87.55976429,1355-90-33.562.png,33.562
2930_ccAi94Do_diNOy5RWJ8aOg_44.17311945_-87.55976429,1355-180-33.562.png,33.562
2930_ccAi94Do_diNOy5RWJ8aOg_44.17311945_-87.55976429,1355-270-33.562.png,33.562
395_to3tFLcnxEdmzerS_3NEzw_-39.62753616_176.83076860,1356-0-17.3777.png,17.3777
395_to3tFLcnxEdmzerS_3NEzw_-39.62753616_176.83076860,1356-90-17.3777.png,17.3777
395_to3tFLcnxEdmzerS_3NEzw_-39.62753616_176.83076860,1356-180-17.3777.png,17.3777
395_to3tFLcnxEdmzerS_3NEzw_-39.62753616_176.83076860,1356-270-17.3777.png,17.3777
1153_PgmylQf8xOJ4tottB1COYw_22.46779369_-99.70501635,1357-0-54.7619.png,54.7619
1153_PgmylQf8xOJ4tottB1COYw_22.46779369_-99.70501635,1357-90-54.7619.png,54.7619
1153_PgmylQf8xOJ4tottB1COYw_22.46779369_-99.70501635,1357-180-54.7619.png,54.7619
1153_PgmylQf8xOJ4tottB1COYw_22.46779369_-99.70501635,1357-270-54.7619.png,54.7619
624_EiDOmGAorTrOKBhUo5nUQg_53.88469495_11.65939521,1358-0-53.4576.png,53.4576
624_EiDOmGAorTrOKBhUo5nUQg_53.88469495_11.65939521,1358-90-53.4576.png,53.4576
624_EiDOmGAorTrOKBhUo5nUQg_53.88469495_11.65939521,1358-180-53.4576.png,53.4576
624_EiDOmGAorTrOKBhUo5nUQg_53.88469495_11.65939521,1358-270-53.4576.png,53.4576
279_tvA17HdGFNnUeLNhay1Q7w_56.14712969_28.00539561,1359-0-26.4776.png,26.4776
279_tvA17HdGFNnUeLNhay1Q7w_56.14712969_28.00539561,1359-90-26.4776.png,26.4776
279_tvA17HdGFNnUeLNhay1Q7w_56.14712969_28.00539561,1359-180-26.4776.png,26.4776
279_tvA17HdGFNnUeLNhay1Q7w_56.14712969_28.00539561,1359-270-26.4776.png,26.4776
382_65Bnp6-QKjkflxhl8Mekiw_45.49588905_0.18434773,1360-0-72.8008.png,72.8008
382_65Bnp6-QKjkflxhl8Mekiw_45.49588905_0.18434773,1360-90-72.8008.png,72.8008
382_65Bnp6-QKjkflxhl8Mekiw_45.49588905_0.18434773,1360-180-72.8008.png,72.8008
382_65Bnp6-QKjkflxhl8Mekiw_45.49588905_0.18434773,1360-270-72.8008.png,72.8008
479_oVUCjByUgxQZCwOWL8vHog_58.28343210_7.35432939,1361-0-45.772.png,45.772
479_oVUCjByUgxQZCwOWL8vHog_58.28343210_7.35432939,1361-90-45.772.png,45.772
479_oVUCjByUgxQZCwOWL8vHog_58.28343210_7.35432939,1361-180-45.772.png,45.772
479_oVUCjByUgxQZCwOWL8vHog_58.28343210_7.35432939,1361-270-45.772.png,45.772
433_fv-ZuzwYM0ZYtmZgTmIkWQ_42.67169757_-5.18277738,1362-0-28.1527.png,28.1527
433_fv-ZuzwYM0ZYtmZgTmIkWQ_42.67169757_-5.18277738,1362-90-28.1527.png,28.1527
433_fv-ZuzwYM0ZYtmZgTmIkWQ_42.67169757_-5.18277738,1362-180-28.1527.png,28.1527
433_fv-ZuzwYM0ZYtmZgTmIkWQ_42.67169757_-5.18277738,1362-270-28.1527.png,28.1527
1527_5lKHuHFBRA2MX9w4pRuHMQ_52.64178891_9.38905446,1363-0-59.6475.png,59.6475
1527_5lKHuHFBRA2MX9w4pRuHMQ_52.64178891_9.38905446,1363-90-59.6475.png,59.6475
1527_5lKHuHFBRA2MX9w4pRuHMQ_52.64178891_9.38905446,1363-180-59.6475.png,59.6475
1527_5lKHuHFBRA2MX9w4pRuHMQ_52.64178891_9.38905446,1363-270-59.6475.png,59.6475
756_BK_C0Z66Zcz3t1AyWayTIA_40.35201076_18.16957446,1364-0-62.1236.png,62.1236
756_BK_C0Z66Zcz3t1AyWayTIA_40.35201076_18.16957446,1364-90-62.1236.png,62.1236
756_BK_C0Z66Zcz3t1AyWayTIA_40.35201076_18.16957446,1364-180-62.1236.png,62.1236
756_BK_C0Z66Zcz3t1AyWayTIA_40.35201076_18.16957446,1364-270-62.1236.png,62.1236
926_gWy-UHiB_e_WM7Bev7jmsw_53.16685139_5.70004282,1365-0-25.1679.png,25.1679
926_gWy-UHiB_e_WM7Bev7jmsw_53.16685139_5.70004282,1365-90-25.1679.png,25.1679
926_gWy-UHiB_e_WM7Bev7jmsw_53.16685139_5.70004282,1365-180-25.1679.png,25.1679
926_gWy-UHiB_e_WM7Bev7jmsw_53.16685139_5.70004282,1365-270-25.1679.png,25.1679
1191_2t3PEHXaVHlC0-BtL-ph2g_44.83078709_-87.38863540,1366-0-57.1258.png,57.1258
1191_2t3PEHXaVHlC0-BtL-ph2g_44.83078709_-87.38863540,1366-90-57.1258.png,57.1258
1191_2t3PEHXaVHlC0-BtL-ph2g_44.83078709_-87.38863540,1366-180-57.1258.png,57.1258
1191_2t3PEHXaVHlC0-BtL-ph2g_44.83078709_-87.38863540,1366-270-57.1258.png,57.1258
1108_78gucUAjLN_gk3STTC04rg_5.53765880_102.18251622,1367-0-69.1996.png,69.1996
1108_78gucUAjLN_gk3STTC04rg_5.53765880_102.18251622,1367-90-69.1996.png,69.1996
1108_78gucUAjLN_gk3STTC04rg_5.53765880_102.18251622,1367-180-69.1996.png,69.1996
1108_78gucUAjLN_gk3STTC04rg_5.53765880_102.18251622,1367-270-69.1996.png,69.1996
2947_0Uu1P7QNLJ_cGBi-OJ0YgA_38.20092361_-84.87331142,1368-0-62.8799.png,62.8799
2947_0Uu1P7QNLJ_cGBi-OJ0YgA_38.20092361_-84.87331142,1368-90-62.8799.png,62.8799
2947_0Uu1P7QNLJ_cGBi-OJ0YgA_38.20092361_-84.87331142,1368-180-62.8799.png,62.8799
2947_0Uu1P7QNLJ_cGBi-OJ0YgA_38.20092361_-84.87331142,1368-270-62.8799.png,62.8799
1102_pccLvmAOytdyjRaGv4POWg_15.28153122_104.96840024,1369-0-63.974.png,63.974
1102_pccLvmAOytdyjRaGv4POWg_15.28153122_104.96840024,1369-90-63.974.png,63.974
1102_pccLvmAOytdyjRaGv4POWg_15.28153122_104.96840024,1369-180-63.974.png,63.974
1102_pccLvmAOytdyjRaGv4POWg_15.28153122_104.96840024,1369-270-63.974.png,63.974
2281__R0aM-WcSqkNN5slaOvDNg_51.07950193_107.24202128,1370-0-48.6142.png,48.6142
2281__R0aM-WcSqkNN5slaOvDNg_51.07950193_107.24202128,1370-90-48.6142.png,48.6142
2281__R0aM-WcSqkNN5slaOvDNg_51.07950193_107.24202128,1370-180-48.6142.png,48.6142
2281__R0aM-WcSqkNN5slaOvDNg_51.07950193_107.24202128,1370-270-48.6142.png,48.6142
1037_0pVyfsfpyaFmNb6uc_sUHw_1.69978266_103.48472342,1371-0-59.5528.png,59.5528
1037_0pVyfsfpyaFmNb6uc_sUHw_1.69978266_103.48472342,1371-90-59.5528.png,59.5528
1037_0pVyfsfpyaFmNb6uc_sUHw_1.69978266_103.48472342,1371-180-59.5528.png,59.5528
1037_0pVyfsfpyaFmNb6uc_sUHw_1.69978266_103.48472342,1371-270-59.5528.png,59.5528
1369_FnfdFe3gOeDLI0SN1bEeow_41.05332927_-80.57377148,1372-0-34.3182.png,34.3182
1369_FnfdFe3gOeDLI0SN1bEeow_41.05332927_-80.57377148,1372-90-34.3182.png,34.3182
1369_FnfdFe3gOeDLI0SN1bEeow_41.05332927_-80.57377148,1372-180-34.3182.png,34.3182
1369_FnfdFe3gOeDLI0SN1bEeow_41.05332927_-80.57377148,1372-270-34.3182.png,34.3182
1664_OmbW3-6e55kzKhKdbxwwjw_32.40990601_-87.03150013,1373-0-74.2389.png,74.2389
1664_OmbW3-6e55kzKhKdbxwwjw_32.40990601_-87.03150013,1373-90-74.2389.png,74.2389
1664_OmbW3-6e55kzKhKdbxwwjw_32.40990601_-87.03150013,1373-180-74.2389.png,74.2389
1664_OmbW3-6e55kzKhKdbxwwjw_32.40990601_-87.03150013,1373-270-74.2389.png,74.2389
790_1koHujsYJ30679qdKNCsTQ_32.47604858_-99.70705811,1374-0-34.0004.png,34.0004
790_1koHujsYJ30679qdKNCsTQ_32.47604858_-99.70705811,1374-90-34.0004.png,34.0004
790_1koHujsYJ30679qdKNCsTQ_32.47604858_-99.70705811,1374-180-34.0004.png,34.0004
790_1koHujsYJ30679qdKNCsTQ_32.47604858_-99.70705811,1374-270-34.0004.png,34.0004
811_ws7l2nmTN0jaBRI_-JbXbg_61.90886791_25.17240188,1375-0-23.0868.png,23.0868
811_ws7l2nmTN0jaBRI_-JbXbg_61.90886791_25.17240188,1375-90-23.0868.png,23.0868
811_ws7l2nmTN0jaBRI_-JbXbg_61.90886791_25.17240188,1375-180-23.0868.png,23.0868
811_ws7l2nmTN0jaBRI_-JbXbg_61.90886791_25.17240188,1375-270-23.0868.png,23.0868
376_2Z9oPQLiROYEZ_LG5Uejkw_51.08288701_5.10063249,1376-0-28.685.png,28.685
376_2Z9oPQLiROYEZ_LG5Uejkw_51.08288701_5.10063249,1376-90-28.685.png,28.685
376_2Z9oPQLiROYEZ_LG5Uejkw_51.08288701_5.10063249,1376-180-28.685.png,28.685
376_2Z9oPQLiROYEZ_LG5Uejkw_51.08288701_5.10063249,1376-270-28.685.png,28.685
59_PrnqYa-3NVo2p70dsN03zQ_39.90868111_30.56473729,1377-0-36.8733.png,36.8733
59_PrnqYa-3NVo2p70dsN03zQ_39.90868111_30.56473729,1377-90-36.8733.png,36.8733
59_PrnqYa-3NVo2p70dsN03zQ_39.90868111_30.56473729,1377-180-36.8733.png,36.8733
59_PrnqYa-3NVo2p70dsN03zQ_39.90868111_30.56473729,1377-270-36.8733.png,36.8733
385_SAToW1fhkJleokY2XHIfAw_48.76570722_18.66710838,1378-0-42.1848.png,42.1848
385_SAToW1fhkJleokY2XHIfAw_48.76570722_18.66710838,1378-90-42.1848.png,42.1848
385_SAToW1fhkJleokY2XHIfAw_48.76570722_18.66710838,1378-180-42.1848.png,42.1848
385_SAToW1fhkJleokY2XHIfAw_48.76570722_18.66710838,1378-270-42.1848.png,42.1848
3301_zFR_tEdH-8hvW-Zgn56D2A_47.27976169_-2.46038284,1379-0-61.0487.png,61.0487
3301_zFR_tEdH-8hvW-Zgn56D2A_47.27976169_-2.46038284,1379-90-61.0487.png,61.0487
3301_zFR_tEdH-8hvW-Zgn56D2A_47.27976169_-2.46038284,1379-180-61.0487.png,61.0487
3301_zFR_tEdH-8hvW-Zgn56D2A_47.27976169_-2.46038284,1379-270-61.0487.png,61.0487
29_vppfa86haom20hsNBcinsA_34.50048916_134.25004719,1380-0-83.3184.png,83.3184
29_vppfa86haom20hsNBcinsA_34.50048916_134.25004719,1380-90-83.3184.png,83.3184
29_vppfa86haom20hsNBcinsA_34.50048916_134.25004719,1380-180-83.3184.png,83.3184
29_vppfa86haom20hsNBcinsA_34.50048916_134.25004719,1380-270-83.3184.png,83.3184
313_ry3fGRZKp2mPfFMilct8kw_-34.08341518_20.09632728,1381-0-49.3076.png,49.3076
313_ry3fGRZKp2mPfFMilct8kw_-34.08341518_20.09632728,1381-90-49.3076.png,49.3076
313_ry3fGRZKp2mPfFMilct8kw_-34.08341518_20.09632728,1381-180-49.3076.png,49.3076
313_ry3fGRZKp2mPfFMilct8kw_-34.08341518_20.09632728,1381-270-49.3076.png,49.3076
2740_2iuStJocbyXO126V872EWA_-37.12420996_142.69928525,1382-0-20.8313.png,20.8313
2740_2iuStJocbyXO126V872EWA_-37.12420996_142.69928525,1382-90-20.8313.png,20.8313
2740_2iuStJocbyXO126V872EWA_-37.12420996_142.69928525,1382-180-20.8313.png,20.8313
2740_2iuStJocbyXO126V872EWA_-37.12420996_142.69928525,1382-270-20.8313.png,20.8313
614_AcArutdApaac9LsSq1fq9g_63.30864532_10.16485544,1383-0-22.372.png,22.372
614_AcArutdApaac9LsSq1fq9g_63.30864532_10.16485544,1383-90-22.372.png,22.372
614_AcArutdApaac9LsSq1fq9g_63.30864532_10.16485544,1383-180-22.372.png,22.372
614_AcArutdApaac9LsSq1fq9g_63.30864532_10.16485544,1383-270-22.372.png,22.372
3163_Y9gJ_5fY1zFsbstcShg2yQ_-18.22486107_127.66642637,1384-0-76.9177.png,76.9177
3163_Y9gJ_5fY1zFsbstcShg2yQ_-18.22486107_127.66642637,1384-90-76.9177.png,76.9177
3163_Y9gJ_5fY1zFsbstcShg2yQ_-18.22486107_127.66642637,1384-180-76.9177.png,76.9177
3163_Y9gJ_5fY1zFsbstcShg2yQ_-18.22486107_127.66642637,1384-270-76.9177.png,76.9177
1444_u3gCDcmzhfqi-fH1kcbWmw_40.47973333_-99.12938980,1385-0-21.7828.png,21.7828
1444_u3gCDcmzhfqi-fH1kcbWmw_40.47973333_-99.12938980,1385-90-21.7828.png,21.7828
1444_u3gCDcmzhfqi-fH1kcbWmw_40.47973333_-99.12938980,1385-180-21.7828.png,21.7828
1444_u3gCDcmzhfqi-fH1kcbWmw_40.47973333_-99.12938980,1385-270-21.7828.png,21.7828
207_YCVv7KJtKvdXuO0NsX-cAg_42.66628572_25.38317114,1386-0-40.4099.png,40.4099
207_YCVv7KJtKvdXuO0NsX-cAg_42.66628572_25.38317114,1386-90-40.4099.png,40.4099
207_YCVv7KJtKvdXuO0NsX-cAg_42.66628572_25.38317114,1386-180-40.4099.png,40.4099
207_YCVv7KJtKvdXuO0NsX-cAg_42.66628572_25.38317114,1386-270-40.4099.png,40.4099
1989_3btPyyDGYdZS_uWLxUs9IQ_13.19015028_78.12070538,1387-0-41.4095.png,41.4095
1989_3btPyyDGYdZS_uWLxUs9IQ_13.19015028_78.12070538,1387-90-41.4095.png,41.4095
1989_3btPyyDGYdZS_uWLxUs9IQ_13.19015028_78.12070538,1387-180-41.4095.png,41.4095
1989_3btPyyDGYdZS_uWLxUs9IQ_13.19015028_78.12070538,1387-270-41.4095.png,41.4095
3162_CgELaIatsZXdGnU8GF0tng_30.34511857_-95.43275965,1388-0-70.7317.png,70.7317
3162_CgELaIatsZXdGnU8GF0tng_30.34511857_-95.43275965,1388-90-70.7317.png,70.7317
3162_CgELaIatsZXdGnU8GF0tng_30.34511857_-95.43275965,1388-180-70.7317.png,70.7317
3162_CgELaIatsZXdGnU8GF0tng_30.34511857_-95.43275965,1388-270-70.7317.png,70.7317
1196_jQQ2z24a8m8UGb3iITuD9A_54.09200572_-4.72136789,1389-0-53.8316.png,53.8316
1196_jQQ2z24a8m8UGb3iITuD9A_54.09200572_-4.72136789,1389-90-53.8316.png,53.8316
1196_jQQ2z24a8m8UGb3iITuD9A_54.09200572_-4.72136789,1389-180-53.8316.png,53.8316
1196_jQQ2z24a8m8UGb3iITuD9A_54.09200572_-4.72136789,1389-270-53.8316.png,53.8316
2361_qXbXOXHczMkCcNwrRtD78Q_39.96968064_-74.73299429,1390-0-31.1055.png,31.1055
2361_qXbXOXHczMkCcNwrRtD78Q_39.96968064_-74.73299429,1390-90-31.1055.png,31.1055
2361_qXbXOXHczMkCcNwrRtD78Q_39.96968064_-74.73299429,1390-180-31.1055.png,31.1055
2361_qXbXOXHczMkCcNwrRtD78Q_39.96968064_-74.73299429,1390-270-31.1055.png,31.1055
3310_7u4_EWb2raV6VYC9j96USA_34.76145213_-77.47117186,1391-0-27.4219.png,27.4219
3310_7u4_EWb2raV6VYC9j96USA_34.76145213_-77.47117186,1391-90-27.4219.png,27.4219
3310_7u4_EWb2raV6VYC9j96USA_34.76145213_-77.47117186,1391-180-27.4219.png,27.4219
3310_7u4_EWb2raV6VYC9j96USA_34.76145213_-77.47117186,1391-270-27.4219.png,27.4219
423_ZEqDd5oCYr8eoAEQk2T3SA_12.58496555_77.04572077,1392-0-59.2788.png,59.2788
423_ZEqDd5oCYr8eoAEQk2T3SA_12.58496555_77.04572077,1392-90-59.2788.png,59.2788
423_ZEqDd5oCYr8eoAEQk2T3SA_12.58496555_77.04572077,1392-180-59.2788.png,59.2788
423_ZEqDd5oCYr8eoAEQk2T3SA_12.58496555_77.04572077,1392-270-59.2788.png,59.2788
284_F4kADzvlqsDrK0Vg3WYDJw_42.84790196_-80.29598359,1393-0-22.3057.png,22.3057
284_F4kADzvlqsDrK0Vg3WYDJw_42.84790196_-80.29598359,1393-90-22.3057.png,22.3057
284_F4kADzvlqsDrK0Vg3WYDJw_42.84790196_-80.29598359,1393-180-22.3057.png,22.3057
284_F4kADzvlqsDrK0Vg3WYDJw_42.84790196_-80.29598359,1393-270-22.3057.png,22.3057
1859_LtURge2d6fJ3TGMgIHUoRA_59.48971551_10.31476388,1394-0-36.015.png,36.015
1859_LtURge2d6fJ3TGMgIHUoRA_59.48971551_10.31476388,1394-90-36.015.png,36.015
1859_LtURge2d6fJ3TGMgIHUoRA_59.48971551_10.31476388,1394-180-36.015.png,36.015
1859_LtURge2d6fJ3TGMgIHUoRA_59.48971551_10.31476388,1394-270-36.015.png,36.015
3129_lCprrDItNHVodrIppLHqvQ_67.03356992_14.02661602,1395-0-22.3962.png,22.3962
3129_lCprrDItNHVodrIppLHqvQ_67.03356992_14.02661602,1395-90-22.3962.png,22.3962
3129_lCprrDItNHVodrIppLHqvQ_67.03356992_14.02661602,1395-180-22.3962.png,22.3962
3129_lCprrDItNHVodrIppLHqvQ_67.03356992_14.02661602,1395-270-22.3962.png,22.3962
260_ct5sV2O4_PS7erSYUUIhHA_60.19051016_11.99764891,1396-0-31.0921.png,31.0921
260_ct5sV2O4_PS7erSYUUIhHA_60.19051016_11.99764891,1396-90-31.0921.png,31.0921
260_ct5sV2O4_PS7erSYUUIhHA_60.19051016_11.99764891,1396-180-31.0921.png,31.0921
260_ct5sV2O4_PS7erSYUUIhHA_60.19051016_11.99764891,1396-270-31.0921.png,31.0921
1550_7hUrvquBKJ3U5XsM7Xvhwg_62.98281003_14.36725106,1397-0-31.3809.png,31.3809
1550_7hUrvquBKJ3U5XsM7Xvhwg_62.98281003_14.36725106,1397-90-31.3809.png,31.3809
1550_7hUrvquBKJ3U5XsM7Xvhwg_62.98281003_14.36725106,1397-180-31.3809.png,31.3809
1550_7hUrvquBKJ3U5XsM7Xvhwg_62.98281003_14.36725106,1397-270-31.3809.png,31.3809
1_J_MplN30coz2HbQsGoFq7A_41.32020067_-111.96668104,1398-0-84.0887.png,84.0887
1_J_MplN30coz2HbQsGoFq7A_41.32020067_-111.96668104,1398-90-84.0887.png,84.0887
1_J_MplN30coz2HbQsGoFq7A_41.32020067_-111.96668104,1398-180-84.0887.png,84.0887
1_J_MplN30coz2HbQsGoFq7A_41.32020067_-111.96668104,1398-270-84.0887.png,84.0887
942_xeLfnfvX8MK1QVVr6DuPPg_35.82359124_-88.92474811,1399-0-68.0615.png,68.0615
942_xeLfnfvX8MK1QVVr6DuPPg_35.82359124_-88.92474811,1399-90-68.0615.png,68.0615
942_xeLfnfvX8MK1QVVr6DuPPg_35.82359124_-88.92474811,1399-180-68.0615.png,68.0615
942_xeLfnfvX8MK1QVVr6DuPPg_35.82359124_-88.92474811,1399-270-68.0615.png,68.0615
777_wPlP_cRDCxGLKdNMt5vghw_38.76974595_20.72140662,1400-0-16.3886.png,16.3886
777_wPlP_cRDCxGLKdNMt5vghw_38.76974595_20.72140662,1400-90-16.3886.png,16.3886
777_wPlP_cRDCxGLKdNMt5vghw_38.76974595_20.72140662,1400-180-16.3886.png,16.3886
777_wPlP_cRDCxGLKdNMt5vghw_38.76974595_20.72140662,1400-270-16.3886.png,16.3886
799_MGyG8YuqI4USjqm_9WiZfw_23.12246708_120.42071551,1401-0-36.5361.png,36.5361
799_MGyG8YuqI4USjqm_9WiZfw_23.12246708_120.42071551,1401-90-36.5361.png,36.5361
799_MGyG8YuqI4USjqm_9WiZfw_23.12246708_120.42071551,1401-180-36.5361.png,36.5361
799_MGyG8YuqI4USjqm_9WiZfw_23.12246708_120.42071551,1401-270-36.5361.png,36.5361
221_o91hFSQuceAKkRV4Eo2gtA_36.89131794_-85.32502481,1402-0-80.5495.png,80.5495
221_o91hFSQuceAKkRV4Eo2gtA_36.89131794_-85.32502481,1402-90-80.5495.png,80.5495
221_o91hFSQuceAKkRV4Eo2gtA_36.89131794_-85.32502481,1402-180-80.5495.png,80.5495
221_o91hFSQuceAKkRV4Eo2gtA_36.89131794_-85.32502481,1402-270-80.5495.png,80.5495
3260_VoTwoHTfbI0GzCVFS_qDow_46.33231593_0.87309754,1403-0-56.0592.png,56.0592
3260_VoTwoHTfbI0GzCVFS_qDow_46.33231593_0.87309754,1403-90-56.0592.png,56.0592
3260_VoTwoHTfbI0GzCVFS_qDow_46.33231593_0.87309754,1403-180-56.0592.png,56.0592
3260_VoTwoHTfbI0GzCVFS_qDow_46.33231593_0.87309754,1403-270-56.0592.png,56.0592
2762_QuQz_0ryIrJ5opffM2XzGg_18.03274208_80.57902072,1404-0-48.1034.png,48.1034
2762_QuQz_0ryIrJ5opffM2XzGg_18.03274208_80.57902072,1404-90-48.1034.png,48.1034
2762_QuQz_0ryIrJ5opffM2XzGg_18.03274208_80.57902072,1404-180-48.1034.png,48.1034
2762_QuQz_0ryIrJ5opffM2XzGg_18.03274208_80.57902072,1404-270-48.1034.png,48.1034
165_oMjldwucn2Vr1ahZPHGdOA_21.25682134_-99.25298903,1405-0-84.1966.png,84.1966
165_oMjldwucn2Vr1ahZPHGdOA_21.25682134_-99.25298903,1405-90-84.1966.png,84.1966
165_oMjldwucn2Vr1ahZPHGdOA_21.25682134_-99.25298903,1405-180-84.1966.png,84.1966
165_oMjldwucn2Vr1ahZPHGdOA_21.25682134_-99.25298903,1405-270-84.1966.png,84.1966
1619_szQIaj5gTRpNXYJGnvkd2A_22.71343735_120.47871915,1406-0-39.6327.png,39.6327
1619_szQIaj5gTRpNXYJGnvkd2A_22.71343735_120.47871915,1406-90-39.6327.png,39.6327
1619_szQIaj5gTRpNXYJGnvkd2A_22.71343735_120.47871915,1406-180-39.6327.png,39.6327
1619_szQIaj5gTRpNXYJGnvkd2A_22.71343735_120.47871915,1406-270-39.6327.png,39.6327
615_rEalqXWXwj8n4sJu1vYcMw_40.97276273_24.04042695,1407-0-52.6054.png,52.6054
615_rEalqXWXwj8n4sJu1vYcMw_40.97276273_24.04042695,1407-90-52.6054.png,52.6054
615_rEalqXWXwj8n4sJu1vYcMw_40.97276273_24.04042695,1407-180-52.6054.png,52.6054
615_rEalqXWXwj8n4sJu1vYcMw_40.97276273_24.04042695,1407-270-52.6054.png,52.6054
758_ADprOHa4RaPXWaufjUJ5nQ_63.31086768_18.57116575,1408-0-44.2582.png,44.2582
758_ADprOHa4RaPXWaufjUJ5nQ_63.31086768_18.57116575,1408-90-44.2582.png,44.2582
758_ADprOHa4RaPXWaufjUJ5nQ_63.31086768_18.57116575,1408-180-44.2582.png,44.2582
758_ADprOHa4RaPXWaufjUJ5nQ_63.31086768_18.57116575,1408-270-44.2582.png,44.2582
1345_tYIhmvkK_yhJ1ADPMvmz_g_65.99790176_25.98918390,1409-0-32.9972.png,32.9972
1345_tYIhmvkK_yhJ1ADPMvmz_g_65.99790176_25.98918390,1409-90-32.9972.png,32.9972
1345_tYIhmvkK_yhJ1ADPMvmz_g_65.99790176_25.98918390,1409-180-32.9972.png,32.9972
1345_tYIhmvkK_yhJ1ADPMvmz_g_65.99790176_25.98918390,1409-270-32.9972.png,32.9972
658_ditRFS60akB4XBqh06qOVg_16.69144978_74.46091122,1410-0-37.9293.png,37.9293
658_ditRFS60akB4XBqh06qOVg_16.69144978_74.46091122,1410-90-37.9293.png,37.9293
658_ditRFS60akB4XBqh06qOVg_16.69144978_74.46091122,1410-180-37.9293.png,37.9293
658_ditRFS60akB4XBqh06qOVg_16.69144978_74.46091122,1410-270-37.9293.png,37.9293
238_seuuYDTilboRLChGWG2x-Q_33.94834522_-116.47916978,1411-0-19.2387.png,19.2387
238_seuuYDTilboRLChGWG2x-Q_33.94834522_-116.47916978,1411-90-19.2387.png,19.2387
238_seuuYDTilboRLChGWG2x-Q_33.94834522_-116.47916978,1411-180-19.2387.png,19.2387
238_seuuYDTilboRLChGWG2x-Q_33.94834522_-116.47916978,1411-270-19.2387.png,19.2387
556_SYYJH3b-XVg8qm-e9yFLtQ_50.73942596_-96.98969233,1412-0-56.6398.png,56.6398
556_SYYJH3b-XVg8qm-e9yFLtQ_50.73942596_-96.98969233,1412-90-56.6398.png,56.6398
556_SYYJH3b-XVg8qm-e9yFLtQ_50.73942596_-96.98969233,1412-180-56.6398.png,56.6398
556_SYYJH3b-XVg8qm-e9yFLtQ_50.73942596_-96.98969233,1412-270-56.6398.png,56.6398
1551_mOcVPTL3C-8sDdZHGsOnZg_38.20411708_-97.51552937,1413-0-27.203.png,27.203
1551_mOcVPTL3C-8sDdZHGsOnZg_38.20411708_-97.51552937,1413-90-27.203.png,27.203
1551_mOcVPTL3C-8sDdZHGsOnZg_38.20411708_-97.51552937,1413-180-27.203.png,27.203
1551_mOcVPTL3C-8sDdZHGsOnZg_38.20411708_-97.51552937,1413-270-27.203.png,27.203
3393_NtYCOJwM7zZhWK6zdF0_MA_30.88947515_-91.35017356,1414-0-65.7304.png,65.7304
3393_NtYCOJwM7zZhWK6zdF0_MA_30.88947515_-91.35017356,1414-90-65.7304.png,65.7304
3393_NtYCOJwM7zZhWK6zdF0_MA_30.88947515_-91.35017356,1414-180-65.7304.png,65.7304
3393_NtYCOJwM7zZhWK6zdF0_MA_30.88947515_-91.35017356,1414-270-65.7304.png,65.7304
3234_QzNMadOyfje_CEK4rnYSNw_44.33175004_8.08493605,1415-0-40.6204.png,40.6204
3234_QzNMadOyfje_CEK4rnYSNw_44.33175004_8.08493605,1415-90-40.6204.png,40.6204
3234_QzNMadOyfje_CEK4rnYSNw_44.33175004_8.08493605,1415-180-40.6204.png,40.6204
3234_QzNMadOyfje_CEK4rnYSNw_44.33175004_8.08493605,1415-270-40.6204.png,40.6204
9_Y7rdgVh8F592adEaLuNy0A_47.95062743_1.85977800,1416-0-53.63.png,53.63
9_Y7rdgVh8F592adEaLuNy0A_47.95062743_1.85977800,1416-90-53.63.png,53.63
9_Y7rdgVh8F592adEaLuNy0A_47.95062743_1.85977800,1416-180-53.63.png,53.63
9_Y7rdgVh8F592adEaLuNy0A_47.95062743_1.85977800,1416-270-53.63.png,53.63
3352_fvh9C_g_u4YBTuJKniDUdg_39.26215957_-117.71843909,1417-0-22.26.png,22.26
3352_fvh9C_g_u4YBTuJKniDUdg_39.26215957_-117.71843909,1417-90-22.26.png,22.26
3352_fvh9C_g_u4YBTuJKniDUdg_39.26215957_-117.71843909,1417-180-22.26.png,22.26
3352_fvh9C_g_u4YBTuJKniDUdg_39.26215957_-117.71843909,1417-270-22.26.png,22.26
1879_mzg-NozLjTV-V6HEeWGshA_43.05275759_-83.65413411,1418-0-44.9424.png,44.9424
1879_mzg-NozLjTV-V6HEeWGshA_43.05275759_-83.65413411,1418-90-44.9424.png,44.9424
1879_mzg-NozLjTV-V6HEeWGshA_43.05275759_-83.65413411,1418-180-44.9424.png,44.9424
1879_mzg-NozLjTV-V6HEeWGshA_43.05275759_-83.65413411,1418-270-44.9424.png,44.9424
869_FWLEWjoVOMDojIb7hRQUNQ_-30.56808647_-63.51553585,1419-0-30.7474.png,30.7474
869_FWLEWjoVOMDojIb7hRQUNQ_-30.56808647_-63.51553585,1419-90-30.7474.png,30.7474
869_FWLEWjoVOMDojIb7hRQUNQ_-30.56808647_-63.51553585,1419-180-30.7474.png,30.7474
869_FWLEWjoVOMDojIb7hRQUNQ_-30.56808647_-63.51553585,1419-270-30.7474.png,30.7474
786_3iY6neFQ8lDIE-DKCgg9hA_54.82749084_23.84653462,1420-0-51.4019.png,51.4019
786_3iY6neFQ8lDIE-DKCgg9hA_54.82749084_23.84653462,1420-90-51.4019.png,51.4019
786_3iY6neFQ8lDIE-DKCgg9hA_54.82749084_23.84653462,1420-180-51.4019.png,51.4019
786_3iY6neFQ8lDIE-DKCgg9hA_54.82749084_23.84653462,1420-270-51.4019.png,51.4019
2183_03s_7ksLM4aets7XxrHSqQ_41.60191471_-88.08152486,1421-0-66.1843.png,66.1843
2183_03s_7ksLM4aets7XxrHSqQ_41.60191471_-88.08152486,1421-90-66.1843.png,66.1843
2183_03s_7ksLM4aets7XxrHSqQ_41.60191471_-88.08152486,1421-180-66.1843.png,66.1843
2183_03s_7ksLM4aets7XxrHSqQ_41.60191471_-88.08152486,1421-270-66.1843.png,66.1843
2025_uEDIjahMv51VjDkiDTDgtw_20.37093801_-103.83718371,1422-0-67.4592.png,67.4592
2025_uEDIjahMv51VjDkiDTDgtw_20.37093801_-103.83718371,1422-90-67.4592.png,67.4592
2025_uEDIjahMv51VjDkiDTDgtw_20.37093801_-103.83718371,1422-180-67.4592.png,67.4592
2025_uEDIjahMv51VjDkiDTDgtw_20.37093801_-103.83718371,1422-270-67.4592.png,67.4592
3188_VsZdmjrtrxZRMFFON_-eoQ_10.81517973_78.69674784,1423-0-28.9176.png,28.9176
3188_VsZdmjrtrxZRMFFON_-eoQ_10.81517973_78.69674784,1423-90-28.9176.png,28.9176
3188_VsZdmjrtrxZRMFFON_-eoQ_10.81517973_78.69674784,1423-180-28.9176.png,28.9176
3188_VsZdmjrtrxZRMFFON_-eoQ_10.81517973_78.69674784,1423-270-28.9176.png,28.9176
1590_3bxmTdtDrZxYhAlwvT5udA_43.39598248_-5.65521253,1424-0-42.8784.png,42.8784
1590_3bxmTdtDrZxYhAlwvT5udA_43.39598248_-5.65521253,1424-90-42.8784.png,42.8784
1590_3bxmTdtDrZxYhAlwvT5udA_43.39598248_-5.65521253,1424-180-42.8784.png,42.8784
1590_3bxmTdtDrZxYhAlwvT5udA_43.39598248_-5.65521253,1424-270-42.8784.png,42.8784
658_7Zj7zUzC-3XoK7IOuq-NQg_48.16443328_13.99727959,1425-0-33.3058.png,33.3058
658_7Zj7zUzC-3XoK7IOuq-NQg_48.16443328_13.99727959,1425-90-33.3058.png,33.3058
658_7Zj7zUzC-3XoK7IOuq-NQg_48.16443328_13.99727959,1425-180-33.3058.png,33.3058
658_7Zj7zUzC-3XoK7IOuq-NQg_48.16443328_13.99727959,1425-270-33.3058.png,33.3058
1803_I4hpDFJoQHfSGGQPbzWOlw_37.91633472_-0.73301687,1426-0-21.7022.png,21.7022
1803_I4hpDFJoQHfSGGQPbzWOlw_37.91633472_-0.73301687,1426-90-21.7022.png,21.7022
1803_I4hpDFJoQHfSGGQPbzWOlw_37.91633472_-0.73301687,1426-180-21.7022.png,21.7022
1803_I4hpDFJoQHfSGGQPbzWOlw_37.91633472_-0.73301687,1426-270-21.7022.png,21.7022
2728_Ojl8a80OHuJMlbD1QcgjTA_40.74272421_-84.10523682,1427-0-37.0312.png,37.0312
2728_Ojl8a80OHuJMlbD1QcgjTA_40.74272421_-84.10523682,1427-90-37.0312.png,37.0312
2728_Ojl8a80OHuJMlbD1QcgjTA_40.74272421_-84.10523682,1427-180-37.0312.png,37.0312
2728_Ojl8a80OHuJMlbD1QcgjTA_40.74272421_-84.10523682,1427-270-37.0312.png,37.0312
316_g3Skbol49u42RgLmx0jKVg_60.88371398_26.77703743,1428-0-56.2978.png,56.2978
316_g3Skbol49u42RgLmx0jKVg_60.88371398_26.77703743,1428-90-56.2978.png,56.2978
316_g3Skbol49u42RgLmx0jKVg_60.88371398_26.77703743,1428-180-56.2978.png,56.2978
316_g3Skbol49u42RgLmx0jKVg_60.88371398_26.77703743,1428-270-56.2978.png,56.2978
144_Toh_yZUs4EgmoTQMaezNfg_28.02924034_-97.49824586,1429-0-21.7328.png,21.7328
144_Toh_yZUs4EgmoTQMaezNfg_28.02924034_-97.49824586,1429-90-21.7328.png,21.7328
144_Toh_yZUs4EgmoTQMaezNfg_28.02924034_-97.49824586,1429-180-21.7328.png,21.7328
144_Toh_yZUs4EgmoTQMaezNfg_28.02924034_-97.49824586,1429-270-21.7328.png,21.7328
182_GEmtXXa5AlO4sS2KJj9peA_40.86421220_-98.00743669,1430-0-70.7219.png,70.7219
182_GEmtXXa5AlO4sS2KJj9peA_40.86421220_-98.00743669,1430-90-70.7219.png,70.7219
182_GEmtXXa5AlO4sS2KJj9peA_40.86421220_-98.00743669,1430-180-70.7219.png,70.7219
182_GEmtXXa5AlO4sS2KJj9peA_40.86421220_-98.00743669,1430-270-70.7219.png,70.7219
3317_5QqJg5Y1FjXPzNvBAzckQw_-23.84088979_29.37903947,1431-0-46.4786.png,46.4786
3317_5QqJg5Y1FjXPzNvBAzckQw_-23.84088979_29.37903947,1431-90-46.4786.png,46.4786
3317_5QqJg5Y1FjXPzNvBAzckQw_-23.84088979_29.37903947,1431-180-46.4786.png,46.4786
3317_5QqJg5Y1FjXPzNvBAzckQw_-23.84088979_29.37903947,1431-270-46.4786.png,46.4786
2868_HmIGE2wGddopsC_o5WVvzw_20.26665827_85.56706301,1432-0-79.9746.png,79.9746
2868_HmIGE2wGddopsC_o5WVvzw_20.26665827_85.56706301,1432-90-79.9746.png,79.9746
2868_HmIGE2wGddopsC_o5WVvzw_20.26665827_85.56706301,1432-180-79.9746.png,79.9746
2868_HmIGE2wGddopsC_o5WVvzw_20.26665827_85.56706301,1432-270-79.9746.png,79.9746
2404_oUlKLxU2t0tvBGQaHThumg_47.09259047_-1.41518378,1433-0-39.1703.png,39.1703
2404_oUlKLxU2t0tvBGQaHThumg_47.09259047_-1.41518378,1433-90-39.1703.png,39.1703
2404_oUlKLxU2t0tvBGQaHThumg_47.09259047_-1.41518378,1433-180-39.1703.png,39.1703
2404_oUlKLxU2t0tvBGQaHThumg_47.09259047_-1.41518378,1433-270-39.1703.png,39.1703
2132_UsucRbTzpD90Z5Dzcv7uEw_36.89348384_-78.69751898,1434-0-58.4865.png,58.4865
2132_UsucRbTzpD90Z5Dzcv7uEw_36.89348384_-78.69751898,1434-90-58.4865.png,58.4865
2132_UsucRbTzpD90Z5Dzcv7uEw_36.89348384_-78.69751898,1434-180-58.4865.png,58.4865
2132_UsucRbTzpD90Z5Dzcv7uEw_36.89348384_-78.69751898,1434-270-58.4865.png,58.4865
28_B0rLxLEhCWzhvVGUD61l6w_46.72786512_0.65410074,1435-0-30.1109.png,30.1109
28_B0rLxLEhCWzhvVGUD61l6w_46.72786512_0.65410074,1435-90-30.1109.png,30.1109
28_B0rLxLEhCWzhvVGUD61l6w_46.72786512_0.65410074,1435-180-30.1109.png,30.1109
28_B0rLxLEhCWzhvVGUD61l6w_46.72786512_0.65410074,1435-270-30.1109.png,30.1109
362_qz980-lQaFufr5fZZxPV2w_53.71105433_11.53771691,1436-0-32.0677.png,32.0677
362_qz980-lQaFufr5fZZxPV2w_53.71105433_11.53771691,1436-90-32.0677.png,32.0677
362_qz980-lQaFufr5fZZxPV2w_53.71105433_11.53771691,1436-180-32.0677.png,32.0677
362_qz980-lQaFufr5fZZxPV2w_53.71105433_11.53771691,1436-270-32.0677.png,32.0677
2952_n5Ce1EOSyTTQlO6MOd1y3g_40.10826489_-96.93795461,1437-0-65.2827.png,65.2827
2952_n5Ce1EOSyTTQlO6MOd1y3g_40.10826489_-96.93795461,1437-90-65.2827.png,65.2827
2952_n5Ce1EOSyTTQlO6MOd1y3g_40.10826489_-96.93795461,1437-180-65.2827.png,65.2827
2952_n5Ce1EOSyTTQlO6MOd1y3g_40.10826489_-96.93795461,1437-270-65.2827.png,65.2827
1570_2ggdboXvO_1YHBYNHuCqXA_41.58359208_-3.08178326,1438-0-15.4226.png,15.4226
1570_2ggdboXvO_1YHBYNHuCqXA_41.58359208_-3.08178326,1438-90-15.4226.png,15.4226
1570_2ggdboXvO_1YHBYNHuCqXA_41.58359208_-3.08178326,1438-180-15.4226.png,15.4226
1570_2ggdboXvO_1YHBYNHuCqXA_41.58359208_-3.08178326,1438-270-15.4226.png,15.4226
599_e2Rx-M0g4Z8BcQbjSeJ-lw_-4.48322034_-46.85296677,1439-0-47.9576.png,47.9576
599_e2Rx-M0g4Z8BcQbjSeJ-lw_-4.48322034_-46.85296677,1439-90-47.9576.png,47.9576
599_e2Rx-M0g4Z8BcQbjSeJ-lw_-4.48322034_-46.85296677,1439-180-47.9576.png,47.9576
599_e2Rx-M0g4Z8BcQbjSeJ-lw_-4.48322034_-46.85296677,1439-270-47.9576.png,47.9576
1467_YDxpr6-guTIpxWwT1GRE1Q_40.97000010_-8.55701997,1440-0-60.9175.png,60.9175
1467_YDxpr6-guTIpxWwT1GRE1Q_40.97000010_-8.55701997,1440-90-60.9175.png,60.9175
1467_YDxpr6-guTIpxWwT1GRE1Q_40.97000010_-8.55701997,1440-180-60.9175.png,60.9175
1467_YDxpr6-guTIpxWwT1GRE1Q_40.97000010_-8.55701997,1440-270-60.9175.png,60.9175
662_CyfB-zhWYa6m_J-lq0QjDA_37.22281193_14.51427150,1441-0-57.5208.png,57.5208
662_CyfB-zhWYa6m_J-lq0QjDA_37.22281193_14.51427150,1441-90-57.5208.png,57.5208
662_CyfB-zhWYa6m_J-lq0QjDA_37.22281193_14.51427150,1441-180-57.5208.png,57.5208
662_CyfB-zhWYa6m_J-lq0QjDA_37.22281193_14.51427150,1441-270-57.5208.png,57.5208
1647_5eYIVotwyhG_Fz1J1Q8RSQ_20.78944058_81.13674251,1442-0-67.6263.png,67.6263
1647_5eYIVotwyhG_Fz1J1Q8RSQ_20.78944058_81.13674251,1442-90-67.6263.png,67.6263
1647_5eYIVotwyhG_Fz1J1Q8RSQ_20.78944058_81.13674251,1442-180-67.6263.png,67.6263
1647_5eYIVotwyhG_Fz1J1Q8RSQ_20.78944058_81.13674251,1442-270-67.6263.png,67.6263
2543_JWjr53eYZwTzMtUclD4TlQ_40.19794512_-7.56230200,1443-0-45.0995.png,45.0995
2543_JWjr53eYZwTzMtUclD4TlQ_40.19794512_-7.56230200,1443-90-45.0995.png,45.0995
2543_JWjr53eYZwTzMtUclD4TlQ_40.19794512_-7.56230200,1443-180-45.0995.png,45.0995
2543_JWjr53eYZwTzMtUclD4TlQ_40.19794512_-7.56230200,1443-270-45.0995.png,45.0995
437_s7Mw7_b7xkafNqu_izmjkQ_-19.71777967_-45.02468045,1444-0-68.0425.png,68.0425
437_s7Mw7_b7xkafNqu_izmjkQ_-19.71777967_-45.02468045,1444-90-68.0425.png,68.0425
437_s7Mw7_b7xkafNqu_izmjkQ_-19.71777967_-45.02468045,1444-180-68.0425.png,68.0425
437_s7Mw7_b7xkafNqu_izmjkQ_-19.71777967_-45.02468045,1444-270-68.0425.png,68.0425
2390_x7rdT17J7qF2ZAahNhEHNw_46.82001322_0.36747626,1445-0-41.8449.png,41.8449
2390_x7rdT17J7qF2ZAahNhEHNw_46.82001322_0.36747626,1445-90-41.8449.png,41.8449
2390_x7rdT17J7qF2ZAahNhEHNw_46.82001322_0.36747626,1445-180-41.8449.png,41.8449
2390_x7rdT17J7qF2ZAahNhEHNw_46.82001322_0.36747626,1445-270-41.8449.png,41.8449
1014_cuoOe6TzmOStpgq2PGa90w_59.66251010_8.03838121,1446-0-71.7561.png,71.7561
1014_cuoOe6TzmOStpgq2PGa90w_59.66251010_8.03838121,1446-90-71.7561.png,71.7561
1014_cuoOe6TzmOStpgq2PGa90w_59.66251010_8.03838121,1446-180-71.7561.png,71.7561
1014_cuoOe6TzmOStpgq2PGa90w_59.66251010_8.03838121,1446-270-71.7561.png,71.7561
596_UvtodRbzj5N0DhWgsQJJSQ_-34.07865743_22.16333882,1447-0-37.3469.png,37.3469
596_UvtodRbzj5N0DhWgsQJJSQ_-34.07865743_22.16333882,1447-90-37.3469.png,37.3469
596_UvtodRbzj5N0DhWgsQJJSQ_-34.07865743_22.16333882,1447-180-37.3469.png,37.3469
596_UvtodRbzj5N0DhWgsQJJSQ_-34.07865743_22.16333882,1447-270-37.3469.png,37.3469
1347_Ka3sx5_paV2ULSHrrupi2Q_50.69809333_-3.67414717,1448-0-28.6526.png,28.6526
1347_Ka3sx5_paV2ULSHrrupi2Q_50.69809333_-3.67414717,1448-90-28.6526.png,28.6526
1347_Ka3sx5_paV2ULSHrrupi2Q_50.69809333_-3.67414717,1448-180-28.6526.png,28.6526
1347_Ka3sx5_paV2ULSHrrupi2Q_50.69809333_-3.67414717,1448-270-28.6526.png,28.6526
1886_ae2q7msUlRbXeDZ0CNVUaQ_47.28574519_3.35057222,1449-0-31.4644.png,31.4644
1886_ae2q7msUlRbXeDZ0CNVUaQ_47.28574519_3.35057222,1449-90-31.4644.png,31.4644
1886_ae2q7msUlRbXeDZ0CNVUaQ_47.28574519_3.35057222,1449-180-31.4644.png,31.4644
1886_ae2q7msUlRbXeDZ0CNVUaQ_47.28574519_3.35057222,1449-270-31.4644.png,31.4644
612_6Tdbzu4N5ddap6sFR8qj7w_48.50705439_1.61290543,1450-0-77.1182.png,77.1182
612_6Tdbzu4N5ddap6sFR8qj7w_48.50705439_1.61290543,1450-90-77.1182.png,77.1182
612_6Tdbzu4N5ddap6sFR8qj7w_48.50705439_1.61290543,1450-180-77.1182.png,77.1182
612_6Tdbzu4N5ddap6sFR8qj7w_48.50705439_1.61290543,1450-270-77.1182.png,77.1182
2884_U98qXbU0YgnfV2CMCnHtFg_41.58941705_2.58272356,1451-0-44.9149.png,44.9149
2884_U98qXbU0YgnfV2CMCnHtFg_41.58941705_2.58272356,1451-90-44.9149.png,44.9149
2884_U98qXbU0YgnfV2CMCnHtFg_41.58941705_2.58272356,1451-180-44.9149.png,44.9149
2884_U98qXbU0YgnfV2CMCnHtFg_41.58941705_2.58272356,1451-270-44.9149.png,44.9149
2255_AR1EcD43_p-4rxuGIiBTpQ_37.96139822_16.09954869,1452-0-28.3163.png,28.3163
2255_AR1EcD43_p-4rxuGIiBTpQ_37.96139822_16.09954869,1452-90-28.3163.png,28.3163
2255_AR1EcD43_p-4rxuGIiBTpQ_37.96139822_16.09954869,1452-180-28.3163.png,28.3163
2255_AR1EcD43_p-4rxuGIiBTpQ_37.96139822_16.09954869,1452-270-28.3163.png,28.3163
759_47TJwfuHBpvb_Jb7OaRoIA_34.71469498_-92.23472316,1453-0-53.6824.png,53.6824
759_47TJwfuHBpvb_Jb7OaRoIA_34.71469498_-92.23472316,1453-90-53.6824.png,53.6824
759_47TJwfuHBpvb_Jb7OaRoIA_34.71469498_-92.23472316,1453-180-53.6824.png,53.6824
759_47TJwfuHBpvb_Jb7OaRoIA_34.71469498_-92.23472316,1453-270-53.6824.png,53.6824
1050_sTGas68QVu0JMupVJj755Q_57.22073255_10.51404624,1454-0-36.2932.png,36.2932
1050_sTGas68QVu0JMupVJj755Q_57.22073255_10.51404624,1454-90-36.2932.png,36.2932
1050_sTGas68QVu0JMupVJj755Q_57.22073255_10.51404624,1454-180-36.2932.png,36.2932
1050_sTGas68QVu0JMupVJj755Q_57.22073255_10.51404624,1454-270-36.2932.png,36.2932
1865_YKCNMbAf7jFkpF9cKWrhiw_26.64138284_74.18973341,1455-0-63.7375.png,63.7375
1865_YKCNMbAf7jFkpF9cKWrhiw_26.64138284_74.18973341,1455-90-63.7375.png,63.7375
1865_YKCNMbAf7jFkpF9cKWrhiw_26.64138284_74.18973341,1455-180-63.7375.png,63.7375
1865_YKCNMbAf7jFkpF9cKWrhiw_26.64138284_74.18973341,1455-270-63.7375.png,63.7375
975_IMwe7PejXLwNTWwsJDa0xw_52.83296040_-7.50932800,1456-0-53.3239.png,53.3239
975_IMwe7PejXLwNTWwsJDa0xw_52.83296040_-7.50932800,1456-90-53.3239.png,53.3239
975_IMwe7PejXLwNTWwsJDa0xw_52.83296040_-7.50932800,1456-180-53.3239.png,53.3239
975_IMwe7PejXLwNTWwsJDa0xw_52.83296040_-7.50932800,1456-270-53.3239.png,53.3239
1470_Q3Aeri0G-HvtXMTb_tHP8Q_17.31439154_104.56810831,1457-0-76.6166.png,76.6166
1470_Q3Aeri0G-HvtXMTb_tHP8Q_17.31439154_104.56810831,1457-90-76.6166.png,76.6166
1470_Q3Aeri0G-HvtXMTb_tHP8Q_17.31439154_104.56810831,1457-180-76.6166.png,76.6166
1470_Q3Aeri0G-HvtXMTb_tHP8Q_17.31439154_104.56810831,1457-270-76.6166.png,76.6166
11_1Unb1cAHVEGv8asYhMGhwg_-23.05666100_-49.62636121,1458-0-81.1843.png,81.1843
11_1Unb1cAHVEGv8asYhMGhwg_-23.05666100_-49.62636121,1458-90-81.1843.png,81.1843
11_1Unb1cAHVEGv8asYhMGhwg_-23.05666100_-49.62636121,1458-180-81.1843.png,81.1843
11_1Unb1cAHVEGv8asYhMGhwg_-23.05666100_-49.62636121,1458-270-81.1843.png,81.1843
296_-nPMdEWwS-swMoEh06zZnA_3.21657933_101.69967997,1459-0-77.4219.png,77.4219
296_-nPMdEWwS-swMoEh06zZnA_3.21657933_101.69967997,1459-90-77.4219.png,77.4219
296_-nPMdEWwS-swMoEh06zZnA_3.21657933_101.69967997,1459-180-77.4219.png,77.4219
296_-nPMdEWwS-swMoEh06zZnA_3.21657933_101.69967997,1459-270-77.4219.png,77.4219
354_odVwWfQt0s81Em8zFiGRKg_23.44530613_-109.42542161,1460-0-73.1328.png,73.1328
354_odVwWfQt0s81Em8zFiGRKg_23.44530613_-109.42542161,1460-90-73.1328.png,73.1328
354_odVwWfQt0s81Em8zFiGRKg_23.44530613_-109.42542161,1460-180-73.1328.png,73.1328
354_odVwWfQt0s81Em8zFiGRKg_23.44530613_-109.42542161,1460-270-73.1328.png,73.1328
2088_acWKlBCUMa6io_Qc1DkqLw_24.64621082_76.04142164,1461-0-50.4656.png,50.4656
2088_acWKlBCUMa6io_Qc1DkqLw_24.64621082_76.04142164,1461-90-50.4656.png,50.4656
2088_acWKlBCUMa6io_Qc1DkqLw_24.64621082_76.04142164,1461-180-50.4656.png,50.4656
2088_acWKlBCUMa6io_Qc1DkqLw_24.64621082_76.04142164,1461-270-50.4656.png,50.4656
3020_Ydqb-VIwZINbhkSVvprnfg_45.45035678_-84.21509763,1462-0-71.0987.png,71.0987
3020_Ydqb-VIwZINbhkSVvprnfg_45.45035678_-84.21509763,1462-90-71.0987.png,71.0987
3020_Ydqb-VIwZINbhkSVvprnfg_45.45035678_-84.21509763,1462-180-71.0987.png,71.0987
3020_Ydqb-VIwZINbhkSVvprnfg_45.45035678_-84.21509763,1462-270-71.0987.png,71.0987
24_UrA8iemM2JBXmIJROE6ADA_25.67861603_91.92682874,1463-0-43.5181.png,43.5181
24_UrA8iemM2JBXmIJROE6ADA_25.67861603_91.92682874,1463-90-43.5181.png,43.5181
24_UrA8iemM2JBXmIJROE6ADA_25.67861603_91.92682874,1463-180-43.5181.png,43.5181
24_UrA8iemM2JBXmIJROE6ADA_25.67861603_91.92682874,1463-270-43.5181.png,43.5181
1490_T_lyBOH4WVcmjAzXxf4suA_-27.05817372_-65.21752302,1464-0-40.522.png,40.522
1490_T_lyBOH4WVcmjAzXxf4suA_-27.05817372_-65.21752302,1464-90-40.522.png,40.522
1490_T_lyBOH4WVcmjAzXxf4suA_-27.05817372_-65.21752302,1464-180-40.522.png,40.522
1490_T_lyBOH4WVcmjAzXxf4suA_-27.05817372_-65.21752302,1464-270-40.522.png,40.522
2408_0em4COBFkobO0qhacGrrYw_-3.44634696_-52.88923690,1465-0-81.8079.png,81.8079
2408_0em4COBFkobO0qhacGrrYw_-3.44634696_-52.88923690,1465-90-81.8079.png,81.8079
2408_0em4COBFkobO0qhacGrrYw_-3.44634696_-52.88923690,1465-180-81.8079.png,81.8079
2408_0em4COBFkobO0qhacGrrYw_-3.44634696_-52.88923690,1465-270-81.8079.png,81.8079
430_oduGD5-B4ZJrUJzX2qS5OQ_42.95886212_-99.12693149,1466-0-18.6559.png,18.6559
430_oduGD5-B4ZJrUJzX2qS5OQ_42.95886212_-99.12693149,1466-90-18.6559.png,18.6559
430_oduGD5-B4ZJrUJzX2qS5OQ_42.95886212_-99.12693149,1466-180-18.6559.png,18.6559
430_oduGD5-B4ZJrUJzX2qS5OQ_42.95886212_-99.12693149,1466-270-18.6559.png,18.6559
1013_c3l66H7_RMvHWvayuo7n5g_43.28113636_13.33397094,1467-0-63.7156.png,63.7156
1013_c3l66H7_RMvHWvayuo7n5g_43.28113636_13.33397094,1467-90-63.7156.png,63.7156
1013_c3l66H7_RMvHWvayuo7n5g_43.28113636_13.33397094,1467-180-63.7156.png,63.7156
1013_c3l66H7_RMvHWvayuo7n5g_43.28113636_13.33397094,1467-270-63.7156.png,63.7156
898_YAV2Blx2LwDzr1az_VIj9g_63.74781069_11.28522170,1468-0-44.107.png,44.107
898_YAV2Blx2LwDzr1az_VIj9g_63.74781069_11.28522170,1468-90-44.107.png,44.107
898_YAV2Blx2LwDzr1az_VIj9g_63.74781069_11.28522170,1468-180-44.107.png,44.107
898_YAV2Blx2LwDzr1az_VIj9g_63.74781069_11.28522170,1468-270-44.107.png,44.107
1052_6Wn7OPSi7jKXh4vL_gYnng_9.01232043_-79.48804053,1469-0-87.2173.png,87.2173
1052_6Wn7OPSi7jKXh4vL_gYnng_9.01232043_-79.48804053,1469-90-87.2173.png,87.2173
1052_6Wn7OPSi7jKXh4vL_gYnng_9.01232043_-79.48804053,1469-180-87.2173.png,87.2173
1052_6Wn7OPSi7jKXh4vL_gYnng_9.01232043_-79.48804053,1469-270-87.2173.png,87.2173
1596_gG2FE4W_05aycH9PaVU8sg_46.64805015_-71.92714179,1470-0-56.9221.png,56.9221
1596_gG2FE4W_05aycH9PaVU8sg_46.64805015_-71.92714179,1470-90-56.9221.png,56.9221
1596_gG2FE4W_05aycH9PaVU8sg_46.64805015_-71.92714179,1470-180-56.9221.png,56.9221
1596_gG2FE4W_05aycH9PaVU8sg_46.64805015_-71.92714179,1470-270-56.9221.png,56.9221
737_QYs7d8jgBvw-4IkfUgVSoQ_38.95220966_40.02741339,1471-0-61.6013.png,61.6013
737_QYs7d8jgBvw-4IkfUgVSoQ_38.95220966_40.02741339,1471-90-61.6013.png,61.6013
737_QYs7d8jgBvw-4IkfUgVSoQ_38.95220966_40.02741339,1471-180-61.6013.png,61.6013
737_QYs7d8jgBvw-4IkfUgVSoQ_38.95220966_40.02741339,1471-270-61.6013.png,61.6013
416_ENzD--Ee0NYpN-IKKLg5XQ_32.54974132_130.15853570,1472-0-65.1702.png,65.1702
416_ENzD--Ee0NYpN-IKKLg5XQ_32.54974132_130.15853570,1472-90-65.1702.png,65.1702
416_ENzD--Ee0NYpN-IKKLg5XQ_32.54974132_130.15853570,1472-180-65.1702.png,65.1702
416_ENzD--Ee0NYpN-IKKLg5XQ_32.54974132_130.15853570,1472-270-65.1702.png,65.1702
909_4b6Kfcr8HYuGrIplvh2kaQ_49.15736912_-0.30928933,1473-0-54.5727.png,54.5727
909_4b6Kfcr8HYuGrIplvh2kaQ_49.15736912_-0.30928933,1473-90-54.5727.png,54.5727
909_4b6Kfcr8HYuGrIplvh2kaQ_49.15736912_-0.30928933,1473-180-54.5727.png,54.5727
909_4b6Kfcr8HYuGrIplvh2kaQ_49.15736912_-0.30928933,1473-270-54.5727.png,54.5727
109_QwFvwyTpximIfZjZmxwgeA_45.03535371_-123.02089910,1474-0-81.943.png,81.943
109_QwFvwyTpximIfZjZmxwgeA_45.03535371_-123.02089910,1474-90-81.943.png,81.943
109_QwFvwyTpximIfZjZmxwgeA_45.03535371_-123.02089910,1474-180-81.943.png,81.943
109_QwFvwyTpximIfZjZmxwgeA_45.03535371_-123.02089910,1474-270-81.943.png,81.943
2430_e4_t02pu_LEiL6pRkI2odw_43.64198223_-7.60671426,1475-0-13.7458.png,13.7458
2430_e4_t02pu_LEiL6pRkI2odw_43.64198223_-7.60671426,1475-90-13.7458.png,13.7458
2430_e4_t02pu_LEiL6pRkI2odw_43.64198223_-7.60671426,1475-180-13.7458.png,13.7458
2430_e4_t02pu_LEiL6pRkI2odw_43.64198223_-7.60671426,1475-270-13.7458.png,13.7458
1612_dgIvT54oPLxnLww75XOEMw_41.16601823_-88.87724640,1476-0-68.0202.png,68.0202
1612_dgIvT54oPLxnLww75XOEMw_41.16601823_-88.87724640,1476-90-68.0202.png,68.0202
1612_dgIvT54oPLxnLww75XOEMw_41.16601823_-88.87724640,1476-180-68.0202.png,68.0202
1612_dgIvT54oPLxnLww75XOEMw_41.16601823_-88.87724640,1476-270-68.0202.png,68.0202
3003_c2jMrfDMZ-ZP-W4c25W0ew_44.54680482_-72.45813174,1477-0-43.7438.png,43.7438
3003_c2jMrfDMZ-ZP-W4c25W0ew_44.54680482_-72.45813174,1477-90-43.7438.png,43.7438
3003_c2jMrfDMZ-ZP-W4c25W0ew_44.54680482_-72.45813174,1477-180-43.7438.png,43.7438
3003_c2jMrfDMZ-ZP-W4c25W0ew_44.54680482_-72.45813174,1477-270-43.7438.png,43.7438
2519_4HCXyabp8XMAxJwJ2y-sZA_43.83510237_2.86649241,1478-0-49.5986.png,49.5986
2519_4HCXyabp8XMAxJwJ2y-sZA_43.83510237_2.86649241,1478-90-49.5986.png,49.5986
2519_4HCXyabp8XMAxJwJ2y-sZA_43.83510237_2.86649241,1478-180-49.5986.png,49.5986
2519_4HCXyabp8XMAxJwJ2y-sZA_43.83510237_2.86649241,1478-270-49.5986.png,49.5986
102_Nl7vCPBQH8qNgK_u9ISRbA_26.46335459_-80.10290633,1479-0-75.4198.png,75.4198
102_Nl7vCPBQH8qNgK_u9ISRbA_26.46335459_-80.10290633,1479-90-75.4198.png,75.4198
102_Nl7vCPBQH8qNgK_u9ISRbA_26.46335459_-80.10290633,1479-180-75.4198.png,75.4198
102_Nl7vCPBQH8qNgK_u9ISRbA_26.46335459_-80.10290633,1479-270-75.4198.png,75.4198
1500_7XDGYG_cOX-YodOfxnqjYw_21.88365684_-99.39466843,1480-0-64.8852.png,64.8852
1500_7XDGYG_cOX-YodOfxnqjYw_21.88365684_-99.39466843,1480-90-64.8852.png,64.8852
1500_7XDGYG_cOX-YodOfxnqjYw_21.88365684_-99.39466843,1480-180-64.8852.png,64.8852
1500_7XDGYG_cOX-YodOfxnqjYw_21.88365684_-99.39466843,1480-270-64.8852.png,64.8852
412_tKrjZBTJEMjq9xpEPdQf6Q_-22.16981433_-46.51861095,1481-0-32.9387.png,32.9387
412_tKrjZBTJEMjq9xpEPdQf6Q_-22.16981433_-46.51861095,1481-90-32.9387.png,32.9387
412_tKrjZBTJEMjq9xpEPdQf6Q_-22.16981433_-46.51861095,1481-180-32.9387.png,32.9387
412_tKrjZBTJEMjq9xpEPdQf6Q_-22.16981433_-46.51861095,1481-270-32.9387.png,32.9387
1817_FaqN-P2ZXYRJuJE15CbwjA_13.54633005_78.90681946,1482-0-58.4074.png,58.4074
1817_FaqN-P2ZXYRJuJE15CbwjA_13.54633005_78.90681946,1482-90-58.4074.png,58.4074
1817_FaqN-P2ZXYRJuJE15CbwjA_13.54633005_78.90681946,1482-180-58.4074.png,58.4074
1817_FaqN-P2ZXYRJuJE15CbwjA_13.54633005_78.90681946,1482-270-58.4074.png,58.4074
770_Eug0SGPTtEfobslI9cvB9g_68.23325278_14.56641355,1483-0-23.6271.png,23.6271
770_Eug0SGPTtEfobslI9cvB9g_68.23325278_14.56641355,1483-90-23.6271.png,23.6271
770_Eug0SGPTtEfobslI9cvB9g_68.23325278_14.56641355,1483-180-23.6271.png,23.6271
770_Eug0SGPTtEfobslI9cvB9g_68.23325278_14.56641355,1483-270-23.6271.png,23.6271
1531_HuDHohtbd9rs1MxlAoqN1g_61.61401527_129.22766110,1484-0-41.409.png,41.409
1531_HuDHohtbd9rs1MxlAoqN1g_61.61401527_129.22766110,1484-90-41.409.png,41.409
1531_HuDHohtbd9rs1MxlAoqN1g_61.61401527_129.22766110,1484-180-41.409.png,41.409
1531_HuDHohtbd9rs1MxlAoqN1g_61.61401527_129.22766110,1484-270-41.409.png,41.409
706_iXnmIprTZZPTxKi4j8qIrw_43.40629148_5.54861469,1485-0-76.6408.png,76.6408
706_iXnmIprTZZPTxKi4j8qIrw_43.40629148_5.54861469,1485-90-76.6408.png,76.6408
706_iXnmIprTZZPTxKi4j8qIrw_43.40629148_5.54861469,1485-180-76.6408.png,76.6408
706_iXnmIprTZZPTxKi4j8qIrw_43.40629148_5.54861469,1485-270-76.6408.png,76.6408
837_sBhjiuPnpZQx30c-HPkBsg_54.97610116_12.33728089,1486-0-18.7703.png,18.7703
837_sBhjiuPnpZQx30c-HPkBsg_54.97610116_12.33728089,1486-90-18.7703.png,18.7703
837_sBhjiuPnpZQx30c-HPkBsg_54.97610116_12.33728089,1486-180-18.7703.png,18.7703
837_sBhjiuPnpZQx30c-HPkBsg_54.97610116_12.33728089,1486-270-18.7703.png,18.7703
1130_-jEK3AAqT7FG_CB42BhDOA_65.34746019_-20.77169688,1487-0-9.9501.png,9.9501
1130_-jEK3AAqT7FG_CB42BhDOA_65.34746019_-20.77169688,1487-90-9.9501.png,9.9501
1130_-jEK3AAqT7FG_CB42BhDOA_65.34746019_-20.77169688,1487-180-9.9501.png,9.9501
1130_-jEK3AAqT7FG_CB42BhDOA_65.34746019_-20.77169688,1487-270-9.9501.png,9.9501
524_jLwaENuNlqqsM3RuRP-QUg_34.66549307_-84.38213233,1488-0-50.1344.png,50.1344
524_jLwaENuNlqqsM3RuRP-QUg_34.66549307_-84.38213233,1488-90-50.1344.png,50.1344
524_jLwaENuNlqqsM3RuRP-QUg_34.66549307_-84.38213233,1488-180-50.1344.png,50.1344
524_jLwaENuNlqqsM3RuRP-QUg_34.66549307_-84.38213233,1488-270-50.1344.png,50.1344
698_NuqrJJ65Qr1F6SmQRiykQA_42.23657275_142.62986096,1489-0-59.8205.png,59.8205
698_NuqrJJ65Qr1F6SmQRiykQA_42.23657275_142.62986096,1489-90-59.8205.png,59.8205
698_NuqrJJ65Qr1F6SmQRiykQA_42.23657275_142.62986096,1489-180-59.8205.png,59.8205
698_NuqrJJ65Qr1F6SmQRiykQA_42.23657275_142.62986096,1489-270-59.8205.png,59.8205
1555_BrNdxyDosJDvHnV0sb5uNA_20.16932820_-100.21089109,1490-0-81.8781.png,81.8781
1555_BrNdxyDosJDvHnV0sb5uNA_20.16932820_-100.21089109,1490-90-81.8781.png,81.8781
1555_BrNdxyDosJDvHnV0sb5uNA_20.16932820_-100.21089109,1490-180-81.8781.png,81.8781
1555_BrNdxyDosJDvHnV0sb5uNA_20.16932820_-100.21089109,1490-270-81.8781.png,81.8781
2357_GksqR4wbApzrzKRXC7cseQ_42.44249077_-123.32512046,1491-0-30.7928.png,30.7928
2357_GksqR4wbApzrzKRXC7cseQ_42.44249077_-123.32512046,1491-90-30.7928.png,30.7928
2357_GksqR4wbApzrzKRXC7cseQ_42.44249077_-123.32512046,1491-180-30.7928.png,30.7928
2357_GksqR4wbApzrzKRXC7cseQ_42.44249077_-123.32512046,1491-270-30.7928.png,30.7928
1205_sX6urqRXcaX9v960QpyD9Q_-30.76497765_121.47375408,1492-0-51.1111.png,51.1111
1205_sX6urqRXcaX9v960QpyD9Q_-30.76497765_121.47375408,1492-90-51.1111.png,51.1111
1205_sX6urqRXcaX9v960QpyD9Q_-30.76497765_121.47375408,1492-180-51.1111.png,51.1111
1205_sX6urqRXcaX9v960QpyD9Q_-30.76497765_121.47375408,1492-270-51.1111.png,51.1111
311_IKU9zNigkdIbbPWQOFQusQ_45.16510651_11.26482435,1493-0-42.0556.png,42.0556
311_IKU9zNigkdIbbPWQOFQusQ_45.16510651_11.26482435,1493-90-42.0556.png,42.0556
311_IKU9zNigkdIbbPWQOFQusQ_45.16510651_11.26482435,1493-180-42.0556.png,42.0556
311_IKU9zNigkdIbbPWQOFQusQ_45.16510651_11.26482435,1493-270-42.0556.png,42.0556
2970_mPUsDNyt8Pym5o5TQh9F5A_35.41672753_-78.94453058,1494-0-26.6982.png,26.6982
2970_mPUsDNyt8Pym5o5TQh9F5A_35.41672753_-78.94453058,1494-90-26.6982.png,26.6982
2970_mPUsDNyt8Pym5o5TQh9F5A_35.41672753_-78.94453058,1494-180-26.6982.png,26.6982
2970_mPUsDNyt8Pym5o5TQh9F5A_35.41672753_-78.94453058,1494-270-26.6982.png,26.6982
1033_qCEjrP1Etqc_lDBLkfW8iw_25.15273960_121.74445940,1495-0-61.1912.png,61.1912
1033_qCEjrP1Etqc_lDBLkfW8iw_25.15273960_121.74445940,1495-90-61.1912.png,61.1912
1033_qCEjrP1Etqc_lDBLkfW8iw_25.15273960_121.74445940,1495-180-61.1912.png,61.1912
1033_qCEjrP1Etqc_lDBLkfW8iw_25.15273960_121.74445940,1495-270-61.1912.png,61.1912
864_c_jOlVW4vsyClI8Gerkzyg_41.38825052_-76.05592358,1496-0-78.2448.png,78.2448
864_c_jOlVW4vsyClI8Gerkzyg_41.38825052_-76.05592358,1496-90-78.2448.png,78.2448
864_c_jOlVW4vsyClI8Gerkzyg_41.38825052_-76.05592358,1496-180-78.2448.png,78.2448
864_c_jOlVW4vsyClI8Gerkzyg_41.38825052_-76.05592358,1496-270-78.2448.png,78.2448
506_u2G01eBG4wHB851ACLpSiA_39.10614194_-108.38337629,1497-0-55.4761.png,55.4761
506_u2G01eBG4wHB851ACLpSiA_39.10614194_-108.38337629,1497-90-55.4761.png,55.4761
506_u2G01eBG4wHB851ACLpSiA_39.10614194_-108.38337629,1497-180-55.4761.png,55.4761
506_u2G01eBG4wHB851ACLpSiA_39.10614194_-108.38337629,1497-270-55.4761.png,55.4761
2925_3qTtzD49M7L9lAS6fkg88g_-33.01374312_-71.55447480,1498-0-23.0039.png,23.0039
2925_3qTtzD49M7L9lAS6fkg88g_-33.01374312_-71.55447480,1498-90-23.0039.png,23.0039
2925_3qTtzD49M7L9lAS6fkg88g_-33.01374312_-71.55447480,1498-180-23.0039.png,23.0039
2925_3qTtzD49M7L9lAS6fkg88g_-33.01374312_-71.55447480,1498-270-23.0039.png,23.0039
765_9zbbBJTmPcgOuymRRZ5bOw_38.02155872_-120.24681213,1499-0-35.2561.png,35.2561
765_9zbbBJTmPcgOuymRRZ5bOw_38.02155872_-120.24681213,1499-90-35.2561.png,35.2561
765_9zbbBJTmPcgOuymRRZ5bOw_38.02155872_-120.24681213,1499-180-35.2561.png,35.2561
765_9zbbBJTmPcgOuymRRZ5bOw_38.02155872_-120.24681213,1499-270-35.2561.png,35.2561
3300__VOD4xtVQ00rI_J8z0esXQ_59.41647523_5.27245733,1500-0-51.5447.png,51.5447
3300__VOD4xtVQ00rI_J8z0esXQ_59.41647523_5.27245733,1500-90-51.5447.png,51.5447
3300__VOD4xtVQ00rI_J8z0esXQ_59.41647523_5.27245733,1500-180-51.5447.png,51.5447
3300__VOD4xtVQ00rI_J8z0esXQ_59.41647523_5.27245733,1500-270-51.5447.png,51.5447
1516_ACiV0i_CG0SRF96nnDe1xQ_-25.49371160_-48.87757311,1501-0-36.0367.png,36.0367
1516_ACiV0i_CG0SRF96nnDe1xQ_-25.49371160_-48.87757311,1501-90-36.0367.png,36.0367
1516_ACiV0i_CG0SRF96nnDe1xQ_-25.49371160_-48.87757311,1501-180-36.0367.png,36.0367
1516_ACiV0i_CG0SRF96nnDe1xQ_-25.49371160_-48.87757311,1501-270-36.0367.png,36.0367
1186_KrAkimkwV3J2aIdotKqLNQ_37.53665317_-121.20525276,1502-0-60.1548.png,60.1548
1186_KrAkimkwV3J2aIdotKqLNQ_37.53665317_-121.20525276,1502-90-60.1548.png,60.1548
1186_KrAkimkwV3J2aIdotKqLNQ_37.53665317_-121.20525276,1502-180-60.1548.png,60.1548
1186_KrAkimkwV3J2aIdotKqLNQ_37.53665317_-121.20525276,1502-270-60.1548.png,60.1548
1074_RLKXhPwUzhQ72N8L7IzoHQ_47.93297023_14.65011833,1503-0-24.6704.png,24.6704
1074_RLKXhPwUzhQ72N8L7IzoHQ_47.93297023_14.65011833,1503-90-24.6704.png,24.6704
1074_RLKXhPwUzhQ72N8L7IzoHQ_47.93297023_14.65011833,1503-180-24.6704.png,24.6704
1074_RLKXhPwUzhQ72N8L7IzoHQ_47.93297023_14.65011833,1503-270-24.6704.png,24.6704
1796_2RZUNZzN8_1vYfIzYjgHcA_32.27729654_130.90323548,1504-0-30.9478.png,30.9478
1796_2RZUNZzN8_1vYfIzYjgHcA_32.27729654_130.90323548,1504-90-30.9478.png,30.9478
1796_2RZUNZzN8_1vYfIzYjgHcA_32.27729654_130.90323548,1504-180-30.9478.png,30.9478
1796_2RZUNZzN8_1vYfIzYjgHcA_32.27729654_130.90323548,1504-270-30.9478.png,30.9478
890_2YLFJORVti2MF1Tz8wcSkQ_45.62190039_-120.16554435,1505-0-33.1696.png,33.1696
890_2YLFJORVti2MF1Tz8wcSkQ_45.62190039_-120.16554435,1505-90-33.1696.png,33.1696
890_2YLFJORVti2MF1Tz8wcSkQ_45.62190039_-120.16554435,1505-180-33.1696.png,33.1696
890_2YLFJORVti2MF1Tz8wcSkQ_45.62190039_-120.16554435,1505-270-33.1696.png,33.1696
126_fPrX_fEJt2Sx9VMdeFKEGQ_-37.18104485_142.88012637,1506-0-69.0473.png,69.0473
126_fPrX_fEJt2Sx9VMdeFKEGQ_-37.18104485_142.88012637,1506-90-69.0473.png,69.0473
126_fPrX_fEJt2Sx9VMdeFKEGQ_-37.18104485_142.88012637,1506-180-69.0473.png,69.0473
126_fPrX_fEJt2Sx9VMdeFKEGQ_-37.18104485_142.88012637,1506-270-69.0473.png,69.0473
1121_dLW_-d2W93uabibxbvQsPg_39.59382664_-3.04176164,1507-0-35.6916.png,35.6916
1121_dLW_-d2W93uabibxbvQsPg_39.59382664_-3.04176164,1507-90-35.6916.png,35.6916
1121_dLW_-d2W93uabibxbvQsPg_39.59382664_-3.04176164,1507-180-35.6916.png,35.6916
1121_dLW_-d2W93uabibxbvQsPg_39.59382664_-3.04176164,1507-270-35.6916.png,35.6916
756_93VVkWcM2Q7BBKaPKYuQ8w_17.64217576_-101.54421764,1508-0-74.0415.png,74.0415
756_93VVkWcM2Q7BBKaPKYuQ8w_17.64217576_-101.54421764,1508-90-74.0415.png,74.0415
756_93VVkWcM2Q7BBKaPKYuQ8w_17.64217576_-101.54421764,1508-180-74.0415.png,74.0415
756_93VVkWcM2Q7BBKaPKYuQ8w_17.64217576_-101.54421764,1508-270-74.0415.png,74.0415
676_Sy6OGKp5oXOXG-9mvoPKyA_36.20095633_-105.71144144,1509-0-23.8927.png,23.8927
676_Sy6OGKp5oXOXG-9mvoPKyA_36.20095633_-105.71144144,1509-90-23.8927.png,23.8927
676_Sy6OGKp5oXOXG-9mvoPKyA_36.20095633_-105.71144144,1509-180-23.8927.png,23.8927
676_Sy6OGKp5oXOXG-9mvoPKyA_36.20095633_-105.71144144,1509-270-23.8927.png,23.8927
1162_p6FAcuNXhbY67PumObNeeg_25.06972151_121.12041408,1510-0-39.2338.png,39.2338
1162_p6FAcuNXhbY67PumObNeeg_25.06972151_121.12041408,1510-90-39.2338.png,39.2338
1162_p6FAcuNXhbY67PumObNeeg_25.06972151_121.12041408,1510-180-39.2338.png,39.2338
1162_p6FAcuNXhbY67PumObNeeg_25.06972151_121.12041408,1510-270-39.2338.png,39.2338
1268_UC8nxtQ6eRbIA99gar2SVQ_48.25110670_19.48845833,1511-0-40.2306.png,40.2306
1268_UC8nxtQ6eRbIA99gar2SVQ_48.25110670_19.48845833,1511-90-40.2306.png,40.2306
1268_UC8nxtQ6eRbIA99gar2SVQ_48.25110670_19.48845833,1511-180-40.2306.png,40.2306
1268_UC8nxtQ6eRbIA99gar2SVQ_48.25110670_19.48845833,1511-270-40.2306.png,40.2306
1872_WrF-ujwOZfAYGPz1MhVOcw_-33.25431365_-68.14897311,1512-0-51.9619.png,51.9619
1872_WrF-ujwOZfAYGPz1MhVOcw_-33.25431365_-68.14897311,1512-90-51.9619.png,51.9619
1872_WrF-ujwOZfAYGPz1MhVOcw_-33.25431365_-68.14897311,1512-180-51.9619.png,51.9619
1872_WrF-ujwOZfAYGPz1MhVOcw_-33.25431365_-68.14897311,1512-270-51.9619.png,51.9619
3128_AryFG8QIuzJ-tsh7nSziMA_47.55424500_-93.98542441,1513-0-61.7476.png,61.7476
3128_AryFG8QIuzJ-tsh7nSziMA_47.55424500_-93.98542441,1513-90-61.7476.png,61.7476
3128_AryFG8QIuzJ-tsh7nSziMA_47.55424500_-93.98542441,1513-180-61.7476.png,61.7476
3128_AryFG8QIuzJ-tsh7nSziMA_47.55424500_-93.98542441,1513-270-61.7476.png,61.7476
745_IkZkUlGshzY0VGYZwEmUeg_-34.78580616_-54.90689923,1514-0-16.0566.png,16.0566
745_IkZkUlGshzY0VGYZwEmUeg_-34.78580616_-54.90689923,1514-90-16.0566.png,16.0566
745_IkZkUlGshzY0VGYZwEmUeg_-34.78580616_-54.90689923,1514-180-16.0566.png,16.0566
745_IkZkUlGshzY0VGYZwEmUeg_-34.78580616_-54.90689923,1514-270-16.0566.png,16.0566
2849_0SwghVi4M5MaaXLy9hqMCg_35.01650490_25.06630139,1515-0-84.0422.png,84.0422
2849_0SwghVi4M5MaaXLy9hqMCg_35.01650490_25.06630139,1515-90-84.0422.png,84.0422
2849_0SwghVi4M5MaaXLy9hqMCg_35.01650490_25.06630139,1515-180-84.0422.png,84.0422
2849_0SwghVi4M5MaaXLy9hqMCg_35.01650490_25.06630139,1515-270-84.0422.png,84.0422
805_zsx_8fm-m3J1SNmAKhaW9g_33.75163119_-93.09208580,1516-0-78.0845.png,78.0845
805_zsx_8fm-m3J1SNmAKhaW9g_33.75163119_-93.09208580,1516-90-78.0845.png,78.0845
805_zsx_8fm-m3J1SNmAKhaW9g_33.75163119_-93.09208580,1516-180-78.0845.png,78.0845
805_zsx_8fm-m3J1SNmAKhaW9g_33.75163119_-93.09208580,1516-270-78.0845.png,78.0845
274_ESMLsWDDYc5W1ZHbgyfp8A_24.60210005_80.81671316,1517-0-42.3064.png,42.3064
274_ESMLsWDDYc5W1ZHbgyfp8A_24.60210005_80.81671316,1517-90-42.3064.png,42.3064
274_ESMLsWDDYc5W1ZHbgyfp8A_24.60210005_80.81671316,1517-180-42.3064.png,42.3064
274_ESMLsWDDYc5W1ZHbgyfp8A_24.60210005_80.81671316,1517-270-42.3064.png,42.3064
2261_wAc4pU-IpXXMl6vFqev1UQ_51.00002686_3.64998990,1518-0-60.1671.png,60.1671
2261_wAc4pU-IpXXMl6vFqev1UQ_51.00002686_3.64998990,1518-90-60.1671.png,60.1671
2261_wAc4pU-IpXXMl6vFqev1UQ_51.00002686_3.64998990,1518-180-60.1671.png,60.1671
2261_wAc4pU-IpXXMl6vFqev1UQ_51.00002686_3.64998990,1518-270-60.1671.png,60.1671
1074_wPlP_cRDCxGLKdNMt5vghw_38.76974595_20.72140662,1519-0-16.3886.png,16.3886
1074_wPlP_cRDCxGLKdNMt5vghw_38.76974595_20.72140662,1519-90-16.3886.png,16.3886
1074_wPlP_cRDCxGLKdNMt5vghw_38.76974595_20.72140662,1519-180-16.3886.png,16.3886
1074_wPlP_cRDCxGLKdNMt5vghw_38.76974595_20.72140662,1519-270-16.3886.png,16.3886
489_XvFs-jLhSVxcDbbJ3YL40A_55.24092481_9.25211766,1520-0-48.2565.png,48.2565
489_XvFs-jLhSVxcDbbJ3YL40A_55.24092481_9.25211766,1520-90-48.2565.png,48.2565
489_XvFs-jLhSVxcDbbJ3YL40A_55.24092481_9.25211766,1520-180-48.2565.png,48.2565
489_XvFs-jLhSVxcDbbJ3YL40A_55.24092481_9.25211766,1520-270-48.2565.png,48.2565
1372_1po98ZjU9XieNKEb4nDpFw_-33.58332446_-71.49997492,1521-0-52.031.png,52.031
1372_1po98ZjU9XieNKEb4nDpFw_-33.58332446_-71.49997492,1521-90-52.031.png,52.031
1372_1po98ZjU9XieNKEb4nDpFw_-33.58332446_-71.49997492,1521-180-52.031.png,52.031
1372_1po98ZjU9XieNKEb4nDpFw_-33.58332446_-71.49997492,1521-270-52.031.png,52.031
740_i-d2lQxiJ7PtCEBpqo33pA_53.13332417_6.55013276,1522-0-47.7374.png,47.7374
740_i-d2lQxiJ7PtCEBpqo33pA_53.13332417_6.55013276,1522-90-47.7374.png,47.7374
740_i-d2lQxiJ7PtCEBpqo33pA_53.13332417_6.55013276,1522-180-47.7374.png,47.7374
740_i-d2lQxiJ7PtCEBpqo33pA_53.13332417_6.55013276,1522-270-47.7374.png,47.7374
1093_V3_EzmS76oylZNzByH15gA_-37.87523837_142.29062445,1523-0-46.7499.png,46.7499
1093_V3_EzmS76oylZNzByH15gA_-37.87523837_142.29062445,1523-90-46.7499.png,46.7499
1093_V3_EzmS76oylZNzByH15gA_-37.87523837_142.29062445,1523-180-46.7499.png,46.7499
1093_V3_EzmS76oylZNzByH15gA_-37.87523837_142.29062445,1523-270-46.7499.png,46.7499
3296_MFgQhFXfpJnzsMOOJ5seEg_51.42660799_6.87984867,1524-0-65.425.png,65.425
3296_MFgQhFXfpJnzsMOOJ5seEg_51.42660799_6.87984867,1524-90-65.425.png,65.425
3296_MFgQhFXfpJnzsMOOJ5seEg_51.42660799_6.87984867,1524-180-65.425.png,65.425
3296_MFgQhFXfpJnzsMOOJ5seEg_51.42660799_6.87984867,1524-270-65.425.png,65.425
804_83eLkRBemQgYdrBqFwDVyQ_40.92842685_8.82414316,1525-0-31.414.png,31.414
804_83eLkRBemQgYdrBqFwDVyQ_40.92842685_8.82414316,1525-90-31.414.png,31.414
804_83eLkRBemQgYdrBqFwDVyQ_40.92842685_8.82414316,1525-180-31.414.png,31.414
804_83eLkRBemQgYdrBqFwDVyQ_40.92842685_8.82414316,1525-270-31.414.png,31.414
461_yvGClnrvuz2xyAEywleEJw_-38.33946767_176.36308323,1526-0-18.3019.png,18.3019
461_yvGClnrvuz2xyAEywleEJw_-38.33946767_176.36308323,1526-90-18.3019.png,18.3019
461_yvGClnrvuz2xyAEywleEJw_-38.33946767_176.36308323,1526-180-18.3019.png,18.3019
461_yvGClnrvuz2xyAEywleEJw_-38.33946767_176.36308323,1526-270-18.3019.png,18.3019
1152_35N6-xquiKu3kHmbg8AM0g_39.66461018_31.30555874,1527-0-37.7761.png,37.7761
1152_35N6-xquiKu3kHmbg8AM0g_39.66461018_31.30555874,1527-90-37.7761.png,37.7761
1152_35N6-xquiKu3kHmbg8AM0g_39.66461018_31.30555874,1527-180-37.7761.png,37.7761
1152_35N6-xquiKu3kHmbg8AM0g_39.66461018_31.30555874,1527-270-37.7761.png,37.7761
493_QUwkcXuP1LNhjhVNCC7N9w_45.71640323_7.13283125,1528-0-28.1258.png,28.1258
493_QUwkcXuP1LNhjhVNCC7N9w_45.71640323_7.13283125,1528-90-28.1258.png,28.1258
493_QUwkcXuP1LNhjhVNCC7N9w_45.71640323_7.13283125,1528-180-28.1258.png,28.1258
493_QUwkcXuP1LNhjhVNCC7N9w_45.71640323_7.13283125,1528-270-28.1258.png,28.1258
2210_6yVCtBHhKfQU5iLTKhYS6A_48.67423880_-114.76996089,1529-0-55.9341.png,55.9341
2210_6yVCtBHhKfQU5iLTKhYS6A_48.67423880_-114.76996089,1529-90-55.9341.png,55.9341
2210_6yVCtBHhKfQU5iLTKhYS6A_48.67423880_-114.76996089,1529-180-55.9341.png,55.9341
2210_6yVCtBHhKfQU5iLTKhYS6A_48.67423880_-114.76996089,1529-270-55.9341.png,55.9341
2399_4-b3fO-kLquS9FWs8ylRXg_49.17417973_1.33599306,1530-0-50.9842.png,50.9842
2399_4-b3fO-kLquS9FWs8ylRXg_49.17417973_1.33599306,1530-90-50.9842.png,50.9842
2399_4-b3fO-kLquS9FWs8ylRXg_49.17417973_1.33599306,1530-180-50.9842.png,50.9842
2399_4-b3fO-kLquS9FWs8ylRXg_49.17417973_1.33599306,1530-270-50.9842.png,50.9842
2203_8q4zzepO23MeKyW-Ifhstg_48.80446075_9.38869321,1531-0-57.5451.png,57.5451
2203_8q4zzepO23MeKyW-Ifhstg_48.80446075_9.38869321,1531-90-57.5451.png,57.5451
2203_8q4zzepO23MeKyW-Ifhstg_48.80446075_9.38869321,1531-180-57.5451.png,57.5451
2203_8q4zzepO23MeKyW-Ifhstg_48.80446075_9.38869321,1531-270-57.5451.png,57.5451
860_tBgcAGz2Wy1vXBodXqn59g_19.11140281_84.68094273,1532-0-36.3667.png,36.3667
860_tBgcAGz2Wy1vXBodXqn59g_19.11140281_84.68094273,1532-90-36.3667.png,36.3667
860_tBgcAGz2Wy1vXBodXqn59g_19.11140281_84.68094273,1532-180-36.3667.png,36.3667
860_tBgcAGz2Wy1vXBodXqn59g_19.11140281_84.68094273,1532-270-36.3667.png,36.3667
248_ZJJu-xoJA7he7rmcFCKvhw_33.51179684_-82.13318529,1533-0-52.1333.png,52.1333
248_ZJJu-xoJA7he7rmcFCKvhw_33.51179684_-82.13318529,1533-90-52.1333.png,52.1333
248_ZJJu-xoJA7he7rmcFCKvhw_33.51179684_-82.13318529,1533-180-52.1333.png,52.1333
248_ZJJu-xoJA7he7rmcFCKvhw_33.51179684_-82.13318529,1533-270-52.1333.png,52.1333
1359_CmIjqqKfJgdkbsgPu2JSbA_21.25071525_85.07023760,1534-0-40.0504.png,40.0504
1359_CmIjqqKfJgdkbsgPu2JSbA_21.25071525_85.07023760,1534-90-40.0504.png,40.0504
1359_CmIjqqKfJgdkbsgPu2JSbA_21.25071525_85.07023760,1534-180-40.0504.png,40.0504
1359_CmIjqqKfJgdkbsgPu2JSbA_21.25071525_85.07023760,1534-270-40.0504.png,40.0504
1195_CHTbagOat97hY87jbzJfPQ_54.32298336_-4.38509212,1535-0-36.5746.png,36.5746
1195_CHTbagOat97hY87jbzJfPQ_54.32298336_-4.38509212,1535-90-36.5746.png,36.5746
1195_CHTbagOat97hY87jbzJfPQ_54.32298336_-4.38509212,1535-180-36.5746.png,36.5746
1195_CHTbagOat97hY87jbzJfPQ_54.32298336_-4.38509212,1535-270-36.5746.png,36.5746
914_z1M_7zAEd4OEQdSqg9W3IA_54.82114179_-98.61331336,1536-0-26.1793.png,26.1793
914_z1M_7zAEd4OEQdSqg9W3IA_54.82114179_-98.61331336,1536-90-26.1793.png,26.1793
914_z1M_7zAEd4OEQdSqg9W3IA_54.82114179_-98.61331336,1536-180-26.1793.png,26.1793
914_z1M_7zAEd4OEQdSqg9W3IA_54.82114179_-98.61331336,1536-270-26.1793.png,26.1793
222_LtURge2d6fJ3TGMgIHUoRA_59.48971551_10.31476388,1537-0-36.015.png,36.015
222_LtURge2d6fJ3TGMgIHUoRA_59.48971551_10.31476388,1537-90-36.015.png,36.015
222_LtURge2d6fJ3TGMgIHUoRA_59.48971551_10.31476388,1537-180-36.015.png,36.015
222_LtURge2d6fJ3TGMgIHUoRA_59.48971551_10.31476388,1537-270-36.015.png,36.015
51_aAP7F4InglcvVd6EMy0MZw_33.98430833_-104.67769019,1538-0-15.7633.png,15.7633
51_aAP7F4InglcvVd6EMy0MZw_33.98430833_-104.67769019,1538-90-15.7633.png,15.7633
51_aAP7F4InglcvVd6EMy0MZw_33.98430833_-104.67769019,1538-180-15.7633.png,15.7633
51_aAP7F4InglcvVd6EMy0MZw_33.98430833_-104.67769019,1538-270-15.7633.png,15.7633
891_MdgCAdrBgA_U1JdK1y5UrQ_46.21408243_2.02198968,1539-0-48.0943.png,48.0943
891_MdgCAdrBgA_U1JdK1y5UrQ_46.21408243_2.02198968,1539-90-48.0943.png,48.0943
891_MdgCAdrBgA_U1JdK1y5UrQ_46.21408243_2.02198968,1539-180-48.0943.png,48.0943
891_MdgCAdrBgA_U1JdK1y5UrQ_46.21408243_2.02198968,1539-270-48.0943.png,48.0943
3231_-UrtZusYV8TwRznE-X4TzQ_48.04993965_-118.98472153,1540-0-20.867.png,20.867
3231_-UrtZusYV8TwRznE-X4TzQ_48.04993965_-118.98472153,1540-90-20.867.png,20.867
3231_-UrtZusYV8TwRznE-X4TzQ_48.04993965_-118.98472153,1540-180-20.867.png,20.867
3231_-UrtZusYV8TwRznE-X4TzQ_48.04993965_-118.98472153,1540-270-20.867.png,20.867
722_fAfev_KH8SgcYIGi74SaQQ_46.14795315_-103.14302360,1541-0-14.5451.png,14.5451
722_fAfev_KH8SgcYIGi74SaQQ_46.14795315_-103.14302360,1541-90-14.5451.png,14.5451
722_fAfev_KH8SgcYIGi74SaQQ_46.14795315_-103.14302360,1541-180-14.5451.png,14.5451
722_fAfev_KH8SgcYIGi74SaQQ_46.14795315_-103.14302360,1541-270-14.5451.png,14.5451
1412_q6yHUvq-ILnrDOHYy8Z3ug_46.95510930_-112.68123870,1542-0-39.8873.png,39.8873
1412_q6yHUvq-ILnrDOHYy8Z3ug_46.95510930_-112.68123870,1542-90-39.8873.png,39.8873
1412_q6yHUvq-ILnrDOHYy8Z3ug_46.95510930_-112.68123870,1542-180-39.8873.png,39.8873
1412_q6yHUvq-ILnrDOHYy8Z3ug_46.95510930_-112.68123870,1542-270-39.8873.png,39.8873
1043_1X_pBCP3a3aJQG617a8q5A_46.21420434_-0.55239215,1543-0-47.8041.png,47.8041
1043_1X_pBCP3a3aJQG617a8q5A_46.21420434_-0.55239215,1543-90-47.8041.png,47.8041
1043_1X_pBCP3a3aJQG617a8q5A_46.21420434_-0.55239215,1543-180-47.8041.png,47.8041
1043_1X_pBCP3a3aJQG617a8q5A_46.21420434_-0.55239215,1543-270-47.8041.png,47.8041
3080_H3XvEOjzsIwHQ2BRYyul1g_43.73248085_7.41792279,1544-0-22.573.png,22.573
3080_H3XvEOjzsIwHQ2BRYyul1g_43.73248085_7.41792279,1544-90-22.573.png,22.573
3080_H3XvEOjzsIwHQ2BRYyul1g_43.73248085_7.41792279,1544-180-22.573.png,22.573
3080_H3XvEOjzsIwHQ2BRYyul1g_43.73248085_7.41792279,1544-270-22.573.png,22.573
1252_TcSbfoH7E-DaGMPRwCMvxg_46.53533309_-117.24520898,1545-0-27.2537.png,27.2537
1252_TcSbfoH7E-DaGMPRwCMvxg_46.53533309_-117.24520898,1545-90-27.2537.png,27.2537
1252_TcSbfoH7E-DaGMPRwCMvxg_46.53533309_-117.24520898,1545-180-27.2537.png,27.2537
1252_TcSbfoH7E-DaGMPRwCMvxg_46.53533309_-117.24520898,1545-270-27.2537.png,27.2537
495_nIn3KpeB74Grny1ctnExGA_41.81686823_15.78397490,1546-0-56.0681.png,56.0681
495_nIn3KpeB74Grny1ctnExGA_41.81686823_15.78397490,1546-90-56.0681.png,56.0681
495_nIn3KpeB74Grny1ctnExGA_41.81686823_15.78397490,1546-180-56.0681.png,56.0681
495_nIn3KpeB74Grny1ctnExGA_41.81686823_15.78397490,1546-270-56.0681.png,56.0681
1446_ZkZCVDI9cLRV5lqIK-Pfow_26.11499781_86.90693587,1547-0-84.3345.png,84.3345
1446_ZkZCVDI9cLRV5lqIK-Pfow_26.11499781_86.90693587,1547-90-84.3345.png,84.3345
1446_ZkZCVDI9cLRV5lqIK-Pfow_26.11499781_86.90693587,1547-180-84.3345.png,84.3345
1446_ZkZCVDI9cLRV5lqIK-Pfow_26.11499781_86.90693587,1547-270-84.3345.png,84.3345
2376_q1h2fawb9N0iSF5ElpFbBw_-34.20559960_-70.53142501,1548-0-73.8701.png,73.8701
2376_q1h2fawb9N0iSF5ElpFbBw_-34.20559960_-70.53142501,1548-90-73.8701.png,73.8701
2376_q1h2fawb9N0iSF5ElpFbBw_-34.20559960_-70.53142501,1548-180-73.8701.png,73.8701
2376_q1h2fawb9N0iSF5ElpFbBw_-34.20559960_-70.53142501,1548-270-73.8701.png,73.8701
240_Y-5-Tj3VHopr-gnfwUYAQA_44.22248595_-85.80431984,1549-0-37.8629.png,37.8629
240_Y-5-Tj3VHopr-gnfwUYAQA_44.22248595_-85.80431984,1549-90-37.8629.png,37.8629
240_Y-5-Tj3VHopr-gnfwUYAQA_44.22248595_-85.80431984,1549-180-37.8629.png,37.8629
240_Y-5-Tj3VHopr-gnfwUYAQA_44.22248595_-85.80431984,1549-270-37.8629.png,37.8629
442_NG-g79EJ1h0PeKNj7bHgSg_45.79370720_11.23996042,1550-0-47.9158.png,47.9158
442_NG-g79EJ1h0PeKNj7bHgSg_45.79370720_11.23996042,1550-90-47.9158.png,47.9158
442_NG-g79EJ1h0PeKNj7bHgSg_45.79370720_11.23996042,1550-180-47.9158.png,47.9158
442_NG-g79EJ1h0PeKNj7bHgSg_45.79370720_11.23996042,1550-270-47.9158.png,47.9158
2356_jZvoNgclxlbikUEgrEE4Ag_44.31306423_-84.06767747,1551-0-24.6246.png,24.6246
2356_jZvoNgclxlbikUEgrEE4Ag_44.31306423_-84.06767747,1551-90-24.6246.png,24.6246
2356_jZvoNgclxlbikUEgrEE4Ag_44.31306423_-84.06767747,1551-180-24.6246.png,24.6246
2356_jZvoNgclxlbikUEgrEE4Ag_44.31306423_-84.06767747,1551-270-24.6246.png,24.6246
2476_BckrFNkQxJOiq0AXmer07g_45.06620484_-64.58167437,1552-0-50.7652.png,50.7652
2476_BckrFNkQxJOiq0AXmer07g_45.06620484_-64.58167437,1552-90-50.7652.png,50.7652
2476_BckrFNkQxJOiq0AXmer07g_45.06620484_-64.58167437,1552-180-50.7652.png,50.7652
2476_BckrFNkQxJOiq0AXmer07g_45.06620484_-64.58167437,1552-270-50.7652.png,50.7652
761_lMZiIcurI2qXGPoUWDHV8A_49.70241461_-1.84321128,1553-0-23.2822.png,23.2822
761_lMZiIcurI2qXGPoUWDHV8A_49.70241461_-1.84321128,1553-90-23.2822.png,23.2822
761_lMZiIcurI2qXGPoUWDHV8A_49.70241461_-1.84321128,1553-180-23.2822.png,23.2822
761_lMZiIcurI2qXGPoUWDHV8A_49.70241461_-1.84321128,1553-270-23.2822.png,23.2822
657_Xocc1NJCFtFJPfYvVz4ZZQ_47.16334546_-98.90698539,1554-0-21.0.png,21.0
657_Xocc1NJCFtFJPfYvVz4ZZQ_47.16334546_-98.90698539,1554-90-21.0.png,21.0
657_Xocc1NJCFtFJPfYvVz4ZZQ_47.16334546_-98.90698539,1554-180-21.0.png,21.0
657_Xocc1NJCFtFJPfYvVz4ZZQ_47.16334546_-98.90698539,1554-270-21.0.png,21.0
1645_Pr7nYxbTSkSEc089f5WoaQ_19.69900769_-99.17166308,1555-0-36.3784.png,36.3784
1645_Pr7nYxbTSkSEc089f5WoaQ_19.69900769_-99.17166308,1555-90-36.3784.png,36.3784
1645_Pr7nYxbTSkSEc089f5WoaQ_19.69900769_-99.17166308,1555-180-36.3784.png,36.3784
1645_Pr7nYxbTSkSEc089f5WoaQ_19.69900769_-99.17166308,1555-270-36.3784.png,36.3784
1188_o173NHCshTEzrzoGrmxuYQ_-5.57231831_105.60119063,1556-0-59.3537.png,59.3537
1188_o173NHCshTEzrzoGrmxuYQ_-5.57231831_105.60119063,1556-90-59.3537.png,59.3537
1188_o173NHCshTEzrzoGrmxuYQ_-5.57231831_105.60119063,1556-180-59.3537.png,59.3537
1188_o173NHCshTEzrzoGrmxuYQ_-5.57231831_105.60119063,1556-270-59.3537.png,59.3537
2299_ncNmTYsO5GR7DobVJonUxw_-6.91565385_113.89377034,1557-0-35.8285.png,35.8285
2299_ncNmTYsO5GR7DobVJonUxw_-6.91565385_113.89377034,1557-90-35.8285.png,35.8285
2299_ncNmTYsO5GR7DobVJonUxw_-6.91565385_113.89377034,1557-180-35.8285.png,35.8285
2299_ncNmTYsO5GR7DobVJonUxw_-6.91565385_113.89377034,1557-270-35.8285.png,35.8285
2672_CM63yD4OADgfYdODwj7RKg_38.26290882_36.22052295,1558-0-30.546.png,30.546
2672_CM63yD4OADgfYdODwj7RKg_38.26290882_36.22052295,1558-90-30.546.png,30.546
2672_CM63yD4OADgfYdODwj7RKg_38.26290882_36.22052295,1558-180-30.546.png,30.546
2672_CM63yD4OADgfYdODwj7RKg_38.26290882_36.22052295,1558-270-30.546.png,30.546
882_BOYkjs9VI7bYIn6zHhzZFQ_34.20869533_-80.10224876,1559-0-27.892.png,27.892
882_BOYkjs9VI7bYIn6zHhzZFQ_34.20869533_-80.10224876,1559-90-27.892.png,27.892
882_BOYkjs9VI7bYIn6zHhzZFQ_34.20869533_-80.10224876,1559-180-27.892.png,27.892
882_BOYkjs9VI7bYIn6zHhzZFQ_34.20869533_-80.10224876,1559-270-27.892.png,27.892
981_VxZC9LH8hyJk84KfsttQzw_47.59958709_38.86690966,1560-0-28.2818.png,28.2818
981_VxZC9LH8hyJk84KfsttQzw_47.59958709_38.86690966,1560-90-28.2818.png,28.2818
981_VxZC9LH8hyJk84KfsttQzw_47.59958709_38.86690966,1560-180-28.2818.png,28.2818
981_VxZC9LH8hyJk84KfsttQzw_47.59958709_38.86690966,1560-270-28.2818.png,28.2818
3243_FPKMIl6ER-h44mqHZ7t5Ig_27.48120982_82.44278807,1561-0-70.5178.png,70.5178
3243_FPKMIl6ER-h44mqHZ7t5Ig_27.48120982_82.44278807,1561-90-70.5178.png,70.5178
3243_FPKMIl6ER-h44mqHZ7t5Ig_27.48120982_82.44278807,1561-180-70.5178.png,70.5178
3243_FPKMIl6ER-h44mqHZ7t5Ig_27.48120982_82.44278807,1561-270-70.5178.png,70.5178
1948_JtDsDVxTuYnxfKp1QGP3jA_57.46697180_-4.41636616,1562-0-42.6249.png,42.6249
1948_JtDsDVxTuYnxfKp1QGP3jA_57.46697180_-4.41636616,1562-90-42.6249.png,42.6249
1948_JtDsDVxTuYnxfKp1QGP3jA_57.46697180_-4.41636616,1562-180-42.6249.png,42.6249
1948_JtDsDVxTuYnxfKp1QGP3jA_57.46697180_-4.41636616,1562-270-42.6249.png,42.6249
701_j_koIVpOp91cAZO9AsjqWA_29.22350902_-13.45228386,1563-0-25.4703.png,25.4703
701_j_koIVpOp91cAZO9AsjqWA_29.22350902_-13.45228386,1563-90-25.4703.png,25.4703
701_j_koIVpOp91cAZO9AsjqWA_29.22350902_-13.45228386,1563-180-25.4703.png,25.4703
701_j_koIVpOp91cAZO9AsjqWA_29.22350902_-13.45228386,1563-270-25.4703.png,25.4703
1618_H9qhUQ9dxwE79-WKIH9kuQ_25.69398190_73.07176693,1564-0-36.1083.png,36.1083
1618_H9qhUQ9dxwE79-WKIH9kuQ_25.69398190_73.07176693,1564-90-36.1083.png,36.1083
1618_H9qhUQ9dxwE79-WKIH9kuQ_25.69398190_73.07176693,1564-180-36.1083.png,36.1083
1618_H9qhUQ9dxwE79-WKIH9kuQ_25.69398190_73.07176693,1564-270-36.1083.png,36.1083
176_X8ID8oDuQ4pHWxjkXONpeQ_46.28125752_-89.14864942,1565-0-28.5933.png,28.5933
176_X8ID8oDuQ4pHWxjkXONpeQ_46.28125752_-89.14864942,1565-90-28.5933.png,28.5933
176_X8ID8oDuQ4pHWxjkXONpeQ_46.28125752_-89.14864942,1565-180-28.5933.png,28.5933
176_X8ID8oDuQ4pHWxjkXONpeQ_46.28125752_-89.14864942,1565-270-28.5933.png,28.5933
1720_G5_sHUR4Ba99duB5NIv_QA_63.35794389_8.69361031,1566-0-33.9286.png,33.9286
1720_G5_sHUR4Ba99duB5NIv_QA_63.35794389_8.69361031,1566-90-33.9286.png,33.9286
1720_G5_sHUR4Ba99duB5NIv_QA_63.35794389_8.69361031,1566-180-33.9286.png,33.9286
1720_G5_sHUR4Ba99duB5NIv_QA_63.35794389_8.69361031,1566-270-33.9286.png,33.9286
2033_Hw-_zxuT7dkUaBiURRKulg_42.97237100_-84.58108444,1567-0-40.4989.png,40.4989
2033_Hw-_zxuT7dkUaBiURRKulg_42.97237100_-84.58108444,1567-90-40.4989.png,40.4989
2033_Hw-_zxuT7dkUaBiURRKulg_42.97237100_-84.58108444,1567-180-40.4989.png,40.4989
2033_Hw-_zxuT7dkUaBiURRKulg_42.97237100_-84.58108444,1567-270-40.4989.png,40.4989
1565_g6jhDC_AJYHF7LG7iH5wHw_31.97764056_-87.13050595,1568-0-81.646.png,81.646
1565_g6jhDC_AJYHF7LG7iH5wHw_31.97764056_-87.13050595,1568-90-81.646.png,81.646
1565_g6jhDC_AJYHF7LG7iH5wHw_31.97764056_-87.13050595,1568-180-81.646.png,81.646
1565_g6jhDC_AJYHF7LG7iH5wHw_31.97764056_-87.13050595,1568-270-81.646.png,81.646
1497_RLKXhPwUzhQ72N8L7IzoHQ_47.93297023_14.65011833,1569-0-24.6704.png,24.6704
1497_RLKXhPwUzhQ72N8L7IzoHQ_47.93297023_14.65011833,1569-90-24.6704.png,24.6704
1497_RLKXhPwUzhQ72N8L7IzoHQ_47.93297023_14.65011833,1569-180-24.6704.png,24.6704
1497_RLKXhPwUzhQ72N8L7IzoHQ_47.93297023_14.65011833,1569-270-24.6704.png,24.6704
1958_Fbgx3poLVjnNtM4hTeM0Vg_18.30589662_83.56174466,1570-0-58.32.png,58.32
1958_Fbgx3poLVjnNtM4hTeM0Vg_18.30589662_83.56174466,1570-90-58.32.png,58.32
1958_Fbgx3poLVjnNtM4hTeM0Vg_18.30589662_83.56174466,1570-180-58.32.png,58.32
1958_Fbgx3poLVjnNtM4hTeM0Vg_18.30589662_83.56174466,1570-270-58.32.png,58.32
1469_L_r8qvthcZ8lqEwDJD3YCQ_-37.11120794_175.29638086,1571-0-26.0851.png,26.0851
1469_L_r8qvthcZ8lqEwDJD3YCQ_-37.11120794_175.29638086,1571-90-26.0851.png,26.0851
1469_L_r8qvthcZ8lqEwDJD3YCQ_-37.11120794_175.29638086,1571-180-26.0851.png,26.0851
1469_L_r8qvthcZ8lqEwDJD3YCQ_-37.11120794_175.29638086,1571-270-26.0851.png,26.0851
1245_RU3pw1a8u4p--xqxYV4Tcg_47.08285465_22.11665590,1572-0-31.3911.png,31.3911
1245_RU3pw1a8u4p--xqxYV4Tcg_47.08285465_22.11665590,1572-90-31.3911.png,31.3911
1245_RU3pw1a8u4p--xqxYV4Tcg_47.08285465_22.11665590,1572-180-31.3911.png,31.3911
1245_RU3pw1a8u4p--xqxYV4Tcg_47.08285465_22.11665590,1572-270-31.3911.png,31.3911
1272_2BVfOZ5Yg7GUW6RZ4CzvzA_62.98737497_21.96445007,1573-0-34.289.png,34.289
1272_2BVfOZ5Yg7GUW6RZ4CzvzA_62.98737497_21.96445007,1573-90-34.289.png,34.289
1272_2BVfOZ5Yg7GUW6RZ4CzvzA_62.98737497_21.96445007,1573-180-34.289.png,34.289
1272_2BVfOZ5Yg7GUW6RZ4CzvzA_62.98737497_21.96445007,1573-270-34.289.png,34.289
1467_ry3fGRZKp2mPfFMilct8kw_-34.08341518_20.09632728,1574-0-49.3076.png,49.3076
1467_ry3fGRZKp2mPfFMilct8kw_-34.08341518_20.09632728,1574-90-49.3076.png,49.3076
1467_ry3fGRZKp2mPfFMilct8kw_-34.08341518_20.09632728,1574-180-49.3076.png,49.3076
1467_ry3fGRZKp2mPfFMilct8kw_-34.08341518_20.09632728,1574-270-49.3076.png,49.3076
55_B_jtJ_kFyN4qdaLdZchLgw_-13.54181025_-58.82024468,1575-0-62.2051.png,62.2051
55_B_jtJ_kFyN4qdaLdZchLgw_-13.54181025_-58.82024468,1575-90-62.2051.png,62.2051
55_B_jtJ_kFyN4qdaLdZchLgw_-13.54181025_-58.82024468,1575-180-62.2051.png,62.2051
55_B_jtJ_kFyN4qdaLdZchLgw_-13.54181025_-58.82024468,1575-270-62.2051.png,62.2051
839_kDtWEWyaEecihuused_dig_16.51910243_79.90810733,1576-0-36.2238.png,36.2238
839_kDtWEWyaEecihuused_dig_16.51910243_79.90810733,1576-90-36.2238.png,36.2238
839_kDtWEWyaEecihuused_dig_16.51910243_79.90810733,1576-180-36.2238.png,36.2238
839_kDtWEWyaEecihuused_dig_16.51910243_79.90810733,1576-270-36.2238.png,36.2238
2756_1po98ZjU9XieNKEb4nDpFw_-33.58332446_-71.49997492,1577-0-52.031.png,52.031
2756_1po98ZjU9XieNKEb4nDpFw_-33.58332446_-71.49997492,1577-90-52.031.png,52.031
2756_1po98ZjU9XieNKEb4nDpFw_-33.58332446_-71.49997492,1577-180-52.031.png,52.031
2756_1po98ZjU9XieNKEb4nDpFw_-33.58332446_-71.49997492,1577-270-52.031.png,52.031
629_3rEGLMAYcSjtIO7rhAxKVQ_47.36851169_24.67141928,1578-0-55.0188.png,55.0188
629_3rEGLMAYcSjtIO7rhAxKVQ_47.36851169_24.67141928,1578-90-55.0188.png,55.0188
629_3rEGLMAYcSjtIO7rhAxKVQ_47.36851169_24.67141928,1578-180-55.0188.png,55.0188
629_3rEGLMAYcSjtIO7rhAxKVQ_47.36851169_24.67141928,1578-270-55.0188.png,55.0188
1097_LjsxjYHOXQSmCEG3gbyl0A_31.79686890_-88.23749968,1579-0-75.0339.png,75.0339
1097_LjsxjYHOXQSmCEG3gbyl0A_31.79686890_-88.23749968,1579-90-75.0339.png,75.0339
1097_LjsxjYHOXQSmCEG3gbyl0A_31.79686890_-88.23749968,1579-180-75.0339.png,75.0339
1097_LjsxjYHOXQSmCEG3gbyl0A_31.79686890_-88.23749968,1579-270-75.0339.png,75.0339
943_oFO2M7fOifS_vMgKBZmZdQ_21.37382132_74.85650134,1580-0-51.2975.png,51.2975
943_oFO2M7fOifS_vMgKBZmZdQ_21.37382132_74.85650134,1580-90-51.2975.png,51.2975
943_oFO2M7fOifS_vMgKBZmZdQ_21.37382132_74.85650134,1580-180-51.2975.png,51.2975
943_oFO2M7fOifS_vMgKBZmZdQ_21.37382132_74.85650134,1580-270-51.2975.png,51.2975
1337_uyndVjrP0sl4uNBRvS3YhQ_-7.59132693_109.64552021,1581-0-44.8508.png,44.8508
1337_uyndVjrP0sl4uNBRvS3YhQ_-7.59132693_109.64552021,1581-90-44.8508.png,44.8508
1337_uyndVjrP0sl4uNBRvS3YhQ_-7.59132693_109.64552021,1581-180-44.8508.png,44.8508
1337_uyndVjrP0sl4uNBRvS3YhQ_-7.59132693_109.64552021,1581-270-44.8508.png,44.8508
2358_gQBsBM7HvpC1kO3biqlskg_22.60210209_75.70228481,1582-0-38.7.png,38.7
2358_gQBsBM7HvpC1kO3biqlskg_22.60210209_75.70228481,1582-90-38.7.png,38.7
2358_gQBsBM7HvpC1kO3biqlskg_22.60210209_75.70228481,1582-180-38.7.png,38.7
2358_gQBsBM7HvpC1kO3biqlskg_22.60210209_75.70228481,1582-270-38.7.png,38.7
347_wpo0io0yH6Gx_-QNyhVCSg_47.74857734_10.97633063,1583-0-52.3291.png,52.3291
347_wpo0io0yH6Gx_-QNyhVCSg_47.74857734_10.97633063,1583-90-52.3291.png,52.3291
347_wpo0io0yH6Gx_-QNyhVCSg_47.74857734_10.97633063,1583-180-52.3291.png,52.3291
347_wpo0io0yH6Gx_-QNyhVCSg_47.74857734_10.97633063,1583-270-52.3291.png,52.3291
2028_0WTnxbStLxDheddURhyNHQ_41.78003211_-98.67859197,1584-0-30.3341.png,30.3341
2028_0WTnxbStLxDheddURhyNHQ_41.78003211_-98.67859197,1584-90-30.3341.png,30.3341
2028_0WTnxbStLxDheddURhyNHQ_41.78003211_-98.67859197,1584-180-30.3341.png,30.3341
2028_0WTnxbStLxDheddURhyNHQ_41.78003211_-98.67859197,1584-270-30.3341.png,30.3341
2427_1D48hJ4h1psj0jK4elIYqw_2.17902509_-74.77751227,1585-0-80.5835.png,80.5835
2427_1D48hJ4h1psj0jK4elIYqw_2.17902509_-74.77751227,1585-90-80.5835.png,80.5835
2427_1D48hJ4h1psj0jK4elIYqw_2.17902509_-74.77751227,1585-180-80.5835.png,80.5835
2427_1D48hJ4h1psj0jK4elIYqw_2.17902509_-74.77751227,1585-270-80.5835.png,80.5835
2055_dnwLGAgYKnZqdKn1lasbNg_52.16022815_107.49743929,1586-0-60.7261.png,60.7261
2055_dnwLGAgYKnZqdKn1lasbNg_52.16022815_107.49743929,1586-90-60.7261.png,60.7261
2055_dnwLGAgYKnZqdKn1lasbNg_52.16022815_107.49743929,1586-180-60.7261.png,60.7261
2055_dnwLGAgYKnZqdKn1lasbNg_52.16022815_107.49743929,1586-270-60.7261.png,60.7261
1994_gXjC-1agwUdMlGw8fRjGjg_22.65798550_73.46978242,1587-0-59.0977.png,59.0977
1994_gXjC-1agwUdMlGw8fRjGjg_22.65798550_73.46978242,1587-90-59.0977.png,59.0977
1994_gXjC-1agwUdMlGw8fRjGjg_22.65798550_73.46978242,1587-180-59.0977.png,59.0977
1994_gXjC-1agwUdMlGw8fRjGjg_22.65798550_73.46978242,1587-270-59.0977.png,59.0977
845_IKddrEcYHgPtdNp85QqJ6g_-34.96027309_-71.29015361,1588-0-43.0678.png,43.0678
845_IKddrEcYHgPtdNp85QqJ6g_-34.96027309_-71.29015361,1588-90-43.0678.png,43.0678
845_IKddrEcYHgPtdNp85QqJ6g_-34.96027309_-71.29015361,1588-180-43.0678.png,43.0678
845_IKddrEcYHgPtdNp85QqJ6g_-34.96027309_-71.29015361,1588-270-43.0678.png,43.0678
986_g_XZ0KjJqMHALSpM6a4qdw_42.86164706_-8.90241124,1589-0-32.7593.png,32.7593
986_g_XZ0KjJqMHALSpM6a4qdw_42.86164706_-8.90241124,1589-90-32.7593.png,32.7593
986_g_XZ0KjJqMHALSpM6a4qdw_42.86164706_-8.90241124,1589-180-32.7593.png,32.7593
986_g_XZ0KjJqMHALSpM6a4qdw_42.86164706_-8.90241124,1589-270-32.7593.png,32.7593
285_OWbNu225gPlKLq7Bpdu6UA_43.16698000_-79.25079794,1590-0-50.8071.png,50.8071
285_OWbNu225gPlKLq7Bpdu6UA_43.16698000_-79.25079794,1590-90-50.8071.png,50.8071
285_OWbNu225gPlKLq7Bpdu6UA_43.16698000_-79.25079794,1590-180-50.8071.png,50.8071
285_OWbNu225gPlKLq7Bpdu6UA_43.16698000_-79.25079794,1590-270-50.8071.png,50.8071
1857_Ob2XC_JEb8sUI3MhCncmqw_32.13518217_-89.40268513,1591-0-62.3655.png,62.3655
1857_Ob2XC_JEb8sUI3MhCncmqw_32.13518217_-89.40268513,1591-90-62.3655.png,62.3655
1857_Ob2XC_JEb8sUI3MhCncmqw_32.13518217_-89.40268513,1591-180-62.3655.png,62.3655
1857_Ob2XC_JEb8sUI3MhCncmqw_32.13518217_-89.40268513,1591-270-62.3655.png,62.3655
2521_t9n7uOls2a29l8ghx0aMzA_-24.53245102_-53.74335694,1592-0-49.7187.png,49.7187
2521_t9n7uOls2a29l8ghx0aMzA_-24.53245102_-53.74335694,1592-90-49.7187.png,49.7187
2521_t9n7uOls2a29l8ghx0aMzA_-24.53245102_-53.74335694,1592-180-49.7187.png,49.7187
2521_t9n7uOls2a29l8ghx0aMzA_-24.53245102_-53.74335694,1592-270-49.7187.png,49.7187
1154_siTahmEBRwB0Grs_D210ng_45.63128136_5.57101479,1593-0-25.4416.png,25.4416
1154_siTahmEBRwB0Grs_D210ng_45.63128136_5.57101479,1593-90-25.4416.png,25.4416
1154_siTahmEBRwB0Grs_D210ng_45.63128136_5.57101479,1593-180-25.4416.png,25.4416
1154_siTahmEBRwB0Grs_D210ng_45.63128136_5.57101479,1593-270-25.4416.png,25.4416
1764_t6tuwO4d3015Ck1gfByrRQ_49.39936167_9.91575367,1594-0-44.158.png,44.158
1764_t6tuwO4d3015Ck1gfByrRQ_49.39936167_9.91575367,1594-90-44.158.png,44.158
1764_t6tuwO4d3015Ck1gfByrRQ_49.39936167_9.91575367,1594-180-44.158.png,44.158
1764_t6tuwO4d3015Ck1gfByrRQ_49.39936167_9.91575367,1594-270-44.158.png,44.158
2570_mnsWlhBo6sosevxqZrfZEg_43.90833628_1.45558831,1595-0-30.1145.png,30.1145
2570_mnsWlhBo6sosevxqZrfZEg_43.90833628_1.45558831,1595-90-30.1145.png,30.1145
2570_mnsWlhBo6sosevxqZrfZEg_43.90833628_1.45558831,1595-180-30.1145.png,30.1145
2570_mnsWlhBo6sosevxqZrfZEg_43.90833628_1.45558831,1595-270-30.1145.png,30.1145
1732_yTdfuASx58JpDW0WsX1yLw_32.66029117_-79.93099912,1596-0-56.5651.png,56.5651
1732_yTdfuASx58JpDW0WsX1yLw_32.66029117_-79.93099912,1596-90-56.5651.png,56.5651
1732_yTdfuASx58JpDW0WsX1yLw_32.66029117_-79.93099912,1596-180-56.5651.png,56.5651
1732_yTdfuASx58JpDW0WsX1yLw_32.66029117_-79.93099912,1596-270-56.5651.png,56.5651
605_HbSfKrQYtGQvexOmBTAsxg_50.67440265_2.48494393,1597-0-48.1962.png,48.1962
605_HbSfKrQYtGQvexOmBTAsxg_50.67440265_2.48494393,1597-90-48.1962.png,48.1962
605_HbSfKrQYtGQvexOmBTAsxg_50.67440265_2.48494393,1597-180-48.1962.png,48.1962
605_HbSfKrQYtGQvexOmBTAsxg_50.67440265_2.48494393,1597-270-48.1962.png,48.1962
95_zD-NzaR7gE8dZRKDirE1Ag_-42.81934625_147.81003615,1598-0-59.0353.png,59.0353
95_zD-NzaR7gE8dZRKDirE1Ag_-42.81934625_147.81003615,1598-90-59.0353.png,59.0353
95_zD-NzaR7gE8dZRKDirE1Ag_-42.81934625_147.81003615,1598-180-59.0353.png,59.0353
95_zD-NzaR7gE8dZRKDirE1Ag_-42.81934625_147.81003615,1598-270-59.0353.png,59.0353
2225_VZnDCPux_E8dfU5iycRUYQ_10.63120980_77.50375874,1599-0-44.9811.png,44.9811
2225_VZnDCPux_E8dfU5iycRUYQ_10.63120980_77.50375874,1599-90-44.9811.png,44.9811
2225_VZnDCPux_E8dfU5iycRUYQ_10.63120980_77.50375874,1599-180-44.9811.png,44.9811
2225_VZnDCPux_E8dfU5iycRUYQ_10.63120980_77.50375874,1599-270-44.9811.png,44.9811
23_4HaX0vNfQ3J8KAGhgEoauA_47.69474523_-116.79045138,1600-0-47.2261.png,47.2261
23_4HaX0vNfQ3J8KAGhgEoauA_47.69474523_-116.79045138,1600-90-47.2261.png,47.2261
23_4HaX0vNfQ3J8KAGhgEoauA_47.69474523_-116.79045138,1600-180-47.2261.png,47.2261
23_4HaX0vNfQ3J8KAGhgEoauA_47.69474523_-116.79045138,1600-270-47.2261.png,47.2261
1440_f7Feq87NYHRXtfxKK0GqSA_16.11789656_121.85992025,1601-0-74.1204.png,74.1204
1440_f7Feq87NYHRXtfxKK0GqSA_16.11789656_121.85992025,1601-90-74.1204.png,74.1204
1440_f7Feq87NYHRXtfxKK0GqSA_16.11789656_121.85992025,1601-180-74.1204.png,74.1204
1440_f7Feq87NYHRXtfxKK0GqSA_16.11789656_121.85992025,1601-270-74.1204.png,74.1204
1195_Jo6t6eB9iX3jzdyIGep0iQ_42.09712378_-79.23654269,1602-0-50.8388.png,50.8388
1195_Jo6t6eB9iX3jzdyIGep0iQ_42.09712378_-79.23654269,1602-90-50.8388.png,50.8388
1195_Jo6t6eB9iX3jzdyIGep0iQ_42.09712378_-79.23654269,1602-180-50.8388.png,50.8388
1195_Jo6t6eB9iX3jzdyIGep0iQ_42.09712378_-79.23654269,1602-270-50.8388.png,50.8388
1257_k5RfRnYwqiUmHtEKelJMig_49.69543939_6.24566087,1603-0-27.8526.png,27.8526
1257_k5RfRnYwqiUmHtEKelJMig_49.69543939_6.24566087,1603-90-27.8526.png,27.8526
1257_k5RfRnYwqiUmHtEKelJMig_49.69543939_6.24566087,1603-180-27.8526.png,27.8526
1257_k5RfRnYwqiUmHtEKelJMig_49.69543939_6.24566087,1603-270-27.8526.png,27.8526
1053_7Hx_PwQ12Rh48Gun4LWNAA_56.59788690_10.10741301,1604-0-82.1782.png,82.1782
1053_7Hx_PwQ12Rh48Gun4LWNAA_56.59788690_10.10741301,1604-90-82.1782.png,82.1782
1053_7Hx_PwQ12Rh48Gun4LWNAA_56.59788690_10.10741301,1604-180-82.1782.png,82.1782
1053_7Hx_PwQ12Rh48Gun4LWNAA_56.59788690_10.10741301,1604-270-82.1782.png,82.1782
2056_ZqwwqkKd2xiP9tOjvarHCQ_24.19491448_75.00557127,1605-0-36.1035.png,36.1035
2056_ZqwwqkKd2xiP9tOjvarHCQ_24.19491448_75.00557127,1605-90-36.1035.png,36.1035
2056_ZqwwqkKd2xiP9tOjvarHCQ_24.19491448_75.00557127,1605-180-36.1035.png,36.1035
2056_ZqwwqkKd2xiP9tOjvarHCQ_24.19491448_75.00557127,1605-270-36.1035.png,36.1035
2792_jllgoD0MvxUU2uhwEgRWRQ_38.52460843_-98.53695790,1606-0-66.4191.png,66.4191
2792_jllgoD0MvxUU2uhwEgRWRQ_38.52460843_-98.53695790,1606-90-66.4191.png,66.4191
2792_jllgoD0MvxUU2uhwEgRWRQ_38.52460843_-98.53695790,1606-180-66.4191.png,66.4191
2792_jllgoD0MvxUU2uhwEgRWRQ_38.52460843_-98.53695790,1606-270-66.4191.png,66.4191
776_AcArutdApaac9LsSq1fq9g_63.30864532_10.16485544,1607-0-22.372.png,22.372
776_AcArutdApaac9LsSq1fq9g_63.30864532_10.16485544,1607-90-22.372.png,22.372
776_AcArutdApaac9LsSq1fq9g_63.30864532_10.16485544,1607-180-22.372.png,22.372
776_AcArutdApaac9LsSq1fq9g_63.30864532_10.16485544,1607-270-22.372.png,22.372
2879_f5kQKPGtknnPsoDIxU-9mA_45.39425181_-92.81705752,1608-0-34.5849.png,34.5849
2879_f5kQKPGtknnPsoDIxU-9mA_45.39425181_-92.81705752,1608-90-34.5849.png,34.5849
2879_f5kQKPGtknnPsoDIxU-9mA_45.39425181_-92.81705752,1608-180-34.5849.png,34.5849
2879_f5kQKPGtknnPsoDIxU-9mA_45.39425181_-92.81705752,1608-270-34.5849.png,34.5849
884_RVVpx9CKLq9AJJiNs8vt9Q_42.47838428_11.79089545,1609-0-36.0459.png,36.0459
884_RVVpx9CKLq9AJJiNs8vt9Q_42.47838428_11.79089545,1609-90-36.0459.png,36.0459
884_RVVpx9CKLq9AJJiNs8vt9Q_42.47838428_11.79089545,1609-180-36.0459.png,36.0459
884_RVVpx9CKLq9AJJiNs8vt9Q_42.47838428_11.79089545,1609-270-36.0459.png,36.0459
2663_ZKL2yimzFiZfC8iFSf12cg_45.85584065_-69.21740831,1610-0-47.0284.png,47.0284
2663_ZKL2yimzFiZfC8iFSf12cg_45.85584065_-69.21740831,1610-90-47.0284.png,47.0284
2663_ZKL2yimzFiZfC8iFSf12cg_45.85584065_-69.21740831,1610-180-47.0284.png,47.0284
2663_ZKL2yimzFiZfC8iFSf12cg_45.85584065_-69.21740831,1610-270-47.0284.png,47.0284
2353_axauylGcj3UZIWiq6sQdnQ_41.01660106_16.91715533,1611-0-20.3518.png,20.3518
2353_axauylGcj3UZIWiq6sQdnQ_41.01660106_16.91715533,1611-90-20.3518.png,20.3518
2353_axauylGcj3UZIWiq6sQdnQ_41.01660106_16.91715533,1611-180-20.3518.png,20.3518
2353_axauylGcj3UZIWiq6sQdnQ_41.01660106_16.91715533,1611-270-20.3518.png,20.3518
773_LtIH2sfPP-lsxp_v5rdkAg_1.34141537_103.96386463,1612-0-51.8763.png,51.8763
773_LtIH2sfPP-lsxp_v5rdkAg_1.34141537_103.96386463,1612-90-51.8763.png,51.8763
773_LtIH2sfPP-lsxp_v5rdkAg_1.34141537_103.96386463,1612-180-51.8763.png,51.8763
773_LtIH2sfPP-lsxp_v5rdkAg_1.34141537_103.96386463,1612-270-51.8763.png,51.8763
2789_2NdEq9gIRe7EvlW4ZBVUCA_42.45977861_-87.85043994,1613-0-53.7923.png,53.7923
2789_2NdEq9gIRe7EvlW4ZBVUCA_42.45977861_-87.85043994,1613-90-53.7923.png,53.7923
2789_2NdEq9gIRe7EvlW4ZBVUCA_42.45977861_-87.85043994,1613-180-53.7923.png,53.7923
2789_2NdEq9gIRe7EvlW4ZBVUCA_42.45977861_-87.85043994,1613-270-53.7923.png,53.7923
1078_q05-DCYLaMGCJcvBVWywdw_33.18316526_-93.63261687,1614-0-55.0011.png,55.0011
1078_q05-DCYLaMGCJcvBVWywdw_33.18316526_-93.63261687,1614-90-55.0011.png,55.0011
1078_q05-DCYLaMGCJcvBVWywdw_33.18316526_-93.63261687,1614-180-55.0011.png,55.0011
1078_q05-DCYLaMGCJcvBVWywdw_33.18316526_-93.63261687,1614-270-55.0011.png,55.0011
1174_4mSMQGSfICFd6q6FAdcJAA_33.25699390_131.35563989,1615-0-62.3402.png,62.3402
1174_4mSMQGSfICFd6q6FAdcJAA_33.25699390_131.35563989,1615-90-62.3402.png,62.3402
1174_4mSMQGSfICFd6q6FAdcJAA_33.25699390_131.35563989,1615-180-62.3402.png,62.3402
1174_4mSMQGSfICFd6q6FAdcJAA_33.25699390_131.35563989,1615-270-62.3402.png,62.3402
2319_zYGYU5jw83idJK7CnE60uw_32.73075504_-100.91212275,1616-0-27.0053.png,27.0053
2319_zYGYU5jw83idJK7CnE60uw_32.73075504_-100.91212275,1616-90-27.0053.png,27.0053
2319_zYGYU5jw83idJK7CnE60uw_32.73075504_-100.91212275,1616-180-27.0053.png,27.0053
2319_zYGYU5jw83idJK7CnE60uw_32.73075504_-100.91212275,1616-270-27.0053.png,27.0053
2677_cWnC55GKOSrFTptySAk3uA_52.31006910_-114.09947897,1617-0-17.4578.png,17.4578
2677_cWnC55GKOSrFTptySAk3uA_52.31006910_-114.09947897,1617-90-17.4578.png,17.4578
2677_cWnC55GKOSrFTptySAk3uA_52.31006910_-114.09947897,1617-180-17.4578.png,17.4578
2677_cWnC55GKOSrFTptySAk3uA_52.31006910_-114.09947897,1617-270-17.4578.png,17.4578
1428_PDbENFacnLVjrYHn2fw9mg_48.78342989_-87.09992171,1618-0-64.5642.png,64.5642
1428_PDbENFacnLVjrYHn2fw9mg_48.78342989_-87.09992171,1618-90-64.5642.png,64.5642
1428_PDbENFacnLVjrYHn2fw9mg_48.78342989_-87.09992171,1618-180-64.5642.png,64.5642
1428_PDbENFacnLVjrYHn2fw9mg_48.78342989_-87.09992171,1618-270-64.5642.png,64.5642
2666_B3HpLrBkVoSEYCyCiXw_Lw_29.06235969_79.53187081,1619-0-57.8145.png,57.8145
2666_B3HpLrBkVoSEYCyCiXw_Lw_29.06235969_79.53187081,1619-90-57.8145.png,57.8145
2666_B3HpLrBkVoSEYCyCiXw_Lw_29.06235969_79.53187081,1619-180-57.8145.png,57.8145
2666_B3HpLrBkVoSEYCyCiXw_Lw_29.06235969_79.53187081,1619-270-57.8145.png,57.8145
1797_4fXUA9pOCLm2JEVBp7mpiQ_35.18250141_-101.00860898,1620-0-38.7362.png,38.7362
1797_4fXUA9pOCLm2JEVBp7mpiQ_35.18250141_-101.00860898,1620-90-38.7362.png,38.7362
1797_4fXUA9pOCLm2JEVBp7mpiQ_35.18250141_-101.00860898,1620-180-38.7362.png,38.7362
1797_4fXUA9pOCLm2JEVBp7mpiQ_35.18250141_-101.00860898,1620-270-38.7362.png,38.7362
1143_qjxubQoyP0SYjKOskiWtgw_59.79401849_5.17619821,1621-0-38.2846.png,38.2846
1143_qjxubQoyP0SYjKOskiWtgw_59.79401849_5.17619821,1621-90-38.2846.png,38.2846
1143_qjxubQoyP0SYjKOskiWtgw_59.79401849_5.17619821,1621-180-38.2846.png,38.2846
1143_qjxubQoyP0SYjKOskiWtgw_59.79401849_5.17619821,1621-270-38.2846.png,38.2846
2743_Iq4Cx6vwhkVhKleIOY90Vw_51.63139731_-121.29993641,1622-0-66.7698.png,66.7698
2743_Iq4Cx6vwhkVhKleIOY90Vw_51.63139731_-121.29993641,1622-90-66.7698.png,66.7698
2743_Iq4Cx6vwhkVhKleIOY90Vw_51.63139731_-121.29993641,1622-180-66.7698.png,66.7698
2743_Iq4Cx6vwhkVhKleIOY90Vw_51.63139731_-121.29993641,1622-270-66.7698.png,66.7698
659_NVv524GBQvjjEFcsebR4-Q_49.98605797_10.67366344,1623-0-44.8121.png,44.8121
659_NVv524GBQvjjEFcsebR4-Q_49.98605797_10.67366344,1623-90-44.8121.png,44.8121
659_NVv524GBQvjjEFcsebR4-Q_49.98605797_10.67366344,1623-180-44.8121.png,44.8121
659_NVv524GBQvjjEFcsebR4-Q_49.98605797_10.67366344,1623-270-44.8121.png,44.8121
603_9lRHLPrJAwVdDdOPF1A0uA_36.44421727_-103.19035475,1624-0-23.8147.png,23.8147
603_9lRHLPrJAwVdDdOPF1A0uA_36.44421727_-103.19035475,1624-90-23.8147.png,23.8147
603_9lRHLPrJAwVdDdOPF1A0uA_36.44421727_-103.19035475,1624-180-23.8147.png,23.8147
603_9lRHLPrJAwVdDdOPF1A0uA_36.44421727_-103.19035475,1624-270-23.8147.png,23.8147
108_sU-HIfhd3bi0jtkPBOh1EQ_-33.95414230_136.24641018,1625-0-30.2935.png,30.2935
108_sU-HIfhd3bi0jtkPBOh1EQ_-33.95414230_136.24641018,1625-90-30.2935.png,30.2935
108_sU-HIfhd3bi0jtkPBOh1EQ_-33.95414230_136.24641018,1625-180-30.2935.png,30.2935
108_sU-HIfhd3bi0jtkPBOh1EQ_-33.95414230_136.24641018,1625-270-30.2935.png,30.2935
2065_BG0KwhKP8TA7V8Bn5ar6ww_33.85759280_-81.48100694,1626-0-52.3664.png,52.3664
2065_BG0KwhKP8TA7V8Bn5ar6ww_33.85759280_-81.48100694,1626-90-52.3664.png,52.3664
2065_BG0KwhKP8TA7V8Bn5ar6ww_33.85759280_-81.48100694,1626-180-52.3664.png,52.3664
2065_BG0KwhKP8TA7V8Bn5ar6ww_33.85759280_-81.48100694,1626-270-52.3664.png,52.3664
3176_oDWlHnGQRz8atSqFnQvskQ_-33.39630937_25.54701243,1627-0-36.7021.png,36.7021
3176_oDWlHnGQRz8atSqFnQvskQ_-33.39630937_25.54701243,1627-90-36.7021.png,36.7021
3176_oDWlHnGQRz8atSqFnQvskQ_-33.39630937_25.54701243,1627-180-36.7021.png,36.7021
3176_oDWlHnGQRz8atSqFnQvskQ_-33.39630937_25.54701243,1627-270-36.7021.png,36.7021
1161_eS-E3F2a9GKG2YX-E4Prmw_14.41521161_75.43938244,1628-0-50.603.png,50.603
1161_eS-E3F2a9GKG2YX-E4Prmw_14.41521161_75.43938244,1628-90-50.603.png,50.603
1161_eS-E3F2a9GKG2YX-E4Prmw_14.41521161_75.43938244,1628-180-50.603.png,50.603
1161_eS-E3F2a9GKG2YX-E4Prmw_14.41521161_75.43938244,1628-270-50.603.png,50.603
297_yW-VzTuk8lkQwYwvI_bl8g_35.11681970_129.11114344,1629-0-63.418.png,63.418
297_yW-VzTuk8lkQwYwvI_bl8g_35.11681970_129.11114344,1629-90-63.418.png,63.418
297_yW-VzTuk8lkQwYwvI_bl8g_35.11681970_129.11114344,1629-180-63.418.png,63.418
297_yW-VzTuk8lkQwYwvI_bl8g_35.11681970_129.11114344,1629-270-63.418.png,63.418
1549_jrqsbRyba0U7A3Z5V4o0LQ_47.21010265_2.06248666,1630-0-68.595.png,68.595
1549_jrqsbRyba0U7A3Z5V4o0LQ_47.21010265_2.06248666,1630-90-68.595.png,68.595
1549_jrqsbRyba0U7A3Z5V4o0LQ_47.21010265_2.06248666,1630-180-68.595.png,68.595
1549_jrqsbRyba0U7A3Z5V4o0LQ_47.21010265_2.06248666,1630-270-68.595.png,68.595
3193_qTY7NZ46IsAevCWOZfcSOA_53.29473057_-6.13573154,1631-0-59.5116.png,59.5116
3193_qTY7NZ46IsAevCWOZfcSOA_53.29473057_-6.13573154,1631-90-59.5116.png,59.5116
3193_qTY7NZ46IsAevCWOZfcSOA_53.29473057_-6.13573154,1631-180-59.5116.png,59.5116
3193_qTY7NZ46IsAevCWOZfcSOA_53.29473057_-6.13573154,1631-270-59.5116.png,59.5116
1413_Ywopckl4r-SupoOv1M0fag_35.24156013_-91.32087670,1632-0-41.6156.png,41.6156
1413_Ywopckl4r-SupoOv1M0fag_35.24156013_-91.32087670,1632-90-41.6156.png,41.6156
1413_Ywopckl4r-SupoOv1M0fag_35.24156013_-91.32087670,1632-180-41.6156.png,41.6156
1413_Ywopckl4r-SupoOv1M0fag_35.24156013_-91.32087670,1632-270-41.6156.png,41.6156
536_IqNwCm_Yh0qtHOTnaJn7Zw_17.35581251_74.43575868,1633-0-82.3022.png,82.3022
536_IqNwCm_Yh0qtHOTnaJn7Zw_17.35581251_74.43575868,1633-90-82.3022.png,82.3022
536_IqNwCm_Yh0qtHOTnaJn7Zw_17.35581251_74.43575868,1633-180-82.3022.png,82.3022
536_IqNwCm_Yh0qtHOTnaJn7Zw_17.35581251_74.43575868,1633-270-82.3022.png,82.3022
2327_wXiMo-zBNHEydQ_KCzFLVg_11.74349152_11.96265443,1634-0-22.8207.png,22.8207
2327_wXiMo-zBNHEydQ_KCzFLVg_11.74349152_11.96265443,1634-90-22.8207.png,22.8207
2327_wXiMo-zBNHEydQ_KCzFLVg_11.74349152_11.96265443,1634-180-22.8207.png,22.8207
2327_wXiMo-zBNHEydQ_KCzFLVg_11.74349152_11.96265443,1634-270-22.8207.png,22.8207
1309_Bk3tamzic08L2mlws6zkMQ_27.08116491_74.57008456,1635-0-43.3135.png,43.3135
1309_Bk3tamzic08L2mlws6zkMQ_27.08116491_74.57008456,1635-90-43.3135.png,43.3135
1309_Bk3tamzic08L2mlws6zkMQ_27.08116491_74.57008456,1635-180-43.3135.png,43.3135
1309_Bk3tamzic08L2mlws6zkMQ_27.08116491_74.57008456,1635-270-43.3135.png,43.3135
2143_ONYGjg7TiA79RI1dn3-GzA_54.85409118_34.75336285,1636-0-22.8518.png,22.8518
2143_ONYGjg7TiA79RI1dn3-GzA_54.85409118_34.75336285,1636-90-22.8518.png,22.8518
2143_ONYGjg7TiA79RI1dn3-GzA_54.85409118_34.75336285,1636-180-22.8518.png,22.8518
2143_ONYGjg7TiA79RI1dn3-GzA_54.85409118_34.75336285,1636-270-22.8518.png,22.8518
2951_00MreGJunlyuSftXhki11g_-6.89716433_106.14188227,1637-0-60.9042.png,60.9042
2951_00MreGJunlyuSftXhki11g_-6.89716433_106.14188227,1637-90-60.9042.png,60.9042
2951_00MreGJunlyuSftXhki11g_-6.89716433_106.14188227,1637-180-60.9042.png,60.9042
2951_00MreGJunlyuSftXhki11g_-6.89716433_106.14188227,1637-270-60.9042.png,60.9042
1362_asGmIwuEtwaJD71lHwh7gg_-29.11949965_-59.64613916,1638-0-23.4763.png,23.4763
1362_asGmIwuEtwaJD71lHwh7gg_-29.11949965_-59.64613916,1638-90-23.4763.png,23.4763
1362_asGmIwuEtwaJD71lHwh7gg_-29.11949965_-59.64613916,1638-180-23.4763.png,23.4763
1362_asGmIwuEtwaJD71lHwh7gg_-29.11949965_-59.64613916,1638-270-23.4763.png,23.4763
2847_ljMs3U-TBUE7iaeI_XhE1g_34.28328679_-86.59525028,1639-0-51.6142.png,51.6142
2847_ljMs3U-TBUE7iaeI_XhE1g_34.28328679_-86.59525028,1639-90-51.6142.png,51.6142
2847_ljMs3U-TBUE7iaeI_XhE1g_34.28328679_-86.59525028,1639-180-51.6142.png,51.6142
2847_ljMs3U-TBUE7iaeI_XhE1g_34.28328679_-86.59525028,1639-270-51.6142.png,51.6142
1658_ctJdMuMM5plz3MCELcd7Gg_37.35570339_138.51746540,1640-0-34.3704.png,34.3704
1658_ctJdMuMM5plz3MCELcd7Gg_37.35570339_138.51746540,1640-90-34.3704.png,34.3704
1658_ctJdMuMM5plz3MCELcd7Gg_37.35570339_138.51746540,1640-180-34.3704.png,34.3704
1658_ctJdMuMM5plz3MCELcd7Gg_37.35570339_138.51746540,1640-270-34.3704.png,34.3704
2599_a0x0gh5W417xzPs0oHsG4w_-26.08602238_27.79236080,1641-0-76.7846.png,76.7846
2599_a0x0gh5W417xzPs0oHsG4w_-26.08602238_27.79236080,1641-90-76.7846.png,76.7846
2599_a0x0gh5W417xzPs0oHsG4w_-26.08602238_27.79236080,1641-180-76.7846.png,76.7846
2599_a0x0gh5W417xzPs0oHsG4w_-26.08602238_27.79236080,1641-270-76.7846.png,76.7846
1579_mPziNZ9zkmh8uI9cQSXhtQ_31.22681430_-86.69140337,1642-0-50.4804.png,50.4804
1579_mPziNZ9zkmh8uI9cQSXhtQ_31.22681430_-86.69140337,1642-90-50.4804.png,50.4804
1579_mPziNZ9zkmh8uI9cQSXhtQ_31.22681430_-86.69140337,1642-180-50.4804.png,50.4804
1579_mPziNZ9zkmh8uI9cQSXhtQ_31.22681430_-86.69140337,1642-270-50.4804.png,50.4804
1333_5BZS0yx8oQAQAFyZdI2nxg_25.06848822_90.50263091,1643-0-27.3178.png,27.3178
1333_5BZS0yx8oQAQAFyZdI2nxg_25.06848822_90.50263091,1643-90-27.3178.png,27.3178
1333_5BZS0yx8oQAQAFyZdI2nxg_25.06848822_90.50263091,1643-180-27.3178.png,27.3178
1333_5BZS0yx8oQAQAFyZdI2nxg_25.06848822_90.50263091,1643-270-27.3178.png,27.3178
3395_Uaw_Z7FRMt5vdjcsgt5gbA_32.32851519_-93.28019652,1644-0-15.9294.png,15.9294
3395_Uaw_Z7FRMt5vdjcsgt5gbA_32.32851519_-93.28019652,1644-90-15.9294.png,15.9294
3395_Uaw_Z7FRMt5vdjcsgt5gbA_32.32851519_-93.28019652,1644-180-15.9294.png,15.9294
3395_Uaw_Z7FRMt5vdjcsgt5gbA_32.32851519_-93.28019652,1644-270-15.9294.png,15.9294
1447_dmrL-6AgXUD_PKVSgomqFA_40.55056063_14.21691731,1645-0-28.5814.png,28.5814
1447_dmrL-6AgXUD_PKVSgomqFA_40.55056063_14.21691731,1645-90-28.5814.png,28.5814
1447_dmrL-6AgXUD_PKVSgomqFA_40.55056063_14.21691731,1645-180-28.5814.png,28.5814
1447_dmrL-6AgXUD_PKVSgomqFA_40.55056063_14.21691731,1645-270-28.5814.png,28.5814
843_VFR9LTubj9efWCSUdRnN8w_19.19362698_84.24431845,1646-0-39.0826.png,39.0826
843_VFR9LTubj9efWCSUdRnN8w_19.19362698_84.24431845,1646-90-39.0826.png,39.0826
843_VFR9LTubj9efWCSUdRnN8w_19.19362698_84.24431845,1646-180-39.0826.png,39.0826
843_VFR9LTubj9efWCSUdRnN8w_19.19362698_84.24431845,1646-270-39.0826.png,39.0826
350_X4W2jXQLyglpro2hvJfGuA_39.25778814_-81.61348003,1647-0-32.9999.png,32.9999
350_X4W2jXQLyglpro2hvJfGuA_39.25778814_-81.61348003,1647-90-32.9999.png,32.9999
350_X4W2jXQLyglpro2hvJfGuA_39.25778814_-81.61348003,1647-180-32.9999.png,32.9999
350_X4W2jXQLyglpro2hvJfGuA_39.25778814_-81.61348003,1647-270-32.9999.png,32.9999
1667_Am1h48dAPk49uTDOuzTrmg_50.40574529_4.20647913,1648-0-62.4783.png,62.4783
1667_Am1h48dAPk49uTDOuzTrmg_50.40574529_4.20647913,1648-90-62.4783.png,62.4783
1667_Am1h48dAPk49uTDOuzTrmg_50.40574529_4.20647913,1648-180-62.4783.png,62.4783
1667_Am1h48dAPk49uTDOuzTrmg_50.40574529_4.20647913,1648-270-62.4783.png,62.4783
529_w0JJEhp2IAzmXAShMeVylw_69.69219795_18.61887453,1649-0-24.6693.png,24.6693
529_w0JJEhp2IAzmXAShMeVylw_69.69219795_18.61887453,1649-90-24.6693.png,24.6693
529_w0JJEhp2IAzmXAShMeVylw_69.69219795_18.61887453,1649-180-24.6693.png,24.6693
529_w0JJEhp2IAzmXAShMeVylw_69.69219795_18.61887453,1649-270-24.6693.png,24.6693
1878_dqOwLM53j8Qpbj_zJHgY2A_61.18312806_6.85161207,1650-0-71.3541.png,71.3541
1878_dqOwLM53j8Qpbj_zJHgY2A_61.18312806_6.85161207,1650-90-71.3541.png,71.3541
1878_dqOwLM53j8Qpbj_zJHgY2A_61.18312806_6.85161207,1650-180-71.3541.png,71.3541
1878_dqOwLM53j8Qpbj_zJHgY2A_61.18312806_6.85161207,1650-270-71.3541.png,71.3541
1738_HMQt1nhli3h53a9UP2MRdw_23.48609724_120.28512233,1651-0-44.9513.png,44.9513
1738_HMQt1nhli3h53a9UP2MRdw_23.48609724_120.28512233,1651-90-44.9513.png,44.9513
1738_HMQt1nhli3h53a9UP2MRdw_23.48609724_120.28512233,1651-180-44.9513.png,44.9513
1738_HMQt1nhli3h53a9UP2MRdw_23.48609724_120.28512233,1651-270-44.9513.png,44.9513
1206_j0bmjfkO4FKOZHl-UiplZA_57.76819297_-5.59918709,1652-0-49.9753.png,49.9753
1206_j0bmjfkO4FKOZHl-UiplZA_57.76819297_-5.59918709,1652-90-49.9753.png,49.9753
1206_j0bmjfkO4FKOZHl-UiplZA_57.76819297_-5.59918709,1652-180-49.9753.png,49.9753
1206_j0bmjfkO4FKOZHl-UiplZA_57.76819297_-5.59918709,1652-270-49.9753.png,49.9753
2323_ETTqe8EM50gEMWQaKMVmmQ_42.14251060_-7.06335256,1653-0-69.143.png,69.143
2323_ETTqe8EM50gEMWQaKMVmmQ_42.14251060_-7.06335256,1653-90-69.143.png,69.143
2323_ETTqe8EM50gEMWQaKMVmmQ_42.14251060_-7.06335256,1653-180-69.143.png,69.143
2323_ETTqe8EM50gEMWQaKMVmmQ_42.14251060_-7.06335256,1653-270-69.143.png,69.143
1307_7QLTI0z4X6ZR8A9RH9_CmQ_35.29806643_-99.87664074,1654-0-40.6614.png,40.6614
1307_7QLTI0z4X6ZR8A9RH9_CmQ_35.29806643_-99.87664074,1654-90-40.6614.png,40.6614
1307_7QLTI0z4X6ZR8A9RH9_CmQ_35.29806643_-99.87664074,1654-180-40.6614.png,40.6614
1307_7QLTI0z4X6ZR8A9RH9_CmQ_35.29806643_-99.87664074,1654-270-40.6614.png,40.6614
869_hv4BWp_8uuFPap_scr1QpA_-26.40085194_27.37764751,1655-0-44.657.png,44.657
869_hv4BWp_8uuFPap_scr1QpA_-26.40085194_27.37764751,1655-90-44.657.png,44.657
869_hv4BWp_8uuFPap_scr1QpA_-26.40085194_27.37764751,1655-180-44.657.png,44.657
869_hv4BWp_8uuFPap_scr1QpA_-26.40085194_27.37764751,1655-270-44.657.png,44.657
874_CD__SafXPgO77_SJw61CcA_31.38582606_34.72186224,1656-0-70.4753.png,70.4753
874_CD__SafXPgO77_SJw61CcA_31.38582606_34.72186224,1656-90-70.4753.png,70.4753
874_CD__SafXPgO77_SJw61CcA_31.38582606_34.72186224,1656-180-70.4753.png,70.4753
874_CD__SafXPgO77_SJw61CcA_31.38582606_34.72186224,1656-270-70.4753.png,70.4753
2078_18GaRc1rf3PS2_zRcFy_Gg_30.62811406_-83.57327130,1657-0-38.1898.png,38.1898
2078_18GaRc1rf3PS2_zRcFy_Gg_30.62811406_-83.57327130,1657-90-38.1898.png,38.1898
2078_18GaRc1rf3PS2_zRcFy_Gg_30.62811406_-83.57327130,1657-180-38.1898.png,38.1898
2078_18GaRc1rf3PS2_zRcFy_Gg_30.62811406_-83.57327130,1657-270-38.1898.png,38.1898
240_PdqsU_7BMqOGBEJMASIlQQ_-27.68858476_153.01974852,1658-0-70.0356.png,70.0356
240_PdqsU_7BMqOGBEJMASIlQQ_-27.68858476_153.01974852,1658-90-70.0356.png,70.0356
240_PdqsU_7BMqOGBEJMASIlQQ_-27.68858476_153.01974852,1658-180-70.0356.png,70.0356
240_PdqsU_7BMqOGBEJMASIlQQ_-27.68858476_153.01974852,1658-270-70.0356.png,70.0356
3153_jdl3KBjsZbJIT1eWCC3pZQ_36.59367798_-94.76930870,1659-0-25.2549.png,25.2549
3153_jdl3KBjsZbJIT1eWCC3pZQ_36.59367798_-94.76930870,1659-90-25.2549.png,25.2549
3153_jdl3KBjsZbJIT1eWCC3pZQ_36.59367798_-94.76930870,1659-180-25.2549.png,25.2549
3153_jdl3KBjsZbJIT1eWCC3pZQ_36.59367798_-94.76930870,1659-270-25.2549.png,25.2549
886_sNCIu2IQgVMfz4IoRduDBA_-33.36913912_19.31109689,1660-0-41.7622.png,41.7622
886_sNCIu2IQgVMfz4IoRduDBA_-33.36913912_19.31109689,1660-90-41.7622.png,41.7622
886_sNCIu2IQgVMfz4IoRduDBA_-33.36913912_19.31109689,1660-180-41.7622.png,41.7622
886_sNCIu2IQgVMfz4IoRduDBA_-33.36913912_19.31109689,1660-270-41.7622.png,41.7622
340_dPbCUA9JVLhxNAPAGuc0iw_34.37627852_136.47773991,1661-0-25.4144.png,25.4144
340_dPbCUA9JVLhxNAPAGuc0iw_34.37627852_136.47773991,1661-90-25.4144.png,25.4144
340_dPbCUA9JVLhxNAPAGuc0iw_34.37627852_136.47773991,1661-180-25.4144.png,25.4144
340_dPbCUA9JVLhxNAPAGuc0iw_34.37627852_136.47773991,1661-270-25.4144.png,25.4144
92_uLCSvISpRrhRnC8kqjBtUg_37.13106736_-82.83058426,1662-0-47.2348.png,47.2348
92_uLCSvISpRrhRnC8kqjBtUg_37.13106736_-82.83058426,1662-90-47.2348.png,47.2348
92_uLCSvISpRrhRnC8kqjBtUg_37.13106736_-82.83058426,1662-180-47.2348.png,47.2348
92_uLCSvISpRrhRnC8kqjBtUg_37.13106736_-82.83058426,1662-270-47.2348.png,47.2348
3441_C6UC9czokxa1zNEhNTTHJA_46.09769985_-70.64940504,1663-0-48.4343.png,48.4343
3441_C6UC9czokxa1zNEhNTTHJA_46.09769985_-70.64940504,1663-90-48.4343.png,48.4343
3441_C6UC9czokxa1zNEhNTTHJA_46.09769985_-70.64940504,1663-180-48.4343.png,48.4343
3441_C6UC9czokxa1zNEhNTTHJA_46.09769985_-70.64940504,1663-270-48.4343.png,48.4343
530_RiaJNhDNPG2KNQuO8mKRAw_34.74699772_-96.70544787,1664-0-64.508.png,64.508
530_RiaJNhDNPG2KNQuO8mKRAw_34.74699772_-96.70544787,1664-90-64.508.png,64.508
530_RiaJNhDNPG2KNQuO8mKRAw_34.74699772_-96.70544787,1664-180-64.508.png,64.508
530_RiaJNhDNPG2KNQuO8mKRAw_34.74699772_-96.70544787,1664-270-64.508.png,64.508
1822_H9-ssyP96a9jNq4MO7V22w_41.83534663_12.88904726,1665-0-49.5387.png,49.5387
1822_H9-ssyP96a9jNq4MO7V22w_41.83534663_12.88904726,1665-90-49.5387.png,49.5387
1822_H9-ssyP96a9jNq4MO7V22w_41.83534663_12.88904726,1665-180-49.5387.png,49.5387
1822_H9-ssyP96a9jNq4MO7V22w_41.83534663_12.88904726,1665-270-49.5387.png,49.5387
902_Yqu9W-VFsGJ-FuNxv4KA-A_-34.51720348_138.60004143,1666-0-45.9052.png,45.9052
902_Yqu9W-VFsGJ-FuNxv4KA-A_-34.51720348_138.60004143,1666-90-45.9052.png,45.9052
902_Yqu9W-VFsGJ-FuNxv4KA-A_-34.51720348_138.60004143,1666-180-45.9052.png,45.9052
902_Yqu9W-VFsGJ-FuNxv4KA-A_-34.51720348_138.60004143,1666-270-45.9052.png,45.9052
867_-P3oRixrz-xgCi53FLBt4w_42.24555755_18.90480901,1667-0-68.4613.png,68.4613
867_-P3oRixrz-xgCi53FLBt4w_42.24555755_18.90480901,1667-90-68.4613.png,68.4613
867_-P3oRixrz-xgCi53FLBt4w_42.24555755_18.90480901,1667-180-68.4613.png,68.4613
867_-P3oRixrz-xgCi53FLBt4w_42.24555755_18.90480901,1667-270-68.4613.png,68.4613
955_jbiz0dmr80jbaMXYwElldg_21.35655269_-97.75971862,1668-0-20.417.png,20.417
955_jbiz0dmr80jbaMXYwElldg_21.35655269_-97.75971862,1668-90-20.417.png,20.417
955_jbiz0dmr80jbaMXYwElldg_21.35655269_-97.75971862,1668-180-20.417.png,20.417
955_jbiz0dmr80jbaMXYwElldg_21.35655269_-97.75971862,1668-270-20.417.png,20.417
246_MmsEiQr3B38-zNwrquozKQ_44.00431962_12.65826399,1669-0-63.9535.png,63.9535
246_MmsEiQr3B38-zNwrquozKQ_44.00431962_12.65826399,1669-90-63.9535.png,63.9535
246_MmsEiQr3B38-zNwrquozKQ_44.00431962_12.65826399,1669-180-63.9535.png,63.9535
246_MmsEiQr3B38-zNwrquozKQ_44.00431962_12.65826399,1669-270-63.9535.png,63.9535
405_7odwF2Yqebuu9hsYDH15gQ_-38.36968361_146.69800389,1670-0-55.3473.png,55.3473
405_7odwF2Yqebuu9hsYDH15gQ_-38.36968361_146.69800389,1670-90-55.3473.png,55.3473
405_7odwF2Yqebuu9hsYDH15gQ_-38.36968361_146.69800389,1670-180-55.3473.png,55.3473
405_7odwF2Yqebuu9hsYDH15gQ_-38.36968361_146.69800389,1670-270-55.3473.png,55.3473
1213_5-lh0MH-vbo6vb8bumSK_g_40.24301547_-109.01040402,1671-0-62.9101.png,62.9101
1213_5-lh0MH-vbo6vb8bumSK_g_40.24301547_-109.01040402,1671-90-62.9101.png,62.9101
1213_5-lh0MH-vbo6vb8bumSK_g_40.24301547_-109.01040402,1671-180-62.9101.png,62.9101
1213_5-lh0MH-vbo6vb8bumSK_g_40.24301547_-109.01040402,1671-270-62.9101.png,62.9101
1281_ZMhfgefypQuc1xBR68eNRQ_52.23442650_43.96169785,1672-0-36.2992.png,36.2992
1281_ZMhfgefypQuc1xBR68eNRQ_52.23442650_43.96169785,1672-90-36.2992.png,36.2992
1281_ZMhfgefypQuc1xBR68eNRQ_52.23442650_43.96169785,1672-180-36.2992.png,36.2992
1281_ZMhfgefypQuc1xBR68eNRQ_52.23442650_43.96169785,1672-270-36.2992.png,36.2992
418_iJ1atiA3-FMccFaT9uwcrQ_45.93325543_8.56776310,1673-0-21.8886.png,21.8886
418_iJ1atiA3-FMccFaT9uwcrQ_45.93325543_8.56776310,1673-90-21.8886.png,21.8886
418_iJ1atiA3-FMccFaT9uwcrQ_45.93325543_8.56776310,1673-180-21.8886.png,21.8886
418_iJ1atiA3-FMccFaT9uwcrQ_45.93325543_8.56776310,1673-270-21.8886.png,21.8886
1773_Ej5LzQxXvVIjUGEP7fTlUQ_-39.77868919_176.74025694,1674-0-79.3753.png,79.3753
1773_Ej5LzQxXvVIjUGEP7fTlUQ_-39.77868919_176.74025694,1674-90-79.3753.png,79.3753
1773_Ej5LzQxXvVIjUGEP7fTlUQ_-39.77868919_176.74025694,1674-180-79.3753.png,79.3753
1773_Ej5LzQxXvVIjUGEP7fTlUQ_-39.77868919_176.74025694,1674-270-79.3753.png,79.3753
620_mTBr6x5XOfTOKkf0CG89sQ_24.15285496_71.41568151,1675-0-29.1886.png,29.1886
620_mTBr6x5XOfTOKkf0CG89sQ_24.15285496_71.41568151,1675-90-29.1886.png,29.1886
620_mTBr6x5XOfTOKkf0CG89sQ_24.15285496_71.41568151,1675-180-29.1886.png,29.1886
620_mTBr6x5XOfTOKkf0CG89sQ_24.15285496_71.41568151,1675-270-29.1886.png,29.1886
478_Vse0ILp_02YiTKKd_fNffQ_24.02332825_120.93852820,1676-0-18.7443.png,18.7443
478_Vse0ILp_02YiTKKd_fNffQ_24.02332825_120.93852820,1676-90-18.7443.png,18.7443
478_Vse0ILp_02YiTKKd_fNffQ_24.02332825_120.93852820,1676-180-18.7443.png,18.7443
478_Vse0ILp_02YiTKKd_fNffQ_24.02332825_120.93852820,1676-270-18.7443.png,18.7443
415_5puGP18aKGpR1BZl_0OZiQ_62.46299870_6.84918287,1677-0-18.4104.png,18.4104
415_5puGP18aKGpR1BZl_0OZiQ_62.46299870_6.84918287,1677-90-18.4104.png,18.4104
415_5puGP18aKGpR1BZl_0OZiQ_62.46299870_6.84918287,1677-180-18.4104.png,18.4104
415_5puGP18aKGpR1BZl_0OZiQ_62.46299870_6.84918287,1677-270-18.4104.png,18.4104
719_Nd_6cwZyyh1n_qSP-Gn8Gg_17.59709940_80.00240862,1678-0-54.6972.png,54.6972
719_Nd_6cwZyyh1n_qSP-Gn8Gg_17.59709940_80.00240862,1678-90-54.6972.png,54.6972
719_Nd_6cwZyyh1n_qSP-Gn8Gg_17.59709940_80.00240862,1678-180-54.6972.png,54.6972
719_Nd_6cwZyyh1n_qSP-Gn8Gg_17.59709940_80.00240862,1678-270-54.6972.png,54.6972
2551_GJ_tnrcVxLptItKX27TcOA_58.37897784_12.29833295,1679-0-29.6296.png,29.6296
2551_GJ_tnrcVxLptItKX27TcOA_58.37897784_12.29833295,1679-90-29.6296.png,29.6296
2551_GJ_tnrcVxLptItKX27TcOA_58.37897784_12.29833295,1679-180-29.6296.png,29.6296
2551_GJ_tnrcVxLptItKX27TcOA_58.37897784_12.29833295,1679-270-29.6296.png,29.6296
298_3EuvZZCkPtYk9pANGWyWQg_21.27644689_75.35308107,1680-0-77.3658.png,77.3658
298_3EuvZZCkPtYk9pANGWyWQg_21.27644689_75.35308107,1680-90-77.3658.png,77.3658
298_3EuvZZCkPtYk9pANGWyWQg_21.27644689_75.35308107,1680-180-77.3658.png,77.3658
298_3EuvZZCkPtYk9pANGWyWQg_21.27644689_75.35308107,1680-270-77.3658.png,77.3658
597_VOzsI41kjy5GEnrkeGlYSQ_44.82743933_-94.27494944,1681-0-72.6803.png,72.6803
597_VOzsI41kjy5GEnrkeGlYSQ_44.82743933_-94.27494944,1681-90-72.6803.png,72.6803
597_VOzsI41kjy5GEnrkeGlYSQ_44.82743933_-94.27494944,1681-180-72.6803.png,72.6803
597_VOzsI41kjy5GEnrkeGlYSQ_44.82743933_-94.27494944,1681-270-72.6803.png,72.6803
894_-xxQ87wTxQ3qVU4uH1RIbQ_37.90839968_-83.59944158,1682-0-63.9424.png,63.9424
894_-xxQ87wTxQ3qVU4uH1RIbQ_37.90839968_-83.59944158,1682-90-63.9424.png,63.9424
894_-xxQ87wTxQ3qVU4uH1RIbQ_37.90839968_-83.59944158,1682-180-63.9424.png,63.9424
894_-xxQ87wTxQ3qVU4uH1RIbQ_37.90839968_-83.59944158,1682-270-63.9424.png,63.9424
460_jnm-KagcYoav8e0MSDMoFQ_45.62225977_-107.46578588,1683-0-37.0458.png,37.0458
460_jnm-KagcYoav8e0MSDMoFQ_45.62225977_-107.46578588,1683-90-37.0458.png,37.0458
460_jnm-KagcYoav8e0MSDMoFQ_45.62225977_-107.46578588,1683-180-37.0458.png,37.0458
460_jnm-KagcYoav8e0MSDMoFQ_45.62225977_-107.46578588,1683-270-37.0458.png,37.0458
648_lM22cnPCil4AuaEHt0STTg_35.13051495_-82.79209117,1684-0-69.387.png,69.387
648_lM22cnPCil4AuaEHt0STTg_35.13051495_-82.79209117,1684-90-69.387.png,69.387
648_lM22cnPCil4AuaEHt0STTg_35.13051495_-82.79209117,1684-180-69.387.png,69.387
648_lM22cnPCil4AuaEHt0STTg_35.13051495_-82.79209117,1684-270-69.387.png,69.387
2133_gcGF_B3GBkXtVuLKoPUa-w_38.26900441_22.02113538,1685-0-37.8139.png,37.8139
2133_gcGF_B3GBkXtVuLKoPUa-w_38.26900441_22.02113538,1685-90-37.8139.png,37.8139
2133_gcGF_B3GBkXtVuLKoPUa-w_38.26900441_22.02113538,1685-180-37.8139.png,37.8139
2133_gcGF_B3GBkXtVuLKoPUa-w_38.26900441_22.02113538,1685-270-37.8139.png,37.8139
3225_L9E84HNABLxqZCDMoDiKLg_54.31676974_-6.06656965,1686-0-15.1746.png,15.1746
3225_L9E84HNABLxqZCDMoDiKLg_54.31676974_-6.06656965,1686-90-15.1746.png,15.1746
3225_L9E84HNABLxqZCDMoDiKLg_54.31676974_-6.06656965,1686-180-15.1746.png,15.1746
3225_L9E84HNABLxqZCDMoDiKLg_54.31676974_-6.06656965,1686-270-15.1746.png,15.1746
1350_H3XvEOjzsIwHQ2BRYyul1g_43.73248085_7.41792279,1687-0-22.573.png,22.573
1350_H3XvEOjzsIwHQ2BRYyul1g_43.73248085_7.41792279,1687-90-22.573.png,22.573
1350_H3XvEOjzsIwHQ2BRYyul1g_43.73248085_7.41792279,1687-180-22.573.png,22.573
1350_H3XvEOjzsIwHQ2BRYyul1g_43.73248085_7.41792279,1687-270-22.573.png,22.573
3194_aG4VYVzpneVeQcDiRro_ug_49.12652429_-1.44142128,1688-0-41.0502.png,41.0502
3194_aG4VYVzpneVeQcDiRro_ug_49.12652429_-1.44142128,1688-90-41.0502.png,41.0502
3194_aG4VYVzpneVeQcDiRro_ug_49.12652429_-1.44142128,1688-180-41.0502.png,41.0502
3194_aG4VYVzpneVeQcDiRro_ug_49.12652429_-1.44142128,1688-270-41.0502.png,41.0502
3073_nnnymrLZrSqUMavkmI6sZQ_42.58737591_-120.18196470,1689-0-70.8251.png,70.8251
3073_nnnymrLZrSqUMavkmI6sZQ_42.58737591_-120.18196470,1689-90-70.8251.png,70.8251
3073_nnnymrLZrSqUMavkmI6sZQ_42.58737591_-120.18196470,1689-180-70.8251.png,70.8251
3073_nnnymrLZrSqUMavkmI6sZQ_42.58737591_-120.18196470,1689-270-70.8251.png,70.8251
62_hWyyEEhZgDHr4xI80kcStw_-24.56625265_-51.33285421,1690-0-62.2204.png,62.2204
62_hWyyEEhZgDHr4xI80kcStw_-24.56625265_-51.33285421,1690-90-62.2204.png,62.2204
62_hWyyEEhZgDHr4xI80kcStw_-24.56625265_-51.33285421,1690-180-62.2204.png,62.2204
62_hWyyEEhZgDHr4xI80kcStw_-24.56625265_-51.33285421,1690-270-62.2204.png,62.2204
3120_B4sPfGFX0JvXFlxkNA3-Dw_43.17191826_-80.24771350,1691-0-19.2549.png,19.2549
3120_B4sPfGFX0JvXFlxkNA3-Dw_43.17191826_-80.24771350,1691-90-19.2549.png,19.2549
3120_B4sPfGFX0JvXFlxkNA3-Dw_43.17191826_-80.24771350,1691-180-19.2549.png,19.2549
3120_B4sPfGFX0JvXFlxkNA3-Dw_43.17191826_-80.24771350,1691-270-19.2549.png,19.2549
3042_Wp-8HZXo72XF34wEoEuaZA_60.91701534_14.60051150,1692-0-19.2353.png,19.2353
3042_Wp-8HZXo72XF34wEoEuaZA_60.91701534_14.60051150,1692-90-19.2353.png,19.2353
3042_Wp-8HZXo72XF34wEoEuaZA_60.91701534_14.60051150,1692-180-19.2353.png,19.2353
3042_Wp-8HZXo72XF34wEoEuaZA_60.91701534_14.60051150,1692-270-19.2353.png,19.2353
2582_YDxpr6-guTIpxWwT1GRE1Q_40.97000010_-8.55701997,1693-0-60.9175.png,60.9175
2582_YDxpr6-guTIpxWwT1GRE1Q_40.97000010_-8.55701997,1693-90-60.9175.png,60.9175
2582_YDxpr6-guTIpxWwT1GRE1Q_40.97000010_-8.55701997,1693-180-60.9175.png,60.9175
2582_YDxpr6-guTIpxWwT1GRE1Q_40.97000010_-8.55701997,1693-270-60.9175.png,60.9175
1289_TIgNlO3JWbM5Zh6VI9_Ugg_41.30672911_-91.71316779,1694-0-15.6465.png,15.6465
1289_TIgNlO3JWbM5Zh6VI9_Ugg_41.30672911_-91.71316779,1694-90-15.6465.png,15.6465
1289_TIgNlO3JWbM5Zh6VI9_Ugg_41.30672911_-91.71316779,1694-180-15.6465.png,15.6465
1289_TIgNlO3JWbM5Zh6VI9_Ugg_41.30672911_-91.71316779,1694-270-15.6465.png,15.6465
768_IREHzNn5T4mpFAvgqb-04Q_45.71520047_-0.24613749,1695-0-75.611.png,75.611
768_IREHzNn5T4mpFAvgqb-04Q_45.71520047_-0.24613749,1695-90-75.611.png,75.611
768_IREHzNn5T4mpFAvgqb-04Q_45.71520047_-0.24613749,1695-180-75.611.png,75.611
768_IREHzNn5T4mpFAvgqb-04Q_45.71520047_-0.24613749,1695-270-75.611.png,75.611
1843_Z4XnieqsMupAlKC0AdVSPA_54.18506015_15.55411901,1696-0-60.0828.png,60.0828
1843_Z4XnieqsMupAlKC0AdVSPA_54.18506015_15.55411901,1696-90-60.0828.png,60.0828
1843_Z4XnieqsMupAlKC0AdVSPA_54.18506015_15.55411901,1696-180-60.0828.png,60.0828
1843_Z4XnieqsMupAlKC0AdVSPA_54.18506015_15.55411901,1696-270-60.0828.png,60.0828
680_TN6gSpEHgL-wAgnBuswMRQ_50.61279774_4.03640915,1697-0-25.0947.png,25.0947
680_TN6gSpEHgL-wAgnBuswMRQ_50.61279774_4.03640915,1697-90-25.0947.png,25.0947
680_TN6gSpEHgL-wAgnBuswMRQ_50.61279774_4.03640915,1697-180-25.0947.png,25.0947
680_TN6gSpEHgL-wAgnBuswMRQ_50.61279774_4.03640915,1697-270-25.0947.png,25.0947
646_5Wo2500iIxRfjygKTqM4Xg_-5.20579949_105.78312002,1698-0-40.1015.png,40.1015
646_5Wo2500iIxRfjygKTqM4Xg_-5.20579949_105.78312002,1698-90-40.1015.png,40.1015
646_5Wo2500iIxRfjygKTqM4Xg_-5.20579949_105.78312002,1698-180-40.1015.png,40.1015
646_5Wo2500iIxRfjygKTqM4Xg_-5.20579949_105.78312002,1698-270-40.1015.png,40.1015
2277_IhQaxHSLr_WL_ORr7LKGiQ_36.38863159_-78.51405093,1699-0-47.4902.png,47.4902
2277_IhQaxHSLr_WL_ORr7LKGiQ_36.38863159_-78.51405093,1699-90-47.4902.png,47.4902
2277_IhQaxHSLr_WL_ORr7LKGiQ_36.38863159_-78.51405093,1699-180-47.4902.png,47.4902
2277_IhQaxHSLr_WL_ORr7LKGiQ_36.38863159_-78.51405093,1699-270-47.4902.png,47.4902
2364_9E8DX5YrhAN3eWKwiZVpYA_34.22438918_-101.31034939,1700-0-11.7738.png,11.7738
2364_9E8DX5YrhAN3eWKwiZVpYA_34.22438918_-101.31034939,1700-90-11.7738.png,11.7738
2364_9E8DX5YrhAN3eWKwiZVpYA_34.22438918_-101.31034939,1700-180-11.7738.png,11.7738
2364_9E8DX5YrhAN3eWKwiZVpYA_34.22438918_-101.31034939,1700-270-11.7738.png,11.7738
1712_6pvjHGd0Mf9t4TIe6f7jhQ_35.87006982_-81.11371915,1701-0-75.3486.png,75.3486
1712_6pvjHGd0Mf9t4TIe6f7jhQ_35.87006982_-81.11371915,1701-90-75.3486.png,75.3486
1712_6pvjHGd0Mf9t4TIe6f7jhQ_35.87006982_-81.11371915,1701-180-75.3486.png,75.3486
1712_6pvjHGd0Mf9t4TIe6f7jhQ_35.87006982_-81.11371915,1701-270-75.3486.png,75.3486
175_o4fnSc14oXiWwjJ68ESwwQ_35.47634713_24.03998914,1702-0-50.8371.png,50.8371
175_o4fnSc14oXiWwjJ68ESwwQ_35.47634713_24.03998914,1702-90-50.8371.png,50.8371
175_o4fnSc14oXiWwjJ68ESwwQ_35.47634713_24.03998914,1702-180-50.8371.png,50.8371
175_o4fnSc14oXiWwjJ68ESwwQ_35.47634713_24.03998914,1702-270-50.8371.png,50.8371
205_xKgv7a3w-qzcLzCrDxCC6g_-34.84995435_-54.69896784,1703-0-17.7924.png,17.7924
205_xKgv7a3w-qzcLzCrDxCC6g_-34.84995435_-54.69896784,1703-90-17.7924.png,17.7924
205_xKgv7a3w-qzcLzCrDxCC6g_-34.84995435_-54.69896784,1703-180-17.7924.png,17.7924
205_xKgv7a3w-qzcLzCrDxCC6g_-34.84995435_-54.69896784,1703-270-17.7924.png,17.7924
676_kNi_gaksV8BTbvHmAofGXA_34.95389215_-86.89286925,1704-0-23.9558.png,23.9558
676_kNi_gaksV8BTbvHmAofGXA_34.95389215_-86.89286925,1704-90-23.9558.png,23.9558
676_kNi_gaksV8BTbvHmAofGXA_34.95389215_-86.89286925,1704-180-23.9558.png,23.9558
676_kNi_gaksV8BTbvHmAofGXA_34.95389215_-86.89286925,1704-270-23.9558.png,23.9558
1188_ZaU65qmaoERC7jq99vkszg_57.27021530_21.96566901,1705-0-11.2637.png,11.2637
1188_ZaU65qmaoERC7jq99vkszg_57.27021530_21.96566901,1705-90-11.2637.png,11.2637
1188_ZaU65qmaoERC7jq99vkszg_57.27021530_21.96566901,1705-180-11.2637.png,11.2637
1188_ZaU65qmaoERC7jq99vkszg_57.27021530_21.96566901,1705-270-11.2637.png,11.2637
1851_Z0u12RB7lmZ4FwBKjbN3kQ_38.86919282_-91.89850465,1706-0-19.0734.png,19.0734
1851_Z0u12RB7lmZ4FwBKjbN3kQ_38.86919282_-91.89850465,1706-90-19.0734.png,19.0734
1851_Z0u12RB7lmZ4FwBKjbN3kQ_38.86919282_-91.89850465,1706-180-19.0734.png,19.0734
1851_Z0u12RB7lmZ4FwBKjbN3kQ_38.86919282_-91.89850465,1706-270-19.0734.png,19.0734
193_p3oo_Hv0GXGvQe0TSPF36g_19.59386521_-102.48079653,1707-0-37.3671.png,37.3671
193_p3oo_Hv0GXGvQe0TSPF36g_19.59386521_-102.48079653,1707-90-37.3671.png,37.3671
193_p3oo_Hv0GXGvQe0TSPF36g_19.59386521_-102.48079653,1707-180-37.3671.png,37.3671
193_p3oo_Hv0GXGvQe0TSPF36g_19.59386521_-102.48079653,1707-270-37.3671.png,37.3671
2471_al3Ol0RnXZ4ldd1e8mbCUQ_-33.82350290_148.69329133,1708-0-77.9289.png,77.9289
2471_al3Ol0RnXZ4ldd1e8mbCUQ_-33.82350290_148.69329133,1708-90-77.9289.png,77.9289
2471_al3Ol0RnXZ4ldd1e8mbCUQ_-33.82350290_148.69329133,1708-180-77.9289.png,77.9289
2471_al3Ol0RnXZ4ldd1e8mbCUQ_-33.82350290_148.69329133,1708-270-77.9289.png,77.9289
1358_v_q2DK-6suSxKLEBzJGIOg_-29.53596620_-62.26363864,1709-0-82.9735.png,82.9735
1358_v_q2DK-6suSxKLEBzJGIOg_-29.53596620_-62.26363864,1709-90-82.9735.png,82.9735
1358_v_q2DK-6suSxKLEBzJGIOg_-29.53596620_-62.26363864,1709-180-82.9735.png,82.9735
1358_v_q2DK-6suSxKLEBzJGIOg_-29.53596620_-62.26363864,1709-270-82.9735.png,82.9735
1056_bW_IQdUbWgBZDfBWdZIa2g_-32.15000677_-64.10942503,1710-0-19.8175.png,19.8175
1056_bW_IQdUbWgBZDfBWdZIa2g_-32.15000677_-64.10942503,1710-90-19.8175.png,19.8175
1056_bW_IQdUbWgBZDfBWdZIa2g_-32.15000677_-64.10942503,1710-180-19.8175.png,19.8175
1056_bW_IQdUbWgBZDfBWdZIa2g_-32.15000677_-64.10942503,1710-270-19.8175.png,19.8175
3165_E9wlUkdZnrXynYuS2jcY9A_42.41938593_-88.09729880,1711-0-28.1025.png,28.1025
3165_E9wlUkdZnrXynYuS2jcY9A_42.41938593_-88.09729880,1711-90-28.1025.png,28.1025
3165_E9wlUkdZnrXynYuS2jcY9A_42.41938593_-88.09729880,1711-180-28.1025.png,28.1025
3165_E9wlUkdZnrXynYuS2jcY9A_42.41938593_-88.09729880,1711-270-28.1025.png,28.1025
162_kFrPw_PMMUeQ9kXIgrf4-w_44.64007784_-117.86820199,1712-0-30.7854.png,30.7854
162_kFrPw_PMMUeQ9kXIgrf4-w_44.64007784_-117.86820199,1712-90-30.7854.png,30.7854
162_kFrPw_PMMUeQ9kXIgrf4-w_44.64007784_-117.86820199,1712-180-30.7854.png,30.7854
162_kFrPw_PMMUeQ9kXIgrf4-w_44.64007784_-117.86820199,1712-270-30.7854.png,30.7854
232_37peG5GPtJ29_Z0dTf2lBw_55.66789267_11.82655925,1713-0-40.3251.png,40.3251
232_37peG5GPtJ29_Z0dTf2lBw_55.66789267_11.82655925,1713-90-40.3251.png,40.3251
232_37peG5GPtJ29_Z0dTf2lBw_55.66789267_11.82655925,1713-180-40.3251.png,40.3251
232_37peG5GPtJ29_Z0dTf2lBw_55.66789267_11.82655925,1713-270-40.3251.png,40.3251
98_33hFl-eHEWRzOPbnKmZuXQ_-6.84599169_111.17666010,1714-0-52.5986.png,52.5986
98_33hFl-eHEWRzOPbnKmZuXQ_-6.84599169_111.17666010,1714-90-52.5986.png,52.5986
98_33hFl-eHEWRzOPbnKmZuXQ_-6.84599169_111.17666010,1714-180-52.5986.png,52.5986
98_33hFl-eHEWRzOPbnKmZuXQ_-6.84599169_111.17666010,1714-270-52.5986.png,52.5986
1012_p8HYczeuDvX89u-WHesxhw_37.51799798_-92.36794323,1715-0-63.3185.png,63.3185
1012_p8HYczeuDvX89u-WHesxhw_37.51799798_-92.36794323,1715-90-63.3185.png,63.3185
1012_p8HYczeuDvX89u-WHesxhw_37.51799798_-92.36794323,1715-180-63.3185.png,63.3185
1012_p8HYczeuDvX89u-WHesxhw_37.51799798_-92.36794323,1715-270-63.3185.png,63.3185
3432_7DQ4uG6__Uffs1yngZRRbQ_-22.88181031_-43.32782203,1716-0-56.8553.png,56.8553
3432_7DQ4uG6__Uffs1yngZRRbQ_-22.88181031_-43.32782203,1716-90-56.8553.png,56.8553
3432_7DQ4uG6__Uffs1yngZRRbQ_-22.88181031_-43.32782203,1716-180-56.8553.png,56.8553
3432_7DQ4uG6__Uffs1yngZRRbQ_-22.88181031_-43.32782203,1716-270-56.8553.png,56.8553
961_OzN5a8WnWIFvcLxyl5CIew_36.69733488_15.12371075,1717-0-56.9597.png,56.9597
961_OzN5a8WnWIFvcLxyl5CIew_36.69733488_15.12371075,1717-90-56.9597.png,56.9597
961_OzN5a8WnWIFvcLxyl5CIew_36.69733488_15.12371075,1717-180-56.9597.png,56.9597
961_OzN5a8WnWIFvcLxyl5CIew_36.69733488_15.12371075,1717-270-56.9597.png,56.9597
953_S-JsSWK3mBOyghv4KTqt1A_55.67489515_12.45799376,1718-0-22.2922.png,22.2922
953_S-JsSWK3mBOyghv4KTqt1A_55.67489515_12.45799376,1718-90-22.2922.png,22.2922
953_S-JsSWK3mBOyghv4KTqt1A_55.67489515_12.45799376,1718-180-22.2922.png,22.2922
953_S-JsSWK3mBOyghv4KTqt1A_55.67489515_12.45799376,1718-270-22.2922.png,22.2922
2057_seuuYDTilboRLChGWG2x-Q_33.94834522_-116.47916978,1719-0-19.2387.png,19.2387
2057_seuuYDTilboRLChGWG2x-Q_33.94834522_-116.47916978,1719-90-19.2387.png,19.2387
2057_seuuYDTilboRLChGWG2x-Q_33.94834522_-116.47916978,1719-180-19.2387.png,19.2387
2057_seuuYDTilboRLChGWG2x-Q_33.94834522_-116.47916978,1719-270-19.2387.png,19.2387
1509_50Jr4X1tyBdDxafw1OGibA_58.43327420_16.43325846,1720-0-16.7261.png,16.7261
1509_50Jr4X1tyBdDxafw1OGibA_58.43327420_16.43325846,1720-90-16.7261.png,16.7261
1509_50Jr4X1tyBdDxafw1OGibA_58.43327420_16.43325846,1720-180-16.7261.png,16.7261
1509_50Jr4X1tyBdDxafw1OGibA_58.43327420_16.43325846,1720-270-16.7261.png,16.7261
2120_sAmw93qTHYBnA87aajCJUQ_-20.36709597_139.19995002,1721-0-66.434.png,66.434
2120_sAmw93qTHYBnA87aajCJUQ_-20.36709597_139.19995002,1721-90-66.434.png,66.434
2120_sAmw93qTHYBnA87aajCJUQ_-20.36709597_139.19995002,1721-180-66.434.png,66.434
2120_sAmw93qTHYBnA87aajCJUQ_-20.36709597_139.19995002,1721-270-66.434.png,66.434
2064_s_9Rn6HgpbwVbUyqxH1LwA_52.10312106_7.46755803,1722-0-35.3775.png,35.3775
2064_s_9Rn6HgpbwVbUyqxH1LwA_52.10312106_7.46755803,1722-90-35.3775.png,35.3775
2064_s_9Rn6HgpbwVbUyqxH1LwA_52.10312106_7.46755803,1722-180-35.3775.png,35.3775
2064_s_9Rn6HgpbwVbUyqxH1LwA_52.10312106_7.46755803,1722-270-35.3775.png,35.3775
1784_xQt_1ZqnSkTUO8PWV7HJHw_-3.83759489_-50.63793875,1723-0-84.928.png,84.928
1784_xQt_1ZqnSkTUO8PWV7HJHw_-3.83759489_-50.63793875,1723-90-84.928.png,84.928
1784_xQt_1ZqnSkTUO8PWV7HJHw_-3.83759489_-50.63793875,1723-180-84.928.png,84.928
1784_xQt_1ZqnSkTUO8PWV7HJHw_-3.83759489_-50.63793875,1723-270-84.928.png,84.928
229_ydWMkj_MEGGSNbzYLwgOzA_26.37199095_-109.01387381,1724-0-69.8325.png,69.8325
229_ydWMkj_MEGGSNbzYLwgOzA_26.37199095_-109.01387381,1724-90-69.8325.png,69.8325
229_ydWMkj_MEGGSNbzYLwgOzA_26.37199095_-109.01387381,1724-180-69.8325.png,69.8325
229_ydWMkj_MEGGSNbzYLwgOzA_26.37199095_-109.01387381,1724-270-69.8325.png,69.8325
1567_cZ-FvysepqCz8wfeh5n46g_64.54594328_143.12156088,1725-0-32.0478.png,32.0478
1567_cZ-FvysepqCz8wfeh5n46g_64.54594328_143.12156088,1725-90-32.0478.png,32.0478
1567_cZ-FvysepqCz8wfeh5n46g_64.54594328_143.12156088,1725-180-32.0478.png,32.0478
1567_cZ-FvysepqCz8wfeh5n46g_64.54594328_143.12156088,1725-270-32.0478.png,32.0478
1356_dBI_gNSta5oQwF2rzPqfCg_61.37633391_27.23500227,1726-0-52.3597.png,52.3597
1356_dBI_gNSta5oQwF2rzPqfCg_61.37633391_27.23500227,1726-90-52.3597.png,52.3597
1356_dBI_gNSta5oQwF2rzPqfCg_61.37633391_27.23500227,1726-180-52.3597.png,52.3597
1356_dBI_gNSta5oQwF2rzPqfCg_61.37633391_27.23500227,1726-270-52.3597.png,52.3597
2157_3bxmTdtDrZxYhAlwvT5udA_43.39598248_-5.65521253,1727-0-42.8784.png,42.8784
2157_3bxmTdtDrZxYhAlwvT5udA_43.39598248_-5.65521253,1727-90-42.8784.png,42.8784
2157_3bxmTdtDrZxYhAlwvT5udA_43.39598248_-5.65521253,1727-180-42.8784.png,42.8784
2157_3bxmTdtDrZxYhAlwvT5udA_43.39598248_-5.65521253,1727-270-42.8784.png,42.8784
3261_7_FWgM0dO4ThFBtUqVSGOA_40.58511873_-75.53966631,1728-0-67.3645.png,67.3645
3261_7_FWgM0dO4ThFBtUqVSGOA_40.58511873_-75.53966631,1728-90-67.3645.png,67.3645
3261_7_FWgM0dO4ThFBtUqVSGOA_40.58511873_-75.53966631,1728-180-67.3645.png,67.3645
3261_7_FWgM0dO4ThFBtUqVSGOA_40.58511873_-75.53966631,1728-270-67.3645.png,67.3645
980_E-1gSxBcDuCKqVdQxjyWjw_24.71035995_121.77622850,1729-0-23.7202.png,23.7202
980_E-1gSxBcDuCKqVdQxjyWjw_24.71035995_121.77622850,1729-90-23.7202.png,23.7202
980_E-1gSxBcDuCKqVdQxjyWjw_24.71035995_121.77622850,1729-180-23.7202.png,23.7202
980_E-1gSxBcDuCKqVdQxjyWjw_24.71035995_121.77622850,1729-270-23.7202.png,23.7202
181_u50US236AwvzM6_1K8PlFQ_36.70809479_-105.40617528,1730-0-75.2699.png,75.2699
181_u50US236AwvzM6_1K8PlFQ_36.70809479_-105.40617528,1730-90-75.2699.png,75.2699
181_u50US236AwvzM6_1K8PlFQ_36.70809479_-105.40617528,1730-180-75.2699.png,75.2699
181_u50US236AwvzM6_1K8PlFQ_36.70809479_-105.40617528,1730-270-75.2699.png,75.2699
1713_rHzr18vF-TiJab7tl1gRRA_36.73017642_-80.70814246,1731-0-72.3643.png,72.3643
1713_rHzr18vF-TiJab7tl1gRRA_36.73017642_-80.70814246,1731-90-72.3643.png,72.3643
1713_rHzr18vF-TiJab7tl1gRRA_36.73017642_-80.70814246,1731-180-72.3643.png,72.3643
1713_rHzr18vF-TiJab7tl1gRRA_36.73017642_-80.70814246,1731-270-72.3643.png,72.3643
365_fahm8u7gfLAxLr_etc9cqA_-33.59393978_22.19245967,1732-0-35.5505.png,35.5505
365_fahm8u7gfLAxLr_etc9cqA_-33.59393978_22.19245967,1732-90-35.5505.png,35.5505
365_fahm8u7gfLAxLr_etc9cqA_-33.59393978_22.19245967,1732-180-35.5505.png,35.5505
365_fahm8u7gfLAxLr_etc9cqA_-33.59393978_22.19245967,1732-270-35.5505.png,35.5505
534_f0JVtaazqeLqRwSNmtDs7Q_46.00974472_-73.57067708,1733-0-69.8722.png,69.8722
534_f0JVtaazqeLqRwSNmtDs7Q_46.00974472_-73.57067708,1733-90-69.8722.png,69.8722
534_f0JVtaazqeLqRwSNmtDs7Q_46.00974472_-73.57067708,1733-180-69.8722.png,69.8722
534_f0JVtaazqeLqRwSNmtDs7Q_46.00974472_-73.57067708,1733-270-69.8722.png,69.8722
2278_00ShNWMExktBUwJbvqqhmw_-45.88336604_168.96658566,1734-0-59.5773.png,59.5773
2278_00ShNWMExktBUwJbvqqhmw_-45.88336604_168.96658566,1734-90-59.5773.png,59.5773
2278_00ShNWMExktBUwJbvqqhmw_-45.88336604_168.96658566,1734-180-59.5773.png,59.5773
2278_00ShNWMExktBUwJbvqqhmw_-45.88336604_168.96658566,1734-270-59.5773.png,59.5773
683_mBapMO8gdHsZuiqBkYoeTQ_15.18334837_120.04423663,1735-0-30.7556.png,30.7556
683_mBapMO8gdHsZuiqBkYoeTQ_15.18334837_120.04423663,1735-90-30.7556.png,30.7556
683_mBapMO8gdHsZuiqBkYoeTQ_15.18334837_120.04423663,1735-180-30.7556.png,30.7556
683_mBapMO8gdHsZuiqBkYoeTQ_15.18334837_120.04423663,1735-270-30.7556.png,30.7556
70_1YDhMk8kbJpkVWIRJ6bSYg_41.00402142_-85.77490693,1736-0-56.728.png,56.728
70_1YDhMk8kbJpkVWIRJ6bSYg_41.00402142_-85.77490693,1736-90-56.728.png,56.728
70_1YDhMk8kbJpkVWIRJ6bSYg_41.00402142_-85.77490693,1736-180-56.728.png,56.728
70_1YDhMk8kbJpkVWIRJ6bSYg_41.00402142_-85.77490693,1736-270-56.728.png,56.728
1592_uvykvT_YXwwq7g_sFN97GQ_5.52379998_100.43149847,1737-0-83.8425.png,83.8425
1592_uvykvT_YXwwq7g_sFN97GQ_5.52379998_100.43149847,1737-90-83.8425.png,83.8425
1592_uvykvT_YXwwq7g_sFN97GQ_5.52379998_100.43149847,1737-180-83.8425.png,83.8425
1592_uvykvT_YXwwq7g_sFN97GQ_5.52379998_100.43149847,1737-270-83.8425.png,83.8425
2392_2Ny4bXxzC_JV8wr18qGtFw_57.85399813_56.11533703,1738-0-26.1692.png,26.1692
2392_2Ny4bXxzC_JV8wr18qGtFw_57.85399813_56.11533703,1738-90-26.1692.png,26.1692
2392_2Ny4bXxzC_JV8wr18qGtFw_57.85399813_56.11533703,1738-180-26.1692.png,26.1692
2392_2Ny4bXxzC_JV8wr18qGtFw_57.85399813_56.11533703,1738-270-26.1692.png,26.1692
1681_nlkcdcFkc7oUnn_3w1CN7Q_44.97251352_-84.68254912,1739-0-21.2455.png,21.2455
1681_nlkcdcFkc7oUnn_3w1CN7Q_44.97251352_-84.68254912,1739-90-21.2455.png,21.2455
1681_nlkcdcFkc7oUnn_3w1CN7Q_44.97251352_-84.68254912,1739-180-21.2455.png,21.2455
1681_nlkcdcFkc7oUnn_3w1CN7Q_44.97251352_-84.68254912,1739-270-21.2455.png,21.2455
412_Ty9SscvdeIn0WNLGwY1i-w_53.31391928_-2.97038516,1740-0-29.1537.png,29.1537
412_Ty9SscvdeIn0WNLGwY1i-w_53.31391928_-2.97038516,1740-90-29.1537.png,29.1537
412_Ty9SscvdeIn0WNLGwY1i-w_53.31391928_-2.97038516,1740-180-29.1537.png,29.1537
412_Ty9SscvdeIn0WNLGwY1i-w_53.31391928_-2.97038516,1740-270-29.1537.png,29.1537
7_UdeUTInv2H1McFx1zQvo_A_44.30669749_2.65564254,1741-0-41.6359.png,41.6359
7_UdeUTInv2H1McFx1zQvo_A_44.30669749_2.65564254,1741-90-41.6359.png,41.6359
7_UdeUTInv2H1McFx1zQvo_A_44.30669749_2.65564254,1741-180-41.6359.png,41.6359
7_UdeUTInv2H1McFx1zQvo_A_44.30669749_2.65564254,1741-270-41.6359.png,41.6359
1798_dVbgWoii4fwpqoIpdNTQng_38.26991092_15.48793751,1742-0-59.7808.png,59.7808
1798_dVbgWoii4fwpqoIpdNTQng_38.26991092_15.48793751,1742-90-59.7808.png,59.7808
1798_dVbgWoii4fwpqoIpdNTQng_38.26991092_15.48793751,1742-180-59.7808.png,59.7808
1798_dVbgWoii4fwpqoIpdNTQng_38.26991092_15.48793751,1742-270-59.7808.png,59.7808
2654_6dPu728LrwczE5U4O8GGzQ_30.00167814_76.73099555,1743-0-43.9373.png,43.9373
2654_6dPu728LrwczE5U4O8GGzQ_30.00167814_76.73099555,1743-90-43.9373.png,43.9373
2654_6dPu728LrwczE5U4O8GGzQ_30.00167814_76.73099555,1743-180-43.9373.png,43.9373
2654_6dPu728LrwczE5U4O8GGzQ_30.00167814_76.73099555,1743-270-43.9373.png,43.9373
1070_NOLgVM6SQ2YIjajPuvfzww_23.09837776_120.44345873,1744-0-29.1117.png,29.1117
1070_NOLgVM6SQ2YIjajPuvfzww_23.09837776_120.44345873,1744-90-29.1117.png,29.1117
1070_NOLgVM6SQ2YIjajPuvfzww_23.09837776_120.44345873,1744-180-29.1117.png,29.1117
1070_NOLgVM6SQ2YIjajPuvfzww_23.09837776_120.44345873,1744-270-29.1117.png,29.1117
3407_cw1oticqAeUMo9Ywr8BRYQ_-32.29770456_115.73076922,1745-0-49.3649.png,49.3649
3407_cw1oticqAeUMo9Ywr8BRYQ_-32.29770456_115.73076922,1745-90-49.3649.png,49.3649
3407_cw1oticqAeUMo9Ywr8BRYQ_-32.29770456_115.73076922,1745-180-49.3649.png,49.3649
3407_cw1oticqAeUMo9Ywr8BRYQ_-32.29770456_115.73076922,1745-270-49.3649.png,49.3649
494_KscfnEqd7-cp6u6Wynb2DA_35.87201352_139.72939711,1746-0-21.9509.png,21.9509
494_KscfnEqd7-cp6u6Wynb2DA_35.87201352_139.72939711,1746-90-21.9509.png,21.9509
494_KscfnEqd7-cp6u6Wynb2DA_35.87201352_139.72939711,1746-180-21.9509.png,21.9509
494_KscfnEqd7-cp6u6Wynb2DA_35.87201352_139.72939711,1746-270-21.9509.png,21.9509
753_Pd2XAQwKJf7Zhb_u9OKqVg_34.54681184_-100.43849687,1747-0-27.4638.png,27.4638
753_Pd2XAQwKJf7Zhb_u9OKqVg_34.54681184_-100.43849687,1747-90-27.4638.png,27.4638
753_Pd2XAQwKJf7Zhb_u9OKqVg_34.54681184_-100.43849687,1747-180-27.4638.png,27.4638
753_Pd2XAQwKJf7Zhb_u9OKqVg_34.54681184_-100.43849687,1747-270-27.4638.png,27.4638
476_KaxyVnqhY6dWuZhiIom1tg_42.35999021_-3.55800890,1748-0-24.8114.png,24.8114
476_KaxyVnqhY6dWuZhiIom1tg_42.35999021_-3.55800890,1748-90-24.8114.png,24.8114
476_KaxyVnqhY6dWuZhiIom1tg_42.35999021_-3.55800890,1748-180-24.8114.png,24.8114
476_KaxyVnqhY6dWuZhiIom1tg_42.35999021_-3.55800890,1748-270-24.8114.png,24.8114
777_eL0RJPOW4daAf7df0-zNEw_-28.49517178_-64.85760579,1749-0-70.7695.png,70.7695
777_eL0RJPOW4daAf7df0-zNEw_-28.49517178_-64.85760579,1749-90-70.7695.png,70.7695
777_eL0RJPOW4daAf7df0-zNEw_-28.49517178_-64.85760579,1749-180-70.7695.png,70.7695
777_eL0RJPOW4daAf7df0-zNEw_-28.49517178_-64.85760579,1749-270-70.7695.png,70.7695
424_57iBv3BepVU9GBgkYlVA6Q_39.70082474_-0.92625410,1750-0-27.0103.png,27.0103
424_57iBv3BepVU9GBgkYlVA6Q_39.70082474_-0.92625410,1750-90-27.0103.png,27.0103
424_57iBv3BepVU9GBgkYlVA6Q_39.70082474_-0.92625410,1750-180-27.0103.png,27.0103
424_57iBv3BepVU9GBgkYlVA6Q_39.70082474_-0.92625410,1750-270-27.0103.png,27.0103
232_oWQZo5YWs8XyHnp41-3w6A_41.85483253_-2.47021861,1751-0-68.5824.png,68.5824
232_oWQZo5YWs8XyHnp41-3w6A_41.85483253_-2.47021861,1751-90-68.5824.png,68.5824
232_oWQZo5YWs8XyHnp41-3w6A_41.85483253_-2.47021861,1751-180-68.5824.png,68.5824
232_oWQZo5YWs8XyHnp41-3w6A_41.85483253_-2.47021861,1751-270-68.5824.png,68.5824
1568_LTS8_Z7xSLfkMeZGZUGr8g_55.07346497_8.93171251,1752-0-29.2878.png,29.2878
1568_LTS8_Z7xSLfkMeZGZUGr8g_55.07346497_8.93171251,1752-90-29.2878.png,29.2878
1568_LTS8_Z7xSLfkMeZGZUGr8g_55.07346497_8.93171251,1752-180-29.2878.png,29.2878
1568_LTS8_Z7xSLfkMeZGZUGr8g_55.07346497_8.93171251,1752-270-29.2878.png,29.2878
1243_iKxTf-Tj-RivErpC1Kj8Lw_45.74377663_24.22531046,1753-0-38.5696.png,38.5696
1243_iKxTf-Tj-RivErpC1Kj8Lw_45.74377663_24.22531046,1753-90-38.5696.png,38.5696
1243_iKxTf-Tj-RivErpC1Kj8Lw_45.74377663_24.22531046,1753-180-38.5696.png,38.5696
1243_iKxTf-Tj-RivErpC1Kj8Lw_45.74377663_24.22531046,1753-270-38.5696.png,38.5696
604_pEdPnekQj0Y1L-e5jEBUzQ_44.41285567_-95.04688829,1754-0-18.2044.png,18.2044
604_pEdPnekQj0Y1L-e5jEBUzQ_44.41285567_-95.04688829,1754-90-18.2044.png,18.2044
604_pEdPnekQj0Y1L-e5jEBUzQ_44.41285567_-95.04688829,1754-180-18.2044.png,18.2044
604_pEdPnekQj0Y1L-e5jEBUzQ_44.41285567_-95.04688829,1754-270-18.2044.png,18.2044
1982_aYgOBMtJn0YLy6qBd1qKeQ_51.89854467_13.46581888,1755-0-47.4382.png,47.4382
1982_aYgOBMtJn0YLy6qBd1qKeQ_51.89854467_13.46581888,1755-90-47.4382.png,47.4382
1982_aYgOBMtJn0YLy6qBd1qKeQ_51.89854467_13.46581888,1755-180-47.4382.png,47.4382
1982_aYgOBMtJn0YLy6qBd1qKeQ_51.89854467_13.46581888,1755-270-47.4382.png,47.4382
1027_kbPbb_tS-E2SlTlYE1T9iQ_59.74725045_10.20700297,1756-0-44.1365.png,44.1365
1027_kbPbb_tS-E2SlTlYE1T9iQ_59.74725045_10.20700297,1756-90-44.1365.png,44.1365
1027_kbPbb_tS-E2SlTlYE1T9iQ_59.74725045_10.20700297,1756-180-44.1365.png,44.1365
1027_kbPbb_tS-E2SlTlYE1T9iQ_59.74725045_10.20700297,1756-270-44.1365.png,44.1365
3033_M52y5u5KBbjfw822W41_jw_39.53336079_-1.60008143,1757-0-49.976.png,49.976
3033_M52y5u5KBbjfw822W41_jw_39.53336079_-1.60008143,1757-90-49.976.png,49.976
3033_M52y5u5KBbjfw822W41_jw_39.53336079_-1.60008143,1757-180-49.976.png,49.976
3033_M52y5u5KBbjfw822W41_jw_39.53336079_-1.60008143,1757-270-49.976.png,49.976
376_x1JyPRTab7mNtsksUW4ZBA_51.71935257_13.64802204,1758-0-36.4885.png,36.4885
376_x1JyPRTab7mNtsksUW4ZBA_51.71935257_13.64802204,1758-90-36.4885.png,36.4885
376_x1JyPRTab7mNtsksUW4ZBA_51.71935257_13.64802204,1758-180-36.4885.png,36.4885
376_x1JyPRTab7mNtsksUW4ZBA_51.71935257_13.64802204,1758-270-36.4885.png,36.4885
1891_YT9A1gWb2WWGjEeJ6dyw7Q_63.08560040_21.68333694,1759-0-28.1649.png,28.1649
1891_YT9A1gWb2WWGjEeJ6dyw7Q_63.08560040_21.68333694,1759-90-28.1649.png,28.1649
1891_YT9A1gWb2WWGjEeJ6dyw7Q_63.08560040_21.68333694,1759-180-28.1649.png,28.1649
1891_YT9A1gWb2WWGjEeJ6dyw7Q_63.08560040_21.68333694,1759-270-28.1649.png,28.1649
1659_GwNEIrLKaXSLsEQnT2C9eg_-34.78012691_-55.56718346,1760-0-28.7565.png,28.7565
1659_GwNEIrLKaXSLsEQnT2C9eg_-34.78012691_-55.56718346,1760-90-28.7565.png,28.7565
1659_GwNEIrLKaXSLsEQnT2C9eg_-34.78012691_-55.56718346,1760-180-28.7565.png,28.7565
1659_GwNEIrLKaXSLsEQnT2C9eg_-34.78012691_-55.56718346,1760-270-28.7565.png,28.7565
1484_CmedwdVM6Ttfx8G8RuCfkw_27.70418953_79.62344651,1761-0-73.6635.png,73.6635
1484_CmedwdVM6Ttfx8G8RuCfkw_27.70418953_79.62344651,1761-90-73.6635.png,73.6635
1484_CmedwdVM6Ttfx8G8RuCfkw_27.70418953_79.62344651,1761-180-73.6635.png,73.6635
1484_CmedwdVM6Ttfx8G8RuCfkw_27.70418953_79.62344651,1761-270-73.6635.png,73.6635
1999_Hb7WlJCEYMb-jA7FTmK9wA_48.29999310_5.26657845,1762-0-40.5397.png,40.5397
1999_Hb7WlJCEYMb-jA7FTmK9wA_48.29999310_5.26657845,1762-90-40.5397.png,40.5397
1999_Hb7WlJCEYMb-jA7FTmK9wA_48.29999310_5.26657845,1762-180-40.5397.png,40.5397
1999_Hb7WlJCEYMb-jA7FTmK9wA_48.29999310_5.26657845,1762-270-40.5397.png,40.5397
2548_KCKMZNk3ib99_m07F1Lf2g_42.45157193_-91.92194007,1763-0-26.2974.png,26.2974
2548_KCKMZNk3ib99_m07F1Lf2g_42.45157193_-91.92194007,1763-90-26.2974.png,26.2974
2548_KCKMZNk3ib99_m07F1Lf2g_42.45157193_-91.92194007,1763-180-26.2974.png,26.2974
2548_KCKMZNk3ib99_m07F1Lf2g_42.45157193_-91.92194007,1763-270-26.2974.png,26.2974
1909_EU8956aoHCfLdXUHVmYrDA_18.43407652_-98.70980028,1764-0-32.3829.png,32.3829
1909_EU8956aoHCfLdXUHVmYrDA_18.43407652_-98.70980028,1764-90-32.3829.png,32.3829
1909_EU8956aoHCfLdXUHVmYrDA_18.43407652_-98.70980028,1764-180-32.3829.png,32.3829
1909_EU8956aoHCfLdXUHVmYrDA_18.43407652_-98.70980028,1764-270-32.3829.png,32.3829
1062_bVRYJUixUeKtPvEPDezKFg_64.74987766_28.25102699,1765-0-58.5001.png,58.5001
1062_bVRYJUixUeKtPvEPDezKFg_64.74987766_28.25102699,1765-90-58.5001.png,58.5001
1062_bVRYJUixUeKtPvEPDezKFg_64.74987766_28.25102699,1765-180-58.5001.png,58.5001
1062_bVRYJUixUeKtPvEPDezKFg_64.74987766_28.25102699,1765-270-58.5001.png,58.5001
3405_I7W-WrmcfxRe-H6yVL58rw_35.87322167_-84.13750048,1766-0-54.48.png,54.48
3405_I7W-WrmcfxRe-H6yVL58rw_35.87322167_-84.13750048,1766-90-54.48.png,54.48
3405_I7W-WrmcfxRe-H6yVL58rw_35.87322167_-84.13750048,1766-180-54.48.png,54.48
3405_I7W-WrmcfxRe-H6yVL58rw_35.87322167_-84.13750048,1766-270-54.48.png,54.48
1225_Q-AlXxiULzKtlyrWJ_F5Jw_45.01599971_-75.23311213,1767-0-66.9986.png,66.9986
1225_Q-AlXxiULzKtlyrWJ_F5Jw_45.01599971_-75.23311213,1767-90-66.9986.png,66.9986
1225_Q-AlXxiULzKtlyrWJ_F5Jw_45.01599971_-75.23311213,1767-180-66.9986.png,66.9986
1225_Q-AlXxiULzKtlyrWJ_F5Jw_45.01599971_-75.23311213,1767-270-66.9986.png,66.9986
1715_SGeAJ7SJttJSU7_ZvFjiEA_39.41622799_-0.39975775,1768-0-43.8762.png,43.8762
1715_SGeAJ7SJttJSU7_ZvFjiEA_39.41622799_-0.39975775,1768-90-43.8762.png,43.8762
1715_SGeAJ7SJttJSU7_ZvFjiEA_39.41622799_-0.39975775,1768-180-43.8762.png,43.8762
1715_SGeAJ7SJttJSU7_ZvFjiEA_39.41622799_-0.39975775,1768-270-43.8762.png,43.8762
2955_wHMdk6t5zz9zQ3AJSoHaeg_50.51697430_42.66656158,1769-0-19.7709.png,19.7709
2955_wHMdk6t5zz9zQ3AJSoHaeg_50.51697430_42.66656158,1769-90-19.7709.png,19.7709
2955_wHMdk6t5zz9zQ3AJSoHaeg_50.51697430_42.66656158,1769-180-19.7709.png,19.7709
2955_wHMdk6t5zz9zQ3AJSoHaeg_50.51697430_42.66656158,1769-270-19.7709.png,19.7709
416_FiiYmrPcIlyc_jmxyLVsRQ_47.34626545_-102.64522296,1770-0-48.4299.png,48.4299
416_FiiYmrPcIlyc_jmxyLVsRQ_47.34626545_-102.64522296,1770-90-48.4299.png,48.4299
416_FiiYmrPcIlyc_jmxyLVsRQ_47.34626545_-102.64522296,1770-180-48.4299.png,48.4299
416_FiiYmrPcIlyc_jmxyLVsRQ_47.34626545_-102.64522296,1770-270-48.4299.png,48.4299
3043_AvLxoYGMPVGND6ZYc_jdag_41.40514937_-99.64055543,1771-0-78.2028.png,78.2028
3043_AvLxoYGMPVGND6ZYc_jdag_41.40514937_-99.64055543,1771-90-78.2028.png,78.2028
3043_AvLxoYGMPVGND6ZYc_jdag_41.40514937_-99.64055543,1771-180-78.2028.png,78.2028
3043_AvLxoYGMPVGND6ZYc_jdag_41.40514937_-99.64055543,1771-270-78.2028.png,78.2028
814_yNlTyXgd4NB5HbRVK8fjfg_35.35698466_-89.60061433,1772-0-39.0613.png,39.0613
814_yNlTyXgd4NB5HbRVK8fjfg_35.35698466_-89.60061433,1772-90-39.0613.png,39.0613
814_yNlTyXgd4NB5HbRVK8fjfg_35.35698466_-89.60061433,1772-180-39.0613.png,39.0613
814_yNlTyXgd4NB5HbRVK8fjfg_35.35698466_-89.60061433,1772-270-39.0613.png,39.0613
823_-hq4VqjLHpbXVP0WQxAfSQ_49.08457475_-123.10869719,1773-0-58.5326.png,58.5326
823_-hq4VqjLHpbXVP0WQxAfSQ_49.08457475_-123.10869719,1773-90-58.5326.png,58.5326
823_-hq4VqjLHpbXVP0WQxAfSQ_49.08457475_-123.10869719,1773-180-58.5326.png,58.5326
823_-hq4VqjLHpbXVP0WQxAfSQ_49.08457475_-123.10869719,1773-270-58.5326.png,58.5326
2713_SXpUDmo2IchLjQvFvChIZg_40.62242896_-2.63549829,1774-0-23.451.png,23.451
2713_SXpUDmo2IchLjQvFvChIZg_40.62242896_-2.63549829,1774-90-23.451.png,23.451
2713_SXpUDmo2IchLjQvFvChIZg_40.62242896_-2.63549829,1774-180-23.451.png,23.451
2713_SXpUDmo2IchLjQvFvChIZg_40.62242896_-2.63549829,1774-270-23.451.png,23.451
2477_eS-E3F2a9GKG2YX-E4Prmw_14.41521161_75.43938244,1775-0-50.603.png,50.603
2477_eS-E3F2a9GKG2YX-E4Prmw_14.41521161_75.43938244,1775-90-50.603.png,50.603
2477_eS-E3F2a9GKG2YX-E4Prmw_14.41521161_75.43938244,1775-180-50.603.png,50.603
2477_eS-E3F2a9GKG2YX-E4Prmw_14.41521161_75.43938244,1775-270-50.603.png,50.603
2271_FuCx_YYffsGvRFwwpohCmA_25.02362641_83.04454701,1776-0-73.8402.png,73.8402
2271_FuCx_YYffsGvRFwwpohCmA_25.02362641_83.04454701,1776-90-73.8402.png,73.8402
2271_FuCx_YYffsGvRFwwpohCmA_25.02362641_83.04454701,1776-180-73.8402.png,73.8402
2271_FuCx_YYffsGvRFwwpohCmA_25.02362641_83.04454701,1776-270-73.8402.png,73.8402
2147_7fMHesZZWwphk0BQuPVrDw_12.02068664_78.08215118,1777-0-44.0378.png,44.0378
2147_7fMHesZZWwphk0BQuPVrDw_12.02068664_78.08215118,1777-90-44.0378.png,44.0378
2147_7fMHesZZWwphk0BQuPVrDw_12.02068664_78.08215118,1777-180-44.0378.png,44.0378
2147_7fMHesZZWwphk0BQuPVrDw_12.02068664_78.08215118,1777-270-44.0378.png,44.0378
3125_uQp3CDiva0Sh9tj3DrwOsw_31.45848041_-86.89396559,1778-0-40.6364.png,40.6364
3125_uQp3CDiva0Sh9tj3DrwOsw_31.45848041_-86.89396559,1778-90-40.6364.png,40.6364
3125_uQp3CDiva0Sh9tj3DrwOsw_31.45848041_-86.89396559,1778-180-40.6364.png,40.6364
3125_uQp3CDiva0Sh9tj3DrwOsw_31.45848041_-86.89396559,1778-270-40.6364.png,40.6364
1399_gw5cStRlI1rH5G2LFW3QYg_61.26324741_24.02798149,1779-0-56.7609.png,56.7609
1399_gw5cStRlI1rH5G2LFW3QYg_61.26324741_24.02798149,1779-90-56.7609.png,56.7609
1399_gw5cStRlI1rH5G2LFW3QYg_61.26324741_24.02798149,1779-180-56.7609.png,56.7609
1399_gw5cStRlI1rH5G2LFW3QYg_61.26324741_24.02798149,1779-270-56.7609.png,56.7609
1211_jDNFY6cgmYDUA0vmb9tE1g_-33.30002031_26.49991633,1780-0-33.7657.png,33.7657
1211_jDNFY6cgmYDUA0vmb9tE1g_-33.30002031_26.49991633,1780-90-33.7657.png,33.7657
1211_jDNFY6cgmYDUA0vmb9tE1g_-33.30002031_26.49991633,1780-180-33.7657.png,33.7657
1211_jDNFY6cgmYDUA0vmb9tE1g_-33.30002031_26.49991633,1780-270-33.7657.png,33.7657
216_E_F53W67ArlFxC4kmizwww_38.90352859_-84.03558398,1781-0-34.9879.png,34.9879
216_E_F53W67ArlFxC4kmizwww_38.90352859_-84.03558398,1781-90-34.9879.png,34.9879
216_E_F53W67ArlFxC4kmizwww_38.90352859_-84.03558398,1781-180-34.9879.png,34.9879
216_E_F53W67ArlFxC4kmizwww_38.90352859_-84.03558398,1781-270-34.9879.png,34.9879
1727_UuekJ_Gk50mTGWHP0TLtSA_51.29538435_11.71222551,1782-0-59.1939.png,59.1939
1727_UuekJ_Gk50mTGWHP0TLtSA_51.29538435_11.71222551,1782-90-59.1939.png,59.1939
1727_UuekJ_Gk50mTGWHP0TLtSA_51.29538435_11.71222551,1782-180-59.1939.png,59.1939
1727_UuekJ_Gk50mTGWHP0TLtSA_51.29538435_11.71222551,1782-270-59.1939.png,59.1939
83_hmbbgra4YtBsNicYXEqkSA_18.93109863_-99.02758925,1783-0-48.868.png,48.868
83_hmbbgra4YtBsNicYXEqkSA_18.93109863_-99.02758925,1783-90-48.868.png,48.868
83_hmbbgra4YtBsNicYXEqkSA_18.93109863_-99.02758925,1783-180-48.868.png,48.868
83_hmbbgra4YtBsNicYXEqkSA_18.93109863_-99.02758925,1783-270-48.868.png,48.868
251_9BMH4ssd8JCLu7VdD4r3kg_57.56668824_-4.20015148,1784-0-65.2644.png,65.2644
251_9BMH4ssd8JCLu7VdD4r3kg_57.56668824_-4.20015148,1784-90-65.2644.png,65.2644
251_9BMH4ssd8JCLu7VdD4r3kg_57.56668824_-4.20015148,1784-180-65.2644.png,65.2644
251_9BMH4ssd8JCLu7VdD4r3kg_57.56668824_-4.20015148,1784-270-65.2644.png,65.2644
433_3LREolxH8tmZe_oklPGOTQ_47.87370433_7.20640001,1785-0-38.1976.png,38.1976
433_3LREolxH8tmZe_oklPGOTQ_47.87370433_7.20640001,1785-90-38.1976.png,38.1976
433_3LREolxH8tmZe_oklPGOTQ_47.87370433_7.20640001,1785-180-38.1976.png,38.1976
433_3LREolxH8tmZe_oklPGOTQ_47.87370433_7.20640001,1785-270-38.1976.png,38.1976
1007_ewnxwTcOwaXLHSNK2-7IKg_28.84396541_77.57780746,1786-0-54.8022.png,54.8022
1007_ewnxwTcOwaXLHSNK2-7IKg_28.84396541_77.57780746,1786-90-54.8022.png,54.8022
1007_ewnxwTcOwaXLHSNK2-7IKg_28.84396541_77.57780746,1786-180-54.8022.png,54.8022
1007_ewnxwTcOwaXLHSNK2-7IKg_28.84396541_77.57780746,1786-270-54.8022.png,54.8022
1780_f1guJzux2ctNZBtkcT_7yQ_38.81377644_-98.78105837,1787-0-20.564.png,20.564
1780_f1guJzux2ctNZBtkcT_7yQ_38.81377644_-98.78105837,1787-90-20.564.png,20.564
1780_f1guJzux2ctNZBtkcT_7yQ_38.81377644_-98.78105837,1787-180-20.564.png,20.564
1780_f1guJzux2ctNZBtkcT_7yQ_38.81377644_-98.78105837,1787-270-20.564.png,20.564
2622_xXi7clF5Zl0vwOzZwBlFeA_17.01815903_99.81828553,1788-0-43.1202.png,43.1202
2622_xXi7clF5Zl0vwOzZwBlFeA_17.01815903_99.81828553,1788-90-43.1202.png,43.1202
2622_xXi7clF5Zl0vwOzZwBlFeA_17.01815903_99.81828553,1788-180-43.1202.png,43.1202
2622_xXi7clF5Zl0vwOzZwBlFeA_17.01815903_99.81828553,1788-270-43.1202.png,43.1202
1223_VyvRYKXsF4kSRafkX_d5mw_45.06170893_18.50085919,1789-0-54.5664.png,54.5664
1223_VyvRYKXsF4kSRafkX_d5mw_45.06170893_18.50085919,1789-90-54.5664.png,54.5664
1223_VyvRYKXsF4kSRafkX_d5mw_45.06170893_18.50085919,1789-180-54.5664.png,54.5664
1223_VyvRYKXsF4kSRafkX_d5mw_45.06170893_18.50085919,1789-270-54.5664.png,54.5664
744_AOm9KCepH9YuiUCwB5yr3g_55.64529988_8.79165437,1790-0-15.3326.png,15.3326
744_AOm9KCepH9YuiUCwB5yr3g_55.64529988_8.79165437,1790-90-15.3326.png,15.3326
744_AOm9KCepH9YuiUCwB5yr3g_55.64529988_8.79165437,1790-180-15.3326.png,15.3326
744_AOm9KCepH9YuiUCwB5yr3g_55.64529988_8.79165437,1790-270-15.3326.png,15.3326
153_fahm8u7gfLAxLr_etc9cqA_-33.59393978_22.19245967,1791-0-35.5505.png,35.5505
153_fahm8u7gfLAxLr_etc9cqA_-33.59393978_22.19245967,1791-90-35.5505.png,35.5505
153_fahm8u7gfLAxLr_etc9cqA_-33.59393978_22.19245967,1791-180-35.5505.png,35.5505
153_fahm8u7gfLAxLr_etc9cqA_-33.59393978_22.19245967,1791-270-35.5505.png,35.5505
928_oWQZo5YWs8XyHnp41-3w6A_41.85483253_-2.47021861,1792-0-68.5824.png,68.5824
928_oWQZo5YWs8XyHnp41-3w6A_41.85483253_-2.47021861,1792-90-68.5824.png,68.5824
928_oWQZo5YWs8XyHnp41-3w6A_41.85483253_-2.47021861,1792-180-68.5824.png,68.5824
928_oWQZo5YWs8XyHnp41-3w6A_41.85483253_-2.47021861,1792-270-68.5824.png,68.5824
293_YsYmGuWAOpkev7l4CFd8LA_19.02930958_99.62303807,1793-0-57.4584.png,57.4584
293_YsYmGuWAOpkev7l4CFd8LA_19.02930958_99.62303807,1793-90-57.4584.png,57.4584
293_YsYmGuWAOpkev7l4CFd8LA_19.02930958_99.62303807,1793-180-57.4584.png,57.4584
293_YsYmGuWAOpkev7l4CFd8LA_19.02930958_99.62303807,1793-270-57.4584.png,57.4584
122_NG-g79EJ1h0PeKNj7bHgSg_45.79370720_11.23996042,1794-0-47.9158.png,47.9158
122_NG-g79EJ1h0PeKNj7bHgSg_45.79370720_11.23996042,1794-90-47.9158.png,47.9158
122_NG-g79EJ1h0PeKNj7bHgSg_45.79370720_11.23996042,1794-180-47.9158.png,47.9158
122_NG-g79EJ1h0PeKNj7bHgSg_45.79370720_11.23996042,1794-270-47.9158.png,47.9158
1835_-xt7EWYqWJUznVyA4oTLXg_59.00206830_9.74560335,1795-0-30.6608.png,30.6608
1835_-xt7EWYqWJUznVyA4oTLXg_59.00206830_9.74560335,1795-90-30.6608.png,30.6608
1835_-xt7EWYqWJUznVyA4oTLXg_59.00206830_9.74560335,1795-180-30.6608.png,30.6608
1835_-xt7EWYqWJUznVyA4oTLXg_59.00206830_9.74560335,1795-270-30.6608.png,30.6608
3078_AbFE96nG5G-QBKT6LrbP7A_32.64745911_-111.39360660,1796-0-11.3631.png,11.3631
3078_AbFE96nG5G-QBKT6LrbP7A_32.64745911_-111.39360660,1796-90-11.3631.png,11.3631
3078_AbFE96nG5G-QBKT6LrbP7A_32.64745911_-111.39360660,1796-180-11.3631.png,11.3631
3078_AbFE96nG5G-QBKT6LrbP7A_32.64745911_-111.39360660,1796-270-11.3631.png,11.3631
422_LDC3jxAH8g4GnM_YrTNnOw_50.88603781_5.53336072,1797-0-44.415.png,44.415
422_LDC3jxAH8g4GnM_YrTNnOw_50.88603781_5.53336072,1797-90-44.415.png,44.415
422_LDC3jxAH8g4GnM_YrTNnOw_50.88603781_5.53336072,1797-180-44.415.png,44.415
422_LDC3jxAH8g4GnM_YrTNnOw_50.88603781_5.53336072,1797-270-44.415.png,44.415
647_N53BQZitFdc_rXzxFJNFLw_49.79838885_72.87856262,1798-0-14.4084.png,14.4084
647_N53BQZitFdc_rXzxFJNFLw_49.79838885_72.87856262,1798-90-14.4084.png,14.4084
647_N53BQZitFdc_rXzxFJNFLw_49.79838885_72.87856262,1798-180-14.4084.png,14.4084
647_N53BQZitFdc_rXzxFJNFLw_49.79838885_72.87856262,1798-270-14.4084.png,14.4084
174_ANt0cP6TlEWA_Q9nKbkUug_46.73933221_26.56487445,1799-0-56.3795.png,56.3795
174_ANt0cP6TlEWA_Q9nKbkUug_46.73933221_26.56487445,1799-90-56.3795.png,56.3795
174_ANt0cP6TlEWA_Q9nKbkUug_46.73933221_26.56487445,1799-180-56.3795.png,56.3795
174_ANt0cP6TlEWA_Q9nKbkUug_46.73933221_26.56487445,1799-270-56.3795.png,56.3795
1130_10QbNkmYlae2NkJTUZxjNQ_16.01290085_79.60911263,1800-0-63.8854.png,63.8854
1130_10QbNkmYlae2NkJTUZxjNQ_16.01290085_79.60911263,1800-90-63.8854.png,63.8854
1130_10QbNkmYlae2NkJTUZxjNQ_16.01290085_79.60911263,1800-180-63.8854.png,63.8854
1130_10QbNkmYlae2NkJTUZxjNQ_16.01290085_79.60911263,1800-270-63.8854.png,63.8854
1763_jt8Vp_DnTzB99ULx1-HKlg_-37.72863803_144.96087658,1801-0-77.5234.png,77.5234
1763_jt8Vp_DnTzB99ULx1-HKlg_-37.72863803_144.96087658,1801-90-77.5234.png,77.5234
1763_jt8Vp_DnTzB99ULx1-HKlg_-37.72863803_144.96087658,1801-180-77.5234.png,77.5234
1763_jt8Vp_DnTzB99ULx1-HKlg_-37.72863803_144.96087658,1801-270-77.5234.png,77.5234
912_2CG0DElc3YVf-7yaMV4iDQ_48.95027868_9.12140725,1802-0-55.6697.png,55.6697
912_2CG0DElc3YVf-7yaMV4iDQ_48.95027868_9.12140725,1802-90-55.6697.png,55.6697
912_2CG0DElc3YVf-7yaMV4iDQ_48.95027868_9.12140725,1802-180-55.6697.png,55.6697
912_2CG0DElc3YVf-7yaMV4iDQ_48.95027868_9.12140725,1802-270-55.6697.png,55.6697
758_LDGMmA-APfIImzDN2yeyLA_-6.88212796_111.98801735,1803-0-61.84.png,61.84
758_LDGMmA-APfIImzDN2yeyLA_-6.88212796_111.98801735,1803-90-61.84.png,61.84
758_LDGMmA-APfIImzDN2yeyLA_-6.88212796_111.98801735,1803-180-61.84.png,61.84
758_LDGMmA-APfIImzDN2yeyLA_-6.88212796_111.98801735,1803-270-61.84.png,61.84
75_ydwFAzQVu5WvtX9AAH6aXA_67.27850372_14.37896090,1804-0-31.2263.png,31.2263
75_ydwFAzQVu5WvtX9AAH6aXA_67.27850372_14.37896090,1804-90-31.2263.png,31.2263
75_ydwFAzQVu5WvtX9AAH6aXA_67.27850372_14.37896090,1804-180-31.2263.png,31.2263
75_ydwFAzQVu5WvtX9AAH6aXA_67.27850372_14.37896090,1804-270-31.2263.png,31.2263
1704_V64rk-l1JCMI5qTJIYqO7w_37.40279123_-106.89781574,1805-0-49.0415.png,49.0415
1704_V64rk-l1JCMI5qTJIYqO7w_37.40279123_-106.89781574,1805-90-49.0415.png,49.0415
1704_V64rk-l1JCMI5qTJIYqO7w_37.40279123_-106.89781574,1805-180-49.0415.png,49.0415
1704_V64rk-l1JCMI5qTJIYqO7w_37.40279123_-106.89781574,1805-270-49.0415.png,49.0415
443_RD7GqqVH5BEJ4vBg1aAONw_35.78452988_-94.34218688,1806-0-17.8197.png,17.8197
443_RD7GqqVH5BEJ4vBg1aAONw_35.78452988_-94.34218688,1806-90-17.8197.png,17.8197
443_RD7GqqVH5BEJ4vBg1aAONw_35.78452988_-94.34218688,1806-180-17.8197.png,17.8197
443_RD7GqqVH5BEJ4vBg1aAONw_35.78452988_-94.34218688,1806-270-17.8197.png,17.8197
291_bHh-tgK6TkMVUlC1j5aYnw_32.09131147_-85.04124983,1807-0-57.9077.png,57.9077
291_bHh-tgK6TkMVUlC1j5aYnw_32.09131147_-85.04124983,1807-90-57.9077.png,57.9077
291_bHh-tgK6TkMVUlC1j5aYnw_32.09131147_-85.04124983,1807-180-57.9077.png,57.9077
291_bHh-tgK6TkMVUlC1j5aYnw_32.09131147_-85.04124983,1807-270-57.9077.png,57.9077
710_eGpi3LnfCQgXjkTzpTtwJQ_57.01111997_8.58236001,1808-0-49.654.png,49.654
710_eGpi3LnfCQgXjkTzpTtwJQ_57.01111997_8.58236001,1808-90-49.654.png,49.654
710_eGpi3LnfCQgXjkTzpTtwJQ_57.01111997_8.58236001,1808-180-49.654.png,49.654
710_eGpi3LnfCQgXjkTzpTtwJQ_57.01111997_8.58236001,1808-270-49.654.png,49.654
1099_WUZbSSjbFfS9XVWy5rYREA_61.37352763_21.99394113,1809-0-48.1036.png,48.1036
1099_WUZbSSjbFfS9XVWy5rYREA_61.37352763_21.99394113,1809-90-48.1036.png,48.1036
1099_WUZbSSjbFfS9XVWy5rYREA_61.37352763_21.99394113,1809-180-48.1036.png,48.1036
1099_WUZbSSjbFfS9XVWy5rYREA_61.37352763_21.99394113,1809-270-48.1036.png,48.1036
2_jY0JWc9JcfTjRkl-MBLtag_49.24131573_-124.80334546,1810-0-58.1363.png,58.1363
2_jY0JWc9JcfTjRkl-MBLtag_49.24131573_-124.80334546,1810-90-58.1363.png,58.1363
2_jY0JWc9JcfTjRkl-MBLtag_49.24131573_-124.80334546,1810-180-58.1363.png,58.1363
2_jY0JWc9JcfTjRkl-MBLtag_49.24131573_-124.80334546,1810-270-58.1363.png,58.1363
2052_g_XZ0KjJqMHALSpM6a4qdw_42.86164706_-8.90241124,1811-0-32.7593.png,32.7593
2052_g_XZ0KjJqMHALSpM6a4qdw_42.86164706_-8.90241124,1811-90-32.7593.png,32.7593
2052_g_XZ0KjJqMHALSpM6a4qdw_42.86164706_-8.90241124,1811-180-32.7593.png,32.7593
2052_g_XZ0KjJqMHALSpM6a4qdw_42.86164706_-8.90241124,1811-270-32.7593.png,32.7593
241_vapkpt5t5JUqI8ylFdGsFg_-37.13330275_174.61682405,1812-0-69.8863.png,69.8863
241_vapkpt5t5JUqI8ylFdGsFg_-37.13330275_174.61682405,1812-90-69.8863.png,69.8863
241_vapkpt5t5JUqI8ylFdGsFg_-37.13330275_174.61682405,1812-180-69.8863.png,69.8863
241_vapkpt5t5JUqI8ylFdGsFg_-37.13330275_174.61682405,1812-270-69.8863.png,69.8863
2343_wPX2T6MP6xVPE3lNj_3F3w_25.67941440_85.65600814,1813-0-36.9994.png,36.9994
2343_wPX2T6MP6xVPE3lNj_3F3w_25.67941440_85.65600814,1813-90-36.9994.png,36.9994
2343_wPX2T6MP6xVPE3lNj_3F3w_25.67941440_85.65600814,1813-180-36.9994.png,36.9994
2343_wPX2T6MP6xVPE3lNj_3F3w_25.67941440_85.65600814,1813-270-36.9994.png,36.9994
1473_GWtH-dQDFasduAcqsDXOtQ_-31.46682460_148.98334769,1814-0-60.949.png,60.949
1473_GWtH-dQDFasduAcqsDXOtQ_-31.46682460_148.98334769,1814-90-60.949.png,60.949
1473_GWtH-dQDFasduAcqsDXOtQ_-31.46682460_148.98334769,1814-180-60.949.png,60.949
1473_GWtH-dQDFasduAcqsDXOtQ_-31.46682460_148.98334769,1814-270-60.949.png,60.949
2610_WRfCWEVety8jgoQYG2igpg_-38.81947956_143.52416062,1815-0-51.2793.png,51.2793
2610_WRfCWEVety8jgoQYG2igpg_-38.81947956_143.52416062,1815-90-51.2793.png,51.2793
2610_WRfCWEVety8jgoQYG2igpg_-38.81947956_143.52416062,1815-180-51.2793.png,51.2793
2610_WRfCWEVety8jgoQYG2igpg_-38.81947956_143.52416062,1815-270-51.2793.png,51.2793
1061_EiDOmGAorTrOKBhUo5nUQg_53.88469495_11.65939521,1816-0-53.4576.png,53.4576
1061_EiDOmGAorTrOKBhUo5nUQg_53.88469495_11.65939521,1816-90-53.4576.png,53.4576
1061_EiDOmGAorTrOKBhUo5nUQg_53.88469495_11.65939521,1816-180-53.4576.png,53.4576
1061_EiDOmGAorTrOKBhUo5nUQg_53.88469495_11.65939521,1816-270-53.4576.png,53.4576
1352_NfBW_5ZHx4lEjHxckbVayw_44.57465656_2.27104268,1817-0-71.9148.png,71.9148
1352_NfBW_5ZHx4lEjHxckbVayw_44.57465656_2.27104268,1817-90-71.9148.png,71.9148
1352_NfBW_5ZHx4lEjHxckbVayw_44.57465656_2.27104268,1817-180-71.9148.png,71.9148
1352_NfBW_5ZHx4lEjHxckbVayw_44.57465656_2.27104268,1817-270-71.9148.png,71.9148
2336_fcWEdLPQZsuOVb5-zI8FIA_52.50978779_5.46813491,1818-0-36.313.png,36.313
2336_fcWEdLPQZsuOVb5-zI8FIA_52.50978779_5.46813491,1818-90-36.313.png,36.313
2336_fcWEdLPQZsuOVb5-zI8FIA_52.50978779_5.46813491,1818-180-36.313.png,36.313
2336_fcWEdLPQZsuOVb5-zI8FIA_52.50978779_5.46813491,1818-270-36.313.png,36.313
3331_4eo6oNPh1fYWgAwSh20pug_39.66706055_35.88284619,1819-0-57.7157.png,57.7157
3331_4eo6oNPh1fYWgAwSh20pug_39.66706055_35.88284619,1819-90-57.7157.png,57.7157
3331_4eo6oNPh1fYWgAwSh20pug_39.66706055_35.88284619,1819-180-57.7157.png,57.7157
3331_4eo6oNPh1fYWgAwSh20pug_39.66706055_35.88284619,1819-270-57.7157.png,57.7157
954_i86gQ55nWruapEz775QslQ_60.47773234_22.27399346,1820-0-63.6335.png,63.6335
954_i86gQ55nWruapEz775QslQ_60.47773234_22.27399346,1820-90-63.6335.png,63.6335
954_i86gQ55nWruapEz775QslQ_60.47773234_22.27399346,1820-180-63.6335.png,63.6335
954_i86gQ55nWruapEz775QslQ_60.47773234_22.27399346,1820-270-63.6335.png,63.6335
1116__2Fmp6KUuknVsvuu3DDIFw_35.80356758_139.58877041,1821-0-26.4814.png,26.4814
1116__2Fmp6KUuknVsvuu3DDIFw_35.80356758_139.58877041,1821-90-26.4814.png,26.4814
1116__2Fmp6KUuknVsvuu3DDIFw_35.80356758_139.58877041,1821-180-26.4814.png,26.4814
1116__2Fmp6KUuknVsvuu3DDIFw_35.80356758_139.58877041,1821-270-26.4814.png,26.4814
262_1nMz2Ktnkd2_eEJebGUmgg_-5.33418711_119.44510129,1822-0-81.8627.png,81.8627
262_1nMz2Ktnkd2_eEJebGUmgg_-5.33418711_119.44510129,1822-90-81.8627.png,81.8627
262_1nMz2Ktnkd2_eEJebGUmgg_-5.33418711_119.44510129,1822-180-81.8627.png,81.8627
262_1nMz2Ktnkd2_eEJebGUmgg_-5.33418711_119.44510129,1822-270-81.8627.png,81.8627
866_1b5ZZ5kBB4Wr-6JVzxggDQ_39.01358152_-9.41864532,1823-0-52.656.png,52.656
866_1b5ZZ5kBB4Wr-6JVzxggDQ_39.01358152_-9.41864532,1823-90-52.656.png,52.656
866_1b5ZZ5kBB4Wr-6JVzxggDQ_39.01358152_-9.41864532,1823-180-52.656.png,52.656
866_1b5ZZ5kBB4Wr-6JVzxggDQ_39.01358152_-9.41864532,1823-270-52.656.png,52.656
1333_-1Dqalw-9d35--P-5tQVGw_-33.69198829_136.27240027,1824-0-44.4889.png,44.4889
1333_-1Dqalw-9d35--P-5tQVGw_-33.69198829_136.27240027,1824-90-44.4889.png,44.4889
1333_-1Dqalw-9d35--P-5tQVGw_-33.69198829_136.27240027,1824-180-44.4889.png,44.4889
1333_-1Dqalw-9d35--P-5tQVGw_-33.69198829_136.27240027,1824-270-44.4889.png,44.4889
630_ME9yVRChPKXGlb2Z4F0VYQ_-31.95624836_141.44437007,1825-0-17.343.png,17.343
630_ME9yVRChPKXGlb2Z4F0VYQ_-31.95624836_141.44437007,1825-90-17.343.png,17.343
630_ME9yVRChPKXGlb2Z4F0VYQ_-31.95624836_141.44437007,1825-180-17.343.png,17.343
630_ME9yVRChPKXGlb2Z4F0VYQ_-31.95624836_141.44437007,1825-270-17.343.png,17.343
1941_1p1ImtQDaQauWHZJfA7kdQ_31.95767917_-102.06665315,1826-0-32.7916.png,32.7916
1941_1p1ImtQDaQauWHZJfA7kdQ_31.95767917_-102.06665315,1826-90-32.7916.png,32.7916
1941_1p1ImtQDaQauWHZJfA7kdQ_31.95767917_-102.06665315,1826-180-32.7916.png,32.7916
1941_1p1ImtQDaQauWHZJfA7kdQ_31.95767917_-102.06665315,1826-270-32.7916.png,32.7916
954_jQsehLSD6DT6XsfJP3YYQg_45.40169692_-71.89797744,1827-0-52.1993.png,52.1993
954_jQsehLSD6DT6XsfJP3YYQg_45.40169692_-71.89797744,1827-90-52.1993.png,52.1993
954_jQsehLSD6DT6XsfJP3YYQg_45.40169692_-71.89797744,1827-180-52.1993.png,52.1993
954_jQsehLSD6DT6XsfJP3YYQg_45.40169692_-71.89797744,1827-270-52.1993.png,52.1993
408_Tx_j5Miqfr4ogrSMqsIZpg_-32.89672286_151.70248321,1828-0-50.3085.png,50.3085
408_Tx_j5Miqfr4ogrSMqsIZpg_-32.89672286_151.70248321,1828-90-50.3085.png,50.3085
408_Tx_j5Miqfr4ogrSMqsIZpg_-32.89672286_151.70248321,1828-180-50.3085.png,50.3085
408_Tx_j5Miqfr4ogrSMqsIZpg_-32.89672286_151.70248321,1828-270-50.3085.png,50.3085
356_Nd_6cwZyyh1n_qSP-Gn8Gg_17.59709940_80.00240862,1829-0-54.6972.png,54.6972
356_Nd_6cwZyyh1n_qSP-Gn8Gg_17.59709940_80.00240862,1829-90-54.6972.png,54.6972
356_Nd_6cwZyyh1n_qSP-Gn8Gg_17.59709940_80.00240862,1829-180-54.6972.png,54.6972
356_Nd_6cwZyyh1n_qSP-Gn8Gg_17.59709940_80.00240862,1829-270-54.6972.png,54.6972
1419_j9z1y_je4My34FFaJs-Rww_38.08478641_13.41694147,1830-0-47.8916.png,47.8916
1419_j9z1y_je4My34FFaJs-Rww_38.08478641_13.41694147,1830-90-47.8916.png,47.8916
1419_j9z1y_je4My34FFaJs-Rww_38.08478641_13.41694147,1830-180-47.8916.png,47.8916
1419_j9z1y_je4My34FFaJs-Rww_38.08478641_13.41694147,1830-270-47.8916.png,47.8916
470_lte2xw_-pXIMoO8o_6_ONA_33.23482223_-99.70421078,1831-0-23.2045.png,23.2045
470_lte2xw_-pXIMoO8o_6_ONA_33.23482223_-99.70421078,1831-90-23.2045.png,23.2045
470_lte2xw_-pXIMoO8o_6_ONA_33.23482223_-99.70421078,1831-180-23.2045.png,23.2045
470_lte2xw_-pXIMoO8o_6_ONA_33.23482223_-99.70421078,1831-270-23.2045.png,23.2045
952_IwDXmywgSc-FbiRyvFJ1CQ_40.16204500_15.36539382,1832-0-73.2535.png,73.2535
952_IwDXmywgSc-FbiRyvFJ1CQ_40.16204500_15.36539382,1832-90-73.2535.png,73.2535
952_IwDXmywgSc-FbiRyvFJ1CQ_40.16204500_15.36539382,1832-180-73.2535.png,73.2535
952_IwDXmywgSc-FbiRyvFJ1CQ_40.16204500_15.36539382,1832-270-73.2535.png,73.2535
770_eXBhlpqrtrgrGvK3tYv5ag_48.72256946_10.83716971,1833-0-51.015.png,51.015
770_eXBhlpqrtrgrGvK3tYv5ag_48.72256946_10.83716971,1833-90-51.015.png,51.015
770_eXBhlpqrtrgrGvK3tYv5ag_48.72256946_10.83716971,1833-180-51.015.png,51.015
770_eXBhlpqrtrgrGvK3tYv5ag_48.72256946_10.83716971,1833-270-51.015.png,51.015
113_CsmOnE8AIyEiUP-p-nc44g_0.62615445_34.57959885,1834-0-58.3545.png,58.3545
113_CsmOnE8AIyEiUP-p-nc44g_0.62615445_34.57959885,1834-90-58.3545.png,58.3545
113_CsmOnE8AIyEiUP-p-nc44g_0.62615445_34.57959885,1834-180-58.3545.png,58.3545
113_CsmOnE8AIyEiUP-p-nc44g_0.62615445_34.57959885,1834-270-58.3545.png,58.3545
111_Cb_RDa9xcuRa6dS5m5I7aQ_48.69599416_-0.61543952,1835-0-18.5642.png,18.5642
111_Cb_RDa9xcuRa6dS5m5I7aQ_48.69599416_-0.61543952,1835-90-18.5642.png,18.5642
111_Cb_RDa9xcuRa6dS5m5I7aQ_48.69599416_-0.61543952,1835-180-18.5642.png,18.5642
111_Cb_RDa9xcuRa6dS5m5I7aQ_48.69599416_-0.61543952,1835-270-18.5642.png,18.5642
1056_DxUchrBiG3JxHh3MqNyEiA_32.44290970_-104.22095652,1836-0-25.7161.png,25.7161
1056_DxUchrBiG3JxHh3MqNyEiA_32.44290970_-104.22095652,1836-90-25.7161.png,25.7161
1056_DxUchrBiG3JxHh3MqNyEiA_32.44290970_-104.22095652,1836-180-25.7161.png,25.7161
1056_DxUchrBiG3JxHh3MqNyEiA_32.44290970_-104.22095652,1836-270-25.7161.png,25.7161
44_yy22x5LUvdOB_2vu06kR3g_23.99402399_120.66034079,1837-0-48.2753.png,48.2753
44_yy22x5LUvdOB_2vu06kR3g_23.99402399_120.66034079,1837-90-48.2753.png,48.2753
44_yy22x5LUvdOB_2vu06kR3g_23.99402399_120.66034079,1837-180-48.2753.png,48.2753
44_yy22x5LUvdOB_2vu06kR3g_23.99402399_120.66034079,1837-270-48.2753.png,48.2753
309_2fntyVOXLFg0lvRuw4lJYA_46.09787224_-118.91226317,1838-0-19.4514.png,19.4514
309_2fntyVOXLFg0lvRuw4lJYA_46.09787224_-118.91226317,1838-90-19.4514.png,19.4514
309_2fntyVOXLFg0lvRuw4lJYA_46.09787224_-118.91226317,1838-180-19.4514.png,19.4514
309_2fntyVOXLFg0lvRuw4lJYA_46.09787224_-118.91226317,1838-270-19.4514.png,19.4514
682_fwsWpaWz4TFt0lw1bZgtdA_19.48533316_-99.24205845,1839-0-70.6727.png,70.6727
682_fwsWpaWz4TFt0lw1bZgtdA_19.48533316_-99.24205845,1839-90-70.6727.png,70.6727
682_fwsWpaWz4TFt0lw1bZgtdA_19.48533316_-99.24205845,1839-180-70.6727.png,70.6727
682_fwsWpaWz4TFt0lw1bZgtdA_19.48533316_-99.24205845,1839-270-70.6727.png,70.6727
3038_AsrUpZ6_heHfZuDadOK6hQ_-12.17526381_-39.21173538,1840-0-21.3813.png,21.3813
3038_AsrUpZ6_heHfZuDadOK6hQ_-12.17526381_-39.21173538,1840-90-21.3813.png,21.3813
3038_AsrUpZ6_heHfZuDadOK6hQ_-12.17526381_-39.21173538,1840-180-21.3813.png,21.3813
3038_AsrUpZ6_heHfZuDadOK6hQ_-12.17526381_-39.21173538,1840-270-21.3813.png,21.3813
964_wpo0io0yH6Gx_-QNyhVCSg_47.74857734_10.97633063,1841-0-52.3291.png,52.3291
964_wpo0io0yH6Gx_-QNyhVCSg_47.74857734_10.97633063,1841-90-52.3291.png,52.3291
964_wpo0io0yH6Gx_-QNyhVCSg_47.74857734_10.97633063,1841-180-52.3291.png,52.3291
964_wpo0io0yH6Gx_-QNyhVCSg_47.74857734_10.97633063,1841-270-52.3291.png,52.3291
735_F7x_M8pUbbItrwVJhRUtRw_-30.24244544_30.78097207,1842-0-73.2372.png,73.2372
735_F7x_M8pUbbItrwVJhRUtRw_-30.24244544_30.78097207,1842-90-73.2372.png,73.2372
735_F7x_M8pUbbItrwVJhRUtRw_-30.24244544_30.78097207,1842-180-73.2372.png,73.2372
735_F7x_M8pUbbItrwVJhRUtRw_-30.24244544_30.78097207,1842-270-73.2372.png,73.2372
1776_H7AT-z7ZIFIxcxtUxolnyg_-7.23509343_111.02072554,1843-0-82.2835.png,82.2835
1776_H7AT-z7ZIFIxcxtUxolnyg_-7.23509343_111.02072554,1843-90-82.2835.png,82.2835
1776_H7AT-z7ZIFIxcxtUxolnyg_-7.23509343_111.02072554,1843-180-82.2835.png,82.2835
1776_H7AT-z7ZIFIxcxtUxolnyg_-7.23509343_111.02072554,1843-270-82.2835.png,82.2835
1884_QBD5GHRkzF8shXgR_m447g_43.73400583_7.41341292,1844-0-28.7805.png,28.7805
1884_QBD5GHRkzF8shXgR_m447g_43.73400583_7.41341292,1844-90-28.7805.png,28.7805
1884_QBD5GHRkzF8shXgR_m447g_43.73400583_7.41341292,1844-180-28.7805.png,28.7805
1884_QBD5GHRkzF8shXgR_m447g_43.73400583_7.41341292,1844-270-28.7805.png,28.7805
1483_2gMs5YyBaRlAUeLHRTWpeg_37.26883176_32.72857315,1845-0-54.5439.png,54.5439
1483_2gMs5YyBaRlAUeLHRTWpeg_37.26883176_32.72857315,1845-90-54.5439.png,54.5439
1483_2gMs5YyBaRlAUeLHRTWpeg_37.26883176_32.72857315,1845-180-54.5439.png,54.5439
1483_2gMs5YyBaRlAUeLHRTWpeg_37.26883176_32.72857315,1845-270-54.5439.png,54.5439
777_Djk3X6cZOS-8MGh75dJVCw_51.86111190_43.48450873,1846-0-47.4648.png,47.4648
777_Djk3X6cZOS-8MGh75dJVCw_51.86111190_43.48450873,1846-90-47.4648.png,47.4648
777_Djk3X6cZOS-8MGh75dJVCw_51.86111190_43.48450873,1846-180-47.4648.png,47.4648
777_Djk3X6cZOS-8MGh75dJVCw_51.86111190_43.48450873,1846-270-47.4648.png,47.4648
1668_ThXtCHvujcNlgg_K-1wrMw_-31.67028664_116.03100261,1847-0-62.1346.png,62.1346
1668_ThXtCHvujcNlgg_K-1wrMw_-31.67028664_116.03100261,1847-90-62.1346.png,62.1346
1668_ThXtCHvujcNlgg_K-1wrMw_-31.67028664_116.03100261,1847-180-62.1346.png,62.1346
1668_ThXtCHvujcNlgg_K-1wrMw_-31.67028664_116.03100261,1847-270-62.1346.png,62.1346
285_rDFT4Z0uxAUZy5GWGgHIuw_27.41468522_79.52670585,1848-0-37.3599.png,37.3599
285_rDFT4Z0uxAUZy5GWGgHIuw_27.41468522_79.52670585,1848-90-37.3599.png,37.3599
285_rDFT4Z0uxAUZy5GWGgHIuw_27.41468522_79.52670585,1848-180-37.3599.png,37.3599
285_rDFT4Z0uxAUZy5GWGgHIuw_27.41468522_79.52670585,1848-270-37.3599.png,37.3599
1055_jDNFY6cgmYDUA0vmb9tE1g_-33.30002031_26.49991633,1849-0-33.7657.png,33.7657
1055_jDNFY6cgmYDUA0vmb9tE1g_-33.30002031_26.49991633,1849-90-33.7657.png,33.7657
1055_jDNFY6cgmYDUA0vmb9tE1g_-33.30002031_26.49991633,1849-180-33.7657.png,33.7657
1055_jDNFY6cgmYDUA0vmb9tE1g_-33.30002031_26.49991633,1849-270-33.7657.png,33.7657
1602_3Is4meI96Yc-gPIdO9fJXA_25.85071682_76.21392460,1850-0-24.6508.png,24.6508
1602_3Is4meI96Yc-gPIdO9fJXA_25.85071682_76.21392460,1850-90-24.6508.png,24.6508
1602_3Is4meI96Yc-gPIdO9fJXA_25.85071682_76.21392460,1850-180-24.6508.png,24.6508
1602_3Is4meI96Yc-gPIdO9fJXA_25.85071682_76.21392460,1850-270-24.6508.png,24.6508
393_a79k-u2MoG2GeszOEvldnQ_48.92005909_9.80679454,1851-0-72.9201.png,72.9201
393_a79k-u2MoG2GeszOEvldnQ_48.92005909_9.80679454,1851-90-72.9201.png,72.9201
393_a79k-u2MoG2GeszOEvldnQ_48.92005909_9.80679454,1851-180-72.9201.png,72.9201
393_a79k-u2MoG2GeszOEvldnQ_48.92005909_9.80679454,1851-270-72.9201.png,72.9201
928_VoV47O6AL2B8sWO8_FhaOQ_-26.13318187_28.15026272,1852-0-35.1212.png,35.1212
928_VoV47O6AL2B8sWO8_FhaOQ_-26.13318187_28.15026272,1852-90-35.1212.png,35.1212
928_VoV47O6AL2B8sWO8_FhaOQ_-26.13318187_28.15026272,1852-180-35.1212.png,35.1212
928_VoV47O6AL2B8sWO8_FhaOQ_-26.13318187_28.15026272,1852-270-35.1212.png,35.1212
1363_gD2_WeOZFdIPBoXfcTB-Fw_-33.11187339_-64.34794098,1853-0-42.4318.png,42.4318
1363_gD2_WeOZFdIPBoXfcTB-Fw_-33.11187339_-64.34794098,1853-90-42.4318.png,42.4318
1363_gD2_WeOZFdIPBoXfcTB-Fw_-33.11187339_-64.34794098,1853-180-42.4318.png,42.4318
1363_gD2_WeOZFdIPBoXfcTB-Fw_-33.11187339_-64.34794098,1853-270-42.4318.png,42.4318
1271_1hgCIg_6ha5VFi7nYG1LDA_61.33865959_11.24992532,1854-0-37.747.png,37.747
1271_1hgCIg_6ha5VFi7nYG1LDA_61.33865959_11.24992532,1854-90-37.747.png,37.747
1271_1hgCIg_6ha5VFi7nYG1LDA_61.33865959_11.24992532,1854-180-37.747.png,37.747
1271_1hgCIg_6ha5VFi7nYG1LDA_61.33865959_11.24992532,1854-270-37.747.png,37.747
931_mHau9gMMGLwSMFT1PAEqsA_12.84342523_101.07259312,1855-0-28.2618.png,28.2618
931_mHau9gMMGLwSMFT1PAEqsA_12.84342523_101.07259312,1855-90-28.2618.png,28.2618
931_mHau9gMMGLwSMFT1PAEqsA_12.84342523_101.07259312,1855-180-28.2618.png,28.2618
931_mHau9gMMGLwSMFT1PAEqsA_12.84342523_101.07259312,1855-270-28.2618.png,28.2618
1692_BM-x1hAHy22ewH2CAa9ICA_43.32064138_-4.05416009,1856-0-48.8167.png,48.8167
1692_BM-x1hAHy22ewH2CAa9ICA_43.32064138_-4.05416009,1856-90-48.8167.png,48.8167
1692_BM-x1hAHy22ewH2CAa9ICA_43.32064138_-4.05416009,1856-180-48.8167.png,48.8167
1692_BM-x1hAHy22ewH2CAa9ICA_43.32064138_-4.05416009,1856-270-48.8167.png,48.8167
1614_2BVfOZ5Yg7GUW6RZ4CzvzA_62.98737497_21.96445007,1857-0-34.289.png,34.289
1614_2BVfOZ5Yg7GUW6RZ4CzvzA_62.98737497_21.96445007,1857-90-34.289.png,34.289
1614_2BVfOZ5Yg7GUW6RZ4CzvzA_62.98737497_21.96445007,1857-180-34.289.png,34.289
1614_2BVfOZ5Yg7GUW6RZ4CzvzA_62.98737497_21.96445007,1857-270-34.289.png,34.289
329_rL4V8351NBTY1Kw4hZ_6sg_47.01697422_19.03381006,1858-0-59.9107.png,59.9107
329_rL4V8351NBTY1Kw4hZ_6sg_47.01697422_19.03381006,1858-90-59.9107.png,59.9107
329_rL4V8351NBTY1Kw4hZ_6sg_47.01697422_19.03381006,1858-180-59.9107.png,59.9107
329_rL4V8351NBTY1Kw4hZ_6sg_47.01697422_19.03381006,1858-270-59.9107.png,59.9107
1780_P2Tuf2Y4iQn2TuX9WMyl9A_-0.55025515_34.80049093,1859-0-68.63.png,68.63
1780_P2Tuf2Y4iQn2TuX9WMyl9A_-0.55025515_34.80049093,1859-90-68.63.png,68.63
1780_P2Tuf2Y4iQn2TuX9WMyl9A_-0.55025515_34.80049093,1859-180-68.63.png,68.63
1780_P2Tuf2Y4iQn2TuX9WMyl9A_-0.55025515_34.80049093,1859-270-68.63.png,68.63
1203_-u6KX8pMt1WLL5JYkhDIYg_13.23953952_79.58837321,1860-0-18.715.png,18.715
1203_-u6KX8pMt1WLL5JYkhDIYg_13.23953952_79.58837321,1860-90-18.715.png,18.715
1203_-u6KX8pMt1WLL5JYkhDIYg_13.23953952_79.58837321,1860-180-18.715.png,18.715
1203_-u6KX8pMt1WLL5JYkhDIYg_13.23953952_79.58837321,1860-270-18.715.png,18.715
3425_9ewm1M5IxTFVYvqe3qHgcQ_49.88976318_-97.16069384,1861-0-46.1755.png,46.1755
3425_9ewm1M5IxTFVYvqe3qHgcQ_49.88976318_-97.16069384,1861-90-46.1755.png,46.1755
3425_9ewm1M5IxTFVYvqe3qHgcQ_49.88976318_-97.16069384,1861-180-46.1755.png,46.1755
3425_9ewm1M5IxTFVYvqe3qHgcQ_49.88976318_-97.16069384,1861-270-46.1755.png,46.1755
1182_09KLhbOMrzGDutq64pUOMA_-38.35822830_176.75016100,1862-0-77.8011.png,77.8011
1182_09KLhbOMrzGDutq64pUOMA_-38.35822830_176.75016100,1862-90-77.8011.png,77.8011
1182_09KLhbOMrzGDutq64pUOMA_-38.35822830_176.75016100,1862-180-77.8011.png,77.8011
1182_09KLhbOMrzGDutq64pUOMA_-38.35822830_176.75016100,1862-270-77.8011.png,77.8011
965_XE9nEDk38REhI0K8qmwXgA_27.34349196_81.29138079,1863-0-66.5088.png,66.5088
965_XE9nEDk38REhI0K8qmwXgA_27.34349196_81.29138079,1863-90-66.5088.png,66.5088
965_XE9nEDk38REhI0K8qmwXgA_27.34349196_81.29138079,1863-180-66.5088.png,66.5088
965_XE9nEDk38REhI0K8qmwXgA_27.34349196_81.29138079,1863-270-66.5088.png,66.5088
1381_hAwRPg8_muZX4k60lFJHaw_23.37970555_76.06920672,1864-0-58.1875.png,58.1875
1381_hAwRPg8_muZX4k60lFJHaw_23.37970555_76.06920672,1864-90-58.1875.png,58.1875
1381_hAwRPg8_muZX4k60lFJHaw_23.37970555_76.06920672,1864-180-58.1875.png,58.1875
1381_hAwRPg8_muZX4k60lFJHaw_23.37970555_76.06920672,1864-270-58.1875.png,58.1875
1727_qb4cLgU24tvANDhteFDJRA_41.38651274_2.17865578,1865-0-62.653.png,62.653
1727_qb4cLgU24tvANDhteFDJRA_41.38651274_2.17865578,1865-90-62.653.png,62.653
1727_qb4cLgU24tvANDhteFDJRA_41.38651274_2.17865578,1865-180-62.653.png,62.653
1727_qb4cLgU24tvANDhteFDJRA_41.38651274_2.17865578,1865-270-62.653.png,62.653
911_B0rLxLEhCWzhvVGUD61l6w_46.72786512_0.65410074,1866-0-30.1109.png,30.1109
911_B0rLxLEhCWzhvVGUD61l6w_46.72786512_0.65410074,1866-90-30.1109.png,30.1109
911_B0rLxLEhCWzhvVGUD61l6w_46.72786512_0.65410074,1866-180-30.1109.png,30.1109
911_B0rLxLEhCWzhvVGUD61l6w_46.72786512_0.65410074,1866-270-30.1109.png,30.1109
145_6h_P2oEiqoPVDtwOR2673w_46.13025856_-74.54786987,1867-0-34.8383.png,34.8383
145_6h_P2oEiqoPVDtwOR2673w_46.13025856_-74.54786987,1867-90-34.8383.png,34.8383
145_6h_P2oEiqoPVDtwOR2673w_46.13025856_-74.54786987,1867-180-34.8383.png,34.8383
145_6h_P2oEiqoPVDtwOR2673w_46.13025856_-74.54786987,1867-270-34.8383.png,34.8383
1180_p7xAxKZCmIFafR_SJkDHaw_35.14251940_-119.45663538,1868-0-70.1949.png,70.1949
1180_p7xAxKZCmIFafR_SJkDHaw_35.14251940_-119.45663538,1868-90-70.1949.png,70.1949
1180_p7xAxKZCmIFafR_SJkDHaw_35.14251940_-119.45663538,1868-180-70.1949.png,70.1949
1180_p7xAxKZCmIFafR_SJkDHaw_35.14251940_-119.45663538,1868-270-70.1949.png,70.1949
561_3-io60nPxL5nnUMhPtachw_52.31829467_11.09096070,1869-0-38.5288.png,38.5288
561_3-io60nPxL5nnUMhPtachw_52.31829467_11.09096070,1869-90-38.5288.png,38.5288
561_3-io60nPxL5nnUMhPtachw_52.31829467_11.09096070,1869-180-38.5288.png,38.5288
561_3-io60nPxL5nnUMhPtachw_52.31829467_11.09096070,1869-270-38.5288.png,38.5288
1180_XmUxvJezibTYoCGeYufoCw_60.22437640_17.70095044,1870-0-36.2655.png,36.2655
1180_XmUxvJezibTYoCGeYufoCw_60.22437640_17.70095044,1870-90-36.2655.png,36.2655
1180_XmUxvJezibTYoCGeYufoCw_60.22437640_17.70095044,1870-180-36.2655.png,36.2655
1180_XmUxvJezibTYoCGeYufoCw_60.22437640_17.70095044,1870-270-36.2655.png,36.2655
1443_gGaMWz_-S8PSxxXRpUbrKg_50.57430296_5.80707915,1871-0-14.9172.png,14.9172
1443_gGaMWz_-S8PSxxXRpUbrKg_50.57430296_5.80707915,1871-90-14.9172.png,14.9172
1443_gGaMWz_-S8PSxxXRpUbrKg_50.57430296_5.80707915,1871-180-14.9172.png,14.9172
1443_gGaMWz_-S8PSxxXRpUbrKg_50.57430296_5.80707915,1871-270-14.9172.png,14.9172
220_AWnnCgRjzN0NYR0UW0VoZQ_-19.93319202_-40.40590229,1872-0-34.584.png,34.584
220_AWnnCgRjzN0NYR0UW0VoZQ_-19.93319202_-40.40590229,1872-90-34.584.png,34.584
220_AWnnCgRjzN0NYR0UW0VoZQ_-19.93319202_-40.40590229,1872-180-34.584.png,34.584
220_AWnnCgRjzN0NYR0UW0VoZQ_-19.93319202_-40.40590229,1872-270-34.584.png,34.584
733_LV7hCAIIMHWUmpxf-2kgVQ_52.41653121_-6.56710055,1873-0-52.7767.png,52.7767
733_LV7hCAIIMHWUmpxf-2kgVQ_52.41653121_-6.56710055,1873-90-52.7767.png,52.7767
733_LV7hCAIIMHWUmpxf-2kgVQ_52.41653121_-6.56710055,1873-180-52.7767.png,52.7767
733_LV7hCAIIMHWUmpxf-2kgVQ_52.41653121_-6.56710055,1873-270-52.7767.png,52.7767
672_Iucrq0mxAOzBQa0gAUwHPA_-19.12925399_-40.55417307,1874-0-25.3491.png,25.3491
672_Iucrq0mxAOzBQa0gAUwHPA_-19.12925399_-40.55417307,1874-90-25.3491.png,25.3491
672_Iucrq0mxAOzBQa0gAUwHPA_-19.12925399_-40.55417307,1874-180-25.3491.png,25.3491
672_Iucrq0mxAOzBQa0gAUwHPA_-19.12925399_-40.55417307,1874-270-25.3491.png,25.3491
2734_Aa04bbQyGQu_6TWE4FHKyQ_18.02489032_74.53927796,1875-0-66.4598.png,66.4598
2734_Aa04bbQyGQu_6TWE4FHKyQ_18.02489032_74.53927796,1875-90-66.4598.png,66.4598
2734_Aa04bbQyGQu_6TWE4FHKyQ_18.02489032_74.53927796,1875-180-66.4598.png,66.4598
2734_Aa04bbQyGQu_6TWE4FHKyQ_18.02489032_74.53927796,1875-270-66.4598.png,66.4598
2780_KJvWan8UhZ9dbNMVfZmv_g_26.58424679_80.95614357,1876-0-49.2023.png,49.2023
2780_KJvWan8UhZ9dbNMVfZmv_g_26.58424679_80.95614357,1876-90-49.2023.png,49.2023
2780_KJvWan8UhZ9dbNMVfZmv_g_26.58424679_80.95614357,1876-180-49.2023.png,49.2023
2780_KJvWan8UhZ9dbNMVfZmv_g_26.58424679_80.95614357,1876-270-49.2023.png,49.2023
819_vs2je9pXvGUlxWFnSUadXA_54.62450933_-8.60073485,1877-0-73.5136.png,73.5136
819_vs2je9pXvGUlxWFnSUadXA_54.62450933_-8.60073485,1877-90-73.5136.png,73.5136
819_vs2je9pXvGUlxWFnSUadXA_54.62450933_-8.60073485,1877-180-73.5136.png,73.5136
819_vs2je9pXvGUlxWFnSUadXA_54.62450933_-8.60073485,1877-270-73.5136.png,73.5136
471_M8e5-2O03-WoF-PnZqGjbg_36.17118358_-86.30208094,1878-0-74.9649.png,74.9649
471_M8e5-2O03-WoF-PnZqGjbg_36.17118358_-86.30208094,1878-90-74.9649.png,74.9649
471_M8e5-2O03-WoF-PnZqGjbg_36.17118358_-86.30208094,1878-180-74.9649.png,74.9649
471_M8e5-2O03-WoF-PnZqGjbg_36.17118358_-86.30208094,1878-270-74.9649.png,74.9649
90_5WJcxArf5FBuMbimUCIGiA_-33.82740624_121.92818345,1879-0-37.3437.png,37.3437
90_5WJcxArf5FBuMbimUCIGiA_-33.82740624_121.92818345,1879-90-37.3437.png,37.3437
90_5WJcxArf5FBuMbimUCIGiA_-33.82740624_121.92818345,1879-180-37.3437.png,37.3437
90_5WJcxArf5FBuMbimUCIGiA_-33.82740624_121.92818345,1879-270-37.3437.png,37.3437
804_Gmekah679BKUvjlOwRLr-w_43.31973279_-73.66214350,1880-0-60.2865.png,60.2865
804_Gmekah679BKUvjlOwRLr-w_43.31973279_-73.66214350,1880-90-60.2865.png,60.2865
804_Gmekah679BKUvjlOwRLr-w_43.31973279_-73.66214350,1880-180-60.2865.png,60.2865
804_Gmekah679BKUvjlOwRLr-w_43.31973279_-73.66214350,1880-270-60.2865.png,60.2865
1238_ZM00_gBayWMxK8JcBB3SxA_34.48381764_-114.32257065,1881-0-22.6338.png,22.6338
1238_ZM00_gBayWMxK8JcBB3SxA_34.48381764_-114.32257065,1881-90-22.6338.png,22.6338
1238_ZM00_gBayWMxK8JcBB3SxA_34.48381764_-114.32257065,1881-180-22.6338.png,22.6338
1238_ZM00_gBayWMxK8JcBB3SxA_34.48381764_-114.32257065,1881-270-22.6338.png,22.6338
674_PVxr3a70JqdqELU-1925Yw_22.61920537_75.76981334,1882-0-43.8535.png,43.8535
674_PVxr3a70JqdqELU-1925Yw_22.61920537_75.76981334,1882-90-43.8535.png,43.8535
674_PVxr3a70JqdqELU-1925Yw_22.61920537_75.76981334,1882-180-43.8535.png,43.8535
674_PVxr3a70JqdqELU-1925Yw_22.61920537_75.76981334,1882-270-43.8535.png,43.8535
1125_eMkHu14HeRwkh5kBLV9Qgg_-33.97347855_25.62041721,1883-0-17.8135.png,17.8135
1125_eMkHu14HeRwkh5kBLV9Qgg_-33.97347855_25.62041721,1883-90-17.8135.png,17.8135
1125_eMkHu14HeRwkh5kBLV9Qgg_-33.97347855_25.62041721,1883-180-17.8135.png,17.8135
1125_eMkHu14HeRwkh5kBLV9Qgg_-33.97347855_25.62041721,1883-270-17.8135.png,17.8135
3364_92i2dojSJIDV-Z-7kyg5DA_-4.47050330_105.08256169,1884-0-85.6708.png,85.6708
3364_92i2dojSJIDV-Z-7kyg5DA_-4.47050330_105.08256169,1884-90-85.6708.png,85.6708
3364_92i2dojSJIDV-Z-7kyg5DA_-4.47050330_105.08256169,1884-180-85.6708.png,85.6708
3364_92i2dojSJIDV-Z-7kyg5DA_-4.47050330_105.08256169,1884-270-85.6708.png,85.6708
409_57iBv3BepVU9GBgkYlVA6Q_39.70082474_-0.92625410,1885-0-27.0103.png,27.0103
409_57iBv3BepVU9GBgkYlVA6Q_39.70082474_-0.92625410,1885-90-27.0103.png,27.0103
409_57iBv3BepVU9GBgkYlVA6Q_39.70082474_-0.92625410,1885-180-27.0103.png,27.0103
409_57iBv3BepVU9GBgkYlVA6Q_39.70082474_-0.92625410,1885-270-27.0103.png,27.0103
191_gmSWs05vN8DzxXiayJTjsw_27.75395864_-15.58024781,1886-0-26.9714.png,26.9714
191_gmSWs05vN8DzxXiayJTjsw_27.75395864_-15.58024781,1886-90-26.9714.png,26.9714
191_gmSWs05vN8DzxXiayJTjsw_27.75395864_-15.58024781,1886-180-26.9714.png,26.9714
191_gmSWs05vN8DzxXiayJTjsw_27.75395864_-15.58024781,1886-270-26.9714.png,26.9714
40_ZnUbrJyf6hYy4lsf1yQS_Q_-17.94427486_-47.46477675,1887-0-79.9225.png,79.9225
40_ZnUbrJyf6hYy4lsf1yQS_Q_-17.94427486_-47.46477675,1887-90-79.9225.png,79.9225
40_ZnUbrJyf6hYy4lsf1yQS_Q_-17.94427486_-47.46477675,1887-180-79.9225.png,79.9225
40_ZnUbrJyf6hYy4lsf1yQS_Q_-17.94427486_-47.46477675,1887-270-79.9225.png,79.9225
77_ZJS7wmg6XeG6p6saXzY9xw_54.75423133_-6.60942269,1888-0-45.4628.png,45.4628
77_ZJS7wmg6XeG6p6saXzY9xw_54.75423133_-6.60942269,1888-90-45.4628.png,45.4628
77_ZJS7wmg6XeG6p6saXzY9xw_54.75423133_-6.60942269,1888-180-45.4628.png,45.4628
77_ZJS7wmg6XeG6p6saXzY9xw_54.75423133_-6.60942269,1888-270-45.4628.png,45.4628
2170_FZ4BxBAXd7N9hHQ46CGEoQ_40.96079991_-102.38838829,1889-0-47.1651.png,47.1651
2170_FZ4BxBAXd7N9hHQ46CGEoQ_40.96079991_-102.38838829,1889-90-47.1651.png,47.1651
2170_FZ4BxBAXd7N9hHQ46CGEoQ_40.96079991_-102.38838829,1889-180-47.1651.png,47.1651
2170_FZ4BxBAXd7N9hHQ46CGEoQ_40.96079991_-102.38838829,1889-270-47.1651.png,47.1651
580_AshTFtvAmv7OoY5cE9mhug_41.53750247_-74.41995062,1890-0-46.6987.png,46.6987
580_AshTFtvAmv7OoY5cE9mhug_41.53750247_-74.41995062,1890-90-46.6987.png,46.6987
580_AshTFtvAmv7OoY5cE9mhug_41.53750247_-74.41995062,1890-180-46.6987.png,46.6987
580_AshTFtvAmv7OoY5cE9mhug_41.53750247_-74.41995062,1890-270-46.6987.png,46.6987
394_7nyOV9f2JwK7HJgDvM55YA_41.28795552_-99.38250249,1891-0-71.6593.png,71.6593
394_7nyOV9f2JwK7HJgDvM55YA_41.28795552_-99.38250249,1891-90-71.6593.png,71.6593
394_7nyOV9f2JwK7HJgDvM55YA_41.28795552_-99.38250249,1891-180-71.6593.png,71.6593
394_7nyOV9f2JwK7HJgDvM55YA_41.28795552_-99.38250249,1891-270-71.6593.png,71.6593
2262_V8iP89wzQlV1ZFYwvzOSGg_31.93204639_-87.69142941,1892-0-65.4255.png,65.4255
2262_V8iP89wzQlV1ZFYwvzOSGg_31.93204639_-87.69142941,1892-90-65.4255.png,65.4255
2262_V8iP89wzQlV1ZFYwvzOSGg_31.93204639_-87.69142941,1892-180-65.4255.png,65.4255
2262_V8iP89wzQlV1ZFYwvzOSGg_31.93204639_-87.69142941,1892-270-65.4255.png,65.4255
2289_lfJms7hOTxc4zboFw5LjpQ_37.65146445_-80.75428982,1893-0-77.854.png,77.854
2289_lfJms7hOTxc4zboFw5LjpQ_37.65146445_-80.75428982,1893-90-77.854.png,77.854
2289_lfJms7hOTxc4zboFw5LjpQ_37.65146445_-80.75428982,1893-180-77.854.png,77.854
2289_lfJms7hOTxc4zboFw5LjpQ_37.65146445_-80.75428982,1893-270-77.854.png,77.854
1749_GiWz8P2VmORtgPiIgvmtow_37.59253796_-121.95610926,1894-0-50.8753.png,50.8753
1749_GiWz8P2VmORtgPiIgvmtow_37.59253796_-121.95610926,1894-90-50.8753.png,50.8753
1749_GiWz8P2VmORtgPiIgvmtow_37.59253796_-121.95610926,1894-180-50.8753.png,50.8753
1749_GiWz8P2VmORtgPiIgvmtow_37.59253796_-121.95610926,1894-270-50.8753.png,50.8753
353_6b0le8yuCj9E0ANLFxSAUw_8.78343945_-82.43285271,1895-0-58.6165.png,58.6165
353_6b0le8yuCj9E0ANLFxSAUw_8.78343945_-82.43285271,1895-90-58.6165.png,58.6165
353_6b0le8yuCj9E0ANLFxSAUw_8.78343945_-82.43285271,1895-180-58.6165.png,58.6165
353_6b0le8yuCj9E0ANLFxSAUw_8.78343945_-82.43285271,1895-270-58.6165.png,58.6165
2403_O2tQjYPnb1c49cqkDityeg_59.46566620_17.82905294,1896-0-40.4117.png,40.4117
2403_O2tQjYPnb1c49cqkDityeg_59.46566620_17.82905294,1896-90-40.4117.png,40.4117
2403_O2tQjYPnb1c49cqkDityeg_59.46566620_17.82905294,1896-180-40.4117.png,40.4117
2403_O2tQjYPnb1c49cqkDityeg_59.46566620_17.82905294,1896-270-40.4117.png,40.4117
2081_szVqB4g1HZcKTKdq5mtudg_-41.13300198_175.04979921,1897-0-45.5852.png,45.5852
2081_szVqB4g1HZcKTKdq5mtudg_-41.13300198_175.04979921,1897-90-45.5852.png,45.5852
2081_szVqB4g1HZcKTKdq5mtudg_-41.13300198_175.04979921,1897-180-45.5852.png,45.5852
2081_szVqB4g1HZcKTKdq5mtudg_-41.13300198_175.04979921,1897-270-45.5852.png,45.5852
1438_R513CL0E2mm4yiKtIJTaNw_47.55329365_16.44949210,1898-0-86.9686.png,86.9686
1438_R513CL0E2mm4yiKtIJTaNw_47.55329365_16.44949210,1898-90-86.9686.png,86.9686
1438_R513CL0E2mm4yiKtIJTaNw_47.55329365_16.44949210,1898-180-86.9686.png,86.9686
1438_R513CL0E2mm4yiKtIJTaNw_47.55329365_16.44949210,1898-270-86.9686.png,86.9686
504_UeXYV_ejTbi5ndIVfijdZA_46.17237275_-91.90272938,1899-0-28.6262.png,28.6262
504_UeXYV_ejTbi5ndIVfijdZA_46.17237275_-91.90272938,1899-90-28.6262.png,28.6262
504_UeXYV_ejTbi5ndIVfijdZA_46.17237275_-91.90272938,1899-180-28.6262.png,28.6262
504_UeXYV_ejTbi5ndIVfijdZA_46.17237275_-91.90272938,1899-270-28.6262.png,28.6262
835_9PbvE69CQM1cZy1k-3YBfg_62.59635627_9.56300629,1900-0-30.3484.png,30.3484
835_9PbvE69CQM1cZy1k-3YBfg_62.59635627_9.56300629,1900-90-30.3484.png,30.3484
835_9PbvE69CQM1cZy1k-3YBfg_62.59635627_9.56300629,1900-180-30.3484.png,30.3484
835_9PbvE69CQM1cZy1k-3YBfg_62.59635627_9.56300629,1900-270-30.3484.png,30.3484
575_EEnnXgYEUCTCq-MlEFc61A_61.13800850_28.81850749,1901-0-41.5108.png,41.5108
575_EEnnXgYEUCTCq-MlEFc61A_61.13800850_28.81850749,1901-90-41.5108.png,41.5108
575_EEnnXgYEUCTCq-MlEFc61A_61.13800850_28.81850749,1901-180-41.5108.png,41.5108
575_EEnnXgYEUCTCq-MlEFc61A_61.13800850_28.81850749,1901-270-41.5108.png,41.5108
1888_6s7K72nj6hCAyIGK1hQqkQ_40.97759670_27.50800979,1902-0-32.0883.png,32.0883
1888_6s7K72nj6hCAyIGK1hQqkQ_40.97759670_27.50800979,1902-90-32.0883.png,32.0883
1888_6s7K72nj6hCAyIGK1hQqkQ_40.97759670_27.50800979,1902-180-32.0883.png,32.0883
1888_6s7K72nj6hCAyIGK1hQqkQ_40.97759670_27.50800979,1902-270-32.0883.png,32.0883
1434_A_UUg9X_0DFXkfYY24urlw_-38.15014517_176.28358345,1903-0-21.4678.png,21.4678
1434_A_UUg9X_0DFXkfYY24urlw_-38.15014517_176.28358345,1903-90-21.4678.png,21.4678
1434_A_UUg9X_0DFXkfYY24urlw_-38.15014517_176.28358345,1903-180-21.4678.png,21.4678
1434_A_UUg9X_0DFXkfYY24urlw_-38.15014517_176.28358345,1903-270-21.4678.png,21.4678
470_sgw_LSMLkRna2BukZEL4Zg_41.05496224_40.71535795,1904-0-22.8344.png,22.8344
470_sgw_LSMLkRna2BukZEL4Zg_41.05496224_40.71535795,1904-90-22.8344.png,22.8344
470_sgw_LSMLkRna2BukZEL4Zg_41.05496224_40.71535795,1904-180-22.8344.png,22.8344
470_sgw_LSMLkRna2BukZEL4Zg_41.05496224_40.71535795,1904-270-22.8344.png,22.8344
1014_nS_lE-Ll8A-JqcFO1PxKPw_43.35650806_-3.01119126,1905-0-47.1155.png,47.1155
1014_nS_lE-Ll8A-JqcFO1PxKPw_43.35650806_-3.01119126,1905-90-47.1155.png,47.1155
1014_nS_lE-Ll8A-JqcFO1PxKPw_43.35650806_-3.01119126,1905-180-47.1155.png,47.1155
1014_nS_lE-Ll8A-JqcFO1PxKPw_43.35650806_-3.01119126,1905-270-47.1155.png,47.1155
662_tXGbesVDbP_CpRv9RqjCcA_37.78716965_126.81905735,1906-0-22.3672.png,22.3672
662_tXGbesVDbP_CpRv9RqjCcA_37.78716965_126.81905735,1906-90-22.3672.png,22.3672
662_tXGbesVDbP_CpRv9RqjCcA_37.78716965_126.81905735,1906-180-22.3672.png,22.3672
662_tXGbesVDbP_CpRv9RqjCcA_37.78716965_126.81905735,1906-270-22.3672.png,22.3672
768_zWQsVtC-CyDb08ZCKZHclg_37.34885085_-120.97957218,1907-0-47.6549.png,47.6549
768_zWQsVtC-CyDb08ZCKZHclg_37.34885085_-120.97957218,1907-90-47.6549.png,47.6549
768_zWQsVtC-CyDb08ZCKZHclg_37.34885085_-120.97957218,1907-180-47.6549.png,47.6549
768_zWQsVtC-CyDb08ZCKZHclg_37.34885085_-120.97957218,1907-270-47.6549.png,47.6549
104__Km5hyh3aPiTi8rayfG83Q_13.76075839_76.34866136,1908-0-43.4354.png,43.4354
104__Km5hyh3aPiTi8rayfG83Q_13.76075839_76.34866136,1908-90-43.4354.png,43.4354
104__Km5hyh3aPiTi8rayfG83Q_13.76075839_76.34866136,1908-180-43.4354.png,43.4354
104__Km5hyh3aPiTi8rayfG83Q_13.76075839_76.34866136,1908-270-43.4354.png,43.4354
1786_4MdGF6NLf4BsrZTJ_DMwwg_-6.27599513_106.25066679,1909-0-48.1788.png,48.1788
1786_4MdGF6NLf4BsrZTJ_DMwwg_-6.27599513_106.25066679,1909-90-48.1788.png,48.1788
1786_4MdGF6NLf4BsrZTJ_DMwwg_-6.27599513_106.25066679,1909-180-48.1788.png,48.1788
1786_4MdGF6NLf4BsrZTJ_DMwwg_-6.27599513_106.25066679,1909-270-48.1788.png,48.1788
1079_7jgLrcELfSuuZ5Mt9582BQ_-4.46696532_39.48338738,1910-0-72.0296.png,72.0296
1079_7jgLrcELfSuuZ5Mt9582BQ_-4.46696532_39.48338738,1910-90-72.0296.png,72.0296
1079_7jgLrcELfSuuZ5Mt9582BQ_-4.46696532_39.48338738,1910-180-72.0296.png,72.0296
1079_7jgLrcELfSuuZ5Mt9582BQ_-4.46696532_39.48338738,1910-270-72.0296.png,72.0296
2647_9pvXzj1LjoKLL4hfVVqFNg_38.57595433_-75.06053995,1911-0-57.331.png,57.331
2647_9pvXzj1LjoKLL4hfVVqFNg_38.57595433_-75.06053995,1911-90-57.331.png,57.331
2647_9pvXzj1LjoKLL4hfVVqFNg_38.57595433_-75.06053995,1911-180-57.331.png,57.331
2647_9pvXzj1LjoKLL4hfVVqFNg_38.57595433_-75.06053995,1911-270-57.331.png,57.331
721_gKM4aLVnZdpOL6QHm1dZiA_40.58491695_-74.30385523,1912-0-57.8406.png,57.8406
721_gKM4aLVnZdpOL6QHm1dZiA_40.58491695_-74.30385523,1912-90-57.8406.png,57.8406
721_gKM4aLVnZdpOL6QHm1dZiA_40.58491695_-74.30385523,1912-180-57.8406.png,57.8406
721_gKM4aLVnZdpOL6QHm1dZiA_40.58491695_-74.30385523,1912-270-57.8406.png,57.8406
3400_dgmqwTTAzp48SDvjNRTH8Q_-10.80364131_123.00042531,1913-0-60.7149.png,60.7149
3400_dgmqwTTAzp48SDvjNRTH8Q_-10.80364131_123.00042531,1913-90-60.7149.png,60.7149
3400_dgmqwTTAzp48SDvjNRTH8Q_-10.80364131_123.00042531,1913-180-60.7149.png,60.7149
3400_dgmqwTTAzp48SDvjNRTH8Q_-10.80364131_123.00042531,1913-270-60.7149.png,60.7149
1021_X7TPlfRli1C8u91Z8e5k4A_20.97420611_82.38349811,1914-0-40.3385.png,40.3385
1021_X7TPlfRli1C8u91Z8e5k4A_20.97420611_82.38349811,1914-90-40.3385.png,40.3385
1021_X7TPlfRli1C8u91Z8e5k4A_20.97420611_82.38349811,1914-180-40.3385.png,40.3385
1021_X7TPlfRli1C8u91Z8e5k4A_20.97420611_82.38349811,1914-270-40.3385.png,40.3385
262_wWleiONIy4SQt_c1DehGtA_40.15399772_-8.86561302,1915-0-61.0772.png,61.0772
262_wWleiONIy4SQt_c1DehGtA_40.15399772_-8.86561302,1915-90-61.0772.png,61.0772
262_wWleiONIy4SQt_c1DehGtA_40.15399772_-8.86561302,1915-180-61.0772.png,61.0772
262_wWleiONIy4SQt_c1DehGtA_40.15399772_-8.86561302,1915-270-61.0772.png,61.0772
1461_ruMLUWNZXzWXwUnITs1dig_33.51308387_-117.32730177,1916-0-17.0754.png,17.0754
1461_ruMLUWNZXzWXwUnITs1dig_33.51308387_-117.32730177,1916-90-17.0754.png,17.0754
1461_ruMLUWNZXzWXwUnITs1dig_33.51308387_-117.32730177,1916-180-17.0754.png,17.0754
1461_ruMLUWNZXzWXwUnITs1dig_33.51308387_-117.32730177,1916-270-17.0754.png,17.0754
402_hkRXZX7fNiqMQqZyd3XpWQ_47.48388690_18.63300987,1917-0-57.4404.png,57.4404
402_hkRXZX7fNiqMQqZyd3XpWQ_47.48388690_18.63300987,1917-90-57.4404.png,57.4404
402_hkRXZX7fNiqMQqZyd3XpWQ_47.48388690_18.63300987,1917-180-57.4404.png,57.4404
402_hkRXZX7fNiqMQqZyd3XpWQ_47.48388690_18.63300987,1917-270-57.4404.png,57.4404
425_hKEmJY-l-BKyHg4pzEAlXQ_-23.59726954_-48.31545359,1918-0-75.5395.png,75.5395
425_hKEmJY-l-BKyHg4pzEAlXQ_-23.59726954_-48.31545359,1918-90-75.5395.png,75.5395
425_hKEmJY-l-BKyHg4pzEAlXQ_-23.59726954_-48.31545359,1918-180-75.5395.png,75.5395
425_hKEmJY-l-BKyHg4pzEAlXQ_-23.59726954_-48.31545359,1918-270-75.5395.png,75.5395
2026_wOz3FzS_i3xFSlxzT1pqeg_20.07675131_77.63406047,1919-0-30.431.png,30.431
2026_wOz3FzS_i3xFSlxzT1pqeg_20.07675131_77.63406047,1919-90-30.431.png,30.431
2026_wOz3FzS_i3xFSlxzT1pqeg_20.07675131_77.63406047,1919-180-30.431.png,30.431
2026_wOz3FzS_i3xFSlxzT1pqeg_20.07675131_77.63406047,1919-270-30.431.png,30.431
3053_GkHlTTjgOBz1zRzZNwlhWA_30.66363835_74.24210940,1920-0-58.2371.png,58.2371
3053_GkHlTTjgOBz1zRzZNwlhWA_30.66363835_74.24210940,1920-90-58.2371.png,58.2371
3053_GkHlTTjgOBz1zRzZNwlhWA_30.66363835_74.24210940,1920-180-58.2371.png,58.2371
3053_GkHlTTjgOBz1zRzZNwlhWA_30.66363835_74.24210940,1920-270-58.2371.png,58.2371
1532_RNY0gqh-G-bBlLmOQV3VAw_61.86698066_34.15024756,1921-0-11.2665.png,11.2665
1532_RNY0gqh-G-bBlLmOQV3VAw_61.86698066_34.15024756,1921-90-11.2665.png,11.2665
1532_RNY0gqh-G-bBlLmOQV3VAw_61.86698066_34.15024756,1921-180-11.2665.png,11.2665
1532_RNY0gqh-G-bBlLmOQV3VAw_61.86698066_34.15024756,1921-270-11.2665.png,11.2665
726_7rvHuAvF2ol0iettZ9SMIg_45.91702441_1.01730262,1922-0-35.8347.png,35.8347
726_7rvHuAvF2ol0iettZ9SMIg_45.91702441_1.01730262,1922-90-35.8347.png,35.8347
726_7rvHuAvF2ol0iettZ9SMIg_45.91702441_1.01730262,1922-180-35.8347.png,35.8347
726_7rvHuAvF2ol0iettZ9SMIg_45.91702441_1.01730262,1922-270-35.8347.png,35.8347
522_NQxjjo70Gba22Fq1KV1FwA_35.06171221_-108.84341109,1923-0-63.4313.png,63.4313
522_NQxjjo70Gba22Fq1KV1FwA_35.06171221_-108.84341109,1923-90-63.4313.png,63.4313
522_NQxjjo70Gba22Fq1KV1FwA_35.06171221_-108.84341109,1923-180-63.4313.png,63.4313
522_NQxjjo70Gba22Fq1KV1FwA_35.06171221_-108.84341109,1923-270-63.4313.png,63.4313
2516_Ap8AZRnB6I5pYUjCInXHYA_28.08659181_-82.52081233,1924-0-24.496.png,24.496
2516_Ap8AZRnB6I5pYUjCInXHYA_28.08659181_-82.52081233,1924-90-24.496.png,24.496
2516_Ap8AZRnB6I5pYUjCInXHYA_28.08659181_-82.52081233,1924-180-24.496.png,24.496
2516_Ap8AZRnB6I5pYUjCInXHYA_28.08659181_-82.52081233,1924-270-24.496.png,24.496
2067_PvhxTClsjlaj9PHy-E6zeQ_50.63368657_3.06320604,1925-0-71.37.png,71.37
2067_PvhxTClsjlaj9PHy-E6zeQ_50.63368657_3.06320604,1925-90-71.37.png,71.37
2067_PvhxTClsjlaj9PHy-E6zeQ_50.63368657_3.06320604,1925-180-71.37.png,71.37
2067_PvhxTClsjlaj9PHy-E6zeQ_50.63368657_3.06320604,1925-270-71.37.png,71.37
219_2ETG_BTGyn8BhIFAlx8g2g_-36.99711487_-73.15800422,1926-0-58.5599.png,58.5599
219_2ETG_BTGyn8BhIFAlx8g2g_-36.99711487_-73.15800422,1926-90-58.5599.png,58.5599
219_2ETG_BTGyn8BhIFAlx8g2g_-36.99711487_-73.15800422,1926-180-58.5599.png,58.5599
219_2ETG_BTGyn8BhIFAlx8g2g_-36.99711487_-73.15800422,1926-270-58.5599.png,58.5599
2757_yJO-mUuv77FNcedLCbUJqg_19.03669566_73.01540968,1927-0-50.0828.png,50.0828
2757_yJO-mUuv77FNcedLCbUJqg_19.03669566_73.01540968,1927-90-50.0828.png,50.0828
2757_yJO-mUuv77FNcedLCbUJqg_19.03669566_73.01540968,1927-180-50.0828.png,50.0828
2757_yJO-mUuv77FNcedLCbUJqg_19.03669566_73.01540968,1927-270-50.0828.png,50.0828
574_GTtneBxfLkbF-7qKhYPxxA_64.58307318_18.68340995,1928-0-39.451.png,39.451
574_GTtneBxfLkbF-7qKhYPxxA_64.58307318_18.68340995,1928-90-39.451.png,39.451
574_GTtneBxfLkbF-7qKhYPxxA_64.58307318_18.68340995,1928-180-39.451.png,39.451
574_GTtneBxfLkbF-7qKhYPxxA_64.58307318_18.68340995,1928-270-39.451.png,39.451
1209_ocxZptpV-rC7purrKEQeEw_46.53090695_3.31630801,1929-0-31.3879.png,31.3879
1209_ocxZptpV-rC7purrKEQeEw_46.53090695_3.31630801,1929-90-31.3879.png,31.3879
1209_ocxZptpV-rC7purrKEQeEw_46.53090695_3.31630801,1929-180-31.3879.png,31.3879
1209_ocxZptpV-rC7purrKEQeEw_46.53090695_3.31630801,1929-270-31.3879.png,31.3879
251_m5bD6RzdrMF1leWsmPSQIg_50.85000389_5.69944262,1930-0-56.6095.png,56.6095
251_m5bD6RzdrMF1leWsmPSQIg_50.85000389_5.69944262,1930-90-56.6095.png,56.6095
251_m5bD6RzdrMF1leWsmPSQIg_50.85000389_5.69944262,1930-180-56.6095.png,56.6095
251_m5bD6RzdrMF1leWsmPSQIg_50.85000389_5.69944262,1930-270-56.6095.png,56.6095
888_LcV1y6p3phOYlmZr6BpPwg_32.59344107_-85.82895964,1931-0-74.908.png,74.908
888_LcV1y6p3phOYlmZr6BpPwg_32.59344107_-85.82895964,1931-90-74.908.png,74.908
888_LcV1y6p3phOYlmZr6BpPwg_32.59344107_-85.82895964,1931-180-74.908.png,74.908
888_LcV1y6p3phOYlmZr6BpPwg_32.59344107_-85.82895964,1931-270-74.908.png,74.908
574_j6ZUHFVNRxb5NwzQcsh6fQ_46.05356718_5.79793018,1932-0-36.8258.png,36.8258
574_j6ZUHFVNRxb5NwzQcsh6fQ_46.05356718_5.79793018,1932-90-36.8258.png,36.8258
574_j6ZUHFVNRxb5NwzQcsh6fQ_46.05356718_5.79793018,1932-180-36.8258.png,36.8258
574_j6ZUHFVNRxb5NwzQcsh6fQ_46.05356718_5.79793018,1932-270-36.8258.png,36.8258
1548_3x6n66eBBu6LQ-Y2rgl9lw_11.89950938_104.99087612,1933-0-41.1534.png,41.1534
1548_3x6n66eBBu6LQ-Y2rgl9lw_11.89950938_104.99087612,1933-90-41.1534.png,41.1534
1548_3x6n66eBBu6LQ-Y2rgl9lw_11.89950938_104.99087612,1933-180-41.1534.png,41.1534
1548_3x6n66eBBu6LQ-Y2rgl9lw_11.89950938_104.99087612,1933-270-41.1534.png,41.1534
389_h9xoYff0WVx4L9fv5dnkUw_49.61406733_15.41113662,1934-0-37.9548.png,37.9548
389_h9xoYff0WVx4L9fv5dnkUw_49.61406733_15.41113662,1934-90-37.9548.png,37.9548
389_h9xoYff0WVx4L9fv5dnkUw_49.61406733_15.41113662,1934-180-37.9548.png,37.9548
389_h9xoYff0WVx4L9fv5dnkUw_49.61406733_15.41113662,1934-270-37.9548.png,37.9548
1117_6D7v9B7qbadw1Wa4_hELXw_14.86373229_103.53041649,1935-0-49.033.png,49.033
1117_6D7v9B7qbadw1Wa4_hELXw_14.86373229_103.53041649,1935-90-49.033.png,49.033
1117_6D7v9B7qbadw1Wa4_hELXw_14.86373229_103.53041649,1935-180-49.033.png,49.033
1117_6D7v9B7qbadw1Wa4_hELXw_14.86373229_103.53041649,1935-270-49.033.png,49.033
736_zXDJ6bTMRGmcNvW90bHq_g_46.89763681_-96.80329070,1936-0-16.4202.png,16.4202
736_zXDJ6bTMRGmcNvW90bHq_g_46.89763681_-96.80329070,1936-90-16.4202.png,16.4202
736_zXDJ6bTMRGmcNvW90bHq_g_46.89763681_-96.80329070,1936-180-16.4202.png,16.4202
736_zXDJ6bTMRGmcNvW90bHq_g_46.89763681_-96.80329070,1936-270-16.4202.png,16.4202
361_AAIIiy_UxHiJSBjFUWmZSA_44.18347547_25.76655437,1937-0-59.3178.png,59.3178
361_AAIIiy_UxHiJSBjFUWmZSA_44.18347547_25.76655437,1937-90-59.3178.png,59.3178
361_AAIIiy_UxHiJSBjFUWmZSA_44.18347547_25.76655437,1937-180-59.3178.png,59.3178
361_AAIIiy_UxHiJSBjFUWmZSA_44.18347547_25.76655437,1937-270-59.3178.png,59.3178
760_9l8Aid_sxiGIDRA_RJaZLA_-27.37592167_-65.75604952,1938-0-39.2192.png,39.2192
760_9l8Aid_sxiGIDRA_RJaZLA_-27.37592167_-65.75604952,1938-90-39.2192.png,39.2192
760_9l8Aid_sxiGIDRA_RJaZLA_-27.37592167_-65.75604952,1938-180-39.2192.png,39.2192
760_9l8Aid_sxiGIDRA_RJaZLA_-27.37592167_-65.75604952,1938-270-39.2192.png,39.2192
303_QaoE3HV6d5oDgg5YguwEEg_18.17039689_73.00448043,1939-0-52.8651.png,52.8651
303_QaoE3HV6d5oDgg5YguwEEg_18.17039689_73.00448043,1939-90-52.8651.png,52.8651
303_QaoE3HV6d5oDgg5YguwEEg_18.17039689_73.00448043,1939-180-52.8651.png,52.8651
303_QaoE3HV6d5oDgg5YguwEEg_18.17039689_73.00448043,1939-270-52.8651.png,52.8651
317_zSdI0ZyDM5MZMnaOFjB8fg_54.14236564_37.58450608,1940-0-86.2865.png,86.2865
317_zSdI0ZyDM5MZMnaOFjB8fg_54.14236564_37.58450608,1940-90-86.2865.png,86.2865
317_zSdI0ZyDM5MZMnaOFjB8fg_54.14236564_37.58450608,1940-180-86.2865.png,86.2865
317_zSdI0ZyDM5MZMnaOFjB8fg_54.14236564_37.58450608,1940-270-86.2865.png,86.2865
1491_zM_rDW4gF9YLVbzTj7UdRQ_-38.36685608_176.76712475,1941-0-16.9849.png,16.9849
1491_zM_rDW4gF9YLVbzTj7UdRQ_-38.36685608_176.76712475,1941-90-16.9849.png,16.9849
1491_zM_rDW4gF9YLVbzTj7UdRQ_-38.36685608_176.76712475,1941-180-16.9849.png,16.9849
1491_zM_rDW4gF9YLVbzTj7UdRQ_-38.36685608_176.76712475,1941-270-16.9849.png,16.9849
2381_jao9FtP6byZ30_eZetIvSQ_60.19670399_56.64011701,1942-0-9.071.png,9.071
2381_jao9FtP6byZ30_eZetIvSQ_60.19670399_56.64011701,1942-90-9.071.png,9.071
2381_jao9FtP6byZ30_eZetIvSQ_60.19670399_56.64011701,1942-180-9.071.png,9.071
2381_jao9FtP6byZ30_eZetIvSQ_60.19670399_56.64011701,1942-270-9.071.png,9.071
755_VTmDm-tJVkBpnGfeAaHomw_43.31644303_-78.71386767,1943-0-27.7985.png,27.7985
755_VTmDm-tJVkBpnGfeAaHomw_43.31644303_-78.71386767,1943-90-27.7985.png,27.7985
755_VTmDm-tJVkBpnGfeAaHomw_43.31644303_-78.71386767,1943-180-27.7985.png,27.7985
755_VTmDm-tJVkBpnGfeAaHomw_43.31644303_-78.71386767,1943-270-27.7985.png,27.7985
1880_waydTpWDzyDuO1whrYnj4g_-33.96492147_23.56272420,1944-0-78.2743.png,78.2743
1880_waydTpWDzyDuO1whrYnj4g_-33.96492147_23.56272420,1944-90-78.2743.png,78.2743
1880_waydTpWDzyDuO1whrYnj4g_-33.96492147_23.56272420,1944-180-78.2743.png,78.2743
1880_waydTpWDzyDuO1whrYnj4g_-33.96492147_23.56272420,1944-270-78.2743.png,78.2743
1919_S3ixSVMwpHid6L8d6VPrEA_51.31559220_4.46140689,1945-0-22.5591.png,22.5591
1919_S3ixSVMwpHid6L8d6VPrEA_51.31559220_4.46140689,1945-90-22.5591.png,22.5591
1919_S3ixSVMwpHid6L8d6VPrEA_51.31559220_4.46140689,1945-180-22.5591.png,22.5591
1919_S3ixSVMwpHid6L8d6VPrEA_51.31559220_4.46140689,1945-270-22.5591.png,22.5591
1173_CLDkUiTqb1rBAHgTpTMmdQ_18.73768641_78.46234108,1946-0-66.2167.png,66.2167
1173_CLDkUiTqb1rBAHgTpTMmdQ_18.73768641_78.46234108,1946-90-66.2167.png,66.2167
1173_CLDkUiTqb1rBAHgTpTMmdQ_18.73768641_78.46234108,1946-180-66.2167.png,66.2167
1173_CLDkUiTqb1rBAHgTpTMmdQ_18.73768641_78.46234108,1946-270-66.2167.png,66.2167
1025_5D5lDVnsee6kTwEG19OZjQ_47.49962715_19.08342042,1947-0-57.6097.png,57.6097
1025_5D5lDVnsee6kTwEG19OZjQ_47.49962715_19.08342042,1947-90-57.6097.png,57.6097
1025_5D5lDVnsee6kTwEG19OZjQ_47.49962715_19.08342042,1947-180-57.6097.png,57.6097
1025_5D5lDVnsee6kTwEG19OZjQ_47.49962715_19.08342042,1947-270-57.6097.png,57.6097
2498_hK6HSBWqouwTtUxeO-E0mg_30.90552464_78.67962065,1948-0-56.4884.png,56.4884
2498_hK6HSBWqouwTtUxeO-E0mg_30.90552464_78.67962065,1948-90-56.4884.png,56.4884
2498_hK6HSBWqouwTtUxeO-E0mg_30.90552464_78.67962065,1948-180-56.4884.png,56.4884
2498_hK6HSBWqouwTtUxeO-E0mg_30.90552464_78.67962065,1948-270-56.4884.png,56.4884
3238_-hLnKiRFH0BaCecrZNFUCw_-19.75000184_-43.94994821,1949-0-50.8199.png,50.8199
3238_-hLnKiRFH0BaCecrZNFUCw_-19.75000184_-43.94994821,1949-90-50.8199.png,50.8199
3238_-hLnKiRFH0BaCecrZNFUCw_-19.75000184_-43.94994821,1949-180-50.8199.png,50.8199
3238_-hLnKiRFH0BaCecrZNFUCw_-19.75000184_-43.94994821,1949-270-50.8199.png,50.8199
1226_8LIpaca81giERfcgx0jF7A_33.80298946_-84.60292915,1950-0-17.7866.png,17.7866
1226_8LIpaca81giERfcgx0jF7A_33.80298946_-84.60292915,1950-90-17.7866.png,17.7866
1226_8LIpaca81giERfcgx0jF7A_33.80298946_-84.60292915,1950-180-17.7866.png,17.7866
1226_8LIpaca81giERfcgx0jF7A_33.80298946_-84.60292915,1950-270-17.7866.png,17.7866
1877_kpjMugegIyatF-G0WFiDEQ_27.84791118_-82.37084720,1951-0-45.559.png,45.559
1877_kpjMugegIyatF-G0WFiDEQ_27.84791118_-82.37084720,1951-90-45.559.png,45.559
1877_kpjMugegIyatF-G0WFiDEQ_27.84791118_-82.37084720,1951-180-45.559.png,45.559
1877_kpjMugegIyatF-G0WFiDEQ_27.84791118_-82.37084720,1951-270-45.559.png,45.559
24_LasiflcfcBX5PAr6zW52dw_17.45661042_101.46011340,1952-0-48.1773.png,48.1773
24_LasiflcfcBX5PAr6zW52dw_17.45661042_101.46011340,1952-90-48.1773.png,48.1773
24_LasiflcfcBX5PAr6zW52dw_17.45661042_101.46011340,1952-180-48.1773.png,48.1773
24_LasiflcfcBX5PAr6zW52dw_17.45661042_101.46011340,1952-270-48.1773.png,48.1773
2418_gtTuQA1xYCRqxKd60nD-hQ_40.39481614_16.80104508,1953-0-47.0119.png,47.0119
2418_gtTuQA1xYCRqxKd60nD-hQ_40.39481614_16.80104508,1953-90-47.0119.png,47.0119
2418_gtTuQA1xYCRqxKd60nD-hQ_40.39481614_16.80104508,1953-180-47.0119.png,47.0119
2418_gtTuQA1xYCRqxKd60nD-hQ_40.39481614_16.80104508,1953-270-47.0119.png,47.0119
123_IMYmoNOFDxLZuFc13hpYSg_-35.11761108_173.49048150,1954-0-30.1617.png,30.1617
123_IMYmoNOFDxLZuFc13hpYSg_-35.11761108_173.49048150,1954-90-30.1617.png,30.1617
123_IMYmoNOFDxLZuFc13hpYSg_-35.11761108_173.49048150,1954-180-30.1617.png,30.1617
123_IMYmoNOFDxLZuFc13hpYSg_-35.11761108_173.49048150,1954-270-30.1617.png,30.1617
2794_zBdsYOZsIalqjA7WEpqDNg_48.08373461_13.56178124,1955-0-15.2913.png,15.2913
2794_zBdsYOZsIalqjA7WEpqDNg_48.08373461_13.56178124,1955-90-15.2913.png,15.2913
2794_zBdsYOZsIalqjA7WEpqDNg_48.08373461_13.56178124,1955-180-15.2913.png,15.2913
2794_zBdsYOZsIalqjA7WEpqDNg_48.08373461_13.56178124,1955-270-15.2913.png,15.2913
2207_5R5Z_rlvoL94D4ULMA_66A_46.77082201_-88.44052533,1956-0-34.0583.png,34.0583
2207_5R5Z_rlvoL94D4ULMA_66A_46.77082201_-88.44052533,1956-90-34.0583.png,34.0583
2207_5R5Z_rlvoL94D4ULMA_66A_46.77082201_-88.44052533,1956-180-34.0583.png,34.0583
2207_5R5Z_rlvoL94D4ULMA_66A_46.77082201_-88.44052533,1956-270-34.0583.png,34.0583
1257_yGo5-ueq77kxxHSOcsD3cw_39.79747864_-81.27627592,1957-0-35.6398.png,35.6398
1257_yGo5-ueq77kxxHSOcsD3cw_39.79747864_-81.27627592,1957-90-35.6398.png,35.6398
1257_yGo5-ueq77kxxHSOcsD3cw_39.79747864_-81.27627592,1957-180-35.6398.png,35.6398
1257_yGo5-ueq77kxxHSOcsD3cw_39.79747864_-81.27627592,1957-270-35.6398.png,35.6398
2717_ogiEgI2ZlHmMKVAaqQisiw_43.17925740_-107.25774451,1958-0-45.8281.png,45.8281
2717_ogiEgI2ZlHmMKVAaqQisiw_43.17925740_-107.25774451,1958-90-45.8281.png,45.8281
2717_ogiEgI2ZlHmMKVAaqQisiw_43.17925740_-107.25774451,1958-180-45.8281.png,45.8281
2717_ogiEgI2ZlHmMKVAaqQisiw_43.17925740_-107.25774451,1958-270-45.8281.png,45.8281
243_E_2IM5LZYgAhRPevXZ8niA_-20.85004989_-41.11687140,1959-0-51.2843.png,51.2843
243_E_2IM5LZYgAhRPevXZ8niA_-20.85004989_-41.11687140,1959-90-51.2843.png,51.2843
243_E_2IM5LZYgAhRPevXZ8niA_-20.85004989_-41.11687140,1959-180-51.2843.png,51.2843
243_E_2IM5LZYgAhRPevXZ8niA_-20.85004989_-41.11687140,1959-270-51.2843.png,51.2843
655_Ccu551nHxkgzDIpR4WUSDw_32.68448020_-82.05915492,1960-0-60.4054.png,60.4054
655_Ccu551nHxkgzDIpR4WUSDw_32.68448020_-82.05915492,1960-90-60.4054.png,60.4054
655_Ccu551nHxkgzDIpR4WUSDw_32.68448020_-82.05915492,1960-180-60.4054.png,60.4054
655_Ccu551nHxkgzDIpR4WUSDw_32.68448020_-82.05915492,1960-270-60.4054.png,60.4054
2282_aQ5Tw3gmPBzOl7LQ7YD0cg_40.32980628_-75.99441892,1961-0-42.757.png,42.757
2282_aQ5Tw3gmPBzOl7LQ7YD0cg_40.32980628_-75.99441892,1961-90-42.757.png,42.757
2282_aQ5Tw3gmPBzOl7LQ7YD0cg_40.32980628_-75.99441892,1961-180-42.757.png,42.757
2282_aQ5Tw3gmPBzOl7LQ7YD0cg_40.32980628_-75.99441892,1961-270-42.757.png,42.757
885_gQliy58qyitftU4qBK1Ykg_46.35877837_-72.42565495,1962-0-71.7611.png,71.7611
885_gQliy58qyitftU4qBK1Ykg_46.35877837_-72.42565495,1962-90-71.7611.png,71.7611
885_gQliy58qyitftU4qBK1Ykg_46.35877837_-72.42565495,1962-180-71.7611.png,71.7611
885_gQliy58qyitftU4qBK1Ykg_46.35877837_-72.42565495,1962-270-71.7611.png,71.7611
2745_4APOvN0ALWbXrtSa9CcZkg_32.00996586_-80.85236076,1963-0-45.3517.png,45.3517
2745_4APOvN0ALWbXrtSa9CcZkg_32.00996586_-80.85236076,1963-90-45.3517.png,45.3517
2745_4APOvN0ALWbXrtSa9CcZkg_32.00996586_-80.85236076,1963-180-45.3517.png,45.3517
2745_4APOvN0ALWbXrtSa9CcZkg_32.00996586_-80.85236076,1963-270-45.3517.png,45.3517
2050_GECE2pmdPTPKxCi7fYKPTw_31.93517286_-82.93915401,1964-0-70.8821.png,70.8821
2050_GECE2pmdPTPKxCi7fYKPTw_31.93517286_-82.93915401,1964-90-70.8821.png,70.8821
2050_GECE2pmdPTPKxCi7fYKPTw_31.93517286_-82.93915401,1964-180-70.8821.png,70.8821
2050_GECE2pmdPTPKxCi7fYKPTw_31.93517286_-82.93915401,1964-270-70.8821.png,70.8821
2874_arCq_tVkvBedGwZ8d2g8Sw_56.29364224_9.36056095,1965-0-44.7055.png,44.7055
2874_arCq_tVkvBedGwZ8d2g8Sw_56.29364224_9.36056095,1965-90-44.7055.png,44.7055
2874_arCq_tVkvBedGwZ8d2g8Sw_56.29364224_9.36056095,1965-180-44.7055.png,44.7055
2874_arCq_tVkvBedGwZ8d2g8Sw_56.29364224_9.36056095,1965-270-44.7055.png,44.7055
2232_uVhcO7H8eMv-oIwowRokHQ_44.66899367_-63.60073919,1966-0-40.7819.png,40.7819
2232_uVhcO7H8eMv-oIwowRokHQ_44.66899367_-63.60073919,1966-90-40.7819.png,40.7819
2232_uVhcO7H8eMv-oIwowRokHQ_44.66899367_-63.60073919,1966-180-40.7819.png,40.7819
2232_uVhcO7H8eMv-oIwowRokHQ_44.66899367_-63.60073919,1966-270-40.7819.png,40.7819
2923_YjrSdmRgXsV1AM8sPcK2Qg_48.50458224_-4.25536795,1967-0-62.6098.png,62.6098
2923_YjrSdmRgXsV1AM8sPcK2Qg_48.50458224_-4.25536795,1967-90-62.6098.png,62.6098
2923_YjrSdmRgXsV1AM8sPcK2Qg_48.50458224_-4.25536795,1967-180-62.6098.png,62.6098
2923_YjrSdmRgXsV1AM8sPcK2Qg_48.50458224_-4.25536795,1967-270-62.6098.png,62.6098
431_v48PgsZGodMrqrD8kG5lgQ_35.97807931_-97.02982507,1968-0-70.2292.png,70.2292
431_v48PgsZGodMrqrD8kG5lgQ_35.97807931_-97.02982507,1968-90-70.2292.png,70.2292
431_v48PgsZGodMrqrD8kG5lgQ_35.97807931_-97.02982507,1968-180-70.2292.png,70.2292
431_v48PgsZGodMrqrD8kG5lgQ_35.97807931_-97.02982507,1968-270-70.2292.png,70.2292
1641_vEPOpVt3h4SWytqo3Z0g7A_56.31712005_10.81070890,1969-0-26.3219.png,26.3219
1641_vEPOpVt3h4SWytqo3Z0g7A_56.31712005_10.81070890,1969-90-26.3219.png,26.3219
1641_vEPOpVt3h4SWytqo3Z0g7A_56.31712005_10.81070890,1969-180-26.3219.png,26.3219
1641_vEPOpVt3h4SWytqo3Z0g7A_56.31712005_10.81070890,1969-270-26.3219.png,26.3219
1968_j0MjwYML5v6uWmF1NNz9ig_42.32156504_-103.07296603,1970-0-24.2741.png,24.2741
1968_j0MjwYML5v6uWmF1NNz9ig_42.32156504_-103.07296603,1970-90-24.2741.png,24.2741
1968_j0MjwYML5v6uWmF1NNz9ig_42.32156504_-103.07296603,1970-180-24.2741.png,24.2741
1968_j0MjwYML5v6uWmF1NNz9ig_42.32156504_-103.07296603,1970-270-24.2741.png,24.2741
295_0em4COBFkobO0qhacGrrYw_-3.44634696_-52.88923690,1971-0-81.8079.png,81.8079
295_0em4COBFkobO0qhacGrrYw_-3.44634696_-52.88923690,1971-90-81.8079.png,81.8079
295_0em4COBFkobO0qhacGrrYw_-3.44634696_-52.88923690,1971-180-81.8079.png,81.8079
295_0em4COBFkobO0qhacGrrYw_-3.44634696_-52.88923690,1971-270-81.8079.png,81.8079
797_ckQkTTmK4--Y7tS-eXiIoQ_44.95756949_-93.17837501,1972-0-27.1261.png,27.1261
797_ckQkTTmK4--Y7tS-eXiIoQ_44.95756949_-93.17837501,1972-90-27.1261.png,27.1261
797_ckQkTTmK4--Y7tS-eXiIoQ_44.95756949_-93.17837501,1972-180-27.1261.png,27.1261
797_ckQkTTmK4--Y7tS-eXiIoQ_44.95756949_-93.17837501,1972-270-27.1261.png,27.1261
1252_mG2xd6aOnKDDVl0tSJOz5A_38.42656026_20.55153475,1973-0-21.2959.png,21.2959
1252_mG2xd6aOnKDDVl0tSJOz5A_38.42656026_20.55153475,1973-90-21.2959.png,21.2959
1252_mG2xd6aOnKDDVl0tSJOz5A_38.42656026_20.55153475,1973-180-21.2959.png,21.2959
1252_mG2xd6aOnKDDVl0tSJOz5A_38.42656026_20.55153475,1973-270-21.2959.png,21.2959
762_mWweWzoKl6XXdbHA8bE8bQ_54.74747441_-2.70430130,1974-0-49.6385.png,49.6385
762_mWweWzoKl6XXdbHA8bE8bQ_54.74747441_-2.70430130,1974-90-49.6385.png,49.6385
762_mWweWzoKl6XXdbHA8bE8bQ_54.74747441_-2.70430130,1974-180-49.6385.png,49.6385
762_mWweWzoKl6XXdbHA8bE8bQ_54.74747441_-2.70430130,1974-270-49.6385.png,49.6385
40_O1VahJ2rqRwFWRaY0hchKQ_28.18253348_-81.59670560,1975-0-49.2531.png,49.2531
40_O1VahJ2rqRwFWRaY0hchKQ_28.18253348_-81.59670560,1975-90-49.2531.png,49.2531
40_O1VahJ2rqRwFWRaY0hchKQ_28.18253348_-81.59670560,1975-180-49.2531.png,49.2531
40_O1VahJ2rqRwFWRaY0hchKQ_28.18253348_-81.59670560,1975-270-49.2531.png,49.2531
254_vwNlt0v1xu4TQBE7xtC2RQ_16.94323262_102.37848787,1976-0-60.5529.png,60.5529
254_vwNlt0v1xu4TQBE7xtC2RQ_16.94323262_102.37848787,1976-90-60.5529.png,60.5529
254_vwNlt0v1xu4TQBE7xtC2RQ_16.94323262_102.37848787,1976-180-60.5529.png,60.5529
254_vwNlt0v1xu4TQBE7xtC2RQ_16.94323262_102.37848787,1976-270-60.5529.png,60.5529
80_EtfvrxTt5x2oufXJNKkyDg_38.74159503_-9.23208258,1977-0-37.6256.png,37.6256
80_EtfvrxTt5x2oufXJNKkyDg_38.74159503_-9.23208258,1977-90-37.6256.png,37.6256
80_EtfvrxTt5x2oufXJNKkyDg_38.74159503_-9.23208258,1977-180-37.6256.png,37.6256
80_EtfvrxTt5x2oufXJNKkyDg_38.74159503_-9.23208258,1977-270-37.6256.png,37.6256
693_dLQVdqRZDAEDaMQotI5VKA_39.73972774_-84.17345164,1978-0-65.2972.png,65.2972
693_dLQVdqRZDAEDaMQotI5VKA_39.73972774_-84.17345164,1978-90-65.2972.png,65.2972
693_dLQVdqRZDAEDaMQotI5VKA_39.73972774_-84.17345164,1978-180-65.2972.png,65.2972
693_dLQVdqRZDAEDaMQotI5VKA_39.73972774_-84.17345164,1978-270-65.2972.png,65.2972
2690_9EsYcX63i-myDcgvbRn4VA_35.64709846_-88.16733954,1979-0-70.3185.png,70.3185
2690_9EsYcX63i-myDcgvbRn4VA_35.64709846_-88.16733954,1979-90-70.3185.png,70.3185
2690_9EsYcX63i-myDcgvbRn4VA_35.64709846_-88.16733954,1979-180-70.3185.png,70.3185
2690_9EsYcX63i-myDcgvbRn4VA_35.64709846_-88.16733954,1979-270-70.3185.png,70.3185
1181_t1xb74ddMK3vyU9QMe8j2g_40.24802067_15.88844110,1980-0-22.3183.png,22.3183
1181_t1xb74ddMK3vyU9QMe8j2g_40.24802067_15.88844110,1980-90-22.3183.png,22.3183
1181_t1xb74ddMK3vyU9QMe8j2g_40.24802067_15.88844110,1980-180-22.3183.png,22.3183
1181_t1xb74ddMK3vyU9QMe8j2g_40.24802067_15.88844110,1980-270-22.3183.png,22.3183
613_ut_Zjrbj3PN0ofoEVkXEfw_50.83323013_5.36717488,1981-0-43.2533.png,43.2533
613_ut_Zjrbj3PN0ofoEVkXEfw_50.83323013_5.36717488,1981-90-43.2533.png,43.2533
613_ut_Zjrbj3PN0ofoEVkXEfw_50.83323013_5.36717488,1981-180-43.2533.png,43.2533
613_ut_Zjrbj3PN0ofoEVkXEfw_50.83323013_5.36717488,1981-270-43.2533.png,43.2533
1162_IQtyDV8ARkZ8Jkhb87N2Tg_50.82049607_6.97914478,1982-0-34.5838.png,34.5838
1162_IQtyDV8ARkZ8Jkhb87N2Tg_50.82049607_6.97914478,1982-90-34.5838.png,34.5838
1162_IQtyDV8ARkZ8Jkhb87N2Tg_50.82049607_6.97914478,1982-180-34.5838.png,34.5838
1162_IQtyDV8ARkZ8Jkhb87N2Tg_50.82049607_6.97914478,1982-270-34.5838.png,34.5838
127_azxIsgMFiMc03kfRLEJyGg_6.90741483_3.20862067,1983-0-59.1067.png,59.1067
127_azxIsgMFiMc03kfRLEJyGg_6.90741483_3.20862067,1983-90-59.1067.png,59.1067
127_azxIsgMFiMc03kfRLEJyGg_6.90741483_3.20862067,1983-180-59.1067.png,59.1067
127_azxIsgMFiMc03kfRLEJyGg_6.90741483_3.20862067,1983-270-59.1067.png,59.1067
947_ItOXJ8vnc7O8otqcBkXk6Q_51.19430963_14.99927477,1984-0-57.1245.png,57.1245
947_ItOXJ8vnc7O8otqcBkXk6Q_51.19430963_14.99927477,1984-90-57.1245.png,57.1245
947_ItOXJ8vnc7O8otqcBkXk6Q_51.19430963_14.99927477,1984-180-57.1245.png,57.1245
947_ItOXJ8vnc7O8otqcBkXk6Q_51.19430963_14.99927477,1984-270-57.1245.png,57.1245
1848_CM63yD4OADgfYdODwj7RKg_38.26290882_36.22052295,1985-0-30.546.png,30.546
1848_CM63yD4OADgfYdODwj7RKg_38.26290882_36.22052295,1985-90-30.546.png,30.546
1848_CM63yD4OADgfYdODwj7RKg_38.26290882_36.22052295,1985-180-30.546.png,30.546
1848_CM63yD4OADgfYdODwj7RKg_38.26290882_36.22052295,1985-270-30.546.png,30.546
2340_xFGg4sx9csuLS5nUhY6FpQ_-37.25297423_-73.23541893,1986-0-65.3773.png,65.3773
2340_xFGg4sx9csuLS5nUhY6FpQ_-37.25297423_-73.23541893,1986-90-65.3773.png,65.3773
2340_xFGg4sx9csuLS5nUhY6FpQ_-37.25297423_-73.23541893,1986-180-65.3773.png,65.3773
2340_xFGg4sx9csuLS5nUhY6FpQ_-37.25297423_-73.23541893,1986-270-65.3773.png,65.3773
1022_7nh2J-tKCkoPI0qTRdnvlQ_40.05348857_20.60172104,1987-0-42.1232.png,42.1232
1022_7nh2J-tKCkoPI0qTRdnvlQ_40.05348857_20.60172104,1987-90-42.1232.png,42.1232
1022_7nh2J-tKCkoPI0qTRdnvlQ_40.05348857_20.60172104,1987-180-42.1232.png,42.1232
1022_7nh2J-tKCkoPI0qTRdnvlQ_40.05348857_20.60172104,1987-270-42.1232.png,42.1232
870_TIfRG6fNjAgQ7QmtZsxaYQ_58.08340976_13.51634610,1988-0-35.164.png,35.164
870_TIfRG6fNjAgQ7QmtZsxaYQ_58.08340976_13.51634610,1988-90-35.164.png,35.164
870_TIfRG6fNjAgQ7QmtZsxaYQ_58.08340976_13.51634610,1988-180-35.164.png,35.164
870_TIfRG6fNjAgQ7QmtZsxaYQ_58.08340976_13.51634610,1988-270-35.164.png,35.164
1738_wx5CgpV65H5Nw1JvGeZ3GA_-38.85682234_-60.07333704,1989-0-67.0815.png,67.0815
1738_wx5CgpV65H5Nw1JvGeZ3GA_-38.85682234_-60.07333704,1989-90-67.0815.png,67.0815
1738_wx5CgpV65H5Nw1JvGeZ3GA_-38.85682234_-60.07333704,1989-180-67.0815.png,67.0815
1738_wx5CgpV65H5Nw1JvGeZ3GA_-38.85682234_-60.07333704,1989-270-67.0815.png,67.0815
1310_lexqIHnlt-tjo00sddRHeg_-32.62348643_-58.70329502,1990-0-30.0005.png,30.0005
1310_lexqIHnlt-tjo00sddRHeg_-32.62348643_-58.70329502,1990-90-30.0005.png,30.0005
1310_lexqIHnlt-tjo00sddRHeg_-32.62348643_-58.70329502,1990-180-30.0005.png,30.0005
1310_lexqIHnlt-tjo00sddRHeg_-32.62348643_-58.70329502,1990-270-30.0005.png,30.0005
51_ebyx3v7hld11Tozns_ZBbw_-37.66676458_141.51645037,1991-0-17.6957.png,17.6957
51_ebyx3v7hld11Tozns_ZBbw_-37.66676458_141.51645037,1991-90-17.6957.png,17.6957
51_ebyx3v7hld11Tozns_ZBbw_-37.66676458_141.51645037,1991-180-17.6957.png,17.6957
51_ebyx3v7hld11Tozns_ZBbw_-37.66676458_141.51645037,1991-270-17.6957.png,17.6957
834_4b6Kfcr8HYuGrIplvh2kaQ_49.15736912_-0.30928933,1992-0-54.5727.png,54.5727
834_4b6Kfcr8HYuGrIplvh2kaQ_49.15736912_-0.30928933,1992-90-54.5727.png,54.5727
834_4b6Kfcr8HYuGrIplvh2kaQ_49.15736912_-0.30928933,1992-180-54.5727.png,54.5727
834_4b6Kfcr8HYuGrIplvh2kaQ_49.15736912_-0.30928933,1992-270-54.5727.png,54.5727
940_qnuEfPu4s9CAkF04dSXe6g_-36.80834505_174.63977653,1993-0-31.5665.png,31.5665
940_qnuEfPu4s9CAkF04dSXe6g_-36.80834505_174.63977653,1993-90-31.5665.png,31.5665
940_qnuEfPu4s9CAkF04dSXe6g_-36.80834505_174.63977653,1993-180-31.5665.png,31.5665
940_qnuEfPu4s9CAkF04dSXe6g_-36.80834505_174.63977653,1993-270-31.5665.png,31.5665
2391_bXPnk1JDjRP_xN0aC_a1cg_46.46713227_26.91693734,1994-0-30.1609.png,30.1609
2391_bXPnk1JDjRP_xN0aC_a1cg_46.46713227_26.91693734,1994-90-30.1609.png,30.1609
2391_bXPnk1JDjRP_xN0aC_a1cg_46.46713227_26.91693734,1994-180-30.1609.png,30.1609
2391_bXPnk1JDjRP_xN0aC_a1cg_46.46713227_26.91693734,1994-270-30.1609.png,30.1609
691_LORLvVjc03CAqSBGr4ff-Q_50.92204529_20.54125280,1995-0-25.8892.png,25.8892
691_LORLvVjc03CAqSBGr4ff-Q_50.92204529_20.54125280,1995-90-25.8892.png,25.8892
691_LORLvVjc03CAqSBGr4ff-Q_50.92204529_20.54125280,1995-180-25.8892.png,25.8892
691_LORLvVjc03CAqSBGr4ff-Q_50.92204529_20.54125280,1995-270-25.8892.png,25.8892
110_SLwRon_0lmXZ25vlbMvKdg_-37.00852895_175.28979766,1996-0-73.8018.png,73.8018
110_SLwRon_0lmXZ25vlbMvKdg_-37.00852895_175.28979766,1996-90-73.8018.png,73.8018
110_SLwRon_0lmXZ25vlbMvKdg_-37.00852895_175.28979766,1996-180-73.8018.png,73.8018
110_SLwRon_0lmXZ25vlbMvKdg_-37.00852895_175.28979766,1996-270-73.8018.png,73.8018
323_r6QNeQDC3LRA7ehEC-vooQ_41.54314435_-83.66655391,1997-0-59.736.png,59.736
323_r6QNeQDC3LRA7ehEC-vooQ_41.54314435_-83.66655391,1997-90-59.736.png,59.736
323_r6QNeQDC3LRA7ehEC-vooQ_41.54314435_-83.66655391,1997-180-59.736.png,59.736
323_r6QNeQDC3LRA7ehEC-vooQ_41.54314435_-83.66655391,1997-270-59.736.png,59.736
1316_zif6RRtNfpbKiR434aGIJg_40.21211206_-8.42463189,1998-0-26.9359.png,26.9359
1316_zif6RRtNfpbKiR434aGIJg_40.21211206_-8.42463189,1998-90-26.9359.png,26.9359
1316_zif6RRtNfpbKiR434aGIJg_40.21211206_-8.42463189,1998-180-26.9359.png,26.9359
1316_zif6RRtNfpbKiR434aGIJg_40.21211206_-8.42463189,1998-270-26.9359.png,26.9359
302_utOLz3VMasppxLl495J9_Q_21.96613854_70.50046687,1999-0-26.5507.png,26.5507
302_utOLz3VMasppxLl495J9_Q_21.96613854_70.50046687,1999-90-26.5507.png,26.5507
302_utOLz3VMasppxLl495J9_Q_21.96613854_70.50046687,1999-180-26.5507.png,26.5507
302_utOLz3VMasppxLl495J9_Q_21.96613854_70.50046687,1999-270-26.5507.png,26.5507
512_XC2fgHALtI9gt-aHh1oJUQ_42.86319464_-93.54851694,2000-0-44.7208.png,44.7208
512_XC2fgHALtI9gt-aHh1oJUQ_42.86319464_-93.54851694,2000-90-44.7208.png,44.7208
512_XC2fgHALtI9gt-aHh1oJUQ_42.86319464_-93.54851694,2000-180-44.7208.png,44.7208
512_XC2fgHALtI9gt-aHh1oJUQ_42.86319464_-93.54851694,2000-270-44.7208.png,44.7208
60_-aDU1oYaTCRFqVPbvYwrtw_38.75043104_21.64755674,2001-0-44.0056.png,44.0056
60_-aDU1oYaTCRFqVPbvYwrtw_38.75043104_21.64755674,2001-90-44.0056.png,44.0056
60_-aDU1oYaTCRFqVPbvYwrtw_38.75043104_21.64755674,2001-180-44.0056.png,44.0056
60_-aDU1oYaTCRFqVPbvYwrtw_38.75043104_21.64755674,2001-270-44.0056.png,44.0056
90_JbdLV5iUYI1h5w5B7KRJpQ_44.90688814_10.48410314,2002-0-62.3336.png,62.3336
90_JbdLV5iUYI1h5w5B7KRJpQ_44.90688814_10.48410314,2002-90-62.3336.png,62.3336
90_JbdLV5iUYI1h5w5B7KRJpQ_44.90688814_10.48410314,2002-180-62.3336.png,62.3336
90_JbdLV5iUYI1h5w5B7KRJpQ_44.90688814_10.48410314,2002-270-62.3336.png,62.3336
1724_JkQcrjOpTO9-9bWxrE7Jtw_61.87500184_9.09675728,2003-0-51.1651.png,51.1651
1724_JkQcrjOpTO9-9bWxrE7Jtw_61.87500184_9.09675728,2003-90-51.1651.png,51.1651
1724_JkQcrjOpTO9-9bWxrE7Jtw_61.87500184_9.09675728,2003-180-51.1651.png,51.1651
1724_JkQcrjOpTO9-9bWxrE7Jtw_61.87500184_9.09675728,2003-270-51.1651.png,51.1651
1434_MIR9RN-u4tEaU-IuBsrSrw_45.45452645_-62.62348882,2004-0-51.2402.png,51.2402
1434_MIR9RN-u4tEaU-IuBsrSrw_45.45452645_-62.62348882,2004-90-51.2402.png,51.2402
1434_MIR9RN-u4tEaU-IuBsrSrw_45.45452645_-62.62348882,2004-180-51.2402.png,51.2402
1434_MIR9RN-u4tEaU-IuBsrSrw_45.45452645_-62.62348882,2004-270-51.2402.png,51.2402
2347_RQaTiwPvFRgtOCy9yIKVDA_40.05770685_-106.39116918,2005-0-79.0547.png,79.0547
2347_RQaTiwPvFRgtOCy9yIKVDA_40.05770685_-106.39116918,2005-90-79.0547.png,79.0547
2347_RQaTiwPvFRgtOCy9yIKVDA_40.05770685_-106.39116918,2005-180-79.0547.png,79.0547
2347_RQaTiwPvFRgtOCy9yIKVDA_40.05770685_-106.39116918,2005-270-79.0547.png,79.0547
1018_K_CnadLQtLytSj1_0ItWfw_25.39149086_75.66815178,2006-0-38.4642.png,38.4642
1018_K_CnadLQtLytSj1_0ItWfw_25.39149086_75.66815178,2006-90-38.4642.png,38.4642
1018_K_CnadLQtLytSj1_0ItWfw_25.39149086_75.66815178,2006-180-38.4642.png,38.4642
1018_K_CnadLQtLytSj1_0ItWfw_25.39149086_75.66815178,2006-270-38.4642.png,38.4642
1048_YhwNHawJNg4ZjhyBR0Bibw_44.60011733_-75.69962255,2007-0-62.1788.png,62.1788
1048_YhwNHawJNg4ZjhyBR0Bibw_44.60011733_-75.69962255,2007-90-62.1788.png,62.1788
1048_YhwNHawJNg4ZjhyBR0Bibw_44.60011733_-75.69962255,2007-180-62.1788.png,62.1788
1048_YhwNHawJNg4ZjhyBR0Bibw_44.60011733_-75.69962255,2007-270-62.1788.png,62.1788
1536_WmAXFevOTsJu8f4bkTVwcg_65.45038301_17.45847303,2008-0-30.2179.png,30.2179
1536_WmAXFevOTsJu8f4bkTVwcg_65.45038301_17.45847303,2008-90-30.2179.png,30.2179
1536_WmAXFevOTsJu8f4bkTVwcg_65.45038301_17.45847303,2008-180-30.2179.png,30.2179
1536_WmAXFevOTsJu8f4bkTVwcg_65.45038301_17.45847303,2008-270-30.2179.png,30.2179
1230_NRdxQMlI5VCJ0tUeFbMTVQ_-33.38148803_148.00127797,2009-0-62.6551.png,62.6551
1230_NRdxQMlI5VCJ0tUeFbMTVQ_-33.38148803_148.00127797,2009-90-62.6551.png,62.6551
1230_NRdxQMlI5VCJ0tUeFbMTVQ_-33.38148803_148.00127797,2009-180-62.6551.png,62.6551
1230_NRdxQMlI5VCJ0tUeFbMTVQ_-33.38148803_148.00127797,2009-270-62.6551.png,62.6551
1462_9gcr4y5JikJL0FyPfyurFg_-10.04515954_-39.61226474,2010-0-88.3034.png,88.3034
1462_9gcr4y5JikJL0FyPfyurFg_-10.04515954_-39.61226474,2010-90-88.3034.png,88.3034
1462_9gcr4y5JikJL0FyPfyurFg_-10.04515954_-39.61226474,2010-180-88.3034.png,88.3034
1462_9gcr4y5JikJL0FyPfyurFg_-10.04515954_-39.61226474,2010-270-88.3034.png,88.3034
559_ZgXhrpPUKVPmqmM8OXKTQQ_42.06666920_25.63333216,2011-0-21.2193.png,21.2193
559_ZgXhrpPUKVPmqmM8OXKTQQ_42.06666920_25.63333216,2011-90-21.2193.png,21.2193
559_ZgXhrpPUKVPmqmM8OXKTQQ_42.06666920_25.63333216,2011-180-21.2193.png,21.2193
559_ZgXhrpPUKVPmqmM8OXKTQQ_42.06666920_25.63333216,2011-270-21.2193.png,21.2193
947__VOD4xtVQ00rI_J8z0esXQ_59.41647523_5.27245733,2012-0-51.5447.png,51.5447
947__VOD4xtVQ00rI_J8z0esXQ_59.41647523_5.27245733,2012-90-51.5447.png,51.5447
947__VOD4xtVQ00rI_J8z0esXQ_59.41647523_5.27245733,2012-180-51.5447.png,51.5447
947__VOD4xtVQ00rI_J8z0esXQ_59.41647523_5.27245733,2012-270-51.5447.png,51.5447
3278_6cRlzDVbtQKSnw7hrR7h9g_40.92225923_32.46689387,2013-0-37.9731.png,37.9731
3278_6cRlzDVbtQKSnw7hrR7h9g_40.92225923_32.46689387,2013-90-37.9731.png,37.9731
3278_6cRlzDVbtQKSnw7hrR7h9g_40.92225923_32.46689387,2013-180-37.9731.png,37.9731
3278_6cRlzDVbtQKSnw7hrR7h9g_40.92225923_32.46689387,2013-270-37.9731.png,37.9731
1502_KY5x9PIX1H-QkT49zYrRWQ_24.58059789_121.86737544,2014-0-37.6013.png,37.6013
1502_KY5x9PIX1H-QkT49zYrRWQ_24.58059789_121.86737544,2014-90-37.6013.png,37.6013
1502_KY5x9PIX1H-QkT49zYrRWQ_24.58059789_121.86737544,2014-180-37.6013.png,37.6013
1502_KY5x9PIX1H-QkT49zYrRWQ_24.58059789_121.86737544,2014-270-37.6013.png,37.6013
1009_1CKjtZPvexWN1Qp-Fgm0Vg_-6.27612255_-35.49859678,2015-0-20.1462.png,20.1462
1009_1CKjtZPvexWN1Qp-Fgm0Vg_-6.27612255_-35.49859678,2015-90-20.1462.png,20.1462
1009_1CKjtZPvexWN1Qp-Fgm0Vg_-6.27612255_-35.49859678,2015-180-20.1462.png,20.1462
1009_1CKjtZPvexWN1Qp-Fgm0Vg_-6.27612255_-35.49859678,2015-270-20.1462.png,20.1462
1259_JkrasEMY_Z4PrfIdYXMRIw_31.69633045_-109.68722963,2016-0-54.3775.png,54.3775
1259_JkrasEMY_Z4PrfIdYXMRIw_31.69633045_-109.68722963,2016-90-54.3775.png,54.3775
1259_JkrasEMY_Z4PrfIdYXMRIw_31.69633045_-109.68722963,2016-180-54.3775.png,54.3775
1259_JkrasEMY_Z4PrfIdYXMRIw_31.69633045_-109.68722963,2016-270-54.3775.png,54.3775
845_rKVxH2dfdBZSpGToc9bsFA_52.97829615_13.33223205,2017-0-39.399.png,39.399
845_rKVxH2dfdBZSpGToc9bsFA_52.97829615_13.33223205,2017-90-39.399.png,39.399
845_rKVxH2dfdBZSpGToc9bsFA_52.97829615_13.33223205,2017-180-39.399.png,39.399
845_rKVxH2dfdBZSpGToc9bsFA_52.97829615_13.33223205,2017-270-39.399.png,39.399
128_6FByUgu9EM4LcWFG_akPJA_53.54426495_9.91515268,2018-0-46.412.png,46.412
128_6FByUgu9EM4LcWFG_akPJA_53.54426495_9.91515268,2018-90-46.412.png,46.412
128_6FByUgu9EM4LcWFG_akPJA_53.54426495_9.91515268,2018-180-46.412.png,46.412
128_6FByUgu9EM4LcWFG_akPJA_53.54426495_9.91515268,2018-270-46.412.png,46.412
347_Vj1G2iLrl53YIwlAzR5CXA_31.34443258_-109.54533330,2019-0-22.5245.png,22.5245
347_Vj1G2iLrl53YIwlAzR5CXA_31.34443258_-109.54533330,2019-90-22.5245.png,22.5245
347_Vj1G2iLrl53YIwlAzR5CXA_31.34443258_-109.54533330,2019-180-22.5245.png,22.5245
347_Vj1G2iLrl53YIwlAzR5CXA_31.34443258_-109.54533330,2019-270-22.5245.png,22.5245
2688_5-C5KnOdpQcQSAeNZAOTZQ_36.82092991_-81.70076286,2020-0-38.3916.png,38.3916
2688_5-C5KnOdpQcQSAeNZAOTZQ_36.82092991_-81.70076286,2020-90-38.3916.png,38.3916
2688_5-C5KnOdpQcQSAeNZAOTZQ_36.82092991_-81.70076286,2020-180-38.3916.png,38.3916
2688_5-C5KnOdpQcQSAeNZAOTZQ_36.82092991_-81.70076286,2020-270-38.3916.png,38.3916
1431_gK0A7YAt96-IhGdQogd4Nw_39.64591306_-0.59082521,2021-0-55.4584.png,55.4584
1431_gK0A7YAt96-IhGdQogd4Nw_39.64591306_-0.59082521,2021-90-55.4584.png,55.4584
1431_gK0A7YAt96-IhGdQogd4Nw_39.64591306_-0.59082521,2021-180-55.4584.png,55.4584
1431_gK0A7YAt96-IhGdQogd4Nw_39.64591306_-0.59082521,2021-270-55.4584.png,55.4584
2979_HZDFZKqOLE6jDWME-9jq7w_20.17634270_85.80034372,2022-0-71.1237.png,71.1237
2979_HZDFZKqOLE6jDWME-9jq7w_20.17634270_85.80034372,2022-90-71.1237.png,71.1237
2979_HZDFZKqOLE6jDWME-9jq7w_20.17634270_85.80034372,2022-180-71.1237.png,71.1237
2979_HZDFZKqOLE6jDWME-9jq7w_20.17634270_85.80034372,2022-270-71.1237.png,71.1237
277_Kh9_fk2A4kCjV0zAVFKphg_28.42708021_75.65651411,2023-0-60.1235.png,60.1235
277_Kh9_fk2A4kCjV0zAVFKphg_28.42708021_75.65651411,2023-90-60.1235.png,60.1235
277_Kh9_fk2A4kCjV0zAVFKphg_28.42708021_75.65651411,2023-180-60.1235.png,60.1235
277_Kh9_fk2A4kCjV0zAVFKphg_28.42708021_75.65651411,2023-270-60.1235.png,60.1235
2254_CtBpqYawuNE4s4D0CvqSdA_50.08285363_-96.65827444,2024-0-32.8913.png,32.8913
2254_CtBpqYawuNE4s4D0CvqSdA_50.08285363_-96.65827444,2024-90-32.8913.png,32.8913
2254_CtBpqYawuNE4s4D0CvqSdA_50.08285363_-96.65827444,2024-180-32.8913.png,32.8913
2254_CtBpqYawuNE4s4D0CvqSdA_50.08285363_-96.65827444,2024-270-32.8913.png,32.8913
1710_DsJn7euCuxA6kxmaeUviXw_40.15993880_39.89198691,2025-0-68.6087.png,68.6087
1710_DsJn7euCuxA6kxmaeUviXw_40.15993880_39.89198691,2025-90-68.6087.png,68.6087
1710_DsJn7euCuxA6kxmaeUviXw_40.15993880_39.89198691,2025-180-68.6087.png,68.6087
1710_DsJn7euCuxA6kxmaeUviXw_40.15993880_39.89198691,2025-270-68.6087.png,68.6087
213_lcu1DuFJ3Cd5UhNKd7X4lA_38.90102802_22.49024386,2026-0-74.042.png,74.042
213_lcu1DuFJ3Cd5UhNKd7X4lA_38.90102802_22.49024386,2026-90-74.042.png,74.042
213_lcu1DuFJ3Cd5UhNKd7X4lA_38.90102802_22.49024386,2026-180-74.042.png,74.042
213_lcu1DuFJ3Cd5UhNKd7X4lA_38.90102802_22.49024386,2026-270-74.042.png,74.042
1210_-P3oRixrz-xgCi53FLBt4w_42.24555755_18.90480901,2027-0-68.4613.png,68.4613
1210_-P3oRixrz-xgCi53FLBt4w_42.24555755_18.90480901,2027-90-68.4613.png,68.4613
1210_-P3oRixrz-xgCi53FLBt4w_42.24555755_18.90480901,2027-180-68.4613.png,68.4613
1210_-P3oRixrz-xgCi53FLBt4w_42.24555755_18.90480901,2027-270-68.4613.png,68.4613
1306_RUV31mTRsiNo5WdxUCHE7A_52.54384632_107.10906294,2028-0-25.2683.png,25.2683
1306_RUV31mTRsiNo5WdxUCHE7A_52.54384632_107.10906294,2028-90-25.2683.png,25.2683
1306_RUV31mTRsiNo5WdxUCHE7A_52.54384632_107.10906294,2028-180-25.2683.png,25.2683
1306_RUV31mTRsiNo5WdxUCHE7A_52.54384632_107.10906294,2028-270-25.2683.png,25.2683
290_1pecYKUqcayT3SSylBzOww_53.51306658_-113.23985423,2029-0-47.1911.png,47.1911
290_1pecYKUqcayT3SSylBzOww_53.51306658_-113.23985423,2029-90-47.1911.png,47.1911
290_1pecYKUqcayT3SSylBzOww_53.51306658_-113.23985423,2029-180-47.1911.png,47.1911
290_1pecYKUqcayT3SSylBzOww_53.51306658_-113.23985423,2029-270-47.1911.png,47.1911
1652_ItL4vNGhf2HDMhCRXy3dug_48.37621043_-2.36934282,2030-0-75.2645.png,75.2645
1652_ItL4vNGhf2HDMhCRXy3dug_48.37621043_-2.36934282,2030-90-75.2645.png,75.2645
1652_ItL4vNGhf2HDMhCRXy3dug_48.37621043_-2.36934282,2030-180-75.2645.png,75.2645
1652_ItL4vNGhf2HDMhCRXy3dug_48.37621043_-2.36934282,2030-270-75.2645.png,75.2645
608_NPZsha3JT4zyygWPxswl1Q_57.34207676_13.02910437,2031-0-40.0125.png,40.0125
608_NPZsha3JT4zyygWPxswl1Q_57.34207676_13.02910437,2031-90-40.0125.png,40.0125
608_NPZsha3JT4zyygWPxswl1Q_57.34207676_13.02910437,2031-180-40.0125.png,40.0125
608_NPZsha3JT4zyygWPxswl1Q_57.34207676_13.02910437,2031-270-40.0125.png,40.0125
1211_pa3IO2QP8tboXCvHb-XExw_13.12682489_77.07273565,2032-0-72.4312.png,72.4312
1211_pa3IO2QP8tboXCvHb-XExw_13.12682489_77.07273565,2032-90-72.4312.png,72.4312
1211_pa3IO2QP8tboXCvHb-XExw_13.12682489_77.07273565,2032-180-72.4312.png,72.4312
1211_pa3IO2QP8tboXCvHb-XExw_13.12682489_77.07273565,2032-270-72.4312.png,72.4312
155_jyhj9HZQZClxgylrzoK42A_51.38781031_12.24984613,2033-0-41.8812.png,41.8812
155_jyhj9HZQZClxgylrzoK42A_51.38781031_12.24984613,2033-90-41.8812.png,41.8812
155_jyhj9HZQZClxgylrzoK42A_51.38781031_12.24984613,2033-180-41.8812.png,41.8812
155_jyhj9HZQZClxgylrzoK42A_51.38781031_12.24984613,2033-270-41.8812.png,41.8812
1519_yGzaPa1eTB0kirbupk08tg_42.73235737_-0.31131985,2034-0-51.5682.png,51.5682
1519_yGzaPa1eTB0kirbupk08tg_42.73235737_-0.31131985,2034-90-51.5682.png,51.5682
1519_yGzaPa1eTB0kirbupk08tg_42.73235737_-0.31131985,2034-180-51.5682.png,51.5682
1519_yGzaPa1eTB0kirbupk08tg_42.73235737_-0.31131985,2034-270-51.5682.png,51.5682
3308_2zHf99yqJ7UcZmk_fUz5vA_46.99936488_-1.23736741,2035-0-24.6705.png,24.6705
3308_2zHf99yqJ7UcZmk_fUz5vA_46.99936488_-1.23736741,2035-90-24.6705.png,24.6705
3308_2zHf99yqJ7UcZmk_fUz5vA_46.99936488_-1.23736741,2035-180-24.6705.png,24.6705
3308_2zHf99yqJ7UcZmk_fUz5vA_46.99936488_-1.23736741,2035-270-24.6705.png,24.6705
2164_n-4yjass2pHGvYbrKjbRLw_-29.13401045_31.39733035,2036-0-72.3703.png,72.3703
2164_n-4yjass2pHGvYbrKjbRLw_-29.13401045_31.39733035,2036-90-72.3703.png,72.3703
2164_n-4yjass2pHGvYbrKjbRLw_-29.13401045_31.39733035,2036-180-72.3703.png,72.3703
2164_n-4yjass2pHGvYbrKjbRLw_-29.13401045_31.39733035,2036-270-72.3703.png,72.3703
575_Mjj1ES8xsg2bnLLWZrKhLQ_19.41547971_79.98933448,2037-0-40.3839.png,40.3839
575_Mjj1ES8xsg2bnLLWZrKhLQ_19.41547971_79.98933448,2037-90-40.3839.png,40.3839
575_Mjj1ES8xsg2bnLLWZrKhLQ_19.41547971_79.98933448,2037-180-40.3839.png,40.3839
575_Mjj1ES8xsg2bnLLWZrKhLQ_19.41547971_79.98933448,2037-270-40.3839.png,40.3839
568_LFmSShHcp58ZiZkNB6Xo0g_-8.81952718_121.67993593,2038-0-54.8487.png,54.8487
568_LFmSShHcp58ZiZkNB6Xo0g_-8.81952718_121.67993593,2038-90-54.8487.png,54.8487
568_LFmSShHcp58ZiZkNB6Xo0g_-8.81952718_121.67993593,2038-180-54.8487.png,54.8487
568_LFmSShHcp58ZiZkNB6Xo0g_-8.81952718_121.67993593,2038-270-54.8487.png,54.8487
2186_pDwT_8UV-pQc-wa70A6JEA_39.24116065_-120.06154690,2039-0-37.9095.png,37.9095
2186_pDwT_8UV-pQc-wa70A6JEA_39.24116065_-120.06154690,2039-90-37.9095.png,37.9095
2186_pDwT_8UV-pQc-wa70A6JEA_39.24116065_-120.06154690,2039-180-37.9095.png,37.9095
2186_pDwT_8UV-pQc-wa70A6JEA_39.24116065_-120.06154690,2039-270-37.9095.png,37.9095
1435_TqVqLExEfuDaLs-SkMEYkg_-30.67638702_30.50705149,2040-0-36.0839.png,36.0839
1435_TqVqLExEfuDaLs-SkMEYkg_-30.67638702_30.50705149,2040-90-36.0839.png,36.0839
1435_TqVqLExEfuDaLs-SkMEYkg_-30.67638702_30.50705149,2040-180-36.0839.png,36.0839
1435_TqVqLExEfuDaLs-SkMEYkg_-30.67638702_30.50705149,2040-270-36.0839.png,36.0839
1678_QchiLZM7Y5gvs-xybJiPAw_34.92516360_-85.24117105,2041-0-51.4749.png,51.4749
1678_QchiLZM7Y5gvs-xybJiPAw_34.92516360_-85.24117105,2041-90-51.4749.png,51.4749
1678_QchiLZM7Y5gvs-xybJiPAw_34.92516360_-85.24117105,2041-180-51.4749.png,51.4749
1678_QchiLZM7Y5gvs-xybJiPAw_34.92516360_-85.24117105,2041-270-51.4749.png,51.4749
1820_4RP2vig87EiPROqMhBPs3w_31.13159907_-93.27068852,2042-0-43.8042.png,43.8042
1820_4RP2vig87EiPROqMhBPs3w_31.13159907_-93.27068852,2042-90-43.8042.png,43.8042
1820_4RP2vig87EiPROqMhBPs3w_31.13159907_-93.27068852,2042-180-43.8042.png,43.8042
1820_4RP2vig87EiPROqMhBPs3w_31.13159907_-93.27068852,2042-270-43.8042.png,43.8042
2862_bJSAcJ2vAYG-zumIerdUPg_61.16718903_22.31665549,2043-0-72.4393.png,72.4393
2862_bJSAcJ2vAYG-zumIerdUPg_61.16718903_22.31665549,2043-90-72.4393.png,72.4393
2862_bJSAcJ2vAYG-zumIerdUPg_61.16718903_22.31665549,2043-180-72.4393.png,72.4393
2862_bJSAcJ2vAYG-zumIerdUPg_61.16718903_22.31665549,2043-270-72.4393.png,72.4393
1326_qB1xkDnbKd3j5IJfr8LaTA_35.90510376_-79.66031550,2044-0-68.0001.png,68.0001
1326_qB1xkDnbKd3j5IJfr8LaTA_35.90510376_-79.66031550,2044-90-68.0001.png,68.0001
1326_qB1xkDnbKd3j5IJfr8LaTA_35.90510376_-79.66031550,2044-180-68.0001.png,68.0001
1326_qB1xkDnbKd3j5IJfr8LaTA_35.90510376_-79.66031550,2044-270-68.0001.png,68.0001
2368_FIT8uVd5C7TomxYFb9iL8w_44.92354426_-93.42166002,2045-0-56.5471.png,56.5471
2368_FIT8uVd5C7TomxYFb9iL8w_44.92354426_-93.42166002,2045-90-56.5471.png,56.5471
2368_FIT8uVd5C7TomxYFb9iL8w_44.92354426_-93.42166002,2045-180-56.5471.png,56.5471
2368_FIT8uVd5C7TomxYFb9iL8w_44.92354426_-93.42166002,2045-270-56.5471.png,56.5471
3011_E0k0v7JO7dWmL75o1Wp2YA_-21.84239652_-43.79307599,2046-0-62.9677.png,62.9677
3011_E0k0v7JO7dWmL75o1Wp2YA_-21.84239652_-43.79307599,2046-90-62.9677.png,62.9677
3011_E0k0v7JO7dWmL75o1Wp2YA_-21.84239652_-43.79307599,2046-180-62.9677.png,62.9677
3011_E0k0v7JO7dWmL75o1Wp2YA_-21.84239652_-43.79307599,2046-270-62.9677.png,62.9677
618_xxo3IOPV3FNZg3pInpcVnQ_11.63564352_104.61622601,2047-0-65.5469.png,65.5469
618_xxo3IOPV3FNZg3pInpcVnQ_11.63564352_104.61622601,2047-90-65.5469.png,65.5469
618_xxo3IOPV3FNZg3pInpcVnQ_11.63564352_104.61622601,2047-180-65.5469.png,65.5469
618_xxo3IOPV3FNZg3pInpcVnQ_11.63564352_104.61622601,2047-270-65.5469.png,65.5469
1833_uqDsakxkwNIhbH3L_cEi3A_40.92256344_-4.43902674,2048-0-72.2084.png,72.2084
1833_uqDsakxkwNIhbH3L_cEi3A_40.92256344_-4.43902674,2048-90-72.2084.png,72.2084
1833_uqDsakxkwNIhbH3L_cEi3A_40.92256344_-4.43902674,2048-180-72.2084.png,72.2084
1833_uqDsakxkwNIhbH3L_cEi3A_40.92256344_-4.43902674,2048-270-72.2084.png,72.2084
1660_H0OP2nBJNHBBzqp1LnJDcA_54.32674457_-6.91607662,2049-0-67.7405.png,67.7405
1660_H0OP2nBJNHBBzqp1LnJDcA_54.32674457_-6.91607662,2049-90-67.7405.png,67.7405
1660_H0OP2nBJNHBBzqp1LnJDcA_54.32674457_-6.91607662,2049-180-67.7405.png,67.7405
1660_H0OP2nBJNHBBzqp1LnJDcA_54.32674457_-6.91607662,2049-270-67.7405.png,67.7405
1510__HxWdkAILl_3i904qjOdTA_15.00981529_77.15847360,2050-0-38.444.png,38.444
1510__HxWdkAILl_3i904qjOdTA_15.00981529_77.15847360,2050-90-38.444.png,38.444
1510__HxWdkAILl_3i904qjOdTA_15.00981529_77.15847360,2050-180-38.444.png,38.444
1510__HxWdkAILl_3i904qjOdTA_15.00981529_77.15847360,2050-270-38.444.png,38.444
695_izoP63rvF1zULHUCFwHtig_12.21983603_76.90212867,2051-0-45.4709.png,45.4709
695_izoP63rvF1zULHUCFwHtig_12.21983603_76.90212867,2051-90-45.4709.png,45.4709
695_izoP63rvF1zULHUCFwHtig_12.21983603_76.90212867,2051-180-45.4709.png,45.4709
695_izoP63rvF1zULHUCFwHtig_12.21983603_76.90212867,2051-270-45.4709.png,45.4709
1731_LVFGlOgldaXMkaLJCVqsoQ_39.05305935_-93.83334703,2052-0-69.3004.png,69.3004
1731_LVFGlOgldaXMkaLJCVqsoQ_39.05305935_-93.83334703,2052-90-69.3004.png,69.3004
1731_LVFGlOgldaXMkaLJCVqsoQ_39.05305935_-93.83334703,2052-180-69.3004.png,69.3004
1731_LVFGlOgldaXMkaLJCVqsoQ_39.05305935_-93.83334703,2052-270-69.3004.png,69.3004
3347_P2ySkuQbyZ0kjNzgKZ3-ww_35.70363079_-91.48229962,2053-0-33.633.png,33.633
3347_P2ySkuQbyZ0kjNzgKZ3-ww_35.70363079_-91.48229962,2053-90-33.633.png,33.633
3347_P2ySkuQbyZ0kjNzgKZ3-ww_35.70363079_-91.48229962,2053-180-33.633.png,33.633
3347_P2ySkuQbyZ0kjNzgKZ3-ww_35.70363079_-91.48229962,2053-270-33.633.png,33.633
130_HllDVuTup5FGQZfdA8L_TA_41.55725758_-0.13365201,2054-0-64.0876.png,64.0876
130_HllDVuTup5FGQZfdA8L_TA_41.55725758_-0.13365201,2054-90-64.0876.png,64.0876
130_HllDVuTup5FGQZfdA8L_TA_41.55725758_-0.13365201,2054-180-64.0876.png,64.0876
130_HllDVuTup5FGQZfdA8L_TA_41.55725758_-0.13365201,2054-270-64.0876.png,64.0876
3397_sIb-rOjfWmqnytgv2VYN_w_26.45574012_92.47518904,2055-0-42.3403.png,42.3403
3397_sIb-rOjfWmqnytgv2VYN_w_26.45574012_92.47518904,2055-90-42.3403.png,42.3403
3397_sIb-rOjfWmqnytgv2VYN_w_26.45574012_92.47518904,2055-180-42.3403.png,42.3403
3397_sIb-rOjfWmqnytgv2VYN_w_26.45574012_92.47518904,2055-270-42.3403.png,42.3403
653_cg9A6h2W36HwK_FScb3iLw_40.09714194_-111.28490341,2056-0-39.1531.png,39.1531
653_cg9A6h2W36HwK_FScb3iLw_40.09714194_-111.28490341,2056-90-39.1531.png,39.1531
653_cg9A6h2W36HwK_FScb3iLw_40.09714194_-111.28490341,2056-180-39.1531.png,39.1531
653_cg9A6h2W36HwK_FScb3iLw_40.09714194_-111.28490341,2056-270-39.1531.png,39.1531
798_2mqIjmri1by241cufsHrcw_64.26952313_24.84719515,2057-0-9.5283.png,9.5283
798_2mqIjmri1by241cufsHrcw_64.26952313_24.84719515,2057-90-9.5283.png,9.5283
798_2mqIjmri1by241cufsHrcw_64.26952313_24.84719515,2057-180-9.5283.png,9.5283
798_2mqIjmri1by241cufsHrcw_64.26952313_24.84719515,2057-270-9.5283.png,9.5283
936_c8R2w_J5ZTaCera0IpUajw_6.76487082_100.97048611,2058-0-77.8106.png,77.8106
936_c8R2w_J5ZTaCera0IpUajw_6.76487082_100.97048611,2058-90-77.8106.png,77.8106
936_c8R2w_J5ZTaCera0IpUajw_6.76487082_100.97048611,2058-180-77.8106.png,77.8106
936_c8R2w_J5ZTaCera0IpUajw_6.76487082_100.97048611,2058-270-77.8106.png,77.8106
304_syONdS4xv2Um0HV8sdS41A_39.90758905_3.08121832,2059-0-35.1662.png,35.1662
304_syONdS4xv2Um0HV8sdS41A_39.90758905_3.08121832,2059-90-35.1662.png,35.1662
304_syONdS4xv2Um0HV8sdS41A_39.90758905_3.08121832,2059-180-35.1662.png,35.1662
304_syONdS4xv2Um0HV8sdS41A_39.90758905_3.08121832,2059-270-35.1662.png,35.1662
458_mKF3B31L1bnWd3dFfA9jWQ_50.45798995_2.94749575,2060-0-26.4493.png,26.4493
458_mKF3B31L1bnWd3dFfA9jWQ_50.45798995_2.94749575,2060-90-26.4493.png,26.4493
458_mKF3B31L1bnWd3dFfA9jWQ_50.45798995_2.94749575,2060-180-26.4493.png,26.4493
458_mKF3B31L1bnWd3dFfA9jWQ_50.45798995_2.94749575,2060-270-26.4493.png,26.4493
751_YR86HuUMjphwPD-GAU1SVA_33.37252827_-104.52936083,2061-0-10.6668.png,10.6668
751_YR86HuUMjphwPD-GAU1SVA_33.37252827_-104.52936083,2061-90-10.6668.png,10.6668
751_YR86HuUMjphwPD-GAU1SVA_33.37252827_-104.52936083,2061-180-10.6668.png,10.6668
751_YR86HuUMjphwPD-GAU1SVA_33.37252827_-104.52936083,2061-270-10.6668.png,10.6668
944_5Jf8Y0CTkwbXdIb6M1kt3A_48.70238323_2.75609124,2062-0-26.0183.png,26.0183
944_5Jf8Y0CTkwbXdIb6M1kt3A_48.70238323_2.75609124,2062-90-26.0183.png,26.0183
944_5Jf8Y0CTkwbXdIb6M1kt3A_48.70238323_2.75609124,2062-180-26.0183.png,26.0183
944_5Jf8Y0CTkwbXdIb6M1kt3A_48.70238323_2.75609124,2062-270-26.0183.png,26.0183
2749_w5gDCNcxgqle_6ZqPldqCw_16.61518946_74.71371513,2063-0-45.176.png,45.176
2749_w5gDCNcxgqle_6ZqPldqCw_16.61518946_74.71371513,2063-90-45.176.png,45.176
2749_w5gDCNcxgqle_6ZqPldqCw_16.61518946_74.71371513,2063-180-45.176.png,45.176
2749_w5gDCNcxgqle_6ZqPldqCw_16.61518946_74.71371513,2063-270-45.176.png,45.176
861_VD7bNB5Hj5LbIGNN4jNf8Q_52.16414997_9.91251271,2064-0-37.7137.png,37.7137
861_VD7bNB5Hj5LbIGNN4jNf8Q_52.16414997_9.91251271,2064-90-37.7137.png,37.7137
861_VD7bNB5Hj5LbIGNN4jNf8Q_52.16414997_9.91251271,2064-180-37.7137.png,37.7137
861_VD7bNB5Hj5LbIGNN4jNf8Q_52.16414997_9.91251271,2064-270-37.7137.png,37.7137
2800_fQ8GBmWSC3q5b6WoorUEmQ_43.69827484_-86.36374805,2065-0-20.5517.png,20.5517
2800_fQ8GBmWSC3q5b6WoorUEmQ_43.69827484_-86.36374805,2065-90-20.5517.png,20.5517
2800_fQ8GBmWSC3q5b6WoorUEmQ_43.69827484_-86.36374805,2065-180-20.5517.png,20.5517
2800_fQ8GBmWSC3q5b6WoorUEmQ_43.69827484_-86.36374805,2065-270-20.5517.png,20.5517
1678_4BPmXCNIkwVz0LHKtB-zlw_44.61413656_2.24812285,2066-0-66.7847.png,66.7847
1678_4BPmXCNIkwVz0LHKtB-zlw_44.61413656_2.24812285,2066-90-66.7847.png,66.7847
1678_4BPmXCNIkwVz0LHKtB-zlw_44.61413656_2.24812285,2066-180-66.7847.png,66.7847
1678_4BPmXCNIkwVz0LHKtB-zlw_44.61413656_2.24812285,2066-270-66.7847.png,66.7847
254_rGeFK6_blURI1L0sPvy7-w_13.67366786_103.19352221,2067-0-37.2651.png,37.2651
254_rGeFK6_blURI1L0sPvy7-w_13.67366786_103.19352221,2067-90-37.2651.png,37.2651
254_rGeFK6_blURI1L0sPvy7-w_13.67366786_103.19352221,2067-180-37.2651.png,37.2651
254_rGeFK6_blURI1L0sPvy7-w_13.67366786_103.19352221,2067-270-37.2651.png,37.2651
2018_Fa0JoGlI7FPBBPW10biiOw_39.82984591_-82.82809646,2068-0-17.8476.png,17.8476
2018_Fa0JoGlI7FPBBPW10biiOw_39.82984591_-82.82809646,2068-90-17.8476.png,17.8476
2018_Fa0JoGlI7FPBBPW10biiOw_39.82984591_-82.82809646,2068-180-17.8476.png,17.8476
2018_Fa0JoGlI7FPBBPW10biiOw_39.82984591_-82.82809646,2068-270-17.8476.png,17.8476
630_zfFu9QGpA-2FKSu4Dzkmqw_-33.73207458_151.30115229,2069-0-40.4755.png,40.4755
630_zfFu9QGpA-2FKSu4Dzkmqw_-33.73207458_151.30115229,2069-90-40.4755.png,40.4755
630_zfFu9QGpA-2FKSu4Dzkmqw_-33.73207458_151.30115229,2069-180-40.4755.png,40.4755
630_zfFu9QGpA-2FKSu4Dzkmqw_-33.73207458_151.30115229,2069-270-40.4755.png,40.4755
301_ek6MCalLmP8ErX09DIY2iQ_45.99303715_-86.01206344,2070-0-67.4332.png,67.4332
301_ek6MCalLmP8ErX09DIY2iQ_45.99303715_-86.01206344,2070-90-67.4332.png,67.4332
301_ek6MCalLmP8ErX09DIY2iQ_45.99303715_-86.01206344,2070-180-67.4332.png,67.4332
301_ek6MCalLmP8ErX09DIY2iQ_45.99303715_-86.01206344,2070-270-67.4332.png,67.4332
1668_9JqEuP-GGMPqY6rbO2zoJw_-7.81884053_110.75050977,2071-0-74.7689.png,74.7689
1668_9JqEuP-GGMPqY6rbO2zoJw_-7.81884053_110.75050977,2071-90-74.7689.png,74.7689
1668_9JqEuP-GGMPqY6rbO2zoJw_-7.81884053_110.75050977,2071-180-74.7689.png,74.7689
1668_9JqEuP-GGMPqY6rbO2zoJw_-7.81884053_110.75050977,2071-270-74.7689.png,74.7689
724_S371bITvBhZbDABRw3QsUQ_41.44988457_31.78339753,2072-0-60.6238.png,60.6238
724_S371bITvBhZbDABRw3QsUQ_41.44988457_31.78339753,2072-90-60.6238.png,60.6238
724_S371bITvBhZbDABRw3QsUQ_41.44988457_31.78339753,2072-180-60.6238.png,60.6238
724_S371bITvBhZbDABRw3QsUQ_41.44988457_31.78339753,2072-270-60.6238.png,60.6238
364_gMw8wGGJohJ38Mgf2gLkyw_58.40003408_15.76635280,2073-0-43.8506.png,43.8506
364_gMw8wGGJohJ38Mgf2gLkyw_58.40003408_15.76635280,2073-90-43.8506.png,43.8506
364_gMw8wGGJohJ38Mgf2gLkyw_58.40003408_15.76635280,2073-180-43.8506.png,43.8506
364_gMw8wGGJohJ38Mgf2gLkyw_58.40003408_15.76635280,2073-270-43.8506.png,43.8506
633_5bw8-t0LTDHHVremB5zbjA_53.14997783_7.00964351,2074-0-31.9498.png,31.9498
633_5bw8-t0LTDHHVremB5zbjA_53.14997783_7.00964351,2074-90-31.9498.png,31.9498
633_5bw8-t0LTDHHVremB5zbjA_53.14997783_7.00964351,2074-180-31.9498.png,31.9498
633_5bw8-t0LTDHHVremB5zbjA_53.14997783_7.00964351,2074-270-31.9498.png,31.9498
2985_yZgYkboE2ADQwY-hyf84Gg_42.05506941_-124.28996671,2075-0-14.9068.png,14.9068
2985_yZgYkboE2ADQwY-hyf84Gg_42.05506941_-124.28996671,2075-90-14.9068.png,14.9068
2985_yZgYkboE2ADQwY-hyf84Gg_42.05506941_-124.28996671,2075-180-14.9068.png,14.9068
2985_yZgYkboE2ADQwY-hyf84Gg_42.05506941_-124.28996671,2075-270-14.9068.png,14.9068
640_CvgWvzyNszqFbDq3ghGaVQ_23.33357421_73.13635789,2076-0-46.8272.png,46.8272
640_CvgWvzyNszqFbDq3ghGaVQ_23.33357421_73.13635789,2076-90-46.8272.png,46.8272
640_CvgWvzyNszqFbDq3ghGaVQ_23.33357421_73.13635789,2076-180-46.8272.png,46.8272
640_CvgWvzyNszqFbDq3ghGaVQ_23.33357421_73.13635789,2076-270-46.8272.png,46.8272
1138_CfkLvM-5AUIEPITQ-feKZw_48.51121498_-1.97584636,2077-0-59.7587.png,59.7587
1138_CfkLvM-5AUIEPITQ-feKZw_48.51121498_-1.97584636,2077-90-59.7587.png,59.7587
1138_CfkLvM-5AUIEPITQ-feKZw_48.51121498_-1.97584636,2077-180-59.7587.png,59.7587
1138_CfkLvM-5AUIEPITQ-feKZw_48.51121498_-1.97584636,2077-270-59.7587.png,59.7587
803_T-DhBznjmlWR9CaCZt3RKw_53.71050853_14.02592133,2078-0-51.4842.png,51.4842
803_T-DhBznjmlWR9CaCZt3RKw_53.71050853_14.02592133,2078-90-51.4842.png,51.4842
803_T-DhBznjmlWR9CaCZt3RKw_53.71050853_14.02592133,2078-180-51.4842.png,51.4842
803_T-DhBznjmlWR9CaCZt3RKw_53.71050853_14.02592133,2078-270-51.4842.png,51.4842
986_Pq0vTKxB7gfqjxPu3C-IPA_41.91275165_15.78954554,2079-0-64.4529.png,64.4529
986_Pq0vTKxB7gfqjxPu3C-IPA_41.91275165_15.78954554,2079-90-64.4529.png,64.4529
986_Pq0vTKxB7gfqjxPu3C-IPA_41.91275165_15.78954554,2079-180-64.4529.png,64.4529
986_Pq0vTKxB7gfqjxPu3C-IPA_41.91275165_15.78954554,2079-270-64.4529.png,64.4529
288_hyaIoAyxzghW678It6jcVA_70.23940005_22.35081516,2080-0-28.6316.png,28.6316
288_hyaIoAyxzghW678It6jcVA_70.23940005_22.35081516,2080-90-28.6316.png,28.6316
288_hyaIoAyxzghW678It6jcVA_70.23940005_22.35081516,2080-180-28.6316.png,28.6316
288_hyaIoAyxzghW678It6jcVA_70.23940005_22.35081516,2080-270-28.6316.png,28.6316
1287_Hn3QFkB6fZqpHPZu9gxjPA_48.20418729_-1.73648521,2081-0-63.2173.png,63.2173
1287_Hn3QFkB6fZqpHPZu9gxjPA_48.20418729_-1.73648521,2081-90-63.2173.png,63.2173
1287_Hn3QFkB6fZqpHPZu9gxjPA_48.20418729_-1.73648521,2081-180-63.2173.png,63.2173
1287_Hn3QFkB6fZqpHPZu9gxjPA_48.20418729_-1.73648521,2081-270-63.2173.png,63.2173
877_1frawj7Q1CbzlpThpkILLg_31.77284382_-95.66143736,2082-0-28.2631.png,28.2631
877_1frawj7Q1CbzlpThpkILLg_31.77284382_-95.66143736,2082-90-28.2631.png,28.2631
877_1frawj7Q1CbzlpThpkILLg_31.77284382_-95.66143736,2082-180-28.2631.png,28.2631
877_1frawj7Q1CbzlpThpkILLg_31.77284382_-95.66143736,2082-270-28.2631.png,28.2631
1246_x2s0bxTmeqO_dCJrSk-PmQ_30.08473335_75.90426432,2083-0-38.147.png,38.147
1246_x2s0bxTmeqO_dCJrSk-PmQ_30.08473335_75.90426432,2083-90-38.147.png,38.147
1246_x2s0bxTmeqO_dCJrSk-PmQ_30.08473335_75.90426432,2083-180-38.147.png,38.147
1246_x2s0bxTmeqO_dCJrSk-PmQ_30.08473335_75.90426432,2083-270-38.147.png,38.147
622_FHgJjSqkbrtUvM7Payu6HQ_51.82613983_5.80841165,2084-0-14.9377.png,14.9377
622_FHgJjSqkbrtUvM7Payu6HQ_51.82613983_5.80841165,2084-90-14.9377.png,14.9377
622_FHgJjSqkbrtUvM7Payu6HQ_51.82613983_5.80841165,2084-180-14.9377.png,14.9377
622_FHgJjSqkbrtUvM7Payu6HQ_51.82613983_5.80841165,2084-270-14.9377.png,14.9377
492_O3ZQS3n4OlC1pvV5D1I7Tw_46.94291842_-65.51772200,2085-0-28.779.png,28.779
492_O3ZQS3n4OlC1pvV5D1I7Tw_46.94291842_-65.51772200,2085-90-28.779.png,28.779
492_O3ZQS3n4OlC1pvV5D1I7Tw_46.94291842_-65.51772200,2085-180-28.779.png,28.779
492_O3ZQS3n4OlC1pvV5D1I7Tw_46.94291842_-65.51772200,2085-270-28.779.png,28.779
2312_D8nGmocqIpqF5fRNRYRf-A_23.72846556_87.05833880,2086-0-59.1355.png,59.1355
2312_D8nGmocqIpqF5fRNRYRf-A_23.72846556_87.05833880,2086-90-59.1355.png,59.1355
2312_D8nGmocqIpqF5fRNRYRf-A_23.72846556_87.05833880,2086-180-59.1355.png,59.1355
2312_D8nGmocqIpqF5fRNRYRf-A_23.72846556_87.05833880,2086-270-59.1355.png,59.1355
372_S00yNLVckVU_n6drkCWZFQ_35.97576927_-88.64119206,2087-0-74.3945.png,74.3945
372_S00yNLVckVU_n6drkCWZFQ_35.97576927_-88.64119206,2087-90-74.3945.png,74.3945
372_S00yNLVckVU_n6drkCWZFQ_35.97576927_-88.64119206,2087-180-74.3945.png,74.3945
372_S00yNLVckVU_n6drkCWZFQ_35.97576927_-88.64119206,2087-270-74.3945.png,74.3945
1342_aApX_OGEx8muXqzracdLrA_-10.22711116_-44.63927429,2088-0-48.9916.png,48.9916
1342_aApX_OGEx8muXqzracdLrA_-10.22711116_-44.63927429,2088-90-48.9916.png,48.9916
1342_aApX_OGEx8muXqzracdLrA_-10.22711116_-44.63927429,2088-180-48.9916.png,48.9916
1342_aApX_OGEx8muXqzracdLrA_-10.22711116_-44.63927429,2088-270-48.9916.png,48.9916
1412_nnqlYNYod75ldKT5PykdlQ_43.95438463_12.44021498,2089-0-18.8661.png,18.8661
1412_nnqlYNYod75ldKT5PykdlQ_43.95438463_12.44021498,2089-90-18.8661.png,18.8661
1412_nnqlYNYod75ldKT5PykdlQ_43.95438463_12.44021498,2089-180-18.8661.png,18.8661
1412_nnqlYNYod75ldKT5PykdlQ_43.95438463_12.44021498,2089-270-18.8661.png,18.8661
869_PT_5wUfuofv1cIGMQ8Sv2g_47.97211961_2.94699492,2090-0-68.5364.png,68.5364
869_PT_5wUfuofv1cIGMQ8Sv2g_47.97211961_2.94699492,2090-90-68.5364.png,68.5364
869_PT_5wUfuofv1cIGMQ8Sv2g_47.97211961_2.94699492,2090-180-68.5364.png,68.5364
869_PT_5wUfuofv1cIGMQ8Sv2g_47.97211961_2.94699492,2090-270-68.5364.png,68.5364
3164_OaTwD9aKZRHD5rk9paCRHw_37.39658466_-120.63173352,2091-0-58.3262.png,58.3262
3164_OaTwD9aKZRHD5rk9paCRHw_37.39658466_-120.63173352,2091-90-58.3262.png,58.3262
3164_OaTwD9aKZRHD5rk9paCRHw_37.39658466_-120.63173352,2091-180-58.3262.png,58.3262
3164_OaTwD9aKZRHD5rk9paCRHw_37.39658466_-120.63173352,2091-270-58.3262.png,58.3262
173_HKxooU5uHt62IyT4wHMJtQ_35.02418046_-110.69736094,2092-0-83.5873.png,83.5873
173_HKxooU5uHt62IyT4wHMJtQ_35.02418046_-110.69736094,2092-90-83.5873.png,83.5873
173_HKxooU5uHt62IyT4wHMJtQ_35.02418046_-110.69736094,2092-180-83.5873.png,83.5873
173_HKxooU5uHt62IyT4wHMJtQ_35.02418046_-110.69736094,2092-270-83.5873.png,83.5873
624_UYHamw-8HZpgkEseMx1Vhw_-23.72941350_133.86599568,2093-0-17.0459.png,17.0459
624_UYHamw-8HZpgkEseMx1Vhw_-23.72941350_133.86599568,2093-90-17.0459.png,17.0459
624_UYHamw-8HZpgkEseMx1Vhw_-23.72941350_133.86599568,2093-180-17.0459.png,17.0459
624_UYHamw-8HZpgkEseMx1Vhw_-23.72941350_133.86599568,2093-270-17.0459.png,17.0459
1921_SauQ0q-AF3GjJqe1TREFOQ_38.39557880_-91.87994311,2094-0-72.8282.png,72.8282
1921_SauQ0q-AF3GjJqe1TREFOQ_38.39557880_-91.87994311,2094-90-72.8282.png,72.8282
1921_SauQ0q-AF3GjJqe1TREFOQ_38.39557880_-91.87994311,2094-180-72.8282.png,72.8282
1921_SauQ0q-AF3GjJqe1TREFOQ_38.39557880_-91.87994311,2094-270-72.8282.png,72.8282
781_0hwOjo5bwF3rsZqa0iqavA_51.79357464_-0.93125976,2095-0-63.4551.png,63.4551
781_0hwOjo5bwF3rsZqa0iqavA_51.79357464_-0.93125976,2095-90-63.4551.png,63.4551
781_0hwOjo5bwF3rsZqa0iqavA_51.79357464_-0.93125976,2095-180-63.4551.png,63.4551
781_0hwOjo5bwF3rsZqa0iqavA_51.79357464_-0.93125976,2095-270-63.4551.png,63.4551
1532_n-4yjass2pHGvYbrKjbRLw_-29.13401045_31.39733035,2096-0-72.3703.png,72.3703
1532_n-4yjass2pHGvYbrKjbRLw_-29.13401045_31.39733035,2096-90-72.3703.png,72.3703
1532_n-4yjass2pHGvYbrKjbRLw_-29.13401045_31.39733035,2096-180-72.3703.png,72.3703
1532_n-4yjass2pHGvYbrKjbRLw_-29.13401045_31.39733035,2096-270-72.3703.png,72.3703
178_MvM2-K9z6Z5T-0LRQ01ygw_26.43482598_87.80300170,2097-0-36.6721.png,36.6721
178_MvM2-K9z6Z5T-0LRQ01ygw_26.43482598_87.80300170,2097-90-36.6721.png,36.6721
178_MvM2-K9z6Z5T-0LRQ01ygw_26.43482598_87.80300170,2097-180-36.6721.png,36.6721
178_MvM2-K9z6Z5T-0LRQ01ygw_26.43482598_87.80300170,2097-270-36.6721.png,36.6721
628_PbCkM5HZModvxa4qHYaYaQ_33.33674938_-102.20658899,2098-0-44.2929.png,44.2929
628_PbCkM5HZModvxa4qHYaYaQ_33.33674938_-102.20658899,2098-90-44.2929.png,44.2929
628_PbCkM5HZModvxa4qHYaYaQ_33.33674938_-102.20658899,2098-180-44.2929.png,44.2929
628_PbCkM5HZModvxa4qHYaYaQ_33.33674938_-102.20658899,2098-270-44.2929.png,44.2929
1621_bstIWUEuY5nXmXCx3uMX2A_41.87364688_-91.58518673,2099-0-40.4999.png,40.4999
1621_bstIWUEuY5nXmXCx3uMX2A_41.87364688_-91.58518673,2099-90-40.4999.png,40.4999
1621_bstIWUEuY5nXmXCx3uMX2A_41.87364688_-91.58518673,2099-180-40.4999.png,40.4999
1621_bstIWUEuY5nXmXCx3uMX2A_41.87364688_-91.58518673,2099-270-40.4999.png,40.4999
668_m_wftn5C1-NLc48lYZQBDw_36.13958401_-82.43008403,2100-0-25.5459.png,25.5459
668_m_wftn5C1-NLc48lYZQBDw_36.13958401_-82.43008403,2100-90-25.5459.png,25.5459
668_m_wftn5C1-NLc48lYZQBDw_36.13958401_-82.43008403,2100-180-25.5459.png,25.5459
668_m_wftn5C1-NLc48lYZQBDw_36.13958401_-82.43008403,2100-270-25.5459.png,25.5459
1238_-C81db5ENG0s99x7oxM1SA_45.75200217_-120.90448881,2101-0-16.3503.png,16.3503
1238_-C81db5ENG0s99x7oxM1SA_45.75200217_-120.90448881,2101-90-16.3503.png,16.3503
1238_-C81db5ENG0s99x7oxM1SA_45.75200217_-120.90448881,2101-180-16.3503.png,16.3503
1238_-C81db5ENG0s99x7oxM1SA_45.75200217_-120.90448881,2101-270-16.3503.png,16.3503
3274_YRjgNr8_dmih3ZQFqURsZw_56.97206143_23.86804281,2102-0-31.0296.png,31.0296
3274_YRjgNr8_dmih3ZQFqURsZw_56.97206143_23.86804281,2102-90-31.0296.png,31.0296
3274_YRjgNr8_dmih3ZQFqURsZw_56.97206143_23.86804281,2102-180-31.0296.png,31.0296
3274_YRjgNr8_dmih3ZQFqURsZw_56.97206143_23.86804281,2102-270-31.0296.png,31.0296
1047_gkFkLJUkeEUptBkoBSrhDQ_41.21416733_-76.64572307,2103-0-26.7404.png,26.7404
1047_gkFkLJUkeEUptBkoBSrhDQ_41.21416733_-76.64572307,2103-90-26.7404.png,26.7404
1047_gkFkLJUkeEUptBkoBSrhDQ_41.21416733_-76.64572307,2103-180-26.7404.png,26.7404
1047_gkFkLJUkeEUptBkoBSrhDQ_41.21416733_-76.64572307,2103-270-26.7404.png,26.7404
607_W8NQAKOcZpX4tBAztR1Fmw_30.19752678_75.79883354,2104-0-40.1638.png,40.1638
607_W8NQAKOcZpX4tBAztR1Fmw_30.19752678_75.79883354,2104-90-40.1638.png,40.1638
607_W8NQAKOcZpX4tBAztR1Fmw_30.19752678_75.79883354,2104-180-40.1638.png,40.1638
607_W8NQAKOcZpX4tBAztR1Fmw_30.19752678_75.79883354,2104-270-40.1638.png,40.1638
1042_5ikLxiY2SgUwfQwaWAqp1w_50.28168626_3.98450178,2105-0-29.3912.png,29.3912
1042_5ikLxiY2SgUwfQwaWAqp1w_50.28168626_3.98450178,2105-90-29.3912.png,29.3912
1042_5ikLxiY2SgUwfQwaWAqp1w_50.28168626_3.98450178,2105-180-29.3912.png,29.3912
1042_5ikLxiY2SgUwfQwaWAqp1w_50.28168626_3.98450178,2105-270-29.3912.png,29.3912
833_7MNeE1lQqdMJN9Sb0lFjFw_-33.95143292_-62.97273553,2106-0-65.783.png,65.783
833_7MNeE1lQqdMJN9Sb0lFjFw_-33.95143292_-62.97273553,2106-90-65.783.png,65.783
833_7MNeE1lQqdMJN9Sb0lFjFw_-33.95143292_-62.97273553,2106-180-65.783.png,65.783
833_7MNeE1lQqdMJN9Sb0lFjFw_-33.95143292_-62.97273553,2106-270-65.783.png,65.783
1706_9VFxEmM4iGrildJUSJnxVQ_42.38246117_-106.26889485,2107-0-11.865.png,11.865
1706_9VFxEmM4iGrildJUSJnxVQ_42.38246117_-106.26889485,2107-90-11.865.png,11.865
1706_9VFxEmM4iGrildJUSJnxVQ_42.38246117_-106.26889485,2107-180-11.865.png,11.865
1706_9VFxEmM4iGrildJUSJnxVQ_42.38246117_-106.26889485,2107-270-11.865.png,11.865
932_rnstb16eSh-IoxC8B2qaUg_31.96432854_-95.26137299,2108-0-45.1521.png,45.1521
932_rnstb16eSh-IoxC8B2qaUg_31.96432854_-95.26137299,2108-90-45.1521.png,45.1521
932_rnstb16eSh-IoxC8B2qaUg_31.96432854_-95.26137299,2108-180-45.1521.png,45.1521
932_rnstb16eSh-IoxC8B2qaUg_31.96432854_-95.26137299,2108-270-45.1521.png,45.1521
528_UL0sRv0MYHb9Zy4OzJ8EWg_50.40737638_4.26977232,2109-0-31.4866.png,31.4866
528_UL0sRv0MYHb9Zy4OzJ8EWg_50.40737638_4.26977232,2109-90-31.4866.png,31.4866
528_UL0sRv0MYHb9Zy4OzJ8EWg_50.40737638_4.26977232,2109-180-31.4866.png,31.4866
528_UL0sRv0MYHb9Zy4OzJ8EWg_50.40737638_4.26977232,2109-270-31.4866.png,31.4866
26_tll7eg7DWSkiNm4_JuSlJw_47.06350720_-109.41748759,2110-0-75.6063.png,75.6063
26_tll7eg7DWSkiNm4_JuSlJw_47.06350720_-109.41748759,2110-90-75.6063.png,75.6063
26_tll7eg7DWSkiNm4_JuSlJw_47.06350720_-109.41748759,2110-180-75.6063.png,75.6063
26_tll7eg7DWSkiNm4_JuSlJw_47.06350720_-109.41748759,2110-270-75.6063.png,75.6063
2490_z1M_7zAEd4OEQdSqg9W3IA_54.82114179_-98.61331336,2111-0-26.1793.png,26.1793
2490_z1M_7zAEd4OEQdSqg9W3IA_54.82114179_-98.61331336,2111-90-26.1793.png,26.1793
2490_z1M_7zAEd4OEQdSqg9W3IA_54.82114179_-98.61331336,2111-180-26.1793.png,26.1793
2490_z1M_7zAEd4OEQdSqg9W3IA_54.82114179_-98.61331336,2111-270-26.1793.png,26.1793
2941_V3KXxJmM7zGqKntUozsClA_52.78740995_6.93899705,2112-0-50.9667.png,50.9667
2941_V3KXxJmM7zGqKntUozsClA_52.78740995_6.93899705,2112-90-50.9667.png,50.9667
2941_V3KXxJmM7zGqKntUozsClA_52.78740995_6.93899705,2112-180-50.9667.png,50.9667
2941_V3KXxJmM7zGqKntUozsClA_52.78740995_6.93899705,2112-270-50.9667.png,50.9667
883_bXR03Couo9AhFbt3afNvyg_37.13938631_127.35740575,2113-0-25.4532.png,25.4532
883_bXR03Couo9AhFbt3afNvyg_37.13938631_127.35740575,2113-90-25.4532.png,25.4532
883_bXR03Couo9AhFbt3afNvyg_37.13938631_127.35740575,2113-180-25.4532.png,25.4532
883_bXR03Couo9AhFbt3afNvyg_37.13938631_127.35740575,2113-270-25.4532.png,25.4532
459_WySwo190fy6YETmoYue-Ww_-22.11454596_-54.69599569,2114-0-21.3561.png,21.3561
459_WySwo190fy6YETmoYue-Ww_-22.11454596_-54.69599569,2114-90-21.3561.png,21.3561
459_WySwo190fy6YETmoYue-Ww_-22.11454596_-54.69599569,2114-180-21.3561.png,21.3561
459_WySwo190fy6YETmoYue-Ww_-22.11454596_-54.69599569,2114-270-21.3561.png,21.3561
46_gK0A7YAt96-IhGdQogd4Nw_39.64591306_-0.59082521,2115-0-55.4584.png,55.4584
46_gK0A7YAt96-IhGdQogd4Nw_39.64591306_-0.59082521,2115-90-55.4584.png,55.4584
46_gK0A7YAt96-IhGdQogd4Nw_39.64591306_-0.59082521,2115-180-55.4584.png,55.4584
46_gK0A7YAt96-IhGdQogd4Nw_39.64591306_-0.59082521,2115-270-55.4584.png,55.4584
2504_t94jbpQXkGXkYLwd44MXuQ_38.05939084_37.18823665,2116-0-31.6087.png,31.6087
2504_t94jbpQXkGXkYLwd44MXuQ_38.05939084_37.18823665,2116-90-31.6087.png,31.6087
2504_t94jbpQXkGXkYLwd44MXuQ_38.05939084_37.18823665,2116-180-31.6087.png,31.6087
2504_t94jbpQXkGXkYLwd44MXuQ_38.05939084_37.18823665,2116-270-31.6087.png,31.6087
1647_IDMyjHeTPoP0kvBvkOzaCg_41.62187487_-0.92872703,2117-0-52.8929.png,52.8929
1647_IDMyjHeTPoP0kvBvkOzaCg_41.62187487_-0.92872703,2117-90-52.8929.png,52.8929
1647_IDMyjHeTPoP0kvBvkOzaCg_41.62187487_-0.92872703,2117-180-52.8929.png,52.8929
1647_IDMyjHeTPoP0kvBvkOzaCg_41.62187487_-0.92872703,2117-270-52.8929.png,52.8929
392__TiHlnqUmxA1GQv-bDYwHQ_40.41776002_17.24643002,2118-0-42.2387.png,42.2387
392__TiHlnqUmxA1GQv-bDYwHQ_40.41776002_17.24643002,2118-90-42.2387.png,42.2387
392__TiHlnqUmxA1GQv-bDYwHQ_40.41776002_17.24643002,2118-180-42.2387.png,42.2387
392__TiHlnqUmxA1GQv-bDYwHQ_40.41776002_17.24643002,2118-270-42.2387.png,42.2387
137_tYO58e4F36WA0sQFsEwXzQ_-36.75817826_174.66020704,2119-0-37.2765.png,37.2765
137_tYO58e4F36WA0sQFsEwXzQ_-36.75817826_174.66020704,2119-90-37.2765.png,37.2765
137_tYO58e4F36WA0sQFsEwXzQ_-36.75817826_174.66020704,2119-180-37.2765.png,37.2765
137_tYO58e4F36WA0sQFsEwXzQ_-36.75817826_174.66020704,2119-270-37.2765.png,37.2765
2944_1g8zzvy9vmy9prrK56igGg_44.60597390_-79.39277842,2120-0-66.8167.png,66.8167
2944_1g8zzvy9vmy9prrK56igGg_44.60597390_-79.39277842,2120-90-66.8167.png,66.8167
2944_1g8zzvy9vmy9prrK56igGg_44.60597390_-79.39277842,2120-180-66.8167.png,66.8167
2944_1g8zzvy9vmy9prrK56igGg_44.60597390_-79.39277842,2120-270-66.8167.png,66.8167
2438_2QLMew6gy7Hz8iyiKEwNKQ_-24.00339752_-53.70390817,2121-0-70.5036.png,70.5036
2438_2QLMew6gy7Hz8iyiKEwNKQ_-24.00339752_-53.70390817,2121-90-70.5036.png,70.5036
2438_2QLMew6gy7Hz8iyiKEwNKQ_-24.00339752_-53.70390817,2121-180-70.5036.png,70.5036
2438_2QLMew6gy7Hz8iyiKEwNKQ_-24.00339752_-53.70390817,2121-270-70.5036.png,70.5036
1474_whSj58O4tbHAWLNri9_eWg_22.20034559_-101.04894948,2122-0-69.3086.png,69.3086
1474_whSj58O4tbHAWLNri9_eWg_22.20034559_-101.04894948,2122-90-69.3086.png,69.3086
1474_whSj58O4tbHAWLNri9_eWg_22.20034559_-101.04894948,2122-180-69.3086.png,69.3086
1474_whSj58O4tbHAWLNri9_eWg_22.20034559_-101.04894948,2122-270-69.3086.png,69.3086
1482_14lXVmIvf7iZVWEa63pSpQ_21.66274621_-98.96550056,2123-0-61.2562.png,61.2562
1482_14lXVmIvf7iZVWEa63pSpQ_21.66274621_-98.96550056,2123-90-61.2562.png,61.2562
1482_14lXVmIvf7iZVWEa63pSpQ_21.66274621_-98.96550056,2123-180-61.2562.png,61.2562
1482_14lXVmIvf7iZVWEa63pSpQ_21.66274621_-98.96550056,2123-270-61.2562.png,61.2562
96_EYNmUIDlX2IshDo_T81Myw_39.03611533_22.28419104,2124-0-35.8439.png,35.8439
96_EYNmUIDlX2IshDo_T81Myw_39.03611533_22.28419104,2124-90-35.8439.png,35.8439
96_EYNmUIDlX2IshDo_T81Myw_39.03611533_22.28419104,2124-180-35.8439.png,35.8439
96_EYNmUIDlX2IshDo_T81Myw_39.03611533_22.28419104,2124-270-35.8439.png,35.8439
2134_KZs7xH-0melahyjmnSmMTQ_23.09757349_78.98246154,2125-0-52.0195.png,52.0195
2134_KZs7xH-0melahyjmnSmMTQ_23.09757349_78.98246154,2125-90-52.0195.png,52.0195
2134_KZs7xH-0melahyjmnSmMTQ_23.09757349_78.98246154,2125-180-52.0195.png,52.0195
2134_KZs7xH-0melahyjmnSmMTQ_23.09757349_78.98246154,2125-270-52.0195.png,52.0195
2956_FiiYmrPcIlyc_jmxyLVsRQ_47.34626545_-102.64522296,2126-0-48.4299.png,48.4299
2956_FiiYmrPcIlyc_jmxyLVsRQ_47.34626545_-102.64522296,2126-90-48.4299.png,48.4299
2956_FiiYmrPcIlyc_jmxyLVsRQ_47.34626545_-102.64522296,2126-180-48.4299.png,48.4299
2956_FiiYmrPcIlyc_jmxyLVsRQ_47.34626545_-102.64522296,2126-270-48.4299.png,48.4299
1490_6cRlzDVbtQKSnw7hrR7h9g_40.92225923_32.46689387,2127-0-37.9731.png,37.9731
1490_6cRlzDVbtQKSnw7hrR7h9g_40.92225923_32.46689387,2127-90-37.9731.png,37.9731
1490_6cRlzDVbtQKSnw7hrR7h9g_40.92225923_32.46689387,2127-180-37.9731.png,37.9731
1490_6cRlzDVbtQKSnw7hrR7h9g_40.92225923_32.46689387,2127-270-37.9731.png,37.9731
2583_K8OGJdbkLj9hBV7CASZRoQ_39.55060963_8.79182293,2128-0-38.7952.png,38.7952
2583_K8OGJdbkLj9hBV7CASZRoQ_39.55060963_8.79182293,2128-90-38.7952.png,38.7952
2583_K8OGJdbkLj9hBV7CASZRoQ_39.55060963_8.79182293,2128-180-38.7952.png,38.7952
2583_K8OGJdbkLj9hBV7CASZRoQ_39.55060963_8.79182293,2128-270-38.7952.png,38.7952
2345_5YZ4Q1JF2GhB5r5-qa0sew_29.78386924_74.45970116,2129-0-50.4528.png,50.4528
2345_5YZ4Q1JF2GhB5r5-qa0sew_29.78386924_74.45970116,2129-90-50.4528.png,50.4528
2345_5YZ4Q1JF2GhB5r5-qa0sew_29.78386924_74.45970116,2129-180-50.4528.png,50.4528
2345_5YZ4Q1JF2GhB5r5-qa0sew_29.78386924_74.45970116,2129-270-50.4528.png,50.4528
1427_V7EsRUrwqZstxQMFHDOaCg_51.89352986_12.60410121,2130-0-37.897.png,37.897
1427_V7EsRUrwqZstxQMFHDOaCg_51.89352986_12.60410121,2130-90-37.897.png,37.897
1427_V7EsRUrwqZstxQMFHDOaCg_51.89352986_12.60410121,2130-180-37.897.png,37.897
1427_V7EsRUrwqZstxQMFHDOaCg_51.89352986_12.60410121,2130-270-37.897.png,37.897
905_8mWiLtKYhNVUfDLp8KeeTg_43.14427065_-2.55959943,2131-0-41.2718.png,41.2718
905_8mWiLtKYhNVUfDLp8KeeTg_43.14427065_-2.55959943,2131-90-41.2718.png,41.2718
905_8mWiLtKYhNVUfDLp8KeeTg_43.14427065_-2.55959943,2131-180-41.2718.png,41.2718
905_8mWiLtKYhNVUfDLp8KeeTg_43.14427065_-2.55959943,2131-270-41.2718.png,41.2718
1641_DLiTwGxQW04krrMpDqvh9w_43.60911663_-96.46203714,2132-0-10.66.png,10.66
1641_DLiTwGxQW04krrMpDqvh9w_43.60911663_-96.46203714,2132-90-10.66.png,10.66
1641_DLiTwGxQW04krrMpDqvh9w_43.60911663_-96.46203714,2132-180-10.66.png,10.66
1641_DLiTwGxQW04krrMpDqvh9w_43.60911663_-96.46203714,2132-270-10.66.png,10.66
3440_WVhx_Zxk2psJh28Xm-VbCA_46.98634249_-104.19002567,2133-0-36.7436.png,36.7436
3440_WVhx_Zxk2psJh28Xm-VbCA_46.98634249_-104.19002567,2133-90-36.7436.png,36.7436
3440_WVhx_Zxk2psJh28Xm-VbCA_46.98634249_-104.19002567,2133-180-36.7436.png,36.7436
3440_WVhx_Zxk2psJh28Xm-VbCA_46.98634249_-104.19002567,2133-270-36.7436.png,36.7436
336_KmARZPgVQUAHPThkSANoHA_45.66612503_-88.90910132,2134-0-29.1623.png,29.1623
336_KmARZPgVQUAHPThkSANoHA_45.66612503_-88.90910132,2134-90-29.1623.png,29.1623
336_KmARZPgVQUAHPThkSANoHA_45.66612503_-88.90910132,2134-180-29.1623.png,29.1623
336_KmARZPgVQUAHPThkSANoHA_45.66612503_-88.90910132,2134-270-29.1623.png,29.1623
1214_XqEvP4vw1Sa9UXk4vEXOIA_-38.66821919_174.62015981,2135-0-58.524.png,58.524
1214_XqEvP4vw1Sa9UXk4vEXOIA_-38.66821919_174.62015981,2135-90-58.524.png,58.524
1214_XqEvP4vw1Sa9UXk4vEXOIA_-38.66821919_174.62015981,2135-180-58.524.png,58.524
1214_XqEvP4vw1Sa9UXk4vEXOIA_-38.66821919_174.62015981,2135-270-58.524.png,58.524
2370_JZpp0X6X6xc1mSStWBzrAg_42.56233879_-77.69682664,2136-0-36.3952.png,36.3952
2370_JZpp0X6X6xc1mSStWBzrAg_42.56233879_-77.69682664,2136-90-36.3952.png,36.3952
2370_JZpp0X6X6xc1mSStWBzrAg_42.56233879_-77.69682664,2136-180-36.3952.png,36.3952
2370_JZpp0X6X6xc1mSStWBzrAg_42.56233879_-77.69682664,2136-270-36.3952.png,36.3952
1034_QnIBVdxH5bSlwOcK0cy18A_52.75935010_12.42006342,2137-0-66.8018.png,66.8018
1034_QnIBVdxH5bSlwOcK0cy18A_52.75935010_12.42006342,2137-90-66.8018.png,66.8018
1034_QnIBVdxH5bSlwOcK0cy18A_52.75935010_12.42006342,2137-180-66.8018.png,66.8018
1034_QnIBVdxH5bSlwOcK0cy18A_52.75935010_12.42006342,2137-270-66.8018.png,66.8018
2086_zOR8g7qN23ViQCAGz3_EGg_-33.73372463_150.93332616,2138-0-49.6608.png,49.6608
2086_zOR8g7qN23ViQCAGz3_EGg_-33.73372463_150.93332616,2138-90-49.6608.png,49.6608
2086_zOR8g7qN23ViQCAGz3_EGg_-33.73372463_150.93332616,2138-180-49.6608.png,49.6608
2086_zOR8g7qN23ViQCAGz3_EGg_-33.73372463_150.93332616,2138-270-49.6608.png,49.6608
2445_y8ixKcWrRz1zkvx_ilTWwg_38.00223423_127.23873552,2139-0-14.5704.png,14.5704
2445_y8ixKcWrRz1zkvx_ilTWwg_38.00223423_127.23873552,2139-90-14.5704.png,14.5704
2445_y8ixKcWrRz1zkvx_ilTWwg_38.00223423_127.23873552,2139-180-14.5704.png,14.5704
2445_y8ixKcWrRz1zkvx_ilTWwg_38.00223423_127.23873552,2139-270-14.5704.png,14.5704
289_wEHXZAwNcAzVd3M-3Xt8Sw_-21.01745544_-47.58306536,2140-0-19.5766.png,19.5766
289_wEHXZAwNcAzVd3M-3Xt8Sw_-21.01745544_-47.58306536,2140-90-19.5766.png,19.5766
289_wEHXZAwNcAzVd3M-3Xt8Sw_-21.01745544_-47.58306536,2140-180-19.5766.png,19.5766
289_wEHXZAwNcAzVd3M-3Xt8Sw_-21.01745544_-47.58306536,2140-270-19.5766.png,19.5766
2828_uKVgeJVe-QqXRHZoboCp7w_-29.92013553_30.96470007,2141-0-65.4091.png,65.4091
2828_uKVgeJVe-QqXRHZoboCp7w_-29.92013553_30.96470007,2141-90-65.4091.png,65.4091
2828_uKVgeJVe-QqXRHZoboCp7w_-29.92013553_30.96470007,2141-180-65.4091.png,65.4091
2828_uKVgeJVe-QqXRHZoboCp7w_-29.92013553_30.96470007,2141-270-65.4091.png,65.4091
2106_U4E170pO-r4qi6Pvg8lY3A_13.24851896_77.70283830,2142-0-67.5813.png,67.5813
2106_U4E170pO-r4qi6Pvg8lY3A_13.24851896_77.70283830,2142-90-67.5813.png,67.5813
2106_U4E170pO-r4qi6Pvg8lY3A_13.24851896_77.70283830,2142-180-67.5813.png,67.5813
2106_U4E170pO-r4qi6Pvg8lY3A_13.24851896_77.70283830,2142-270-67.5813.png,67.5813
1384_omtJYO9F6pygcjih6CTumw_50.35177900_10.90408920,2143-0-21.4955.png,21.4955
1384_omtJYO9F6pygcjih6CTumw_50.35177900_10.90408920,2143-90-21.4955.png,21.4955
1384_omtJYO9F6pygcjih6CTumw_50.35177900_10.90408920,2143-180-21.4955.png,21.4955
1384_omtJYO9F6pygcjih6CTumw_50.35177900_10.90408920,2143-270-21.4955.png,21.4955
1709_DmS5tH3vf9aG0nrASjWQXQ_47.14133656_-1.28258908,2144-0-53.4337.png,53.4337
1709_DmS5tH3vf9aG0nrASjWQXQ_47.14133656_-1.28258908,2144-90-53.4337.png,53.4337
1709_DmS5tH3vf9aG0nrASjWQXQ_47.14133656_-1.28258908,2144-180-53.4337.png,53.4337
1709_DmS5tH3vf9aG0nrASjWQXQ_47.14133656_-1.28258908,2144-270-53.4337.png,53.4337
276_9Z_UPS5rGv9Z95VDus1b2g_52.55601419_7.96564129,2145-0-19.52.png,19.52
276_9Z_UPS5rGv9Z95VDus1b2g_52.55601419_7.96564129,2145-90-19.52.png,19.52
276_9Z_UPS5rGv9Z95VDus1b2g_52.55601419_7.96564129,2145-180-19.52.png,19.52
276_9Z_UPS5rGv9Z95VDus1b2g_52.55601419_7.96564129,2145-270-19.52.png,19.52
125_hN048-wC0ycWrN9-ZCMpQg_60.60754037_15.63054148,2146-0-43.0361.png,43.0361
125_hN048-wC0ycWrN9-ZCMpQg_60.60754037_15.63054148,2146-90-43.0361.png,43.0361
125_hN048-wC0ycWrN9-ZCMpQg_60.60754037_15.63054148,2146-180-43.0361.png,43.0361
125_hN048-wC0ycWrN9-ZCMpQg_60.60754037_15.63054148,2146-270-43.0361.png,43.0361
1580_58rFrFwIygPzeY4X5VB3Rw_-34.89996395_-57.93370589,2147-0-52.5601.png,52.5601
1580_58rFrFwIygPzeY4X5VB3Rw_-34.89996395_-57.93370589,2147-90-52.5601.png,52.5601
1580_58rFrFwIygPzeY4X5VB3Rw_-34.89996395_-57.93370589,2147-180-52.5601.png,52.5601
1580_58rFrFwIygPzeY4X5VB3Rw_-34.89996395_-57.93370589,2147-270-52.5601.png,52.5601
2500_YUS3o87tIBMpi068YF8gGw_53.46102566_11.18006165,2148-0-34.9347.png,34.9347
2500_YUS3o87tIBMpi068YF8gGw_53.46102566_11.18006165,2148-90-34.9347.png,34.9347
2500_YUS3o87tIBMpi068YF8gGw_53.46102566_11.18006165,2148-180-34.9347.png,34.9347
2500_YUS3o87tIBMpi068YF8gGw_53.46102566_11.18006165,2148-270-34.9347.png,34.9347
3183_6LwooPxtCzMeRwXoTmHGig_43.44653329_-1.51166817,2149-0-23.6873.png,23.6873
3183_6LwooPxtCzMeRwXoTmHGig_43.44653329_-1.51166817,2149-90-23.6873.png,23.6873
3183_6LwooPxtCzMeRwXoTmHGig_43.44653329_-1.51166817,2149-180-23.6873.png,23.6873
3183_6LwooPxtCzMeRwXoTmHGig_43.44653329_-1.51166817,2149-270-23.6873.png,23.6873
839_t5ZPzRvfWE-1oSjQGmoeiQ_38.04564546_-4.17027250,2150-0-65.9794.png,65.9794
839_t5ZPzRvfWE-1oSjQGmoeiQ_38.04564546_-4.17027250,2150-90-65.9794.png,65.9794
839_t5ZPzRvfWE-1oSjQGmoeiQ_38.04564546_-4.17027250,2150-180-65.9794.png,65.9794
839_t5ZPzRvfWE-1oSjQGmoeiQ_38.04564546_-4.17027250,2150-270-65.9794.png,65.9794
522_EOq0RHET1qFfO8ZuTBZQtw_34.55416905_-114.37239753,2151-0-15.9597.png,15.9597
522_EOq0RHET1qFfO8ZuTBZQtw_34.55416905_-114.37239753,2151-90-15.9597.png,15.9597
522_EOq0RHET1qFfO8ZuTBZQtw_34.55416905_-114.37239753,2151-180-15.9597.png,15.9597
522_EOq0RHET1qFfO8ZuTBZQtw_34.55416905_-114.37239753,2151-270-15.9597.png,15.9597
613_iAQwcH45Of4z-OgnS7vbCw_25.80206308_-80.22466603,2152-0-38.5812.png,38.5812
613_iAQwcH45Of4z-OgnS7vbCw_25.80206308_-80.22466603,2152-90-38.5812.png,38.5812
613_iAQwcH45Of4z-OgnS7vbCw_25.80206308_-80.22466603,2152-180-38.5812.png,38.5812
613_iAQwcH45Of4z-OgnS7vbCw_25.80206308_-80.22466603,2152-270-38.5812.png,38.5812
2045_UMZcQxQBCwVN7vbDkTE30A_44.48670066_0.67421867,2153-0-40.0224.png,40.0224
2045_UMZcQxQBCwVN7vbDkTE30A_44.48670066_0.67421867,2153-90-40.0224.png,40.0224
2045_UMZcQxQBCwVN7vbDkTE30A_44.48670066_0.67421867,2153-180-40.0224.png,40.0224
2045_UMZcQxQBCwVN7vbDkTE30A_44.48670066_0.67421867,2153-270-40.0224.png,40.0224
1185__Qkp1vFPeZ_bVmsOtuqICw_48.48783200_6.69473831,2154-0-18.7462.png,18.7462
1185__Qkp1vFPeZ_bVmsOtuqICw_48.48783200_6.69473831,2154-90-18.7462.png,18.7462
1185__Qkp1vFPeZ_bVmsOtuqICw_48.48783200_6.69473831,2154-180-18.7462.png,18.7462
1185__Qkp1vFPeZ_bVmsOtuqICw_48.48783200_6.69473831,2154-270-18.7462.png,18.7462
1930_L9pNMzMLqUpSlzf9B_NgMg_61.90615287_129.63343218,2155-0-19.0807.png,19.0807
1930_L9pNMzMLqUpSlzf9B_NgMg_61.90615287_129.63343218,2155-90-19.0807.png,19.0807
1930_L9pNMzMLqUpSlzf9B_NgMg_61.90615287_129.63343218,2155-180-19.0807.png,19.0807
1930_L9pNMzMLqUpSlzf9B_NgMg_61.90615287_129.63343218,2155-270-19.0807.png,19.0807
1841_F8SLb4SzFDuK1m7FwhbZew_43.83586613_-101.52238252,2156-0-17.3369.png,17.3369
1841_F8SLb4SzFDuK1m7FwhbZew_43.83586613_-101.52238252,2156-90-17.3369.png,17.3369
1841_F8SLb4SzFDuK1m7FwhbZew_43.83586613_-101.52238252,2156-180-17.3369.png,17.3369
1841_F8SLb4SzFDuK1m7FwhbZew_43.83586613_-101.52238252,2156-270-17.3369.png,17.3369
399_9wwSDrMMljNZBZFasc4XmA_45.80207688_-119.37253846,2157-0-29.6818.png,29.6818
399_9wwSDrMMljNZBZFasc4XmA_45.80207688_-119.37253846,2157-90-29.6818.png,29.6818
399_9wwSDrMMljNZBZFasc4XmA_45.80207688_-119.37253846,2157-180-29.6818.png,29.6818
399_9wwSDrMMljNZBZFasc4XmA_45.80207688_-119.37253846,2157-270-29.6818.png,29.6818
386_h-Z776xGUzPuyRZ85pODaQ_55.21662168_-2.98278957,2158-0-24.2365.png,24.2365
386_h-Z776xGUzPuyRZ85pODaQ_55.21662168_-2.98278957,2158-90-24.2365.png,24.2365
386_h-Z776xGUzPuyRZ85pODaQ_55.21662168_-2.98278957,2158-180-24.2365.png,24.2365
386_h-Z776xGUzPuyRZ85pODaQ_55.21662168_-2.98278957,2158-270-24.2365.png,24.2365
1482_WNWEJCw8BlxCKvJyYDA-xw_13.63696986_78.62956322,2159-0-53.3197.png,53.3197
1482_WNWEJCw8BlxCKvJyYDA-xw_13.63696986_78.62956322,2159-90-53.3197.png,53.3197
1482_WNWEJCw8BlxCKvJyYDA-xw_13.63696986_78.62956322,2159-180-53.3197.png,53.3197
1482_WNWEJCw8BlxCKvJyYDA-xw_13.63696986_78.62956322,2159-270-53.3197.png,53.3197
2393_svl3dUbpOS2vttcl0XMuxQ_-23.64525922_150.38902405,2160-0-64.9653.png,64.9653
2393_svl3dUbpOS2vttcl0XMuxQ_-23.64525922_150.38902405,2160-90-64.9653.png,64.9653
2393_svl3dUbpOS2vttcl0XMuxQ_-23.64525922_150.38902405,2160-180-64.9653.png,64.9653
2393_svl3dUbpOS2vttcl0XMuxQ_-23.64525922_150.38902405,2160-270-64.9653.png,64.9653
1057_JRBGR-M4wPCdpMkvCdhkSA_40.04406390_-94.82078797,2161-0-35.1185.png,35.1185
1057_JRBGR-M4wPCdpMkvCdhkSA_40.04406390_-94.82078797,2161-90-35.1185.png,35.1185
1057_JRBGR-M4wPCdpMkvCdhkSA_40.04406390_-94.82078797,2161-180-35.1185.png,35.1185
1057_JRBGR-M4wPCdpMkvCdhkSA_40.04406390_-94.82078797,2161-270-35.1185.png,35.1185
858_Nuu0CHu8oFgpwbIiT_h2gA_34.80029138_-118.87376082,2162-0-17.9764.png,17.9764
858_Nuu0CHu8oFgpwbIiT_h2gA_34.80029138_-118.87376082,2162-90-17.9764.png,17.9764
858_Nuu0CHu8oFgpwbIiT_h2gA_34.80029138_-118.87376082,2162-180-17.9764.png,17.9764
858_Nuu0CHu8oFgpwbIiT_h2gA_34.80029138_-118.87376082,2162-270-17.9764.png,17.9764
1962_w1T0Qx-8HA1F0PwWkYKmRw_59.65005943_17.88367669,2163-0-16.1024.png,16.1024
1962_w1T0Qx-8HA1F0PwWkYKmRw_59.65005943_17.88367669,2163-90-16.1024.png,16.1024
1962_w1T0Qx-8HA1F0PwWkYKmRw_59.65005943_17.88367669,2163-180-16.1024.png,16.1024
1962_w1T0Qx-8HA1F0PwWkYKmRw_59.65005943_17.88367669,2163-270-16.1024.png,16.1024
2495_-1Do2qRUhozYCarTx9OAbA_31.71179342_75.65501293,2164-0-44.8719.png,44.8719
2495_-1Do2qRUhozYCarTx9OAbA_31.71179342_75.65501293,2164-90-44.8719.png,44.8719
2495_-1Do2qRUhozYCarTx9OAbA_31.71179342_75.65501293,2164-180-44.8719.png,44.8719
2495_-1Do2qRUhozYCarTx9OAbA_31.71179342_75.65501293,2164-270-44.8719.png,44.8719
2629_30PrP9xt8qWeCEj0wy9AWw_52.52574127_-6.27009807,2165-0-32.4546.png,32.4546
2629_30PrP9xt8qWeCEj0wy9AWw_52.52574127_-6.27009807,2165-90-32.4546.png,32.4546
2629_30PrP9xt8qWeCEj0wy9AWw_52.52574127_-6.27009807,2165-180-32.4546.png,32.4546
2629_30PrP9xt8qWeCEj0wy9AWw_52.52574127_-6.27009807,2165-270-32.4546.png,32.4546
163_IB4qkJzMBX_s2W25Ju03NA_47.21353903_27.51769817,2166-0-61.8197.png,61.8197
163_IB4qkJzMBX_s2W25Ju03NA_47.21353903_27.51769817,2166-90-61.8197.png,61.8197
163_IB4qkJzMBX_s2W25Ju03NA_47.21353903_27.51769817,2166-180-61.8197.png,61.8197
163_IB4qkJzMBX_s2W25Ju03NA_47.21353903_27.51769817,2166-270-61.8197.png,61.8197
1831_VawJIQ60svoXjTnJqzLsig_23.88879411_120.56545733,2167-0-46.0288.png,46.0288
1831_VawJIQ60svoXjTnJqzLsig_23.88879411_120.56545733,2167-90-46.0288.png,46.0288
1831_VawJIQ60svoXjTnJqzLsig_23.88879411_120.56545733,2167-180-46.0288.png,46.0288
1831_VawJIQ60svoXjTnJqzLsig_23.88879411_120.56545733,2167-270-46.0288.png,46.0288
131_q9G3LSg1JSC4sOn-d5qiKQ_43.09782008_-93.80262365,2168-0-59.4567.png,59.4567
131_q9G3LSg1JSC4sOn-d5qiKQ_43.09782008_-93.80262365,2168-90-59.4567.png,59.4567
131_q9G3LSg1JSC4sOn-d5qiKQ_43.09782008_-93.80262365,2168-180-59.4567.png,59.4567
131_q9G3LSg1JSC4sOn-d5qiKQ_43.09782008_-93.80262365,2168-270-59.4567.png,59.4567
2007__XUU3-QXghOlq3f13xkvwA_22.82393643_70.84716838,2169-0-48.6923.png,48.6923
2007__XUU3-QXghOlq3f13xkvwA_22.82393643_70.84716838,2169-90-48.6923.png,48.6923
2007__XUU3-QXghOlq3f13xkvwA_22.82393643_70.84716838,2169-180-48.6923.png,48.6923
2007__XUU3-QXghOlq3f13xkvwA_22.82393643_70.84716838,2169-270-48.6923.png,48.6923
212_IOh5mLswy_8PTnls4D1MMQ_38.63872699_-5.53920320,2170-0-27.9962.png,27.9962
212_IOh5mLswy_8PTnls4D1MMQ_38.63872699_-5.53920320,2170-90-27.9962.png,27.9962
212_IOh5mLswy_8PTnls4D1MMQ_38.63872699_-5.53920320,2170-180-27.9962.png,27.9962
212_IOh5mLswy_8PTnls4D1MMQ_38.63872699_-5.53920320,2170-270-27.9962.png,27.9962
3390_DQXjdMbfWAevbhuvZizd9Q_22.75235146_73.15001910,2171-0-62.3694.png,62.3694
3390_DQXjdMbfWAevbhuvZizd9Q_22.75235146_73.15001910,2171-90-62.3694.png,62.3694
3390_DQXjdMbfWAevbhuvZizd9Q_22.75235146_73.15001910,2171-180-62.3694.png,62.3694
3390_DQXjdMbfWAevbhuvZizd9Q_22.75235146_73.15001910,2171-270-62.3694.png,62.3694
1765_mOlACphgLZN4LlZq_F8Vfw_47.51678717_-122.25866840,2172-0-83.5119.png,83.5119
1765_mOlACphgLZN4LlZq_F8Vfw_47.51678717_-122.25866840,2172-90-83.5119.png,83.5119
1765_mOlACphgLZN4LlZq_F8Vfw_47.51678717_-122.25866840,2172-180-83.5119.png,83.5119
1765_mOlACphgLZN4LlZq_F8Vfw_47.51678717_-122.25866840,2172-270-83.5119.png,83.5119
192_tkwDa3qSOFbLK9q1Y8UzYA_45.63943212_18.46634876,2173-0-15.7322.png,15.7322
192_tkwDa3qSOFbLK9q1Y8UzYA_45.63943212_18.46634876,2173-90-15.7322.png,15.7322
192_tkwDa3qSOFbLK9q1Y8UzYA_45.63943212_18.46634876,2173-180-15.7322.png,15.7322
192_tkwDa3qSOFbLK9q1Y8UzYA_45.63943212_18.46634876,2173-270-15.7322.png,15.7322
1127_qzHuJd-jcCkPK6BxolnGjQ_62.94545772_21.54838472,2174-0-25.064.png,25.064
1127_qzHuJd-jcCkPK6BxolnGjQ_62.94545772_21.54838472,2174-90-25.064.png,25.064
1127_qzHuJd-jcCkPK6BxolnGjQ_62.94545772_21.54838472,2174-180-25.064.png,25.064
1127_qzHuJd-jcCkPK6BxolnGjQ_62.94545772_21.54838472,2174-270-25.064.png,25.064
2189__Tjx3tNQDdOpSqEC_cFzbA_37.03503689_-97.60831587,2175-0-22.5652.png,22.5652
2189__Tjx3tNQDdOpSqEC_cFzbA_37.03503689_-97.60831587,2175-90-22.5652.png,22.5652
2189__Tjx3tNQDdOpSqEC_cFzbA_37.03503689_-97.60831587,2175-180-22.5652.png,22.5652
2189__Tjx3tNQDdOpSqEC_cFzbA_37.03503689_-97.60831587,2175-270-22.5652.png,22.5652
388_vSczd4UEvybj0N2iV6djEA_33.47320686_-102.61870522,2176-0-16.9046.png,16.9046
388_vSczd4UEvybj0N2iV6djEA_33.47320686_-102.61870522,2176-90-16.9046.png,16.9046
388_vSczd4UEvybj0N2iV6djEA_33.47320686_-102.61870522,2176-180-16.9046.png,16.9046
388_vSczd4UEvybj0N2iV6djEA_33.47320686_-102.61870522,2176-270-16.9046.png,16.9046
962_oMjldwucn2Vr1ahZPHGdOA_21.25682134_-99.25298903,2177-0-84.1966.png,84.1966
962_oMjldwucn2Vr1ahZPHGdOA_21.25682134_-99.25298903,2177-90-84.1966.png,84.1966
962_oMjldwucn2Vr1ahZPHGdOA_21.25682134_-99.25298903,2177-180-84.1966.png,84.1966
962_oMjldwucn2Vr1ahZPHGdOA_21.25682134_-99.25298903,2177-270-84.1966.png,84.1966
2487_d_LFN125atOyFrNe687d7g_43.41161904_1.38942505,2178-0-42.782.png,42.782
2487_d_LFN125atOyFrNe687d7g_43.41161904_1.38942505,2178-90-42.782.png,42.782
2487_d_LFN125atOyFrNe687d7g_43.41161904_1.38942505,2178-180-42.782.png,42.782
2487_d_LFN125atOyFrNe687d7g_43.41161904_1.38942505,2178-270-42.782.png,42.782
1299_MY8fcCpivQ4DmbGFrUmgbQ_-28.92851513_153.49285591,2179-0-48.0967.png,48.0967
1299_MY8fcCpivQ4DmbGFrUmgbQ_-28.92851513_153.49285591,2179-90-48.0967.png,48.0967
1299_MY8fcCpivQ4DmbGFrUmgbQ_-28.92851513_153.49285591,2179-180-48.0967.png,48.0967
1299_MY8fcCpivQ4DmbGFrUmgbQ_-28.92851513_153.49285591,2179-270-48.0967.png,48.0967
611_TggHhuOtK8wfN9jIHvri0w_56.07576298_12.54003815,2180-0-48.6635.png,48.6635
611_TggHhuOtK8wfN9jIHvri0w_56.07576298_12.54003815,2180-90-48.6635.png,48.6635
611_TggHhuOtK8wfN9jIHvri0w_56.07576298_12.54003815,2180-180-48.6635.png,48.6635
611_TggHhuOtK8wfN9jIHvri0w_56.07576298_12.54003815,2180-270-48.6635.png,48.6635
1792_JbE3IMc75125W6iVeOCnBQ_37.65565706_32.79893355,2181-0-17.2554.png,17.2554
1792_JbE3IMc75125W6iVeOCnBQ_37.65565706_32.79893355,2181-90-17.2554.png,17.2554
1792_JbE3IMc75125W6iVeOCnBQ_37.65565706_32.79893355,2181-180-17.2554.png,17.2554
1792_JbE3IMc75125W6iVeOCnBQ_37.65565706_32.79893355,2181-270-17.2554.png,17.2554
1044_ZtHhMSszRlqA1r329fkNHA_51.75002039_22.17306816,2182-0-77.0448.png,77.0448
1044_ZtHhMSszRlqA1r329fkNHA_51.75002039_22.17306816,2182-90-77.0448.png,77.0448
1044_ZtHhMSszRlqA1r329fkNHA_51.75002039_22.17306816,2182-180-77.0448.png,77.0448
1044_ZtHhMSszRlqA1r329fkNHA_51.75002039_22.17306816,2182-270-77.0448.png,77.0448
149_r6QNeQDC3LRA7ehEC-vooQ_41.54314435_-83.66655391,2183-0-59.736.png,59.736
149_r6QNeQDC3LRA7ehEC-vooQ_41.54314435_-83.66655391,2183-90-59.736.png,59.736
149_r6QNeQDC3LRA7ehEC-vooQ_41.54314435_-83.66655391,2183-180-59.736.png,59.736
149_r6QNeQDC3LRA7ehEC-vooQ_41.54314435_-83.66655391,2183-270-59.736.png,59.736
1850_hbrdAJurgy_du1oacPCj0w_-32.61619715_-55.83346511,2184-0-67.2117.png,67.2117
1850_hbrdAJurgy_du1oacPCj0w_-32.61619715_-55.83346511,2184-90-67.2117.png,67.2117
1850_hbrdAJurgy_du1oacPCj0w_-32.61619715_-55.83346511,2184-180-67.2117.png,67.2117
1850_hbrdAJurgy_du1oacPCj0w_-32.61619715_-55.83346511,2184-270-67.2117.png,67.2117
47_RjN4bfW1JK-dY44aPoxTPA_46.58415671_14.75447035,2185-0-69.2835.png,69.2835
47_RjN4bfW1JK-dY44aPoxTPA_46.58415671_14.75447035,2185-90-69.2835.png,69.2835
47_RjN4bfW1JK-dY44aPoxTPA_46.58415671_14.75447035,2185-180-69.2835.png,69.2835
47_RjN4bfW1JK-dY44aPoxTPA_46.58415671_14.75447035,2185-270-69.2835.png,69.2835
103_mghSG-dXdTytUTOlVbkjAQ_52.66696947_4.82197421,2186-0-38.2835.png,38.2835
103_mghSG-dXdTytUTOlVbkjAQ_52.66696947_4.82197421,2186-90-38.2835.png,38.2835
103_mghSG-dXdTytUTOlVbkjAQ_52.66696947_4.82197421,2186-180-38.2835.png,38.2835
103_mghSG-dXdTytUTOlVbkjAQ_52.66696947_4.82197421,2186-270-38.2835.png,38.2835
889_Ovptf0RhEw1e5bd3hlkVnQ_55.88009682_37.58333343,2187-0-24.3824.png,24.3824
889_Ovptf0RhEw1e5bd3hlkVnQ_55.88009682_37.58333343,2187-90-24.3824.png,24.3824
889_Ovptf0RhEw1e5bd3hlkVnQ_55.88009682_37.58333343,2187-180-24.3824.png,24.3824
889_Ovptf0RhEw1e5bd3hlkVnQ_55.88009682_37.58333343,2187-270-24.3824.png,24.3824
245_bPaw8mQhMFnVtG5BDo75qw_34.76529328_135.43806132,2188-0-32.5491.png,32.5491
245_bPaw8mQhMFnVtG5BDo75qw_34.76529328_135.43806132,2188-90-32.5491.png,32.5491
245_bPaw8mQhMFnVtG5BDo75qw_34.76529328_135.43806132,2188-180-32.5491.png,32.5491
245_bPaw8mQhMFnVtG5BDo75qw_34.76529328_135.43806132,2188-270-32.5491.png,32.5491
834_MffW6C9dwFq62GZHO0S3KA_60.25452881_11.68178850,2189-0-26.319.png,26.319
834_MffW6C9dwFq62GZHO0S3KA_60.25452881_11.68178850,2189-90-26.319.png,26.319
834_MffW6C9dwFq62GZHO0S3KA_60.25452881_11.68178850,2189-180-26.319.png,26.319
834_MffW6C9dwFq62GZHO0S3KA_60.25452881_11.68178850,2189-270-26.319.png,26.319
204_COWdmkJJi5GYz6ZumPz88g_-14.74701398_-50.57182031,2190-0-30.6676.png,30.6676
204_COWdmkJJi5GYz6ZumPz88g_-14.74701398_-50.57182031,2190-90-30.6676.png,30.6676
204_COWdmkJJi5GYz6ZumPz88g_-14.74701398_-50.57182031,2190-180-30.6676.png,30.6676
204_COWdmkJJi5GYz6ZumPz88g_-14.74701398_-50.57182031,2190-270-30.6676.png,30.6676
685_-A9E4bXr4U_BkmosFHNZUw_18.63285877_79.53003697,2191-0-60.3657.png,60.3657
685_-A9E4bXr4U_BkmosFHNZUw_18.63285877_79.53003697,2191-90-60.3657.png,60.3657
685_-A9E4bXr4U_BkmosFHNZUw_18.63285877_79.53003697,2191-180-60.3657.png,60.3657
685_-A9E4bXr4U_BkmosFHNZUw_18.63285877_79.53003697,2191-270-60.3657.png,60.3657
1830_-6idsQ3ebaAyHsY4DhVcVg_7.60022841_4.76729608,2192-0-72.7667.png,72.7667
1830_-6idsQ3ebaAyHsY4DhVcVg_7.60022841_4.76729608,2192-90-72.7667.png,72.7667
1830_-6idsQ3ebaAyHsY4DhVcVg_7.60022841_4.76729608,2192-180-72.7667.png,72.7667
1830_-6idsQ3ebaAyHsY4DhVcVg_7.60022841_4.76729608,2192-270-72.7667.png,72.7667
367_xDq4HgQzb-0UA43igJPzqg_40.36700586_15.58278051,2193-0-44.9684.png,44.9684
367_xDq4HgQzb-0UA43igJPzqg_40.36700586_15.58278051,2193-90-44.9684.png,44.9684
367_xDq4HgQzb-0UA43igJPzqg_40.36700586_15.58278051,2193-180-44.9684.png,44.9684
367_xDq4HgQzb-0UA43igJPzqg_40.36700586_15.58278051,2193-270-44.9684.png,44.9684
648_BUQa_lkmcKrzjjbgj0McxA_57.19613691_23.09706324,2194-0-49.2128.png,49.2128
648_BUQa_lkmcKrzjjbgj0McxA_57.19613691_23.09706324,2194-90-49.2128.png,49.2128
648_BUQa_lkmcKrzjjbgj0McxA_57.19613691_23.09706324,2194-180-49.2128.png,49.2128
648_BUQa_lkmcKrzjjbgj0McxA_57.19613691_23.09706324,2194-270-49.2128.png,49.2128
1722_cM9Vb3ycIgJkrUW_dfog2g_0.49250811_117.53104894,2195-0-66.2364.png,66.2364
1722_cM9Vb3ycIgJkrUW_dfog2g_0.49250811_117.53104894,2195-90-66.2364.png,66.2364
1722_cM9Vb3ycIgJkrUW_dfog2g_0.49250811_117.53104894,2195-180-66.2364.png,66.2364
1722_cM9Vb3ycIgJkrUW_dfog2g_0.49250811_117.53104894,2195-270-66.2364.png,66.2364
89_QzbENoMQ8Oqwk-rpkjL5lg_37.25061750_-82.61879263,2196-0-79.3592.png,79.3592
89_QzbENoMQ8Oqwk-rpkjL5lg_37.25061750_-82.61879263,2196-90-79.3592.png,79.3592
89_QzbENoMQ8Oqwk-rpkjL5lg_37.25061750_-82.61879263,2196-180-79.3592.png,79.3592
89_QzbENoMQ8Oqwk-rpkjL5lg_37.25061750_-82.61879263,2196-270-79.3592.png,79.3592
277_5qx6vkfqJMUUJnn39WFJmQ_48.74013789_-111.84090816,2197-0-86.1963.png,86.1963
277_5qx6vkfqJMUUJnn39WFJmQ_48.74013789_-111.84090816,2197-90-86.1963.png,86.1963
277_5qx6vkfqJMUUJnn39WFJmQ_48.74013789_-111.84090816,2197-180-86.1963.png,86.1963
277_5qx6vkfqJMUUJnn39WFJmQ_48.74013789_-111.84090816,2197-270-86.1963.png,86.1963
256_twWaL0wu5g3WYrXD7vlJVQ_61.12081878_-146.25749711,2198-0-28.22.png,28.22
256_twWaL0wu5g3WYrXD7vlJVQ_61.12081878_-146.25749711,2198-90-28.22.png,28.22
256_twWaL0wu5g3WYrXD7vlJVQ_61.12081878_-146.25749711,2198-180-28.22.png,28.22
256_twWaL0wu5g3WYrXD7vlJVQ_61.12081878_-146.25749711,2198-270-28.22.png,28.22
1908_wAc4pU-IpXXMl6vFqev1UQ_51.00002686_3.64998990,2199-0-60.1671.png,60.1671
1908_wAc4pU-IpXXMl6vFqev1UQ_51.00002686_3.64998990,2199-90-60.1671.png,60.1671
1908_wAc4pU-IpXXMl6vFqev1UQ_51.00002686_3.64998990,2199-180-60.1671.png,60.1671
1908_wAc4pU-IpXXMl6vFqev1UQ_51.00002686_3.64998990,2199-270-60.1671.png,60.1671
222_TYlm7nd5X4pHf1akKwUpIQ_45.52612414_-122.41097657,2200-0-60.1196.png,60.1196
222_TYlm7nd5X4pHf1akKwUpIQ_45.52612414_-122.41097657,2200-90-60.1196.png,60.1196
222_TYlm7nd5X4pHf1akKwUpIQ_45.52612414_-122.41097657,2200-180-60.1196.png,60.1196
222_TYlm7nd5X4pHf1akKwUpIQ_45.52612414_-122.41097657,2200-270-60.1196.png,60.1196
3136_zrvIqNTc-rjTFLyOjFSxtQ_-25.43681544_-49.26682493,2201-0-61.3822.png,61.3822
3136_zrvIqNTc-rjTFLyOjFSxtQ_-25.43681544_-49.26682493,2201-90-61.3822.png,61.3822
3136_zrvIqNTc-rjTFLyOjFSxtQ_-25.43681544_-49.26682493,2201-180-61.3822.png,61.3822
3136_zrvIqNTc-rjTFLyOjFSxtQ_-25.43681544_-49.26682493,2201-270-61.3822.png,61.3822
1032_alZdIEGwfS_19fNFLrNlMA_-24.18369101_145.73304459,2202-0-61.1903.png,61.1903
1032_alZdIEGwfS_19fNFLrNlMA_-24.18369101_145.73304459,2202-90-61.1903.png,61.1903
1032_alZdIEGwfS_19fNFLrNlMA_-24.18369101_145.73304459,2202-180-61.1903.png,61.1903
1032_alZdIEGwfS_19fNFLrNlMA_-24.18369101_145.73304459,2202-270-61.1903.png,61.1903
1691_VDPPxG9L5dr0y2Xlzwu2pg_32.18083408_-90.30012997,2203-0-22.0257.png,22.0257
1691_VDPPxG9L5dr0y2Xlzwu2pg_32.18083408_-90.30012997,2203-90-22.0257.png,22.0257
1691_VDPPxG9L5dr0y2Xlzwu2pg_32.18083408_-90.30012997,2203-180-22.0257.png,22.0257
1691_VDPPxG9L5dr0y2Xlzwu2pg_32.18083408_-90.30012997,2203-270-22.0257.png,22.0257
647_TPjOoCR7wtb64dL4qQsvAg_39.32798501_-84.12116196,2204-0-59.367.png,59.367
647_TPjOoCR7wtb64dL4qQsvAg_39.32798501_-84.12116196,2204-90-59.367.png,59.367
647_TPjOoCR7wtb64dL4qQsvAg_39.32798501_-84.12116196,2204-180-59.367.png,59.367
647_TPjOoCR7wtb64dL4qQsvAg_39.32798501_-84.12116196,2204-270-59.367.png,59.367
3086_zQVnIUNojDWE2j4p7am1nw_42.46341241_-75.01180577,2205-0-27.6087.png,27.6087
3086_zQVnIUNojDWE2j4p7am1nw_42.46341241_-75.01180577,2205-90-27.6087.png,27.6087
3086_zQVnIUNojDWE2j4p7am1nw_42.46341241_-75.01180577,2205-180-27.6087.png,27.6087
3086_zQVnIUNojDWE2j4p7am1nw_42.46341241_-75.01180577,2205-270-27.6087.png,27.6087
2774_5ET9RwKnRjTjqxmckoe2rg_-3.78193171_-49.67381535,2206-0-36.2737.png,36.2737
2774_5ET9RwKnRjTjqxmckoe2rg_-3.78193171_-49.67381535,2206-90-36.2737.png,36.2737
2774_5ET9RwKnRjTjqxmckoe2rg_-3.78193171_-49.67381535,2206-180-36.2737.png,36.2737
2774_5ET9RwKnRjTjqxmckoe2rg_-3.78193171_-49.67381535,2206-270-36.2737.png,36.2737
1705_FfbE-JFMjc2tDbCq1kuP1A_46.27684597_12.37199841,2207-0-59.8019.png,59.8019
1705_FfbE-JFMjc2tDbCq1kuP1A_46.27684597_12.37199841,2207-90-59.8019.png,59.8019
1705_FfbE-JFMjc2tDbCq1kuP1A_46.27684597_12.37199841,2207-180-59.8019.png,59.8019
1705_FfbE-JFMjc2tDbCq1kuP1A_46.27684597_12.37199841,2207-270-59.8019.png,59.8019
464_3YzjAndlcGTAv1Y53achiQ_-7.17283505_112.45508924,2208-0-45.1839.png,45.1839
464_3YzjAndlcGTAv1Y53achiQ_-7.17283505_112.45508924,2208-90-45.1839.png,45.1839
464_3YzjAndlcGTAv1Y53achiQ_-7.17283505_112.45508924,2208-180-45.1839.png,45.1839
464_3YzjAndlcGTAv1Y53achiQ_-7.17283505_112.45508924,2208-270-45.1839.png,45.1839
830_CXsRmbNYEHQflfA7hyLU4Q_48.82316896_9.96278341,2209-0-43.2086.png,43.2086
830_CXsRmbNYEHQflfA7hyLU4Q_48.82316896_9.96278341,2209-90-43.2086.png,43.2086
830_CXsRmbNYEHQflfA7hyLU4Q_48.82316896_9.96278341,2209-180-43.2086.png,43.2086
830_CXsRmbNYEHQflfA7hyLU4Q_48.82316896_9.96278341,2209-270-43.2086.png,43.2086
383_XW9tB-Bc88sOh_tmA_OXHg_32.71955266_-84.01039032,2210-0-54.799.png,54.799
383_XW9tB-Bc88sOh_tmA_OXHg_32.71955266_-84.01039032,2210-90-54.799.png,54.799
383_XW9tB-Bc88sOh_tmA_OXHg_32.71955266_-84.01039032,2210-180-54.799.png,54.799
383_XW9tB-Bc88sOh_tmA_OXHg_32.71955266_-84.01039032,2210-270-54.799.png,54.799
1123_9GT3UrH7PYerLHhyc9ZE5A_30.53858703_-92.10038980,2211-0-77.7127.png,77.7127
1123_9GT3UrH7PYerLHhyc9ZE5A_30.53858703_-92.10038980,2211-90-77.7127.png,77.7127
1123_9GT3UrH7PYerLHhyc9ZE5A_30.53858703_-92.10038980,2211-180-77.7127.png,77.7127
1123_9GT3UrH7PYerLHhyc9ZE5A_30.53858703_-92.10038980,2211-270-77.7127.png,77.7127
1027_mlFjC-5HbipRtpw13dNBAA_42.55983937_-83.83378278,2212-0-18.791.png,18.791
1027_mlFjC-5HbipRtpw13dNBAA_42.55983937_-83.83378278,2212-90-18.791.png,18.791
1027_mlFjC-5HbipRtpw13dNBAA_42.55983937_-83.83378278,2212-180-18.791.png,18.791
1027_mlFjC-5HbipRtpw13dNBAA_42.55983937_-83.83378278,2212-270-18.791.png,18.791
1240_2SlEtkfmGMKxMPzTgN3aQg_39.77226289_-100.03511797,2213-0-53.7136.png,53.7136
1240_2SlEtkfmGMKxMPzTgN3aQg_39.77226289_-100.03511797,2213-90-53.7136.png,53.7136
1240_2SlEtkfmGMKxMPzTgN3aQg_39.77226289_-100.03511797,2213-180-53.7136.png,53.7136
1240_2SlEtkfmGMKxMPzTgN3aQg_39.77226289_-100.03511797,2213-270-53.7136.png,53.7136
22_ZswBYzv_nxlrj9do3o-Fgw_29.39365558_-94.95114926,2214-0-22.1141.png,22.1141
22_ZswBYzv_nxlrj9do3o-Fgw_29.39365558_-94.95114926,2214-90-22.1141.png,22.1141
22_ZswBYzv_nxlrj9do3o-Fgw_29.39365558_-94.95114926,2214-180-22.1141.png,22.1141
22_ZswBYzv_nxlrj9do3o-Fgw_29.39365558_-94.95114926,2214-270-22.1141.png,22.1141
2518_fhB1ZQePfmPvJTXAp0zwqA_35.41596503_-108.99305123,2215-0-18.4075.png,18.4075
2518_fhB1ZQePfmPvJTXAp0zwqA_35.41596503_-108.99305123,2215-90-18.4075.png,18.4075
2518_fhB1ZQePfmPvJTXAp0zwqA_35.41596503_-108.99305123,2215-180-18.4075.png,18.4075
2518_fhB1ZQePfmPvJTXAp0zwqA_35.41596503_-108.99305123,2215-270-18.4075.png,18.4075
69_gO4gjpcm0bkPEqoMtT8ofw_-1.94847988_30.07333543,2216-0-70.9047.png,70.9047
69_gO4gjpcm0bkPEqoMtT8ofw_-1.94847988_30.07333543,2216-90-70.9047.png,70.9047
69_gO4gjpcm0bkPEqoMtT8ofw_-1.94847988_30.07333543,2216-180-70.9047.png,70.9047
69_gO4gjpcm0bkPEqoMtT8ofw_-1.94847988_30.07333543,2216-270-70.9047.png,70.9047
2665__O0Gsew3r-ZZuWiDEJbcaw_-32.76700047_134.96650245,2217-0-48.5943.png,48.5943
2665__O0Gsew3r-ZZuWiDEJbcaw_-32.76700047_134.96650245,2217-90-48.5943.png,48.5943
2665__O0Gsew3r-ZZuWiDEJbcaw_-32.76700047_134.96650245,2217-180-48.5943.png,48.5943
2665__O0Gsew3r-ZZuWiDEJbcaw_-32.76700047_134.96650245,2217-270-48.5943.png,48.5943
1343_Ghyq9z0FZlFiETRt6FVA3A_43.94647267_12.76927886,2218-0-52.9541.png,52.9541
1343_Ghyq9z0FZlFiETRt6FVA3A_43.94647267_12.76927886,2218-90-52.9541.png,52.9541
1343_Ghyq9z0FZlFiETRt6FVA3A_43.94647267_12.76927886,2218-180-52.9541.png,52.9541
1343_Ghyq9z0FZlFiETRt6FVA3A_43.94647267_12.76927886,2218-270-52.9541.png,52.9541
1520_HvgPK8qKQe4X0T-ejzsQvA_38.18580823_21.68025950,2219-0-59.9197.png,59.9197
1520_HvgPK8qKQe4X0T-ejzsQvA_38.18580823_21.68025950,2219-90-59.9197.png,59.9197
1520_HvgPK8qKQe4X0T-ejzsQvA_38.18580823_21.68025950,2219-180-59.9197.png,59.9197
1520_HvgPK8qKQe4X0T-ejzsQvA_38.18580823_21.68025950,2219-270-59.9197.png,59.9197
651_xfIPz1F1A1rBLqjTvqH_fA_44.98193735_22.69464421,2220-0-31.0914.png,31.0914
651_xfIPz1F1A1rBLqjTvqH_fA_44.98193735_22.69464421,2220-90-31.0914.png,31.0914
651_xfIPz1F1A1rBLqjTvqH_fA_44.98193735_22.69464421,2220-180-31.0914.png,31.0914
651_xfIPz1F1A1rBLqjTvqH_fA_44.98193735_22.69464421,2220-270-31.0914.png,31.0914
504_c66z3fWFHVfyleSjupfW7Q_50.35623737_3.77481101,2221-0-32.5535.png,32.5535
504_c66z3fWFHVfyleSjupfW7Q_50.35623737_3.77481101,2221-90-32.5535.png,32.5535
504_c66z3fWFHVfyleSjupfW7Q_50.35623737_3.77481101,2221-180-32.5535.png,32.5535
504_c66z3fWFHVfyleSjupfW7Q_50.35623737_3.77481101,2221-270-32.5535.png,32.5535
1630_Kdj8CiztnJpnhXdz493BAQ_22.84297329_75.19168574,2222-0-52.8165.png,52.8165
1630_Kdj8CiztnJpnhXdz493BAQ_22.84297329_75.19168574,2222-90-52.8165.png,52.8165
1630_Kdj8CiztnJpnhXdz493BAQ_22.84297329_75.19168574,2222-180-52.8165.png,52.8165
1630_Kdj8CiztnJpnhXdz493BAQ_22.84297329_75.19168574,2222-270-52.8165.png,52.8165
1615_gEVNXt6E7V6Yozl5gud7Lw_32.75514106_129.87019255,2223-0-40.3007.png,40.3007
1615_gEVNXt6E7V6Yozl5gud7Lw_32.75514106_129.87019255,2223-90-40.3007.png,40.3007
1615_gEVNXt6E7V6Yozl5gud7Lw_32.75514106_129.87019255,2223-180-40.3007.png,40.3007
1615_gEVNXt6E7V6Yozl5gud7Lw_32.75514106_129.87019255,2223-270-40.3007.png,40.3007
1696_JhARYKmOWwwh7hx7YrAxuw_29.93313182_-97.26045694,2224-0-16.3104.png,16.3104
1696_JhARYKmOWwwh7hx7YrAxuw_29.93313182_-97.26045694,2224-90-16.3104.png,16.3104
1696_JhARYKmOWwwh7hx7YrAxuw_29.93313182_-97.26045694,2224-180-16.3104.png,16.3104
1696_JhARYKmOWwwh7hx7YrAxuw_29.93313182_-97.26045694,2224-270-16.3104.png,16.3104
2491_J50cj0RxC8aE1S4DEH7RaQ_29.53219483_-81.68361734,2225-0-36.5645.png,36.5645
2491_J50cj0RxC8aE1S4DEH7RaQ_29.53219483_-81.68361734,2225-90-36.5645.png,36.5645
2491_J50cj0RxC8aE1S4DEH7RaQ_29.53219483_-81.68361734,2225-180-36.5645.png,36.5645
2491_J50cj0RxC8aE1S4DEH7RaQ_29.53219483_-81.68361734,2225-270-36.5645.png,36.5645
2407_rxkyNbwCNfsMfbL2GpVwnw_43.52828192_-121.94376984,2226-0-23.5979.png,23.5979
2407_rxkyNbwCNfsMfbL2GpVwnw_43.52828192_-121.94376984,2226-90-23.5979.png,23.5979
2407_rxkyNbwCNfsMfbL2GpVwnw_43.52828192_-121.94376984,2226-180-23.5979.png,23.5979
2407_rxkyNbwCNfsMfbL2GpVwnw_43.52828192_-121.94376984,2226-270-23.5979.png,23.5979
1445_cspqTpl47NFuX6T_g0eDGQ_54.12948305_-115.66778234,2227-0-56.5938.png,56.5938
1445_cspqTpl47NFuX6T_g0eDGQ_54.12948305_-115.66778234,2227-90-56.5938.png,56.5938
1445_cspqTpl47NFuX6T_g0eDGQ_54.12948305_-115.66778234,2227-180-56.5938.png,56.5938
1445_cspqTpl47NFuX6T_g0eDGQ_54.12948305_-115.66778234,2227-270-56.5938.png,56.5938
459_rzVYIx51inRVtg44TPDZRQ_38.17672836_16.12013303,2228-0-13.3583.png,13.3583
459_rzVYIx51inRVtg44TPDZRQ_38.17672836_16.12013303,2228-90-13.3583.png,13.3583
459_rzVYIx51inRVtg44TPDZRQ_38.17672836_16.12013303,2228-180-13.3583.png,13.3583
459_rzVYIx51inRVtg44TPDZRQ_38.17672836_16.12013303,2228-270-13.3583.png,13.3583
663_IKU9zNigkdIbbPWQOFQusQ_45.16510651_11.26482435,2229-0-42.0556.png,42.0556
663_IKU9zNigkdIbbPWQOFQusQ_45.16510651_11.26482435,2229-90-42.0556.png,42.0556
663_IKU9zNigkdIbbPWQOFQusQ_45.16510651_11.26482435,2229-180-42.0556.png,42.0556
663_IKU9zNigkdIbbPWQOFQusQ_45.16510651_11.26482435,2229-270-42.0556.png,42.0556
671_abM3XUko7mtjhxK6Jr6i5w_44.53123750_-74.03452849,2230-0-60.0047.png,60.0047
671_abM3XUko7mtjhxK6Jr6i5w_44.53123750_-74.03452849,2230-90-60.0047.png,60.0047
671_abM3XUko7mtjhxK6Jr6i5w_44.53123750_-74.03452849,2230-180-60.0047.png,60.0047
671_abM3XUko7mtjhxK6Jr6i5w_44.53123750_-74.03452849,2230-270-60.0047.png,60.0047
1113_4T2g2kWAL827-uDHpcRUqA_-28.60576662_151.94819285,2231-0-22.4236.png,22.4236
1113_4T2g2kWAL827-uDHpcRUqA_-28.60576662_151.94819285,2231-90-22.4236.png,22.4236
1113_4T2g2kWAL827-uDHpcRUqA_-28.60576662_151.94819285,2231-180-22.4236.png,22.4236
1113_4T2g2kWAL827-uDHpcRUqA_-28.60576662_151.94819285,2231-270-22.4236.png,22.4236
3323_8q8HJcH8uzklyAd1z-LNtQ_34.27229517_-88.57091188,2232-0-42.0429.png,42.0429
3323_8q8HJcH8uzklyAd1z-LNtQ_34.27229517_-88.57091188,2232-90-42.0429.png,42.0429
3323_8q8HJcH8uzklyAd1z-LNtQ_34.27229517_-88.57091188,2232-180-42.0429.png,42.0429
3323_8q8HJcH8uzklyAd1z-LNtQ_34.27229517_-88.57091188,2232-270-42.0429.png,42.0429
668_8UKMLZ5h5zPzIcf4Cye7JA_-27.44999381_153.06668635,2233-0-60.8451.png,60.8451
668_8UKMLZ5h5zPzIcf4Cye7JA_-27.44999381_153.06668635,2233-90-60.8451.png,60.8451
668_8UKMLZ5h5zPzIcf4Cye7JA_-27.44999381_153.06668635,2233-180-60.8451.png,60.8451
668_8UKMLZ5h5zPzIcf4Cye7JA_-27.44999381_153.06668635,2233-270-60.8451.png,60.8451
1124_Icv-3YwG5jJrwS_7egAxUw_-22.45743291_118.70556275,2234-0-45.4069.png,45.4069
1124_Icv-3YwG5jJrwS_7egAxUw_-22.45743291_118.70556275,2234-90-45.4069.png,45.4069
1124_Icv-3YwG5jJrwS_7egAxUw_-22.45743291_118.70556275,2234-180-45.4069.png,45.4069
1124_Icv-3YwG5jJrwS_7egAxUw_-22.45743291_118.70556275,2234-270-45.4069.png,45.4069
2276_yCCgCj4x7nPC7hAvCIHTJQ_-38.34320095_143.57216524,2235-0-41.0643.png,41.0643
2276_yCCgCj4x7nPC7hAvCIHTJQ_-38.34320095_143.57216524,2235-90-41.0643.png,41.0643
2276_yCCgCj4x7nPC7hAvCIHTJQ_-38.34320095_143.57216524,2235-180-41.0643.png,41.0643
2276_yCCgCj4x7nPC7hAvCIHTJQ_-38.34320095_143.57216524,2235-270-41.0643.png,41.0643
1611_m9XmlGlHpb0x0CJVza9kyg_15.66286910_76.90294739,2236-0-61.3008.png,61.3008
1611_m9XmlGlHpb0x0CJVza9kyg_15.66286910_76.90294739,2236-90-61.3008.png,61.3008
1611_m9XmlGlHpb0x0CJVza9kyg_15.66286910_76.90294739,2236-180-61.3008.png,61.3008
1611_m9XmlGlHpb0x0CJVza9kyg_15.66286910_76.90294739,2236-270-61.3008.png,61.3008
118_7X9VyjgjAiV0xAXWWhJW9g_40.46990645_32.65002109,2237-0-66.8242.png,66.8242
118_7X9VyjgjAiV0xAXWWhJW9g_40.46990645_32.65002109,2237-90-66.8242.png,66.8242
118_7X9VyjgjAiV0xAXWWhJW9g_40.46990645_32.65002109,2237-180-66.8242.png,66.8242
118_7X9VyjgjAiV0xAXWWhJW9g_40.46990645_32.65002109,2237-270-66.8242.png,66.8242
471_bRUzrPTBdQQLdpFkL3sESA_30.54050154_-88.68767790,2238-0-38.4463.png,38.4463
471_bRUzrPTBdQQLdpFkL3sESA_30.54050154_-88.68767790,2238-90-38.4463.png,38.4463
471_bRUzrPTBdQQLdpFkL3sESA_30.54050154_-88.68767790,2238-180-38.4463.png,38.4463
471_bRUzrPTBdQQLdpFkL3sESA_30.54050154_-88.68767790,2238-270-38.4463.png,38.4463
971_1y2ActFIKRBfx8EiQnf8AQ_27.35704969_-81.04591395,2239-0-57.8757.png,57.8757
971_1y2ActFIKRBfx8EiQnf8AQ_27.35704969_-81.04591395,2239-90-57.8757.png,57.8757
971_1y2ActFIKRBfx8EiQnf8AQ_27.35704969_-81.04591395,2239-180-57.8757.png,57.8757
971_1y2ActFIKRBfx8EiQnf8AQ_27.35704969_-81.04591395,2239-270-57.8757.png,57.8757
2252_0layOaCkVx-xJP2yN7XzVA_34.60534011_135.47123817,2240-0-44.6913.png,44.6913
2252_0layOaCkVx-xJP2yN7XzVA_34.60534011_135.47123817,2240-90-44.6913.png,44.6913
2252_0layOaCkVx-xJP2yN7XzVA_34.60534011_135.47123817,2240-180-44.6913.png,44.6913
2252_0layOaCkVx-xJP2yN7XzVA_34.60534011_135.47123817,2240-270-44.6913.png,44.6913
876_bVRYJUixUeKtPvEPDezKFg_64.74987766_28.25102699,2241-0-58.5001.png,58.5001
876_bVRYJUixUeKtPvEPDezKFg_64.74987766_28.25102699,2241-90-58.5001.png,58.5001
876_bVRYJUixUeKtPvEPDezKFg_64.74987766_28.25102699,2241-180-58.5001.png,58.5001
876_bVRYJUixUeKtPvEPDezKFg_64.74987766_28.25102699,2241-270-58.5001.png,58.5001
808_nefPwba271d1I7LDc9FDcw_51.28412047_3.78604879,2242-0-44.3967.png,44.3967
808_nefPwba271d1I7LDc9FDcw_51.28412047_3.78604879,2242-90-44.3967.png,44.3967
808_nefPwba271d1I7LDc9FDcw_51.28412047_3.78604879,2242-180-44.3967.png,44.3967
808_nefPwba271d1I7LDc9FDcw_51.28412047_3.78604879,2242-270-44.3967.png,44.3967
2401_WlPvIce9npxScJNNmfaU6w_43.28153873_11.96911025,2243-0-49.2138.png,49.2138
2401_WlPvIce9npxScJNNmfaU6w_43.28153873_11.96911025,2243-90-49.2138.png,49.2138
2401_WlPvIce9npxScJNNmfaU6w_43.28153873_11.96911025,2243-180-49.2138.png,49.2138
2401_WlPvIce9npxScJNNmfaU6w_43.28153873_11.96911025,2243-270-49.2138.png,49.2138
168_IAeai5jMKMFsyZAutxkDmA_61.43298996_29.34995111,2244-0-33.1189.png,33.1189
168_IAeai5jMKMFsyZAutxkDmA_61.43298996_29.34995111,2244-90-33.1189.png,33.1189
168_IAeai5jMKMFsyZAutxkDmA_61.43298996_29.34995111,2244-180-33.1189.png,33.1189
168_IAeai5jMKMFsyZAutxkDmA_61.43298996_29.34995111,2244-270-33.1189.png,33.1189
1756_zBG8yHY8_27XRIuIQz9Vjg_43.08914311_-76.89123059,2245-0-81.2026.png,81.2026
1756_zBG8yHY8_27XRIuIQz9Vjg_43.08914311_-76.89123059,2245-90-81.2026.png,81.2026
1756_zBG8yHY8_27XRIuIQz9Vjg_43.08914311_-76.89123059,2245-180-81.2026.png,81.2026
1756_zBG8yHY8_27XRIuIQz9Vjg_43.08914311_-76.89123059,2245-270-81.2026.png,81.2026
3048_FNhlSM4cFG2WypltGoVC3Q_41.62137919_-2.26067044,2246-0-19.1347.png,19.1347
3048_FNhlSM4cFG2WypltGoVC3Q_41.62137919_-2.26067044,2246-90-19.1347.png,19.1347
3048_FNhlSM4cFG2WypltGoVC3Q_41.62137919_-2.26067044,2246-180-19.1347.png,19.1347
3048_FNhlSM4cFG2WypltGoVC3Q_41.62137919_-2.26067044,2246-270-19.1347.png,19.1347
2993_6bZxpDUALtD6z_9aZ9vOMw_-27.51399113_-52.25413353,2247-0-41.3909.png,41.3909
2993_6bZxpDUALtD6z_9aZ9vOMw_-27.51399113_-52.25413353,2247-90-41.3909.png,41.3909
2993_6bZxpDUALtD6z_9aZ9vOMw_-27.51399113_-52.25413353,2247-180-41.3909.png,41.3909
2993_6bZxpDUALtD6z_9aZ9vOMw_-27.51399113_-52.25413353,2247-270-41.3909.png,41.3909
673_vQr5ZKZk0s6XhmJz8Y2s0A_-20.43777941_-48.01254955,2248-0-57.147.png,57.147
673_vQr5ZKZk0s6XhmJz8Y2s0A_-20.43777941_-48.01254955,2248-90-57.147.png,57.147
673_vQr5ZKZk0s6XhmJz8Y2s0A_-20.43777941_-48.01254955,2248-180-57.147.png,57.147
673_vQr5ZKZk0s6XhmJz8Y2s0A_-20.43777941_-48.01254955,2248-270-57.147.png,57.147
2517_L1H6MtcWhYoT9jem3gHJFA_42.26071002_3.10460779,2249-0-30.9578.png,30.9578
2517_L1H6MtcWhYoT9jem3gHJFA_42.26071002_3.10460779,2249-90-30.9578.png,30.9578
2517_L1H6MtcWhYoT9jem3gHJFA_42.26071002_3.10460779,2249-180-30.9578.png,30.9578
2517_L1H6MtcWhYoT9jem3gHJFA_42.26071002_3.10460779,2249-270-30.9578.png,30.9578
337_V3_EzmS76oylZNzByH15gA_-37.87523837_142.29062445,2250-0-46.7499.png,46.7499
337_V3_EzmS76oylZNzByH15gA_-37.87523837_142.29062445,2250-90-46.7499.png,46.7499
337_V3_EzmS76oylZNzByH15gA_-37.87523837_142.29062445,2250-180-46.7499.png,46.7499
337_V3_EzmS76oylZNzByH15gA_-37.87523837_142.29062445,2250-270-46.7499.png,46.7499
271_Pr7nYxbTSkSEc089f5WoaQ_19.69900769_-99.17166308,2251-0-36.3784.png,36.3784
271_Pr7nYxbTSkSEc089f5WoaQ_19.69900769_-99.17166308,2251-90-36.3784.png,36.3784
271_Pr7nYxbTSkSEc089f5WoaQ_19.69900769_-99.17166308,2251-180-36.3784.png,36.3784
271_Pr7nYxbTSkSEc089f5WoaQ_19.69900769_-99.17166308,2251-270-36.3784.png,36.3784
3069_7GYq9GRdnN2agthhjJlLTg_22.40000173_79.52883208,2252-0-22.7663.png,22.7663
3069_7GYq9GRdnN2agthhjJlLTg_22.40000173_79.52883208,2252-90-22.7663.png,22.7663
3069_7GYq9GRdnN2agthhjJlLTg_22.40000173_79.52883208,2252-180-22.7663.png,22.7663
3069_7GYq9GRdnN2agthhjJlLTg_22.40000173_79.52883208,2252-270-22.7663.png,22.7663
349_0G4OVZu4sk7vpnOvltbAtA_22.96702359_78.52864691,2253-0-72.4627.png,72.4627
349_0G4OVZu4sk7vpnOvltbAtA_22.96702359_78.52864691,2253-90-72.4627.png,72.4627
349_0G4OVZu4sk7vpnOvltbAtA_22.96702359_78.52864691,2253-180-72.4627.png,72.4627
349_0G4OVZu4sk7vpnOvltbAtA_22.96702359_78.52864691,2253-270-72.4627.png,72.4627
747_ZOrdWBELKN3bSpFXd8SRCA_35.95738015_-75.62415752,2254-0-68.5594.png,68.5594
747_ZOrdWBELKN3bSpFXd8SRCA_35.95738015_-75.62415752,2254-90-68.5594.png,68.5594
747_ZOrdWBELKN3bSpFXd8SRCA_35.95738015_-75.62415752,2254-180-68.5594.png,68.5594
747_ZOrdWBELKN3bSpFXd8SRCA_35.95738015_-75.62415752,2254-270-68.5594.png,68.5594
391_sUnMipfV8AZkD5aO9rSj2A_51.55800285_10.63513190,2255-0-17.1398.png,17.1398
391_sUnMipfV8AZkD5aO9rSj2A_51.55800285_10.63513190,2255-90-17.1398.png,17.1398
391_sUnMipfV8AZkD5aO9rSj2A_51.55800285_10.63513190,2255-180-17.1398.png,17.1398
391_sUnMipfV8AZkD5aO9rSj2A_51.55800285_10.63513190,2255-270-17.1398.png,17.1398
2753_5BnSAg51D1aJfcw61y1enQ_26.93962431_-82.29858470,2256-0-30.5897.png,30.5897
2753_5BnSAg51D1aJfcw61y1enQ_26.93962431_-82.29858470,2256-90-30.5897.png,30.5897
2753_5BnSAg51D1aJfcw61y1enQ_26.93962431_-82.29858470,2256-180-30.5897.png,30.5897
2753_5BnSAg51D1aJfcw61y1enQ_26.93962431_-82.29858470,2256-270-30.5897.png,30.5897
1132_ASsBjWXWaN7CSNm7TAQTSw_32.60240688_-114.98776330,2257-0-39.1548.png,39.1548
1132_ASsBjWXWaN7CSNm7TAQTSw_32.60240688_-114.98776330,2257-90-39.1548.png,39.1548
1132_ASsBjWXWaN7CSNm7TAQTSw_32.60240688_-114.98776330,2257-180-39.1548.png,39.1548
1132_ASsBjWXWaN7CSNm7TAQTSw_32.60240688_-114.98776330,2257-270-39.1548.png,39.1548
1776_syONdS4xv2Um0HV8sdS41A_39.90758905_3.08121832,2258-0-35.1662.png,35.1662
1776_syONdS4xv2Um0HV8sdS41A_39.90758905_3.08121832,2258-90-35.1662.png,35.1662
1776_syONdS4xv2Um0HV8sdS41A_39.90758905_3.08121832,2258-180-35.1662.png,35.1662
1776_syONdS4xv2Um0HV8sdS41A_39.90758905_3.08121832,2258-270-35.1662.png,35.1662
696_jNr-fT_CgviT2jVBi6v5Ug_-27.22567453_-65.35682845,2259-0-37.2483.png,37.2483
696_jNr-fT_CgviT2jVBi6v5Ug_-27.22567453_-65.35682845,2259-90-37.2483.png,37.2483
696_jNr-fT_CgviT2jVBi6v5Ug_-27.22567453_-65.35682845,2259-180-37.2483.png,37.2483
696_jNr-fT_CgviT2jVBi6v5Ug_-27.22567453_-65.35682845,2259-270-37.2483.png,37.2483
764_VD_8Ai07mPGs5XMpFonnxQ_36.99657134_-76.57422490,2260-0-57.1593.png,57.1593
764_VD_8Ai07mPGs5XMpFonnxQ_36.99657134_-76.57422490,2260-90-57.1593.png,57.1593
764_VD_8Ai07mPGs5XMpFonnxQ_36.99657134_-76.57422490,2260-180-57.1593.png,57.1593
764_VD_8Ai07mPGs5XMpFonnxQ_36.99657134_-76.57422490,2260-270-57.1593.png,57.1593
1170_lEInA1uKIt-khRy0r-8VHw_38.74935928_16.51217068,2261-0-19.634.png,19.634
1170_lEInA1uKIt-khRy0r-8VHw_38.74935928_16.51217068,2261-90-19.634.png,19.634
1170_lEInA1uKIt-khRy0r-8VHw_38.74935928_16.51217068,2261-180-19.634.png,19.634
1170_lEInA1uKIt-khRy0r-8VHw_38.74935928_16.51217068,2261-270-19.634.png,19.634
3355_b5vQ2xLcmCSXbcBj7hMonw_45.53294984_-100.27159977,2262-0-36.2039.png,36.2039
3355_b5vQ2xLcmCSXbcBj7hMonw_45.53294984_-100.27159977,2262-90-36.2039.png,36.2039
3355_b5vQ2xLcmCSXbcBj7hMonw_45.53294984_-100.27159977,2262-180-36.2039.png,36.2039
3355_b5vQ2xLcmCSXbcBj7hMonw_45.53294984_-100.27159977,2262-270-36.2039.png,36.2039
211_KMZoZadCziSMMmXM6KdwVQ_-31.91302556_116.04179882,2263-0-30.6699.png,30.6699
211_KMZoZadCziSMMmXM6KdwVQ_-31.91302556_116.04179882,2263-90-30.6699.png,30.6699
211_KMZoZadCziSMMmXM6KdwVQ_-31.91302556_116.04179882,2263-180-30.6699.png,30.6699
211_KMZoZadCziSMMmXM6KdwVQ_-31.91302556_116.04179882,2263-270-30.6699.png,30.6699
1220_CDu45PFdqz0qxthGMwAjVw_48.24073861_14.52603636,2264-0-42.6163.png,42.6163
1220_CDu45PFdqz0qxthGMwAjVw_48.24073861_14.52603636,2264-90-42.6163.png,42.6163
1220_CDu45PFdqz0qxthGMwAjVw_48.24073861_14.52603636,2264-180-42.6163.png,42.6163
1220_CDu45PFdqz0qxthGMwAjVw_48.24073861_14.52603636,2264-270-42.6163.png,42.6163
1420_WI7m_TEBrqBbOh76eeVGtA_-5.59282383_119.89108032,2265-0-45.9981.png,45.9981
1420_WI7m_TEBrqBbOh76eeVGtA_-5.59282383_119.89108032,2265-90-45.9981.png,45.9981
1420_WI7m_TEBrqBbOh76eeVGtA_-5.59282383_119.89108032,2265-180-45.9981.png,45.9981
1420_WI7m_TEBrqBbOh76eeVGtA_-5.59282383_119.89108032,2265-270-45.9981.png,45.9981
619_8560kNe5_NV3nPU4rdkSeA_47.29987156_-101.62633199,2266-0-44.2912.png,44.2912
619_8560kNe5_NV3nPU4rdkSeA_47.29987156_-101.62633199,2266-90-44.2912.png,44.2912
619_8560kNe5_NV3nPU4rdkSeA_47.29987156_-101.62633199,2266-180-44.2912.png,44.2912
619_8560kNe5_NV3nPU4rdkSeA_47.29987156_-101.62633199,2266-270-44.2912.png,44.2912
1901_IuapiPWaY7OF5eCCIn5tqw_31.30532771_-94.27017836,2267-0-14.6409.png,14.6409
1901_IuapiPWaY7OF5eCCIn5tqw_31.30532771_-94.27017836,2267-90-14.6409.png,14.6409
1901_IuapiPWaY7OF5eCCIn5tqw_31.30532771_-94.27017836,2267-180-14.6409.png,14.6409
1901_IuapiPWaY7OF5eCCIn5tqw_31.30532771_-94.27017836,2267-270-14.6409.png,14.6409
523_N48xKrq2JF2Kc-eYgUKGzw_48.66279480_-118.06854478,2268-0-39.2498.png,39.2498
523_N48xKrq2JF2Kc-eYgUKGzw_48.66279480_-118.06854478,2268-90-39.2498.png,39.2498
523_N48xKrq2JF2Kc-eYgUKGzw_48.66279480_-118.06854478,2268-180-39.2498.png,39.2498
523_N48xKrq2JF2Kc-eYgUKGzw_48.66279480_-118.06854478,2268-270-39.2498.png,39.2498
334_jwGiq54IHb9kdUTjeYqqeA_27.10020169_142.20188621,2269-0-69.6855.png,69.6855
334_jwGiq54IHb9kdUTjeYqqeA_27.10020169_142.20188621,2269-90-69.6855.png,69.6855
334_jwGiq54IHb9kdUTjeYqqeA_27.10020169_142.20188621,2269-180-69.6855.png,69.6855
334_jwGiq54IHb9kdUTjeYqqeA_27.10020169_142.20188621,2269-270-69.6855.png,69.6855
268_ADprOHa4RaPXWaufjUJ5nQ_63.31086768_18.57116575,2270-0-44.2582.png,44.2582
268_ADprOHa4RaPXWaufjUJ5nQ_63.31086768_18.57116575,2270-90-44.2582.png,44.2582
268_ADprOHa4RaPXWaufjUJ5nQ_63.31086768_18.57116575,2270-180-44.2582.png,44.2582
268_ADprOHa4RaPXWaufjUJ5nQ_63.31086768_18.57116575,2270-270-44.2582.png,44.2582
631_SBDvOK2U0Q2K-W2y8NoM9Q_25.27785199_51.52472112,2271-0-64.6815.png,64.6815
631_SBDvOK2U0Q2K-W2y8NoM9Q_25.27785199_51.52472112,2271-90-64.6815.png,64.6815
631_SBDvOK2U0Q2K-W2y8NoM9Q_25.27785199_51.52472112,2271-180-64.6815.png,64.6815
631_SBDvOK2U0Q2K-W2y8NoM9Q_25.27785199_51.52472112,2271-270-64.6815.png,64.6815
569_7O7UzP7Y2Vt6obEdlMIrTg_44.50258369_3.41059327,2272-0-65.7081.png,65.7081
569_7O7UzP7Y2Vt6obEdlMIrTg_44.50258369_3.41059327,2272-90-65.7081.png,65.7081
569_7O7UzP7Y2Vt6obEdlMIrTg_44.50258369_3.41059327,2272-180-65.7081.png,65.7081
569_7O7UzP7Y2Vt6obEdlMIrTg_44.50258369_3.41059327,2272-270-65.7081.png,65.7081
65_UMs5JgbTGvlDXxcLHrOmIg_1.34138926_103.95647402,2273-0-67.4187.png,67.4187
65_UMs5JgbTGvlDXxcLHrOmIg_1.34138926_103.95647402,2273-90-67.4187.png,67.4187
65_UMs5JgbTGvlDXxcLHrOmIg_1.34138926_103.95647402,2273-180-67.4187.png,67.4187
65_UMs5JgbTGvlDXxcLHrOmIg_1.34138926_103.95647402,2273-270-67.4187.png,67.4187
2882_kth3UYiMHndbSaFQ8C0R4g_20.44471659_80.11548154,2274-0-42.7223.png,42.7223
2882_kth3UYiMHndbSaFQ8C0R4g_20.44471659_80.11548154,2274-90-42.7223.png,42.7223
2882_kth3UYiMHndbSaFQ8C0R4g_20.44471659_80.11548154,2274-180-42.7223.png,42.7223
2882_kth3UYiMHndbSaFQ8C0R4g_20.44471659_80.11548154,2274-270-42.7223.png,42.7223
951_teNdwGWSDFEuQZA-GXSn3A_-39.88315402_174.89969188,2275-0-84.3506.png,84.3506
951_teNdwGWSDFEuQZA-GXSn3A_-39.88315402_174.89969188,2275-90-84.3506.png,84.3506
951_teNdwGWSDFEuQZA-GXSn3A_-39.88315402_174.89969188,2275-180-84.3506.png,84.3506
951_teNdwGWSDFEuQZA-GXSn3A_-39.88315402_174.89969188,2275-270-84.3506.png,84.3506
239__aSmacVFzsmfPTqAmTQjjQ_60.36283435_5.14913635,2276-0-49.2237.png,49.2237
239__aSmacVFzsmfPTqAmTQjjQ_60.36283435_5.14913635,2276-90-49.2237.png,49.2237
239__aSmacVFzsmfPTqAmTQjjQ_60.36283435_5.14913635,2276-180-49.2237.png,49.2237
239__aSmacVFzsmfPTqAmTQjjQ_60.36283435_5.14913635,2276-270-49.2237.png,49.2237
955_ZcE8uuGTO6DzFmfb_G_ZAg_9.11152113_-79.36078697,2277-0-61.9026.png,61.9026
955_ZcE8uuGTO6DzFmfb_G_ZAg_9.11152113_-79.36078697,2277-90-61.9026.png,61.9026
955_ZcE8uuGTO6DzFmfb_G_ZAg_9.11152113_-79.36078697,2277-180-61.9026.png,61.9026
955_ZcE8uuGTO6DzFmfb_G_ZAg_9.11152113_-79.36078697,2277-270-61.9026.png,61.9026
818_P7CR4ttbbHRY1MTU23soRg_25.40492526_86.69019522,2278-0-72.7497.png,72.7497
818_P7CR4ttbbHRY1MTU23soRg_25.40492526_86.69019522,2278-90-72.7497.png,72.7497
818_P7CR4ttbbHRY1MTU23soRg_25.40492526_86.69019522,2278-180-72.7497.png,72.7497
818_P7CR4ttbbHRY1MTU23soRg_25.40492526_86.69019522,2278-270-72.7497.png,72.7497
3367_jDUdqqcbJJiR2vdvlVVE1A_45.70496028_9.72379547,2279-0-26.8543.png,26.8543
3367_jDUdqqcbJJiR2vdvlVVE1A_45.70496028_9.72379547,2279-90-26.8543.png,26.8543
3367_jDUdqqcbJJiR2vdvlVVE1A_45.70496028_9.72379547,2279-180-26.8543.png,26.8543
3367_jDUdqqcbJJiR2vdvlVVE1A_45.70496028_9.72379547,2279-270-26.8543.png,26.8543
1662_RBtVBu5VZJflGA-YIL_gQA_43.25554569_-75.60359797,2280-0-46.449.png,46.449
1662_RBtVBu5VZJflGA-YIL_gQA_43.25554569_-75.60359797,2280-90-46.449.png,46.449
1662_RBtVBu5VZJflGA-YIL_gQA_43.25554569_-75.60359797,2280-180-46.449.png,46.449
1662_RBtVBu5VZJflGA-YIL_gQA_43.25554569_-75.60359797,2280-270-46.449.png,46.449
1627_MiKCL6tfJCHtevGC4DrO2g_39.82650049_-75.42550194,2281-0-22.9031.png,22.9031
1627_MiKCL6tfJCHtevGC4DrO2g_39.82650049_-75.42550194,2281-90-22.9031.png,22.9031
1627_MiKCL6tfJCHtevGC4DrO2g_39.82650049_-75.42550194,2281-180-22.9031.png,22.9031
1627_MiKCL6tfJCHtevGC4DrO2g_39.82650049_-75.42550194,2281-270-22.9031.png,22.9031
3443_vwmtsG9oDqpw5OvHkz9nuw_51.97489673_-1.93339780,2282-0-30.8613.png,30.8613
3443_vwmtsG9oDqpw5OvHkz9nuw_51.97489673_-1.93339780,2282-90-30.8613.png,30.8613
3443_vwmtsG9oDqpw5OvHkz9nuw_51.97489673_-1.93339780,2282-180-30.8613.png,30.8613
3443_vwmtsG9oDqpw5OvHkz9nuw_51.97489673_-1.93339780,2282-270-30.8613.png,30.8613
441_roYeon3HSOFcNrbgOOS6Yg_37.47733150_-105.84143534,2283-0-80.7406.png,80.7406
441_roYeon3HSOFcNrbgOOS6Yg_37.47733150_-105.84143534,2283-90-80.7406.png,80.7406
441_roYeon3HSOFcNrbgOOS6Yg_37.47733150_-105.84143534,2283-180-80.7406.png,80.7406
441_roYeon3HSOFcNrbgOOS6Yg_37.47733150_-105.84143534,2283-270-80.7406.png,80.7406
63_NptaSr1MT-P20OkwHvPX8Q_42.53496104_2.24815214,2284-0-32.9707.png,32.9707
63_NptaSr1MT-P20OkwHvPX8Q_42.53496104_2.24815214,2284-90-32.9707.png,32.9707
63_NptaSr1MT-P20OkwHvPX8Q_42.53496104_2.24815214,2284-180-32.9707.png,32.9707
63_NptaSr1MT-P20OkwHvPX8Q_42.53496104_2.24815214,2284-270-32.9707.png,32.9707
2845_L0Ix0ljFf22tOfeKFjL3ew_16.38408671_75.88243983,2285-0-54.0164.png,54.0164
2845_L0Ix0ljFf22tOfeKFjL3ew_16.38408671_75.88243983,2285-90-54.0164.png,54.0164
2845_L0Ix0ljFf22tOfeKFjL3ew_16.38408671_75.88243983,2285-180-54.0164.png,54.0164
2845_L0Ix0ljFf22tOfeKFjL3ew_16.38408671_75.88243983,2285-270-54.0164.png,54.0164
281_Cnpq_JoA4bH3P5LKgOUVJA_35.43665764_-93.76409873,2286-0-74.2842.png,74.2842
281_Cnpq_JoA4bH3P5LKgOUVJA_35.43665764_-93.76409873,2286-90-74.2842.png,74.2842
281_Cnpq_JoA4bH3P5LKgOUVJA_35.43665764_-93.76409873,2286-180-74.2842.png,74.2842
281_Cnpq_JoA4bH3P5LKgOUVJA_35.43665764_-93.76409873,2286-270-74.2842.png,74.2842
3056_BqbnoKh6XHFGvuSCnLonuw_64.62423430_16.65574696,2287-0-35.9265.png,35.9265
3056_BqbnoKh6XHFGvuSCnLonuw_64.62423430_16.65574696,2287-90-35.9265.png,35.9265
3056_BqbnoKh6XHFGvuSCnLonuw_64.62423430_16.65574696,2287-180-35.9265.png,35.9265
3056_BqbnoKh6XHFGvuSCnLonuw_64.62423430_16.65574696,2287-270-35.9265.png,35.9265
53_Uf-zNokj-AxKYHZ8leghjw_-27.26603707_-51.91583030,2288-0-58.4992.png,58.4992
53_Uf-zNokj-AxKYHZ8leghjw_-27.26603707_-51.91583030,2288-90-58.4992.png,58.4992
53_Uf-zNokj-AxKYHZ8leghjw_-27.26603707_-51.91583030,2288-180-58.4992.png,58.4992
53_Uf-zNokj-AxKYHZ8leghjw_-27.26603707_-51.91583030,2288-270-58.4992.png,58.4992
3314_JEnHPZLO4IVBJfo_tjQcSA_36.86715794_-88.33117619,2289-0-50.2643.png,50.2643
3314_JEnHPZLO4IVBJfo_tjQcSA_36.86715794_-88.33117619,2289-90-50.2643.png,50.2643
3314_JEnHPZLO4IVBJfo_tjQcSA_36.86715794_-88.33117619,2289-180-50.2643.png,50.2643
3314_JEnHPZLO4IVBJfo_tjQcSA_36.86715794_-88.33117619,2289-270-50.2643.png,50.2643
1499_qHwKn9WUgPRorTmpxxFrCQ_45.40536813_-87.53342374,2290-0-27.0235.png,27.0235
1499_qHwKn9WUgPRorTmpxxFrCQ_45.40536813_-87.53342374,2290-90-27.0235.png,27.0235
1499_qHwKn9WUgPRorTmpxxFrCQ_45.40536813_-87.53342374,2290-180-27.0235.png,27.0235
1499_qHwKn9WUgPRorTmpxxFrCQ_45.40536813_-87.53342374,2290-270-27.0235.png,27.0235
1137_Elfz16KMnNLa1OEqU_6uGA_14.65452711_-92.35638941,2291-0-57.3246.png,57.3246
1137_Elfz16KMnNLa1OEqU_6uGA_14.65452711_-92.35638941,2291-90-57.3246.png,57.3246
1137_Elfz16KMnNLa1OEqU_6uGA_14.65452711_-92.35638941,2291-180-57.3246.png,57.3246
1137_Elfz16KMnNLa1OEqU_6uGA_14.65452711_-92.35638941,2291-270-57.3246.png,57.3246
809_cKdCZ8TcaZ0FTN3jomkVVA_48.78339419_-86.84999557,2292-0-49.3888.png,49.3888
809_cKdCZ8TcaZ0FTN3jomkVVA_48.78339419_-86.84999557,2292-90-49.3888.png,49.3888
809_cKdCZ8TcaZ0FTN3jomkVVA_48.78339419_-86.84999557,2292-180-49.3888.png,49.3888
809_cKdCZ8TcaZ0FTN3jomkVVA_48.78339419_-86.84999557,2292-270-49.3888.png,49.3888
733_dmn0wkDAM3DoGey3gwhaOw_43.35205453_-84.60719859,2293-0-15.216.png,15.216
733_dmn0wkDAM3DoGey3gwhaOw_43.35205453_-84.60719859,2293-90-15.216.png,15.216
733_dmn0wkDAM3DoGey3gwhaOw_43.35205453_-84.60719859,2293-180-15.216.png,15.216
733_dmn0wkDAM3DoGey3gwhaOw_43.35205453_-84.60719859,2293-270-15.216.png,15.216
1529_0IcFU8SvPm_3Exepv0aEtw_51.56999475_11.49350483,2294-0-48.9912.png,48.9912
1529_0IcFU8SvPm_3Exepv0aEtw_51.56999475_11.49350483,2294-90-48.9912.png,48.9912
1529_0IcFU8SvPm_3Exepv0aEtw_51.56999475_11.49350483,2294-180-48.9912.png,48.9912
1529_0IcFU8SvPm_3Exepv0aEtw_51.56999475_11.49350483,2294-270-48.9912.png,48.9912
30_pIbzBCrRyZXacpo932ByZw_69.36299127_17.05276052,2295-0-78.1803.png,78.1803
30_pIbzBCrRyZXacpo932ByZw_69.36299127_17.05276052,2295-90-78.1803.png,78.1803
30_pIbzBCrRyZXacpo932ByZw_69.36299127_17.05276052,2295-180-78.1803.png,78.1803
30_pIbzBCrRyZXacpo932ByZw_69.36299127_17.05276052,2295-270-78.1803.png,78.1803
890_Mz6MduHefle2e4tzMgDZ-w_18.82799412_74.37454646,2296-0-72.0738.png,72.0738
890_Mz6MduHefle2e4tzMgDZ-w_18.82799412_74.37454646,2296-90-72.0738.png,72.0738
890_Mz6MduHefle2e4tzMgDZ-w_18.82799412_74.37454646,2296-180-72.0738.png,72.0738
890_Mz6MduHefle2e4tzMgDZ-w_18.82799412_74.37454646,2296-270-72.0738.png,72.0738
3142_WvSnbyzvA1s9_-zRwBID4g_43.34517842_12.55596167,2297-0-38.2175.png,38.2175
3142_WvSnbyzvA1s9_-zRwBID4g_43.34517842_12.55596167,2297-90-38.2175.png,38.2175
3142_WvSnbyzvA1s9_-zRwBID4g_43.34517842_12.55596167,2297-180-38.2175.png,38.2175
3142_WvSnbyzvA1s9_-zRwBID4g_43.34517842_12.55596167,2297-270-38.2175.png,38.2175
1174_MF1uy4A861qnCFTm6o-UWQ_26.71556391_84.24101978,2298-0-27.4582.png,27.4582
1174_MF1uy4A861qnCFTm6o-UWQ_26.71556391_84.24101978,2298-90-27.4582.png,27.4582
1174_MF1uy4A861qnCFTm6o-UWQ_26.71556391_84.24101978,2298-180-27.4582.png,27.4582
1174_MF1uy4A861qnCFTm6o-UWQ_26.71556391_84.24101978,2298-270-27.4582.png,27.4582
684_kg_qwJIDeklJRD3j8_CX2w_54.20413089_-4.69431445,2299-0-61.9351.png,61.9351
684_kg_qwJIDeklJRD3j8_CX2w_54.20413089_-4.69431445,2299-90-61.9351.png,61.9351
684_kg_qwJIDeklJRD3j8_CX2w_54.20413089_-4.69431445,2299-180-61.9351.png,61.9351
684_kg_qwJIDeklJRD3j8_CX2w_54.20413089_-4.69431445,2299-270-61.9351.png,61.9351
687_uP6BR5VXwkqiZvfQeEzWAg_46.98363914_15.91637575,2300-0-23.656.png,23.656
687_uP6BR5VXwkqiZvfQeEzWAg_46.98363914_15.91637575,2300-90-23.656.png,23.656
687_uP6BR5VXwkqiZvfQeEzWAg_46.98363914_15.91637575,2300-180-23.656.png,23.656
687_uP6BR5VXwkqiZvfQeEzWAg_46.98363914_15.91637575,2300-270-23.656.png,23.656
1534_rPPDnEVI9JV4HuYnCaVj8w_19.81493511_-98.98669909,2301-0-66.2519.png,66.2519
1534_rPPDnEVI9JV4HuYnCaVj8w_19.81493511_-98.98669909,2301-90-66.2519.png,66.2519
1534_rPPDnEVI9JV4HuYnCaVj8w_19.81493511_-98.98669909,2301-180-66.2519.png,66.2519
1534_rPPDnEVI9JV4HuYnCaVj8w_19.81493511_-98.98669909,2301-270-66.2519.png,66.2519
2420_JEZPhewH1DaUXCHVmX_C1A_36.23334358_-89.54125246,2302-0-56.7216.png,56.7216
2420_JEZPhewH1DaUXCHVmX_C1A_36.23334358_-89.54125246,2302-90-56.7216.png,56.7216
2420_JEZPhewH1DaUXCHVmX_C1A_36.23334358_-89.54125246,2302-180-56.7216.png,56.7216
2420_JEZPhewH1DaUXCHVmX_C1A_36.23334358_-89.54125246,2302-270-56.7216.png,56.7216
2840_SmSbfRW-QW9m5AJRvlw2Xg_35.11998656_-101.86630576,2303-0-14.4757.png,14.4757
2840_SmSbfRW-QW9m5AJRvlw2Xg_35.11998656_-101.86630576,2303-90-14.4757.png,14.4757
2840_SmSbfRW-QW9m5AJRvlw2Xg_35.11998656_-101.86630576,2303-180-14.4757.png,14.4757
2840_SmSbfRW-QW9m5AJRvlw2Xg_35.11998656_-101.86630576,2303-270-14.4757.png,14.4757
1898_52ZD7R-HUZfo1VPLs4pZkw_31.67478270_-95.97208599,2304-0-18.3807.png,18.3807
1898_52ZD7R-HUZfo1VPLs4pZkw_31.67478270_-95.97208599,2304-90-18.3807.png,18.3807
1898_52ZD7R-HUZfo1VPLs4pZkw_31.67478270_-95.97208599,2304-180-18.3807.png,18.3807
1898_52ZD7R-HUZfo1VPLs4pZkw_31.67478270_-95.97208599,2304-270-18.3807.png,18.3807
261_eHjGH0pkjNmHO3Xc7FTqYA_51.19411424_4.55693562,2305-0-58.3661.png,58.3661
261_eHjGH0pkjNmHO3Xc7FTqYA_51.19411424_4.55693562,2305-90-58.3661.png,58.3661
261_eHjGH0pkjNmHO3Xc7FTqYA_51.19411424_4.55693562,2305-180-58.3661.png,58.3661
261_eHjGH0pkjNmHO3Xc7FTqYA_51.19411424_4.55693562,2305-270-58.3661.png,58.3661
1291_8swi8zGq7NJZHtSQNmLPxA_-5.23600135_122.33393641,2306-0-73.1268.png,73.1268
1291_8swi8zGq7NJZHtSQNmLPxA_-5.23600135_122.33393641,2306-90-73.1268.png,73.1268
1291_8swi8zGq7NJZHtSQNmLPxA_-5.23600135_122.33393641,2306-180-73.1268.png,73.1268
1291_8swi8zGq7NJZHtSQNmLPxA_-5.23600135_122.33393641,2306-270-73.1268.png,73.1268
917_hnh-U_u6kz7KxjXqLRSd0A_29.31371180_76.97176215,2307-0-78.6311.png,78.6311
917_hnh-U_u6kz7KxjXqLRSd0A_29.31371180_76.97176215,2307-90-78.6311.png,78.6311
917_hnh-U_u6kz7KxjXqLRSd0A_29.31371180_76.97176215,2307-180-78.6311.png,78.6311
917_hnh-U_u6kz7KxjXqLRSd0A_29.31371180_76.97176215,2307-270-78.6311.png,78.6311
3358_w7F2V8VRleRm-vggrOvEng_36.28605440_-82.58845707,2308-0-42.4609.png,42.4609
3358_w7F2V8VRleRm-vggrOvEng_36.28605440_-82.58845707,2308-90-42.4609.png,42.4609
3358_w7F2V8VRleRm-vggrOvEng_36.28605440_-82.58845707,2308-180-42.4609.png,42.4609
3358_w7F2V8VRleRm-vggrOvEng_36.28605440_-82.58845707,2308-270-42.4609.png,42.4609
547_I1ajwoXFvDgJrmL51_gaTw_48.56177909_10.29497996,2309-0-75.9791.png,75.9791
547_I1ajwoXFvDgJrmL51_gaTw_48.56177909_10.29497996,2309-90-75.9791.png,75.9791
547_I1ajwoXFvDgJrmL51_gaTw_48.56177909_10.29497996,2309-180-75.9791.png,75.9791
547_I1ajwoXFvDgJrmL51_gaTw_48.56177909_10.29497996,2309-270-75.9791.png,75.9791
3332_4vUMCh2jpMFwOiB7XOCccA_30.12598783_76.85881510,2310-0-36.5593.png,36.5593
3332_4vUMCh2jpMFwOiB7XOCccA_30.12598783_76.85881510,2310-90-36.5593.png,36.5593
3332_4vUMCh2jpMFwOiB7XOCccA_30.12598783_76.85881510,2310-180-36.5593.png,36.5593
3332_4vUMCh2jpMFwOiB7XOCccA_30.12598783_76.85881510,2310-270-36.5593.png,36.5593
692_fC9jGFTt9DPbZAHuVFCc5w_46.32563037_-95.08673296,2311-0-66.3149.png,66.3149
692_fC9jGFTt9DPbZAHuVFCc5w_46.32563037_-95.08673296,2311-90-66.3149.png,66.3149
692_fC9jGFTt9DPbZAHuVFCc5w_46.32563037_-95.08673296,2311-180-66.3149.png,66.3149
692_fC9jGFTt9DPbZAHuVFCc5w_46.32563037_-95.08673296,2311-270-66.3149.png,66.3149
688_IxkuXVMiu7ho5avnK3KsAw_20.46849565_86.41288498,2312-0-67.8938.png,67.8938
688_IxkuXVMiu7ho5avnK3KsAw_20.46849565_86.41288498,2312-90-67.8938.png,67.8938
688_IxkuXVMiu7ho5avnK3KsAw_20.46849565_86.41288498,2312-180-67.8938.png,67.8938
688_IxkuXVMiu7ho5avnK3KsAw_20.46849565_86.41288498,2312-270-67.8938.png,67.8938
1752_QgZIFfTRNiePNXRt1lhkPQ_62.60037503_29.76712152,2313-0-20.6335.png,20.6335
1752_QgZIFfTRNiePNXRt1lhkPQ_62.60037503_29.76712152,2313-90-20.6335.png,20.6335
1752_QgZIFfTRNiePNXRt1lhkPQ_62.60037503_29.76712152,2313-180-20.6335.png,20.6335
1752_QgZIFfTRNiePNXRt1lhkPQ_62.60037503_29.76712152,2313-270-20.6335.png,20.6335
52_lEE4mQj9Lgv_Im7PcgxqRA_-39.67811061_176.83019559,2314-0-35.8713.png,35.8713
52_lEE4mQj9Lgv_Im7PcgxqRA_-39.67811061_176.83019559,2314-90-35.8713.png,35.8713
52_lEE4mQj9Lgv_Im7PcgxqRA_-39.67811061_176.83019559,2314-180-35.8713.png,35.8713
52_lEE4mQj9Lgv_Im7PcgxqRA_-39.67811061_176.83019559,2314-270-35.8713.png,35.8713
3228_oncd5LtH29ypL7i6ZtCx6w_-31.76378714_-52.48439493,2315-0-54.6083.png,54.6083
3228_oncd5LtH29ypL7i6ZtCx6w_-31.76378714_-52.48439493,2315-90-54.6083.png,54.6083
3228_oncd5LtH29ypL7i6ZtCx6w_-31.76378714_-52.48439493,2315-180-54.6083.png,54.6083
3228_oncd5LtH29ypL7i6ZtCx6w_-31.76378714_-52.48439493,2315-270-54.6083.png,54.6083
1877_pc8PlV_WPwneOM5RHqynrw_46.11559827_-85.92733251,2316-0-69.9373.png,69.9373
1877_pc8PlV_WPwneOM5RHqynrw_46.11559827_-85.92733251,2316-90-69.9373.png,69.9373
1877_pc8PlV_WPwneOM5RHqynrw_46.11559827_-85.92733251,2316-180-69.9373.png,69.9373
1877_pc8PlV_WPwneOM5RHqynrw_46.11559827_-85.92733251,2316-270-69.9373.png,69.9373
546_eaX4vKM2Kr_K-qVkNdC2Yw_9.36059936_77.49859807,2317-0-67.2976.png,67.2976
546_eaX4vKM2Kr_K-qVkNdC2Yw_9.36059936_77.49859807,2317-90-67.2976.png,67.2976
546_eaX4vKM2Kr_K-qVkNdC2Yw_9.36059936_77.49859807,2317-180-67.2976.png,67.2976
546_eaX4vKM2Kr_K-qVkNdC2Yw_9.36059936_77.49859807,2317-270-67.2976.png,67.2976
753_RI0ZlalT8pWSZjf_COW8Fg_57.23920729_9.70696060,2318-0-31.5109.png,31.5109
753_RI0ZlalT8pWSZjf_COW8Fg_57.23920729_9.70696060,2318-90-31.5109.png,31.5109
753_RI0ZlalT8pWSZjf_COW8Fg_57.23920729_9.70696060,2318-180-31.5109.png,31.5109
753_RI0ZlalT8pWSZjf_COW8Fg_57.23920729_9.70696060,2318-270-31.5109.png,31.5109
903_y3zuqg7jcifFC1dKJes3Ww_46.43859861_16.73302486,2319-0-34.7023.png,34.7023
903_y3zuqg7jcifFC1dKJes3Ww_46.43859861_16.73302486,2319-90-34.7023.png,34.7023
903_y3zuqg7jcifFC1dKJes3Ww_46.43859861_16.73302486,2319-180-34.7023.png,34.7023
903_y3zuqg7jcifFC1dKJes3Ww_46.43859861_16.73302486,2319-270-34.7023.png,34.7023
675_nGAmzmM-gVpft-4T5BzcYw_34.15112812_-86.92807601,2320-0-81.2119.png,81.2119
675_nGAmzmM-gVpft-4T5BzcYw_34.15112812_-86.92807601,2320-90-81.2119.png,81.2119
675_nGAmzmM-gVpft-4T5BzcYw_34.15112812_-86.92807601,2320-180-81.2119.png,81.2119
675_nGAmzmM-gVpft-4T5BzcYw_34.15112812_-86.92807601,2320-270-81.2119.png,81.2119
3293__RiXuFnaMv57yX-NIed8Tg_33.21245170_129.43628080,2321-0-21.6844.png,21.6844
3293__RiXuFnaMv57yX-NIed8Tg_33.21245170_129.43628080,2321-90-21.6844.png,21.6844
3293__RiXuFnaMv57yX-NIed8Tg_33.21245170_129.43628080,2321-180-21.6844.png,21.6844
3293__RiXuFnaMv57yX-NIed8Tg_33.21245170_129.43628080,2321-270-21.6844.png,21.6844
2936_kGqmpmIelqPIB9TXg46hXQ_51.99303700_5.94424832,2322-0-65.2112.png,65.2112
2936_kGqmpmIelqPIB9TXg46hXQ_51.99303700_5.94424832,2322-90-65.2112.png,65.2112
2936_kGqmpmIelqPIB9TXg46hXQ_51.99303700_5.94424832,2322-180-65.2112.png,65.2112
2936_kGqmpmIelqPIB9TXg46hXQ_51.99303700_5.94424832,2322-270-65.2112.png,65.2112
682_7wx8pvwu9CS4Ae_X0UXl1Q_20.93345125_77.74991440,2323-0-45.371.png,45.371
682_7wx8pvwu9CS4Ae_X0UXl1Q_20.93345125_77.74991440,2323-90-45.371.png,45.371
682_7wx8pvwu9CS4Ae_X0UXl1Q_20.93345125_77.74991440,2323-180-45.371.png,45.371
682_7wx8pvwu9CS4Ae_X0UXl1Q_20.93345125_77.74991440,2323-270-45.371.png,45.371
699_ByKjlgE0v0uroVd1KAoNng_21.37680595_-98.76422916,2324-0-82.9832.png,82.9832
699_ByKjlgE0v0uroVd1KAoNng_21.37680595_-98.76422916,2324-90-82.9832.png,82.9832
699_ByKjlgE0v0uroVd1KAoNng_21.37680595_-98.76422916,2324-180-82.9832.png,82.9832
699_ByKjlgE0v0uroVd1KAoNng_21.37680595_-98.76422916,2324-270-82.9832.png,82.9832
373_0ajBdShwBXQ3XFVgqhbyMA_65.73745751_24.56217014,2325-0-35.888.png,35.888
373_0ajBdShwBXQ3XFVgqhbyMA_65.73745751_24.56217014,2325-90-35.888.png,35.888
373_0ajBdShwBXQ3XFVgqhbyMA_65.73745751_24.56217014,2325-180-35.888.png,35.888
373_0ajBdShwBXQ3XFVgqhbyMA_65.73745751_24.56217014,2325-270-35.888.png,35.888
1078_mEjCVxdhEyqPnF_GWxGVWQ_22.92583255_120.65246399,2326-0-57.9392.png,57.9392
1078_mEjCVxdhEyqPnF_GWxGVWQ_22.92583255_120.65246399,2326-90-57.9392.png,57.9392
1078_mEjCVxdhEyqPnF_GWxGVWQ_22.92583255_120.65246399,2326-180-57.9392.png,57.9392
1078_mEjCVxdhEyqPnF_GWxGVWQ_22.92583255_120.65246399,2326-270-57.9392.png,57.9392
507__ZJFxxl-R2Zjv-VgPIQ-KQ_-32.42400693_-65.17779342,2327-0-14.8156.png,14.8156
507__ZJFxxl-R2Zjv-VgPIQ-KQ_-32.42400693_-65.17779342,2327-90-14.8156.png,14.8156
507__ZJFxxl-R2Zjv-VgPIQ-KQ_-32.42400693_-65.17779342,2327-180-14.8156.png,14.8156
507__ZJFxxl-R2Zjv-VgPIQ-KQ_-32.42400693_-65.17779342,2327-270-14.8156.png,14.8156
1318_uxxJeOxZ3ngUJAS-tZceeQ_34.07835399_-116.03659613,2328-0-14.6364.png,14.6364
1318_uxxJeOxZ3ngUJAS-tZceeQ_34.07835399_-116.03659613,2328-90-14.6364.png,14.6364
1318_uxxJeOxZ3ngUJAS-tZceeQ_34.07835399_-116.03659613,2328-180-14.6364.png,14.6364
1318_uxxJeOxZ3ngUJAS-tZceeQ_34.07835399_-116.03659613,2328-270-14.6364.png,14.6364
2633_hhOzAka8M8BygV50ZKAm9Q_41.28207696_13.91578084,2329-0-49.0891.png,49.0891
2633_hhOzAka8M8BygV50ZKAm9Q_41.28207696_13.91578084,2329-90-49.0891.png,49.0891
2633_hhOzAka8M8BygV50ZKAm9Q_41.28207696_13.91578084,2329-180-49.0891.png,49.0891
2633_hhOzAka8M8BygV50ZKAm9Q_41.28207696_13.91578084,2329-270-49.0891.png,49.0891
891_pc8PlV_WPwneOM5RHqynrw_46.11559827_-85.92733251,2330-0-69.9373.png,69.9373
891_pc8PlV_WPwneOM5RHqynrw_46.11559827_-85.92733251,2330-90-69.9373.png,69.9373
891_pc8PlV_WPwneOM5RHqynrw_46.11559827_-85.92733251,2330-180-69.9373.png,69.9373
891_pc8PlV_WPwneOM5RHqynrw_46.11559827_-85.92733251,2330-270-69.9373.png,69.9373
1458_3_srqWMHbMUg8t1YZO6pxg_41.72690547_9.17501500,2331-0-39.7367.png,39.7367
1458_3_srqWMHbMUg8t1YZO6pxg_41.72690547_9.17501500,2331-90-39.7367.png,39.7367
1458_3_srqWMHbMUg8t1YZO6pxg_41.72690547_9.17501500,2331-180-39.7367.png,39.7367
1458_3_srqWMHbMUg8t1YZO6pxg_41.72690547_9.17501500,2331-270-39.7367.png,39.7367
1003_6Ub2NCPQvEae5xWZNpv36g_44.87134535_1.80392266,2332-0-42.8053.png,42.8053
1003_6Ub2NCPQvEae5xWZNpv36g_44.87134535_1.80392266,2332-90-42.8053.png,42.8053
1003_6Ub2NCPQvEae5xWZNpv36g_44.87134535_1.80392266,2332-180-42.8053.png,42.8053
1003_6Ub2NCPQvEae5xWZNpv36g_44.87134535_1.80392266,2332-270-42.8053.png,42.8053
2568_0hiOtRX9bBJohFoSPuGltw_-27.61293200_152.78914905,2333-0-76.0337.png,76.0337
2568_0hiOtRX9bBJohFoSPuGltw_-27.61293200_152.78914905,2333-90-76.0337.png,76.0337
2568_0hiOtRX9bBJohFoSPuGltw_-27.61293200_152.78914905,2333-180-76.0337.png,76.0337
2568_0hiOtRX9bBJohFoSPuGltw_-27.61293200_152.78914905,2333-270-76.0337.png,76.0337
1790_S6h08yZM01saN5P72fxMrA_-41.80014411_172.33325090,2334-0-74.2966.png,74.2966
1790_S6h08yZM01saN5P72fxMrA_-41.80014411_172.33325090,2334-90-74.2966.png,74.2966
1790_S6h08yZM01saN5P72fxMrA_-41.80014411_172.33325090,2334-180-74.2966.png,74.2966
1790_S6h08yZM01saN5P72fxMrA_-41.80014411_172.33325090,2334-270-74.2966.png,74.2966
1246_NNHwIRMLngd3uywSfO0UOQ_15.81324695_79.22417264,2335-0-64.8633.png,64.8633
1246_NNHwIRMLngd3uywSfO0UOQ_15.81324695_79.22417264,2335-90-64.8633.png,64.8633
1246_NNHwIRMLngd3uywSfO0UOQ_15.81324695_79.22417264,2335-180-64.8633.png,64.8633
1246_NNHwIRMLngd3uywSfO0UOQ_15.81324695_79.22417264,2335-270-64.8633.png,64.8633
502_On1ctVjvxBbHGttpmLXwUA_43.46362552_-98.64827767,2336-0-14.4739.png,14.4739
502_On1ctVjvxBbHGttpmLXwUA_43.46362552_-98.64827767,2336-90-14.4739.png,14.4739
502_On1ctVjvxBbHGttpmLXwUA_43.46362552_-98.64827767,2336-180-14.4739.png,14.4739
502_On1ctVjvxBbHGttpmLXwUA_43.46362552_-98.64827767,2336-270-14.4739.png,14.4739
76_r_QTWH1AFQOyPs19deDW5Q_18.62951162_77.18069425,2337-0-44.6648.png,44.6648
76_r_QTWH1AFQOyPs19deDW5Q_18.62951162_77.18069425,2337-90-44.6648.png,44.6648
76_r_QTWH1AFQOyPs19deDW5Q_18.62951162_77.18069425,2337-180-44.6648.png,44.6648
76_r_QTWH1AFQOyPs19deDW5Q_18.62951162_77.18069425,2337-270-44.6648.png,44.6648
572_LudymOYZBU501RX6wDJlwg_39.89838725_-81.82736466,2338-0-26.5375.png,26.5375
572_LudymOYZBU501RX6wDJlwg_39.89838725_-81.82736466,2338-90-26.5375.png,26.5375
572_LudymOYZBU501RX6wDJlwg_39.89838725_-81.82736466,2338-180-26.5375.png,26.5375
572_LudymOYZBU501RX6wDJlwg_39.89838725_-81.82736466,2338-270-26.5375.png,26.5375
591_xLXfT_qrSF7h_fr3avgEcQ_55.77548019_38.75617479,2339-0-16.863.png,16.863
591_xLXfT_qrSF7h_fr3avgEcQ_55.77548019_38.75617479,2339-90-16.863.png,16.863
591_xLXfT_qrSF7h_fr3avgEcQ_55.77548019_38.75617479,2339-180-16.863.png,16.863
591_xLXfT_qrSF7h_fr3avgEcQ_55.77548019_38.75617479,2339-270-16.863.png,16.863
977_ZYL5aGKv6TRvKJRFRDQB3g_23.02156906_-98.84680184,2340-0-70.7354.png,70.7354
977_ZYL5aGKv6TRvKJRFRDQB3g_23.02156906_-98.84680184,2340-90-70.7354.png,70.7354
977_ZYL5aGKv6TRvKJRFRDQB3g_23.02156906_-98.84680184,2340-180-70.7354.png,70.7354
977_ZYL5aGKv6TRvKJRFRDQB3g_23.02156906_-98.84680184,2340-270-70.7354.png,70.7354
363_Ueiu2UC5eue7ImblKdCoTg_38.47696732_22.63426974,2341-0-40.6318.png,40.6318
363_Ueiu2UC5eue7ImblKdCoTg_38.47696732_22.63426974,2341-90-40.6318.png,40.6318
363_Ueiu2UC5eue7ImblKdCoTg_38.47696732_22.63426974,2341-180-40.6318.png,40.6318
363_Ueiu2UC5eue7ImblKdCoTg_38.47696732_22.63426974,2341-270-40.6318.png,40.6318
1213_qs4U43eJocOlljmCAsPUyA_40.25219131_-3.69656971,2342-0-65.5214.png,65.5214
1213_qs4U43eJocOlljmCAsPUyA_40.25219131_-3.69656971,2342-90-65.5214.png,65.5214
1213_qs4U43eJocOlljmCAsPUyA_40.25219131_-3.69656971,2342-180-65.5214.png,65.5214
1213_qs4U43eJocOlljmCAsPUyA_40.25219131_-3.69656971,2342-270-65.5214.png,65.5214
1883_gnxjXLIRNLyOyJjNldxBqA_32.12316056_-96.43643032,2343-0-36.9481.png,36.9481
1883_gnxjXLIRNLyOyJjNldxBqA_32.12316056_-96.43643032,2343-90-36.9481.png,36.9481
1883_gnxjXLIRNLyOyJjNldxBqA_32.12316056_-96.43643032,2343-180-36.9481.png,36.9481
1883_gnxjXLIRNLyOyJjNldxBqA_32.12316056_-96.43643032,2343-270-36.9481.png,36.9481
594_6W8tiXLsuAtn0n46d4OG2w_45.01045090_0.05080707,2344-0-59.8483.png,59.8483
594_6W8tiXLsuAtn0n46d4OG2w_45.01045090_0.05080707,2344-90-59.8483.png,59.8483
594_6W8tiXLsuAtn0n46d4OG2w_45.01045090_0.05080707,2344-180-59.8483.png,59.8483
594_6W8tiXLsuAtn0n46d4OG2w_45.01045090_0.05080707,2344-270-59.8483.png,59.8483
1743_fgm71r59fqz__IH0HNg_xg_11.08544995_104.94964301,2345-0-51.6556.png,51.6556
1743_fgm71r59fqz__IH0HNg_xg_11.08544995_104.94964301,2345-90-51.6556.png,51.6556
1743_fgm71r59fqz__IH0HNg_xg_11.08544995_104.94964301,2345-180-51.6556.png,51.6556
1743_fgm71r59fqz__IH0HNg_xg_11.08544995_104.94964301,2345-270-51.6556.png,51.6556
871_Fbgx3poLVjnNtM4hTeM0Vg_18.30589662_83.56174466,2346-0-58.32.png,58.32
871_Fbgx3poLVjnNtM4hTeM0Vg_18.30589662_83.56174466,2346-90-58.32.png,58.32
871_Fbgx3poLVjnNtM4hTeM0Vg_18.30589662_83.56174466,2346-180-58.32.png,58.32
871_Fbgx3poLVjnNtM4hTeM0Vg_18.30589662_83.56174466,2346-270-58.32.png,58.32
2037_HPxBR25CIQpql_g9bzveCw_35.75496620_-95.64044514,2347-0-71.1815.png,71.1815
2037_HPxBR25CIQpql_g9bzveCw_35.75496620_-95.64044514,2347-90-71.1815.png,71.1815
2037_HPxBR25CIQpql_g9bzveCw_35.75496620_-95.64044514,2347-180-71.1815.png,71.1815
2037_HPxBR25CIQpql_g9bzveCw_35.75496620_-95.64044514,2347-270-71.1815.png,71.1815
744_vPc7C3FLFjuvZAIrv9AHAA_24.46105977_124.14003135,2348-0-30.5395.png,30.5395
744_vPc7C3FLFjuvZAIrv9AHAA_24.46105977_124.14003135,2348-90-30.5395.png,30.5395
744_vPc7C3FLFjuvZAIrv9AHAA_24.46105977_124.14003135,2348-180-30.5395.png,30.5395
744_vPc7C3FLFjuvZAIrv9AHAA_24.46105977_124.14003135,2348-270-30.5395.png,30.5395
3214_OWbNu225gPlKLq7Bpdu6UA_43.16698000_-79.25079794,2349-0-50.8071.png,50.8071
3214_OWbNu225gPlKLq7Bpdu6UA_43.16698000_-79.25079794,2349-90-50.8071.png,50.8071
3214_OWbNu225gPlKLq7Bpdu6UA_43.16698000_-79.25079794,2349-180-50.8071.png,50.8071
3214_OWbNu225gPlKLq7Bpdu6UA_43.16698000_-79.25079794,2349-270-50.8071.png,50.8071
1990_dMk3yHFeKZYAgoe8CS-WLA_45.91374997_6.64754526,2350-0-38.1537.png,38.1537
1990_dMk3yHFeKZYAgoe8CS-WLA_45.91374997_6.64754526,2350-90-38.1537.png,38.1537
1990_dMk3yHFeKZYAgoe8CS-WLA_45.91374997_6.64754526,2350-180-38.1537.png,38.1537
1990_dMk3yHFeKZYAgoe8CS-WLA_45.91374997_6.64754526,2350-270-38.1537.png,38.1537
154_1Yw8kMylweHYZrk5TaPFrg_33.55639424_-98.13978277,2351-0-27.3241.png,27.3241
154_1Yw8kMylweHYZrk5TaPFrg_33.55639424_-98.13978277,2351-90-27.3241.png,27.3241
154_1Yw8kMylweHYZrk5TaPFrg_33.55639424_-98.13978277,2351-180-27.3241.png,27.3241
154_1Yw8kMylweHYZrk5TaPFrg_33.55639424_-98.13978277,2351-270-27.3241.png,27.3241
900_RtoHmJU0EM_938_CLhtcfw_19.52102135_74.04862406,2352-0-62.8826.png,62.8826
900_RtoHmJU0EM_938_CLhtcfw_19.52102135_74.04862406,2352-90-62.8826.png,62.8826
900_RtoHmJU0EM_938_CLhtcfw_19.52102135_74.04862406,2352-180-62.8826.png,62.8826
900_RtoHmJU0EM_938_CLhtcfw_19.52102135_74.04862406,2352-270-62.8826.png,62.8826
1840_4zuwSKGSumw55TTVfigXcw_48.54109558_-113.00522570,2353-0-10.0443.png,10.0443
1840_4zuwSKGSumw55TTVfigXcw_48.54109558_-113.00522570,2353-90-10.0443.png,10.0443
1840_4zuwSKGSumw55TTVfigXcw_48.54109558_-113.00522570,2353-180-10.0443.png,10.0443
1840_4zuwSKGSumw55TTVfigXcw_48.54109558_-113.00522570,2353-270-10.0443.png,10.0443
2628_KlZyr9k-zM5Na3kPvKCoDg_51.65114163_-1.77808492,2354-0-46.0888.png,46.0888
2628_KlZyr9k-zM5Na3kPvKCoDg_51.65114163_-1.77808492,2354-90-46.0888.png,46.0888
2628_KlZyr9k-zM5Na3kPvKCoDg_51.65114163_-1.77808492,2354-180-46.0888.png,46.0888
2628_KlZyr9k-zM5Na3kPvKCoDg_51.65114163_-1.77808492,2354-270-46.0888.png,46.0888
1059_V3KXxJmM7zGqKntUozsClA_52.78740995_6.93899705,2355-0-50.9667.png,50.9667
1059_V3KXxJmM7zGqKntUozsClA_52.78740995_6.93899705,2355-90-50.9667.png,50.9667
1059_V3KXxJmM7zGqKntUozsClA_52.78740995_6.93899705,2355-180-50.9667.png,50.9667
1059_V3KXxJmM7zGqKntUozsClA_52.78740995_6.93899705,2355-270-50.9667.png,50.9667
505_yzOOS3kiCMvG7lb4NBljIQ_9.76674204_8.86093435,2356-0-18.8134.png,18.8134
505_yzOOS3kiCMvG7lb4NBljIQ_9.76674204_8.86093435,2356-90-18.8134.png,18.8134
505_yzOOS3kiCMvG7lb4NBljIQ_9.76674204_8.86093435,2356-180-18.8134.png,18.8134
505_yzOOS3kiCMvG7lb4NBljIQ_9.76674204_8.86093435,2356-270-18.8134.png,18.8134
2604_ScseHabMVztxnl9bvMyzjA_55.10556275_37.69010904,2357-0-26.4008.png,26.4008
2604_ScseHabMVztxnl9bvMyzjA_55.10556275_37.69010904,2357-90-26.4008.png,26.4008
2604_ScseHabMVztxnl9bvMyzjA_55.10556275_37.69010904,2357-180-26.4008.png,26.4008
2604_ScseHabMVztxnl9bvMyzjA_55.10556275_37.69010904,2357-270-26.4008.png,26.4008
712_M8Og6nxg1AM0l-AGvxUzbg_42.29233274_-2.22021025,2358-0-37.5139.png,37.5139
712_M8Og6nxg1AM0l-AGvxUzbg_42.29233274_-2.22021025,2358-90-37.5139.png,37.5139
712_M8Og6nxg1AM0l-AGvxUzbg_42.29233274_-2.22021025,2358-180-37.5139.png,37.5139
712_M8Og6nxg1AM0l-AGvxUzbg_42.29233274_-2.22021025,2358-270-37.5139.png,37.5139
1707_98uGDYaqOT8d_Cqj5Ctubg_40.88853438_-124.08804999,2359-0-21.5289.png,21.5289
1707_98uGDYaqOT8d_Cqj5Ctubg_40.88853438_-124.08804999,2359-90-21.5289.png,21.5289
1707_98uGDYaqOT8d_Cqj5Ctubg_40.88853438_-124.08804999,2359-180-21.5289.png,21.5289
1707_98uGDYaqOT8d_Cqj5Ctubg_40.88853438_-124.08804999,2359-270-21.5289.png,21.5289
363_qb4cLgU24tvANDhteFDJRA_41.38651274_2.17865578,2360-0-62.653.png,62.653
363_qb4cLgU24tvANDhteFDJRA_41.38651274_2.17865578,2360-90-62.653.png,62.653
363_qb4cLgU24tvANDhteFDJRA_41.38651274_2.17865578,2360-180-62.653.png,62.653
363_qb4cLgU24tvANDhteFDJRA_41.38651274_2.17865578,2360-270-62.653.png,62.653
206_L-v1w4Pu5Pv5Ba6clAnGQQ_28.68727853_-97.35888012,2361-0-16.6129.png,16.6129
206_L-v1w4Pu5Pv5Ba6clAnGQQ_28.68727853_-97.35888012,2361-90-16.6129.png,16.6129
206_L-v1w4Pu5Pv5Ba6clAnGQQ_28.68727853_-97.35888012,2361-180-16.6129.png,16.6129
206_L-v1w4Pu5Pv5Ba6clAnGQQ_28.68727853_-97.35888012,2361-270-16.6129.png,16.6129
1995_zL02a9ojGu6tpfYfOliPow_35.18606335_-101.89489821,2362-0-80.4526.png,80.4526
1995_zL02a9ojGu6tpfYfOliPow_35.18606335_-101.89489821,2362-90-80.4526.png,80.4526
1995_zL02a9ojGu6tpfYfOliPow_35.18606335_-101.89489821,2362-180-80.4526.png,80.4526
1995_zL02a9ojGu6tpfYfOliPow_35.18606335_-101.89489821,2362-270-80.4526.png,80.4526
2190_CENZgdRBGkjH-Vfwp-NCKQ_39.98219700_-87.29484725,2363-0-79.445.png,79.445
2190_CENZgdRBGkjH-Vfwp-NCKQ_39.98219700_-87.29484725,2363-90-79.445.png,79.445
2190_CENZgdRBGkjH-Vfwp-NCKQ_39.98219700_-87.29484725,2363-180-79.445.png,79.445
2190_CENZgdRBGkjH-Vfwp-NCKQ_39.98219700_-87.29484725,2363-270-79.445.png,79.445
1766_yVY68MNCOwN1kxfDQP5jLQ_-29.78899446_-52.74162133,2364-0-81.6034.png,81.6034
1766_yVY68MNCOwN1kxfDQP5jLQ_-29.78899446_-52.74162133,2364-90-81.6034.png,81.6034
1766_yVY68MNCOwN1kxfDQP5jLQ_-29.78899446_-52.74162133,2364-180-81.6034.png,81.6034
1766_yVY68MNCOwN1kxfDQP5jLQ_-29.78899446_-52.74162133,2364-270-81.6034.png,81.6034
824_pntXht08Fu3F-RQ6XvBzeg_4.33425072_-73.87320510,2365-0-73.5113.png,73.5113
824_pntXht08Fu3F-RQ6XvBzeg_4.33425072_-73.87320510,2365-90-73.5113.png,73.5113
824_pntXht08Fu3F-RQ6XvBzeg_4.33425072_-73.87320510,2365-180-73.5113.png,73.5113
824_pntXht08Fu3F-RQ6XvBzeg_4.33425072_-73.87320510,2365-270-73.5113.png,73.5113
1535_wj7_HTU_wzyuMplBSTWj9w_-10.17917344_-62.82308357,2366-0-56.6535.png,56.6535
1535_wj7_HTU_wzyuMplBSTWj9w_-10.17917344_-62.82308357,2366-90-56.6535.png,56.6535
1535_wj7_HTU_wzyuMplBSTWj9w_-10.17917344_-62.82308357,2366-180-56.6535.png,56.6535
1535_wj7_HTU_wzyuMplBSTWj9w_-10.17917344_-62.82308357,2366-270-56.6535.png,56.6535
790_KltAcZBbqO4hRt3wmKxBEg_-10.54784068_-46.42089868,2367-0-30.8224.png,30.8224
790_KltAcZBbqO4hRt3wmKxBEg_-10.54784068_-46.42089868,2367-90-30.8224.png,30.8224
790_KltAcZBbqO4hRt3wmKxBEg_-10.54784068_-46.42089868,2367-180-30.8224.png,30.8224
790_KltAcZBbqO4hRt3wmKxBEg_-10.54784068_-46.42089868,2367-270-30.8224.png,30.8224
449_1WBeGFqLcwrfSY7CUwKO6Q_43.89162604_-97.18922440,2368-0-25.5839.png,25.5839
449_1WBeGFqLcwrfSY7CUwKO6Q_43.89162604_-97.18922440,2368-90-25.5839.png,25.5839
449_1WBeGFqLcwrfSY7CUwKO6Q_43.89162604_-97.18922440,2368-180-25.5839.png,25.5839
449_1WBeGFqLcwrfSY7CUwKO6Q_43.89162604_-97.18922440,2368-270-25.5839.png,25.5839
2097_I0yE5wbGPCvmEeGSFhXi2w_63.37079233_40.34247432,2369-0-15.2588.png,15.2588
2097_I0yE5wbGPCvmEeGSFhXi2w_63.37079233_40.34247432,2369-90-15.2588.png,15.2588
2097_I0yE5wbGPCvmEeGSFhXi2w_63.37079233_40.34247432,2369-180-15.2588.png,15.2588
2097_I0yE5wbGPCvmEeGSFhXi2w_63.37079233_40.34247432,2369-270-15.2588.png,15.2588
2860_PdjMeJc2w7xzLA2q8pUiow_48.03396682_-108.46892026,2370-0-28.892.png,28.892
2860_PdjMeJc2w7xzLA2q8pUiow_48.03396682_-108.46892026,2370-90-28.892.png,28.892
2860_PdjMeJc2w7xzLA2q8pUiow_48.03396682_-108.46892026,2370-180-28.892.png,28.892
2860_PdjMeJc2w7xzLA2q8pUiow_48.03396682_-108.46892026,2370-270-28.892.png,28.892
1322_agKsUw_wefp4Vor8R2iWoQ_-28.55060287_151.94904396,2371-0-75.7655.png,75.7655
1322_agKsUw_wefp4Vor8R2iWoQ_-28.55060287_151.94904396,2371-90-75.7655.png,75.7655
1322_agKsUw_wefp4Vor8R2iWoQ_-28.55060287_151.94904396,2371-180-75.7655.png,75.7655
1322_agKsUw_wefp4Vor8R2iWoQ_-28.55060287_151.94904396,2371-270-75.7655.png,75.7655
1072_ZcE8uuGTO6DzFmfb_G_ZAg_9.11152113_-79.36078697,2372-0-61.9026.png,61.9026
1072_ZcE8uuGTO6DzFmfb_G_ZAg_9.11152113_-79.36078697,2372-90-61.9026.png,61.9026
1072_ZcE8uuGTO6DzFmfb_G_ZAg_9.11152113_-79.36078697,2372-180-61.9026.png,61.9026
1072_ZcE8uuGTO6DzFmfb_G_ZAg_9.11152113_-79.36078697,2372-270-61.9026.png,61.9026
3040_c7q3cZ-egTexSzWYt6rsXQ_55.04997883_-6.93333607,2373-0-61.4583.png,61.4583
3040_c7q3cZ-egTexSzWYt6rsXQ_55.04997883_-6.93333607,2373-90-61.4583.png,61.4583
3040_c7q3cZ-egTexSzWYt6rsXQ_55.04997883_-6.93333607,2373-180-61.4583.png,61.4583
3040_c7q3cZ-egTexSzWYt6rsXQ_55.04997883_-6.93333607,2373-270-61.4583.png,61.4583
2290_ZtHhMSszRlqA1r329fkNHA_51.75002039_22.17306816,2374-0-77.0448.png,77.0448
2290_ZtHhMSszRlqA1r329fkNHA_51.75002039_22.17306816,2374-90-77.0448.png,77.0448
2290_ZtHhMSszRlqA1r329fkNHA_51.75002039_22.17306816,2374-180-77.0448.png,77.0448
2290_ZtHhMSszRlqA1r329fkNHA_51.75002039_22.17306816,2374-270-77.0448.png,77.0448
1770_8nwdXDE8aQ9m812ryoSHGw_39.46797184_-0.41298797,2375-0-77.588.png,77.588
1770_8nwdXDE8aQ9m812ryoSHGw_39.46797184_-0.41298797,2375-90-77.588.png,77.588
1770_8nwdXDE8aQ9m812ryoSHGw_39.46797184_-0.41298797,2375-180-77.588.png,77.588
1770_8nwdXDE8aQ9m812ryoSHGw_39.46797184_-0.41298797,2375-270-77.588.png,77.588
598_e2I4KBpP2sAWf6JJhHgPhA_36.60378324_-4.50927220,2376-0-60.8085.png,60.8085
598_e2I4KBpP2sAWf6JJhHgPhA_36.60378324_-4.50927220,2376-90-60.8085.png,60.8085
598_e2I4KBpP2sAWf6JJhHgPhA_36.60378324_-4.50927220,2376-180-60.8085.png,60.8085
598_e2I4KBpP2sAWf6JJhHgPhA_36.60378324_-4.50927220,2376-270-60.8085.png,60.8085
912_poP2Olr9W5VeK8ep3Fnydw_34.28204585_-119.29773239,2377-0-67.8226.png,67.8226
912_poP2Olr9W5VeK8ep3Fnydw_34.28204585_-119.29773239,2377-90-67.8226.png,67.8226
912_poP2Olr9W5VeK8ep3Fnydw_34.28204585_-119.29773239,2377-180-67.8226.png,67.8226
912_poP2Olr9W5VeK8ep3Fnydw_34.28204585_-119.29773239,2377-270-67.8226.png,67.8226
514_qAhEfJfCKDPGLKCibaZBNA_40.13968715_-80.35115884,2378-0-79.9714.png,79.9714
514_qAhEfJfCKDPGLKCibaZBNA_40.13968715_-80.35115884,2378-90-79.9714.png,79.9714
514_qAhEfJfCKDPGLKCibaZBNA_40.13968715_-80.35115884,2378-180-79.9714.png,79.9714
514_qAhEfJfCKDPGLKCibaZBNA_40.13968715_-80.35115884,2378-270-79.9714.png,79.9714
205_2Lgv2QFtXRl3b8rUWDgZ4g_41.80892584_-7.33620749,2379-0-59.5779.png,59.5779
205_2Lgv2QFtXRl3b8rUWDgZ4g_41.80892584_-7.33620749,2379-90-59.5779.png,59.5779
205_2Lgv2QFtXRl3b8rUWDgZ4g_41.80892584_-7.33620749,2379-180-59.5779.png,59.5779
205_2Lgv2QFtXRl3b8rUWDgZ4g_41.80892584_-7.33620749,2379-270-59.5779.png,59.5779
2537_EF8Qwp5pJlsHgTQSm7zbJQ_41.27439965_15.37196168,2380-0-25.5273.png,25.5273
2537_EF8Qwp5pJlsHgTQSm7zbJQ_41.27439965_15.37196168,2380-90-25.5273.png,25.5273
2537_EF8Qwp5pJlsHgTQSm7zbJQ_41.27439965_15.37196168,2380-180-25.5273.png,25.5273
2537_EF8Qwp5pJlsHgTQSm7zbJQ_41.27439965_15.37196168,2380-270-25.5273.png,25.5273
564_6D7v9B7qbadw1Wa4_hELXw_14.86373229_103.53041649,2381-0-49.033.png,49.033
564_6D7v9B7qbadw1Wa4_hELXw_14.86373229_103.53041649,2381-90-49.033.png,49.033
564_6D7v9B7qbadw1Wa4_hELXw_14.86373229_103.53041649,2381-180-49.033.png,49.033
564_6D7v9B7qbadw1Wa4_hELXw_14.86373229_103.53041649,2381-270-49.033.png,49.033
2431_Fg8-5Ufy5vwjPlHelodywA_40.37243637_-98.05137362,2382-0-31.2089.png,31.2089
2431_Fg8-5Ufy5vwjPlHelodywA_40.37243637_-98.05137362,2382-90-31.2089.png,31.2089
2431_Fg8-5Ufy5vwjPlHelodywA_40.37243637_-98.05137362,2382-180-31.2089.png,31.2089
2431_Fg8-5Ufy5vwjPlHelodywA_40.37243637_-98.05137362,2382-270-31.2089.png,31.2089
598_MiQccqTlT9EgWAVSErGvmA_41.79250255_12.63091229,2383-0-60.8533.png,60.8533
598_MiQccqTlT9EgWAVSErGvmA_41.79250255_12.63091229,2383-90-60.8533.png,60.8533
598_MiQccqTlT9EgWAVSErGvmA_41.79250255_12.63091229,2383-180-60.8533.png,60.8533
598_MiQccqTlT9EgWAVSErGvmA_41.79250255_12.63091229,2383-270-60.8533.png,60.8533
135_7EkpfVZbkjjq0ZBy_7MFSQ_28.45920546_-82.18085721,2384-0-56.1114.png,56.1114
135_7EkpfVZbkjjq0ZBy_7MFSQ_28.45920546_-82.18085721,2384-90-56.1114.png,56.1114
135_7EkpfVZbkjjq0ZBy_7MFSQ_28.45920546_-82.18085721,2384-180-56.1114.png,56.1114
135_7EkpfVZbkjjq0ZBy_7MFSQ_28.45920546_-82.18085721,2384-270-56.1114.png,56.1114
1292_eslVcAjfZqpqHMVqBgADcw_42.72128500_13.98273077,2385-0-28.3464.png,28.3464
1292_eslVcAjfZqpqHMVqBgADcw_42.72128500_13.98273077,2385-90-28.3464.png,28.3464
1292_eslVcAjfZqpqHMVqBgADcw_42.72128500_13.98273077,2385-180-28.3464.png,28.3464
1292_eslVcAjfZqpqHMVqBgADcw_42.72128500_13.98273077,2385-270-28.3464.png,28.3464
1494__GGSD_AHPygj9s-zKPYQWA_43.18187324_2.36136220,2386-0-37.088.png,37.088
1494__GGSD_AHPygj9s-zKPYQWA_43.18187324_2.36136220,2386-90-37.088.png,37.088
1494__GGSD_AHPygj9s-zKPYQWA_43.18187324_2.36136220,2386-180-37.088.png,37.088
1494__GGSD_AHPygj9s-zKPYQWA_43.18187324_2.36136220,2386-270-37.088.png,37.088
485_taeCWB8s5OBkW4BZt7md4w_-43.12120976_147.36759024,2387-0-79.7509.png,79.7509
485_taeCWB8s5OBkW4BZt7md4w_-43.12120976_147.36759024,2387-90-79.7509.png,79.7509
485_taeCWB8s5OBkW4BZt7md4w_-43.12120976_147.36759024,2387-180-79.7509.png,79.7509
485_taeCWB8s5OBkW4BZt7md4w_-43.12120976_147.36759024,2387-270-79.7509.png,79.7509
826_COWdmkJJi5GYz6ZumPz88g_-14.74701398_-50.57182031,2388-0-30.6676.png,30.6676
826_COWdmkJJi5GYz6ZumPz88g_-14.74701398_-50.57182031,2388-90-30.6676.png,30.6676
826_COWdmkJJi5GYz6ZumPz88g_-14.74701398_-50.57182031,2388-180-30.6676.png,30.6676
826_COWdmkJJi5GYz6ZumPz88g_-14.74701398_-50.57182031,2388-270-30.6676.png,30.6676
49_sj58h5yVe1J0unlZ-G9GuA_35.40272165_24.74859995,2389-0-43.3739.png,43.3739
49_sj58h5yVe1J0unlZ-G9GuA_35.40272165_24.74859995,2389-90-43.3739.png,43.3739
49_sj58h5yVe1J0unlZ-G9GuA_35.40272165_24.74859995,2389-180-43.3739.png,43.3739
49_sj58h5yVe1J0unlZ-G9GuA_35.40272165_24.74859995,2389-270-43.3739.png,43.3739
597_oZGQdnLPk_yjB4BLNB5BQw_52.73927962_15.21414336,2390-0-41.3521.png,41.3521
597_oZGQdnLPk_yjB4BLNB5BQw_52.73927962_15.21414336,2390-90-41.3521.png,41.3521
597_oZGQdnLPk_yjB4BLNB5BQw_52.73927962_15.21414336,2390-180-41.3521.png,41.3521
597_oZGQdnLPk_yjB4BLNB5BQw_52.73927962_15.21414336,2390-270-41.3521.png,41.3521
3154_SgZJtGy_2ZwPdCSz5EaGiA_46.58970528_12.51439141,2391-0-57.2234.png,57.2234
3154_SgZJtGy_2ZwPdCSz5EaGiA_46.58970528_12.51439141,2391-90-57.2234.png,57.2234
3154_SgZJtGy_2ZwPdCSz5EaGiA_46.58970528_12.51439141,2391-180-57.2234.png,57.2234
3154_SgZJtGy_2ZwPdCSz5EaGiA_46.58970528_12.51439141,2391-270-57.2234.png,57.2234
249_1npKgpeETnQ4q5CQLiM4qA_48.20972395_4.19126893,2392-0-36.6063.png,36.6063
249_1npKgpeETnQ4q5CQLiM4qA_48.20972395_4.19126893,2392-90-36.6063.png,36.6063
249_1npKgpeETnQ4q5CQLiM4qA_48.20972395_4.19126893,2392-180-36.6063.png,36.6063
249_1npKgpeETnQ4q5CQLiM4qA_48.20972395_4.19126893,2392-270-36.6063.png,36.6063
679_uWsCKrlNiU9zaxiXito82A_2.76067631_101.73730825,2393-0-65.1098.png,65.1098
679_uWsCKrlNiU9zaxiXito82A_2.76067631_101.73730825,2393-90-65.1098.png,65.1098
679_uWsCKrlNiU9zaxiXito82A_2.76067631_101.73730825,2393-180-65.1098.png,65.1098
679_uWsCKrlNiU9zaxiXito82A_2.76067631_101.73730825,2393-270-65.1098.png,65.1098
998_YYHT1lme-Ox0ZG-0nm0j4w_22.31335050_114.22563352,2394-0-63.3422.png,63.3422
998_YYHT1lme-Ox0ZG-0nm0j4w_22.31335050_114.22563352,2394-90-63.3422.png,63.3422
998_YYHT1lme-Ox0ZG-0nm0j4w_22.31335050_114.22563352,2394-180-63.3422.png,63.3422
998_YYHT1lme-Ox0ZG-0nm0j4w_22.31335050_114.22563352,2394-270-63.3422.png,63.3422
2908_-HzBd3PktkSy8kcOaUZMDw_48.87225863_2.51285458,2395-0-61.4686.png,61.4686
2908_-HzBd3PktkSy8kcOaUZMDw_48.87225863_2.51285458,2395-90-61.4686.png,61.4686
2908_-HzBd3PktkSy8kcOaUZMDw_48.87225863_2.51285458,2395-180-61.4686.png,61.4686
2908_-HzBd3PktkSy8kcOaUZMDw_48.87225863_2.51285458,2395-270-61.4686.png,61.4686
1781_IiEolpFN15cxMEu6Haadsw_36.12467452_-80.29755321,2396-0-52.3762.png,52.3762
1781_IiEolpFN15cxMEu6Haadsw_36.12467452_-80.29755321,2396-90-52.3762.png,52.3762
1781_IiEolpFN15cxMEu6Haadsw_36.12467452_-80.29755321,2396-180-52.3762.png,52.3762
1781_IiEolpFN15cxMEu6Haadsw_36.12467452_-80.29755321,2396-270-52.3762.png,52.3762
94_OU3l55C2SxhG9HUnr9o-8g_45.46956998_-73.63154631,2397-0-44.5333.png,44.5333
94_OU3l55C2SxhG9HUnr9o-8g_45.46956998_-73.63154631,2397-90-44.5333.png,44.5333
94_OU3l55C2SxhG9HUnr9o-8g_45.46956998_-73.63154631,2397-180-44.5333.png,44.5333
94_OU3l55C2SxhG9HUnr9o-8g_45.46956998_-73.63154631,2397-270-44.5333.png,44.5333
1640_HZtY6NUxqDl2EV8oFQevlw_50.22085253_-103.44882344,2398-0-52.6026.png,52.6026
1640_HZtY6NUxqDl2EV8oFQevlw_50.22085253_-103.44882344,2398-90-52.6026.png,52.6026
1640_HZtY6NUxqDl2EV8oFQevlw_50.22085253_-103.44882344,2398-180-52.6026.png,52.6026
1640_HZtY6NUxqDl2EV8oFQevlw_50.22085253_-103.44882344,2398-270-52.6026.png,52.6026
1718_5reKQMO4Ml5EarXVZT1v0A_55.41027847_-131.76094679,2399-0-81.7156.png,81.7156
1718_5reKQMO4Ml5EarXVZT1v0A_55.41027847_-131.76094679,2399-90-81.7156.png,81.7156
1718_5reKQMO4Ml5EarXVZT1v0A_55.41027847_-131.76094679,2399-180-81.7156.png,81.7156
1718_5reKQMO4Ml5EarXVZT1v0A_55.41027847_-131.76094679,2399-270-81.7156.png,81.7156
1477_n97H9kOFL3dBzjIruYCcDg_40.51731306_-88.99880857,2400-0-55.4852.png,55.4852
1477_n97H9kOFL3dBzjIruYCcDg_40.51731306_-88.99880857,2400-90-55.4852.png,55.4852
1477_n97H9kOFL3dBzjIruYCcDg_40.51731306_-88.99880857,2400-180-55.4852.png,55.4852
1477_n97H9kOFL3dBzjIruYCcDg_40.51731306_-88.99880857,2400-270-55.4852.png,55.4852
159_JNCxUphqjhiYMHuEvJo0PA_40.33061584_-81.15084725,2401-0-43.6778.png,43.6778
159_JNCxUphqjhiYMHuEvJo0PA_40.33061584_-81.15084725,2401-90-43.6778.png,43.6778
159_JNCxUphqjhiYMHuEvJo0PA_40.33061584_-81.15084725,2401-180-43.6778.png,43.6778
159_JNCxUphqjhiYMHuEvJo0PA_40.33061584_-81.15084725,2401-270-43.6778.png,43.6778
801_gOjUdq4ose_AC-B_F0t_0w_62.55130519_26.40297371,2402-0-75.1511.png,75.1511
801_gOjUdq4ose_AC-B_F0t_0w_62.55130519_26.40297371,2402-90-75.1511.png,75.1511
801_gOjUdq4ose_AC-B_F0t_0w_62.55130519_26.40297371,2402-180-75.1511.png,75.1511
801_gOjUdq4ose_AC-B_F0t_0w_62.55130519_26.40297371,2402-270-75.1511.png,75.1511
121_5ET9RwKnRjTjqxmckoe2rg_-3.78193171_-49.67381535,2403-0-36.2737.png,36.2737
121_5ET9RwKnRjTjqxmckoe2rg_-3.78193171_-49.67381535,2403-90-36.2737.png,36.2737
121_5ET9RwKnRjTjqxmckoe2rg_-3.78193171_-49.67381535,2403-180-36.2737.png,36.2737
121_5ET9RwKnRjTjqxmckoe2rg_-3.78193171_-49.67381535,2403-270-36.2737.png,36.2737
910_HuoIewamXW92gbUck8obBg_41.08286995_-8.62697268,2404-0-73.3881.png,73.3881
910_HuoIewamXW92gbUck8obBg_41.08286995_-8.62697268,2404-90-73.3881.png,73.3881
910_HuoIewamXW92gbUck8obBg_41.08286995_-8.62697268,2404-180-73.3881.png,73.3881
910_HuoIewamXW92gbUck8obBg_41.08286995_-8.62697268,2404-270-73.3881.png,73.3881
920_m_E9qn0tqd8Iq-S661iBPA_45.51504056_-61.07775400,2405-0-45.2994.png,45.2994
920_m_E9qn0tqd8Iq-S661iBPA_45.51504056_-61.07775400,2405-90-45.2994.png,45.2994
920_m_E9qn0tqd8Iq-S661iBPA_45.51504056_-61.07775400,2405-180-45.2994.png,45.2994
920_m_E9qn0tqd8Iq-S661iBPA_45.51504056_-61.07775400,2405-270-45.2994.png,45.2994
622_XIjp3jqzsqyuRH-eEjZubA_53.21090587_112.77197999,2406-0-25.8861.png,25.8861
622_XIjp3jqzsqyuRH-eEjZubA_53.21090587_112.77197999,2406-90-25.8861.png,25.8861
622_XIjp3jqzsqyuRH-eEjZubA_53.21090587_112.77197999,2406-180-25.8861.png,25.8861
622_XIjp3jqzsqyuRH-eEjZubA_53.21090587_112.77197999,2406-270-25.8861.png,25.8861
3184_bEDfhcMQUwibQmr7qNM73Q_57.73430365_56.31642502,2407-0-36.1221.png,36.1221
3184_bEDfhcMQUwibQmr7qNM73Q_57.73430365_56.31642502,2407-90-36.1221.png,36.1221
3184_bEDfhcMQUwibQmr7qNM73Q_57.73430365_56.31642502,2407-180-36.1221.png,36.1221
3184_bEDfhcMQUwibQmr7qNM73Q_57.73430365_56.31642502,2407-270-36.1221.png,36.1221
1151_3TleBgwFgX6fw2TdBefOkw_35.03506833_-89.67150427,2408-0-41.8493.png,41.8493
1151_3TleBgwFgX6fw2TdBefOkw_35.03506833_-89.67150427,2408-90-41.8493.png,41.8493
1151_3TleBgwFgX6fw2TdBefOkw_35.03506833_-89.67150427,2408-180-41.8493.png,41.8493
1151_3TleBgwFgX6fw2TdBefOkw_35.03506833_-89.67150427,2408-270-41.8493.png,41.8493
2238_lG0uwtMCBDTstS9_5snTZw_12.24940868_76.60826480,2409-0-39.0019.png,39.0019
2238_lG0uwtMCBDTstS9_5snTZw_12.24940868_76.60826480,2409-90-39.0019.png,39.0019
2238_lG0uwtMCBDTstS9_5snTZw_12.24940868_76.60826480,2409-180-39.0019.png,39.0019
2238_lG0uwtMCBDTstS9_5snTZw_12.24940868_76.60826480,2409-270-39.0019.png,39.0019
2472_P-pGD6CO8eF6XGDWU_8Aiw_36.73860813_14.84666770,2410-0-79.8726.png,79.8726
2472_P-pGD6CO8eF6XGDWU_8Aiw_36.73860813_14.84666770,2410-90-79.8726.png,79.8726
2472_P-pGD6CO8eF6XGDWU_8Aiw_36.73860813_14.84666770,2410-180-79.8726.png,79.8726
2472_P-pGD6CO8eF6XGDWU_8Aiw_36.73860813_14.84666770,2410-270-79.8726.png,79.8726
2458_FDwXMoMJrEDRRLC-kJNbKA_1.60196003_103.63945633,2411-0-53.7127.png,53.7127
2458_FDwXMoMJrEDRRLC-kJNbKA_1.60196003_103.63945633,2411-90-53.7127.png,53.7127
2458_FDwXMoMJrEDRRLC-kJNbKA_1.60196003_103.63945633,2411-180-53.7127.png,53.7127
2458_FDwXMoMJrEDRRLC-kJNbKA_1.60196003_103.63945633,2411-270-53.7127.png,53.7127
1242_kerlV9zyHJhYJRJWtOcrNA_37.97228990_-79.85052734,2412-0-78.195.png,78.195
1242_kerlV9zyHJhYJRJWtOcrNA_37.97228990_-79.85052734,2412-90-78.195.png,78.195
1242_kerlV9zyHJhYJRJWtOcrNA_37.97228990_-79.85052734,2412-180-78.195.png,78.195
1242_kerlV9zyHJhYJRJWtOcrNA_37.97228990_-79.85052734,2412-270-78.195.png,78.195
7_INWm4kunSBnV2rytqDq1Fg_37.74500920_-84.51771721,2413-0-27.1469.png,27.1469
7_INWm4kunSBnV2rytqDq1Fg_37.74500920_-84.51771721,2413-90-27.1469.png,27.1469
7_INWm4kunSBnV2rytqDq1Fg_37.74500920_-84.51771721,2413-180-27.1469.png,27.1469
7_INWm4kunSBnV2rytqDq1Fg_37.74500920_-84.51771721,2413-270-27.1469.png,27.1469
543_q2W-X5Wt2x3UuRsDKtxBYw_25.38159265_83.20841802,2414-0-60.3768.png,60.3768
543_q2W-X5Wt2x3UuRsDKtxBYw_25.38159265_83.20841802,2414-90-60.3768.png,60.3768
543_q2W-X5Wt2x3UuRsDKtxBYw_25.38159265_83.20841802,2414-180-60.3768.png,60.3768
543_q2W-X5Wt2x3UuRsDKtxBYw_25.38159265_83.20841802,2414-270-60.3768.png,60.3768
3091_Qqa1x4Kkp06HJBCwaEsYmA_-36.58508823_147.09627311,2415-0-15.6828.png,15.6828
3091_Qqa1x4Kkp06HJBCwaEsYmA_-36.58508823_147.09627311,2415-90-15.6828.png,15.6828
3091_Qqa1x4Kkp06HJBCwaEsYmA_-36.58508823_147.09627311,2415-180-15.6828.png,15.6828
3091_Qqa1x4Kkp06HJBCwaEsYmA_-36.58508823_147.09627311,2415-270-15.6828.png,15.6828
1539_QTDkziH1Hf0H9hSoQibkLg_7.97632837_-80.41662365,2416-0-56.3764.png,56.3764
1539_QTDkziH1Hf0H9hSoQibkLg_7.97632837_-80.41662365,2416-90-56.3764.png,56.3764
1539_QTDkziH1Hf0H9hSoQibkLg_7.97632837_-80.41662365,2416-180-56.3764.png,56.3764
1539_QTDkziH1Hf0H9hSoQibkLg_7.97632837_-80.41662365,2416-270-56.3764.png,56.3764
1289_feYYttmnh6OwnZj1ZRisjA_42.16955688_-0.80401219,2417-0-38.91.png,38.91
1289_feYYttmnh6OwnZj1ZRisjA_42.16955688_-0.80401219,2417-90-38.91.png,38.91
1289_feYYttmnh6OwnZj1ZRisjA_42.16955688_-0.80401219,2417-180-38.91.png,38.91
1289_feYYttmnh6OwnZj1ZRisjA_42.16955688_-0.80401219,2417-270-38.91.png,38.91
2071_6_cJdT0q78cRkM4vWWzSig_41.82789295_-71.39859874,2418-0-71.0589.png,71.0589
2071_6_cJdT0q78cRkM4vWWzSig_41.82789295_-71.39859874,2418-90-71.0589.png,71.0589
2071_6_cJdT0q78cRkM4vWWzSig_41.82789295_-71.39859874,2418-180-71.0589.png,71.0589
2071_6_cJdT0q78cRkM4vWWzSig_41.82789295_-71.39859874,2418-270-71.0589.png,71.0589
203_V4i_l0w0hBKUJh_Bgqdpfg_44.76215067_7.30591994,2419-0-34.2744.png,34.2744
203_V4i_l0w0hBKUJh_Bgqdpfg_44.76215067_7.30591994,2419-90-34.2744.png,34.2744
203_V4i_l0w0hBKUJh_Bgqdpfg_44.76215067_7.30591994,2419-180-34.2744.png,34.2744
203_V4i_l0w0hBKUJh_Bgqdpfg_44.76215067_7.30591994,2419-270-34.2744.png,34.2744
1793_oK3AvsAN0RuB8Yzaqs6sag_35.37940695_139.97296995,2420-0-31.8695.png,31.8695
1793_oK3AvsAN0RuB8Yzaqs6sag_35.37940695_139.97296995,2420-90-31.8695.png,31.8695
1793_oK3AvsAN0RuB8Yzaqs6sag_35.37940695_139.97296995,2420-180-31.8695.png,31.8695
1793_oK3AvsAN0RuB8Yzaqs6sag_35.37940695_139.97296995,2420-270-31.8695.png,31.8695
936_S5CKCKYGT0ELfeL5soDAYQ_40.63248499_-8.02005992,2421-0-50.8777.png,50.8777
936_S5CKCKYGT0ELfeL5soDAYQ_40.63248499_-8.02005992,2421-90-50.8777.png,50.8777
936_S5CKCKYGT0ELfeL5soDAYQ_40.63248499_-8.02005992,2421-180-50.8777.png,50.8777
936_S5CKCKYGT0ELfeL5soDAYQ_40.63248499_-8.02005992,2421-270-50.8777.png,50.8777
921_fXBu8bmMjTi5MD-y36ESGQ_38.91638073_141.50585543,2422-0-63.6246.png,63.6246
921_fXBu8bmMjTi5MD-y36ESGQ_38.91638073_141.50585543,2422-90-63.6246.png,63.6246
921_fXBu8bmMjTi5MD-y36ESGQ_38.91638073_141.50585543,2422-180-63.6246.png,63.6246
921_fXBu8bmMjTi5MD-y36ESGQ_38.91638073_141.50585543,2422-270-63.6246.png,63.6246
1698_eaX4vKM2Kr_K-qVkNdC2Yw_9.36059936_77.49859807,2423-0-67.2976.png,67.2976
1698_eaX4vKM2Kr_K-qVkNdC2Yw_9.36059936_77.49859807,2423-90-67.2976.png,67.2976
1698_eaX4vKM2Kr_K-qVkNdC2Yw_9.36059936_77.49859807,2423-180-67.2976.png,67.2976
1698_eaX4vKM2Kr_K-qVkNdC2Yw_9.36059936_77.49859807,2423-270-67.2976.png,67.2976
1004_6L3RH0WXfUAzH8aPLr1rkA_63.29447409_9.84442952,2424-0-49.6045.png,49.6045
1004_6L3RH0WXfUAzH8aPLr1rkA_63.29447409_9.84442952,2424-90-49.6045.png,49.6045
1004_6L3RH0WXfUAzH8aPLr1rkA_63.29447409_9.84442952,2424-180-49.6045.png,49.6045
1004_6L3RH0WXfUAzH8aPLr1rkA_63.29447409_9.84442952,2424-270-49.6045.png,49.6045
2655_b-iieIukTQL3dOcINzeggA_53.49067507_-3.03110695,2425-0-47.9175.png,47.9175
2655_b-iieIukTQL3dOcINzeggA_53.49067507_-3.03110695,2425-90-47.9175.png,47.9175
2655_b-iieIukTQL3dOcINzeggA_53.49067507_-3.03110695,2425-180-47.9175.png,47.9175
2655_b-iieIukTQL3dOcINzeggA_53.49067507_-3.03110695,2425-270-47.9175.png,47.9175
375_mzg-NozLjTV-V6HEeWGshA_43.05275759_-83.65413411,2426-0-44.9424.png,44.9424
375_mzg-NozLjTV-V6HEeWGshA_43.05275759_-83.65413411,2426-90-44.9424.png,44.9424
375_mzg-NozLjTV-V6HEeWGshA_43.05275759_-83.65413411,2426-180-44.9424.png,44.9424
375_mzg-NozLjTV-V6HEeWGshA_43.05275759_-83.65413411,2426-270-44.9424.png,44.9424
2949_s7nG0L4VXunj1mqaqbpYqA_32.61407171_-88.87568555,2427-0-80.4182.png,80.4182
2949_s7nG0L4VXunj1mqaqbpYqA_32.61407171_-88.87568555,2427-90-80.4182.png,80.4182
2949_s7nG0L4VXunj1mqaqbpYqA_32.61407171_-88.87568555,2427-180-80.4182.png,80.4182
2949_s7nG0L4VXunj1mqaqbpYqA_32.61407171_-88.87568555,2427-270-80.4182.png,80.4182
1706_evVOSK-5LV0K1CsQWhTXkg_-23.56737784_-47.88593070,2428-0-51.7279.png,51.7279
1706_evVOSK-5LV0K1CsQWhTXkg_-23.56737784_-47.88593070,2428-90-51.7279.png,51.7279
1706_evVOSK-5LV0K1CsQWhTXkg_-23.56737784_-47.88593070,2428-180-51.7279.png,51.7279
1706_evVOSK-5LV0K1CsQWhTXkg_-23.56737784_-47.88593070,2428-270-51.7279.png,51.7279
592_qlB9QkVsAV5L08wzaMuGeg_30.48820468_-91.16175398,2429-0-23.8975.png,23.8975
592_qlB9QkVsAV5L08wzaMuGeg_30.48820468_-91.16175398,2429-90-23.8975.png,23.8975
592_qlB9QkVsAV5L08wzaMuGeg_30.48820468_-91.16175398,2429-180-23.8975.png,23.8975
592_qlB9QkVsAV5L08wzaMuGeg_30.48820468_-91.16175398,2429-270-23.8975.png,23.8975
2600_C6iYJzm9IMCaTP0Tu9J4Ag_42.92663410_-100.75312795,2430-0-74.1507.png,74.1507
2600_C6iYJzm9IMCaTP0Tu9J4Ag_42.92663410_-100.75312795,2430-90-74.1507.png,74.1507
2600_C6iYJzm9IMCaTP0Tu9J4Ag_42.92663410_-100.75312795,2430-180-74.1507.png,74.1507
2600_C6iYJzm9IMCaTP0Tu9J4Ag_42.92663410_-100.75312795,2430-270-74.1507.png,74.1507
3200_qYVn7Is9Y-Tolotb0wYDhw_39.30948124_-119.64974153,2431-0-39.1092.png,39.1092
3200_qYVn7Is9Y-Tolotb0wYDhw_39.30948124_-119.64974153,2431-90-39.1092.png,39.1092
3200_qYVn7Is9Y-Tolotb0wYDhw_39.30948124_-119.64974153,2431-180-39.1092.png,39.1092
3200_qYVn7Is9Y-Tolotb0wYDhw_39.30948124_-119.64974153,2431-270-39.1092.png,39.1092
1910_RofyWf9FpZ6XMHi31KJY1A_50.94992284_5.96655391,2432-0-47.6722.png,47.6722
1910_RofyWf9FpZ6XMHi31KJY1A_50.94992284_5.96655391,2432-90-47.6722.png,47.6722
1910_RofyWf9FpZ6XMHi31KJY1A_50.94992284_5.96655391,2432-180-47.6722.png,47.6722
1910_RofyWf9FpZ6XMHi31KJY1A_50.94992284_5.96655391,2432-270-47.6722.png,47.6722
1237_jc9fa4hOUbFuUfhfViJVuA_13.59963345_78.48891484,2433-0-72.4284.png,72.4284
1237_jc9fa4hOUbFuUfhfViJVuA_13.59963345_78.48891484,2433-90-72.4284.png,72.4284
1237_jc9fa4hOUbFuUfhfViJVuA_13.59963345_78.48891484,2433-180-72.4284.png,72.4284
1237_jc9fa4hOUbFuUfhfViJVuA_13.59963345_78.48891484,2433-270-72.4284.png,72.4284
1029_zrTk7uLDX6xExB4qZ3uCtA_18.67827302_73.73416972,2434-0-32.2757.png,32.2757
1029_zrTk7uLDX6xExB4qZ3uCtA_18.67827302_73.73416972,2434-90-32.2757.png,32.2757
1029_zrTk7uLDX6xExB4qZ3uCtA_18.67827302_73.73416972,2434-180-32.2757.png,32.2757
1029_zrTk7uLDX6xExB4qZ3uCtA_18.67827302_73.73416972,2434-270-32.2757.png,32.2757
666_iVt3kAA9ijAkDYERgsScsA_46.20728921_-59.99335124,2435-0-42.1569.png,42.1569
666_iVt3kAA9ijAkDYERgsScsA_46.20728921_-59.99335124,2435-90-42.1569.png,42.1569
666_iVt3kAA9ijAkDYERgsScsA_46.20728921_-59.99335124,2435-180-42.1569.png,42.1569
666_iVt3kAA9ijAkDYERgsScsA_46.20728921_-59.99335124,2435-270-42.1569.png,42.1569
52_sC1VeEqlqmgnDIVMmJSOdg_51.42440379_-2.22399534,2436-0-55.5008.png,55.5008
52_sC1VeEqlqmgnDIVMmJSOdg_51.42440379_-2.22399534,2436-90-55.5008.png,55.5008
52_sC1VeEqlqmgnDIVMmJSOdg_51.42440379_-2.22399534,2436-180-55.5008.png,55.5008
52_sC1VeEqlqmgnDIVMmJSOdg_51.42440379_-2.22399534,2436-270-55.5008.png,55.5008
890_VcY7r8EmtcLiRxlNXQANVA_48.14132002_12.81479981,2437-0-30.2584.png,30.2584
890_VcY7r8EmtcLiRxlNXQANVA_48.14132002_12.81479981,2437-90-30.2584.png,30.2584
890_VcY7r8EmtcLiRxlNXQANVA_48.14132002_12.81479981,2437-180-30.2584.png,30.2584
890_VcY7r8EmtcLiRxlNXQANVA_48.14132002_12.81479981,2437-270-30.2584.png,30.2584
396_zhsRoRxwcz9ChQUuCysFyg_-22.62894320_-48.17432446,2438-0-21.3649.png,21.3649
396_zhsRoRxwcz9ChQUuCysFyg_-22.62894320_-48.17432446,2438-90-21.3649.png,21.3649
396_zhsRoRxwcz9ChQUuCysFyg_-22.62894320_-48.17432446,2438-180-21.3649.png,21.3649
396_zhsRoRxwcz9ChQUuCysFyg_-22.62894320_-48.17432446,2438-270-21.3649.png,21.3649
368_B0NjkgRrzxmK_G7ZjHEEMQ_43.20842158_11.76472065,2439-0-37.7155.png,37.7155
368_B0NjkgRrzxmK_G7ZjHEEMQ_43.20842158_11.76472065,2439-90-37.7155.png,37.7155
368_B0NjkgRrzxmK_G7ZjHEEMQ_43.20842158_11.76472065,2439-180-37.7155.png,37.7155
368_B0NjkgRrzxmK_G7ZjHEEMQ_43.20842158_11.76472065,2439-270-37.7155.png,37.7155
3158_rtWt-aypnmxU65YHZDeJnw_43.87499148_-85.50998057,2440-0-21.1017.png,21.1017
3158_rtWt-aypnmxU65YHZDeJnw_43.87499148_-85.50998057,2440-90-21.1017.png,21.1017
3158_rtWt-aypnmxU65YHZDeJnw_43.87499148_-85.50998057,2440-180-21.1017.png,21.1017
3158_rtWt-aypnmxU65YHZDeJnw_43.87499148_-85.50998057,2440-270-21.1017.png,21.1017
1293_2fZPEKisFevwTya6VJHxGw_15.15680133_-92.43777596,2441-0-85.6985.png,85.6985
1293_2fZPEKisFevwTya6VJHxGw_15.15680133_-92.43777596,2441-90-85.6985.png,85.6985
1293_2fZPEKisFevwTya6VJHxGw_15.15680133_-92.43777596,2441-180-85.6985.png,85.6985
1293_2fZPEKisFevwTya6VJHxGw_15.15680133_-92.43777596,2441-270-85.6985.png,85.6985
1442_zvOfcfbUqSQHngaDV4XbkQ_9.48291361_78.00560311,2442-0-64.5105.png,64.5105
1442_zvOfcfbUqSQHngaDV4XbkQ_9.48291361_78.00560311,2442-90-64.5105.png,64.5105
1442_zvOfcfbUqSQHngaDV4XbkQ_9.48291361_78.00560311,2442-180-64.5105.png,64.5105
1442_zvOfcfbUqSQHngaDV4XbkQ_9.48291361_78.00560311,2442-270-64.5105.png,64.5105
432_MKHBB7zdnVndH74SUpMjVA_36.37097544_-81.06607983,2443-0-55.2397.png,55.2397
432_MKHBB7zdnVndH74SUpMjVA_36.37097544_-81.06607983,2443-90-55.2397.png,55.2397
432_MKHBB7zdnVndH74SUpMjVA_36.37097544_-81.06607983,2443-180-55.2397.png,55.2397
432_MKHBB7zdnVndH74SUpMjVA_36.37097544_-81.06607983,2443-270-55.2397.png,55.2397
3156_3jIhvtPH9I-EIr1vAGP-cw_-5.33510048_-42.73368975,2444-0-56.0418.png,56.0418
3156_3jIhvtPH9I-EIr1vAGP-cw_-5.33510048_-42.73368975,2444-90-56.0418.png,56.0418
3156_3jIhvtPH9I-EIr1vAGP-cw_-5.33510048_-42.73368975,2444-180-56.0418.png,56.0418
3156_3jIhvtPH9I-EIr1vAGP-cw_-5.33510048_-42.73368975,2444-270-56.0418.png,56.0418
288_RIrXXukWFKkh5ETEvytwvA_29.42074342_-95.26547017,2445-0-69.9246.png,69.9246
288_RIrXXukWFKkh5ETEvytwvA_29.42074342_-95.26547017,2445-90-69.9246.png,69.9246
288_RIrXXukWFKkh5ETEvytwvA_29.42074342_-95.26547017,2445-180-69.9246.png,69.9246
288_RIrXXukWFKkh5ETEvytwvA_29.42074342_-95.26547017,2445-270-69.9246.png,69.9246
327_DMIkSi_K34xX8FKACpVGmw_19.68861599_-98.86106638,2446-0-44.9166.png,44.9166
327_DMIkSi_K34xX8FKACpVGmw_19.68861599_-98.86106638,2446-90-44.9166.png,44.9166
327_DMIkSi_K34xX8FKACpVGmw_19.68861599_-98.86106638,2446-180-44.9166.png,44.9166
327_DMIkSi_K34xX8FKACpVGmw_19.68861599_-98.86106638,2446-270-44.9166.png,44.9166
650_ZIunHj_1zFwY0UluZ08y0A_23.88093681_120.56560601,2447-0-39.0819.png,39.0819
650_ZIunHj_1zFwY0UluZ08y0A_23.88093681_120.56560601,2447-90-39.0819.png,39.0819
650_ZIunHj_1zFwY0UluZ08y0A_23.88093681_120.56560601,2447-180-39.0819.png,39.0819
650_ZIunHj_1zFwY0UluZ08y0A_23.88093681_120.56560601,2447-270-39.0819.png,39.0819
930_KnwEnk8WVsoQWzXSm028EA_32.72132406_-109.10523938,2448-0-76.2612.png,76.2612
930_KnwEnk8WVsoQWzXSm028EA_32.72132406_-109.10523938,2448-90-76.2612.png,76.2612
930_KnwEnk8WVsoQWzXSm028EA_32.72132406_-109.10523938,2448-180-76.2612.png,76.2612
930_KnwEnk8WVsoQWzXSm028EA_32.72132406_-109.10523938,2448-270-76.2612.png,76.2612
1587_F-jlzkeK4fs9O2wZt8bbBQ_48.13121712_5.64524084,2449-0-32.6505.png,32.6505
1587_F-jlzkeK4fs9O2wZt8bbBQ_48.13121712_5.64524084,2449-90-32.6505.png,32.6505
1587_F-jlzkeK4fs9O2wZt8bbBQ_48.13121712_5.64524084,2449-180-32.6505.png,32.6505
1587_F-jlzkeK4fs9O2wZt8bbBQ_48.13121712_5.64524084,2449-270-32.6505.png,32.6505
1908_5hqI7QLIHLvDUciWt03_Nw_61.58224464_-149.43986307,2450-0-44.947.png,44.947
1908_5hqI7QLIHLvDUciWt03_Nw_61.58224464_-149.43986307,2450-90-44.947.png,44.947
1908_5hqI7QLIHLvDUciWt03_Nw_61.58224464_-149.43986307,2450-180-44.947.png,44.947
1908_5hqI7QLIHLvDUciWt03_Nw_61.58224464_-149.43986307,2450-270-44.947.png,44.947
612_FfbE-JFMjc2tDbCq1kuP1A_46.27684597_12.37199841,2451-0-59.8019.png,59.8019
612_FfbE-JFMjc2tDbCq1kuP1A_46.27684597_12.37199841,2451-90-59.8019.png,59.8019
612_FfbE-JFMjc2tDbCq1kuP1A_46.27684597_12.37199841,2451-180-59.8019.png,59.8019
612_FfbE-JFMjc2tDbCq1kuP1A_46.27684597_12.37199841,2451-270-59.8019.png,59.8019
788_npo9ssh6UPbrGnAVqc-ILg_41.61091130_14.06980096,2452-0-55.5468.png,55.5468
788_npo9ssh6UPbrGnAVqc-ILg_41.61091130_14.06980096,2452-90-55.5468.png,55.5468
788_npo9ssh6UPbrGnAVqc-ILg_41.61091130_14.06980096,2452-180-55.5468.png,55.5468
788_npo9ssh6UPbrGnAVqc-ILg_41.61091130_14.06980096,2452-270-55.5468.png,55.5468
43_PRe4HKPrkMzZZ-kwgAVJag_46.85127754_-92.36410755,2453-0-79.5821.png,79.5821
43_PRe4HKPrkMzZZ-kwgAVJag_46.85127754_-92.36410755,2453-90-79.5821.png,79.5821
43_PRe4HKPrkMzZZ-kwgAVJag_46.85127754_-92.36410755,2453-180-79.5821.png,79.5821
43_PRe4HKPrkMzZZ-kwgAVJag_46.85127754_-92.36410755,2453-270-79.5821.png,79.5821
2465__JPvBZ5bj7ZrtdLwG81nEw_40.18919254_-95.67161754,2454-0-52.8462.png,52.8462
2465__JPvBZ5bj7ZrtdLwG81nEw_40.18919254_-95.67161754,2454-90-52.8462.png,52.8462
2465__JPvBZ5bj7ZrtdLwG81nEw_40.18919254_-95.67161754,2454-180-52.8462.png,52.8462
2465__JPvBZ5bj7ZrtdLwG81nEw_40.18919254_-95.67161754,2454-270-52.8462.png,52.8462
1405_XpSEXskB6P3abrgmjGvQcw_33.10962259_-93.26371332,2455-0-74.7917.png,74.7917
1405_XpSEXskB6P3abrgmjGvQcw_33.10962259_-93.26371332,2455-90-74.7917.png,74.7917
1405_XpSEXskB6P3abrgmjGvQcw_33.10962259_-93.26371332,2455-180-74.7917.png,74.7917
1405_XpSEXskB6P3abrgmjGvQcw_33.10962259_-93.26371332,2455-270-74.7917.png,74.7917
1450_lrBcLhzMDXzZweSjmMnrag_-33.91529583_151.10125651,2456-0-76.7935.png,76.7935
1450_lrBcLhzMDXzZweSjmMnrag_-33.91529583_151.10125651,2456-90-76.7935.png,76.7935
1450_lrBcLhzMDXzZweSjmMnrag_-33.91529583_151.10125651,2456-180-76.7935.png,76.7935
1450_lrBcLhzMDXzZweSjmMnrag_-33.91529583_151.10125651,2456-270-76.7935.png,76.7935
2609_a9-vQF9x911ZapQTLD-6Yg_42.33398156_-2.06840013,2457-0-62.3384.png,62.3384
2609_a9-vQF9x911ZapQTLD-6Yg_42.33398156_-2.06840013,2457-90-62.3384.png,62.3384
2609_a9-vQF9x911ZapQTLD-6Yg_42.33398156_-2.06840013,2457-180-62.3384.png,62.3384
2609_a9-vQF9x911ZapQTLD-6Yg_42.33398156_-2.06840013,2457-270-62.3384.png,62.3384
1992_SDG3y5ZIDzpp-aH2dmoTzA_45.30509469_-92.36327615,2458-0-19.8376.png,19.8376
1992_SDG3y5ZIDzpp-aH2dmoTzA_45.30509469_-92.36327615,2458-90-19.8376.png,19.8376
1992_SDG3y5ZIDzpp-aH2dmoTzA_45.30509469_-92.36327615,2458-180-19.8376.png,19.8376
1992_SDG3y5ZIDzpp-aH2dmoTzA_45.30509469_-92.36327615,2458-270-19.8376.png,19.8376
250_l2CXKCIUx9ElRbkMHrJ8Dg_23.12306483_120.30376478,2459-0-83.3027.png,83.3027
250_l2CXKCIUx9ElRbkMHrJ8Dg_23.12306483_120.30376478,2459-90-83.3027.png,83.3027
250_l2CXKCIUx9ElRbkMHrJ8Dg_23.12306483_120.30376478,2459-180-83.3027.png,83.3027
250_l2CXKCIUx9ElRbkMHrJ8Dg_23.12306483_120.30376478,2459-270-83.3027.png,83.3027
774_yH-_agDBwk3zyHw112YSNg_40.07977631_-102.22753300,2460-0-24.8822.png,24.8822
774_yH-_agDBwk3zyHw112YSNg_40.07977631_-102.22753300,2460-90-24.8822.png,24.8822
774_yH-_agDBwk3zyHw112YSNg_40.07977631_-102.22753300,2460-180-24.8822.png,24.8822
774_yH-_agDBwk3zyHw112YSNg_40.07977631_-102.22753300,2460-270-24.8822.png,24.8822
185_3dlo5WLWhuTOz8NneKumhQ_-27.66396326_152.06180160,2461-0-78.6371.png,78.6371
185_3dlo5WLWhuTOz8NneKumhQ_-27.66396326_152.06180160,2461-90-78.6371.png,78.6371
185_3dlo5WLWhuTOz8NneKumhQ_-27.66396326_152.06180160,2461-180-78.6371.png,78.6371
185_3dlo5WLWhuTOz8NneKumhQ_-27.66396326_152.06180160,2461-270-78.6371.png,78.6371
134_CKSnWRKPHMI-NfXk_DuB9A_7.13785596_5.59814945,2462-0-48.2082.png,48.2082
134_CKSnWRKPHMI-NfXk_DuB9A_7.13785596_5.59814945,2462-90-48.2082.png,48.2082
134_CKSnWRKPHMI-NfXk_DuB9A_7.13785596_5.59814945,2462-180-48.2082.png,48.2082
134_CKSnWRKPHMI-NfXk_DuB9A_7.13785596_5.59814945,2462-270-48.2082.png,48.2082
517_kth3UYiMHndbSaFQ8C0R4g_20.44471659_80.11548154,2463-0-42.7223.png,42.7223
517_kth3UYiMHndbSaFQ8C0R4g_20.44471659_80.11548154,2463-90-42.7223.png,42.7223
517_kth3UYiMHndbSaFQ8C0R4g_20.44471659_80.11548154,2463-180-42.7223.png,42.7223
517_kth3UYiMHndbSaFQ8C0R4g_20.44471659_80.11548154,2463-270-42.7223.png,42.7223
502_RW8RjV9Afsv0i0kZ-s-VbA_54.09939249_12.16485405,2464-0-36.0816.png,36.0816
502_RW8RjV9Afsv0i0kZ-s-VbA_54.09939249_12.16485405,2464-90-36.0816.png,36.0816
502_RW8RjV9Afsv0i0kZ-s-VbA_54.09939249_12.16485405,2464-180-36.0816.png,36.0816
502_RW8RjV9Afsv0i0kZ-s-VbA_54.09939249_12.16485405,2464-270-36.0816.png,36.0816
2177_ct5sV2O4_PS7erSYUUIhHA_60.19051016_11.99764891,2465-0-31.0921.png,31.0921
2177_ct5sV2O4_PS7erSYUUIhHA_60.19051016_11.99764891,2465-90-31.0921.png,31.0921
2177_ct5sV2O4_PS7erSYUUIhHA_60.19051016_11.99764891,2465-180-31.0921.png,31.0921
2177_ct5sV2O4_PS7erSYUUIhHA_60.19051016_11.99764891,2465-270-31.0921.png,31.0921
821_CPTzf5xB3UrlwD9aez--Qw_46.56927441_3.74598546,2466-0-48.7627.png,48.7627
821_CPTzf5xB3UrlwD9aez--Qw_46.56927441_3.74598546,2466-90-48.7627.png,48.7627
821_CPTzf5xB3UrlwD9aez--Qw_46.56927441_3.74598546,2466-180-48.7627.png,48.7627
821_CPTzf5xB3UrlwD9aez--Qw_46.56927441_3.74598546,2466-270-48.7627.png,48.7627
1734_2t9hos0MNaBT4TUf0P_N0A_42.74279543_-100.79096776,2467-0-18.1352.png,18.1352
1734_2t9hos0MNaBT4TUf0P_N0A_42.74279543_-100.79096776,2467-90-18.1352.png,18.1352
1734_2t9hos0MNaBT4TUf0P_N0A_42.74279543_-100.79096776,2467-180-18.1352.png,18.1352
1734_2t9hos0MNaBT4TUf0P_N0A_42.74279543_-100.79096776,2467-270-18.1352.png,18.1352
778_GeI5UZQfnHW-DZdhEjvd6g_36.86261852_-76.30085717,2468-0-47.3552.png,47.3552
778_GeI5UZQfnHW-DZdhEjvd6g_36.86261852_-76.30085717,2468-90-47.3552.png,47.3552
778_GeI5UZQfnHW-DZdhEjvd6g_36.86261852_-76.30085717,2468-180-47.3552.png,47.3552
778_GeI5UZQfnHW-DZdhEjvd6g_36.86261852_-76.30085717,2468-270-47.3552.png,47.3552
513_HvXNh3c9PvIGyh1ovN4yRQ_42.47306820_-0.03345286,2469-0-20.6965.png,20.6965
513_HvXNh3c9PvIGyh1ovN4yRQ_42.47306820_-0.03345286,2469-90-20.6965.png,20.6965
513_HvXNh3c9PvIGyh1ovN4yRQ_42.47306820_-0.03345286,2469-180-20.6965.png,20.6965
513_HvXNh3c9PvIGyh1ovN4yRQ_42.47306820_-0.03345286,2469-270-20.6965.png,20.6965
917_u-MIEgvtgA4ywFEp593Zgw_12.58309686_-81.70644150,2470-0-64.6872.png,64.6872
917_u-MIEgvtgA4ywFEp593Zgw_12.58309686_-81.70644150,2470-90-64.6872.png,64.6872
917_u-MIEgvtgA4ywFEp593Zgw_12.58309686_-81.70644150,2470-180-64.6872.png,64.6872
917_u-MIEgvtgA4ywFEp593Zgw_12.58309686_-81.70644150,2470-270-64.6872.png,64.6872
253_EmGgLS2onRVtnh4SqbAYbQ_45.58866717_-111.64802954,2471-0-30.1548.png,30.1548
253_EmGgLS2onRVtnh4SqbAYbQ_45.58866717_-111.64802954,2471-90-30.1548.png,30.1548
253_EmGgLS2onRVtnh4SqbAYbQ_45.58866717_-111.64802954,2471-180-30.1548.png,30.1548
253_EmGgLS2onRVtnh4SqbAYbQ_45.58866717_-111.64802954,2471-270-30.1548.png,30.1548
1732_24fiS8UCEOMor_By04DUCQ_46.78299164_14.11626867,2472-0-57.5475.png,57.5475
1732_24fiS8UCEOMor_By04DUCQ_46.78299164_14.11626867,2472-90-57.5475.png,57.5475
1732_24fiS8UCEOMor_By04DUCQ_46.78299164_14.11626867,2472-180-57.5475.png,57.5475
1732_24fiS8UCEOMor_By04DUCQ_46.78299164_14.11626867,2472-270-57.5475.png,57.5475
326_GRzbnzHri5Gg1VjgnKrXhA_39.75483636_31.16909671,2473-0-6.4119.png,6.4119
326_GRzbnzHri5Gg1VjgnKrXhA_39.75483636_31.16909671,2473-90-6.4119.png,6.4119
326_GRzbnzHri5Gg1VjgnKrXhA_39.75483636_31.16909671,2473-180-6.4119.png,6.4119
326_GRzbnzHri5Gg1VjgnKrXhA_39.75483636_31.16909671,2473-270-6.4119.png,6.4119
2014_3F8OOhCiVcne5v1C0Z1bAQ_42.36124451_-87.87534564,2474-0-47.514.png,47.514
2014_3F8OOhCiVcne5v1C0Z1bAQ_42.36124451_-87.87534564,2474-90-47.514.png,47.514
2014_3F8OOhCiVcne5v1C0Z1bAQ_42.36124451_-87.87534564,2474-180-47.514.png,47.514
2014_3F8OOhCiVcne5v1C0Z1bAQ_42.36124451_-87.87534564,2474-270-47.514.png,47.514
196_kwWpE-_4SAwjIBbPXG-8jA_44.28255668_1.63291836,2475-0-80.1797.png,80.1797
196_kwWpE-_4SAwjIBbPXG-8jA_44.28255668_1.63291836,2475-90-80.1797.png,80.1797
196_kwWpE-_4SAwjIBbPXG-8jA_44.28255668_1.63291836,2475-180-80.1797.png,80.1797
196_kwWpE-_4SAwjIBbPXG-8jA_44.28255668_1.63291836,2475-270-80.1797.png,80.1797
606_Nj8FgyWRHe-pDfgK8NpDdw_62.29960842_27.13407339,2476-0-26.5686.png,26.5686
606_Nj8FgyWRHe-pDfgK8NpDdw_62.29960842_27.13407339,2476-90-26.5686.png,26.5686
606_Nj8FgyWRHe-pDfgK8NpDdw_62.29960842_27.13407339,2476-180-26.5686.png,26.5686
606_Nj8FgyWRHe-pDfgK8NpDdw_62.29960842_27.13407339,2476-270-26.5686.png,26.5686
3037_VRz32zEYg4pH0XKeG8kDeA_38.36889236_-97.66287598,2477-0-29.7331.png,29.7331
3037_VRz32zEYg4pH0XKeG8kDeA_38.36889236_-97.66287598,2477-90-29.7331.png,29.7331
3037_VRz32zEYg4pH0XKeG8kDeA_38.36889236_-97.66287598,2477-180-29.7331.png,29.7331
3037_VRz32zEYg4pH0XKeG8kDeA_38.36889236_-97.66287598,2477-270-29.7331.png,29.7331
833_7Wh01PIzOsuxwlhwHbGFFQ_19.68947627_-99.57757488,2478-0-80.6857.png,80.6857
833_7Wh01PIzOsuxwlhwHbGFFQ_19.68947627_-99.57757488,2478-90-80.6857.png,80.6857
833_7Wh01PIzOsuxwlhwHbGFFQ_19.68947627_-99.57757488,2478-180-80.6857.png,80.6857
833_7Wh01PIzOsuxwlhwHbGFFQ_19.68947627_-99.57757488,2478-270-80.6857.png,80.6857
1197_rt6WM2BS4XBoLGVuTdsmLg_24.37744074_90.03963610,2479-0-18.5213.png,18.5213
1197_rt6WM2BS4XBoLGVuTdsmLg_24.37744074_90.03963610,2479-90-18.5213.png,18.5213
1197_rt6WM2BS4XBoLGVuTdsmLg_24.37744074_90.03963610,2479-180-18.5213.png,18.5213
1197_rt6WM2BS4XBoLGVuTdsmLg_24.37744074_90.03963610,2479-270-18.5213.png,18.5213
2787_q5IjhUtAjh6jsWr6yLjtnA_44.36866734_-69.17395001,2480-0-57.4603.png,57.4603
2787_q5IjhUtAjh6jsWr6yLjtnA_44.36866734_-69.17395001,2480-90-57.4603.png,57.4603
2787_q5IjhUtAjh6jsWr6yLjtnA_44.36866734_-69.17395001,2480-180-57.4603.png,57.4603
2787_q5IjhUtAjh6jsWr6yLjtnA_44.36866734_-69.17395001,2480-270-57.4603.png,57.4603
161_2RC9j7jVHJCUjcvIl_rEGQ_43.19804970_27.82288393,2481-0-64.0506.png,64.0506
161_2RC9j7jVHJCUjcvIl_rEGQ_43.19804970_27.82288393,2481-90-64.0506.png,64.0506
161_2RC9j7jVHJCUjcvIl_rEGQ_43.19804970_27.82288393,2481-180-64.0506.png,64.0506
161_2RC9j7jVHJCUjcvIl_rEGQ_43.19804970_27.82288393,2481-270-64.0506.png,64.0506
949_D5gqxjN49CDRq0MrFx7WQQ_53.25379329_12.15865960,2482-0-59.3232.png,59.3232
949_D5gqxjN49CDRq0MrFx7WQQ_53.25379329_12.15865960,2482-90-59.3232.png,59.3232
949_D5gqxjN49CDRq0MrFx7WQQ_53.25379329_12.15865960,2482-180-59.3232.png,59.3232
949_D5gqxjN49CDRq0MrFx7WQQ_53.25379329_12.15865960,2482-270-59.3232.png,59.3232
484_OHcch4jgZb-u2kS8nxk6SA_39.63282905_-104.45421427,2483-0-12.2579.png,12.2579
484_OHcch4jgZb-u2kS8nxk6SA_39.63282905_-104.45421427,2483-90-12.2579.png,12.2579
484_OHcch4jgZb-u2kS8nxk6SA_39.63282905_-104.45421427,2483-180-12.2579.png,12.2579
484_OHcch4jgZb-u2kS8nxk6SA_39.63282905_-104.45421427,2483-270-12.2579.png,12.2579
1419_XvFs-jLhSVxcDbbJ3YL40A_55.24092481_9.25211766,2484-0-48.2565.png,48.2565
1419_XvFs-jLhSVxcDbbJ3YL40A_55.24092481_9.25211766,2484-90-48.2565.png,48.2565
1419_XvFs-jLhSVxcDbbJ3YL40A_55.24092481_9.25211766,2484-180-48.2565.png,48.2565
1419_XvFs-jLhSVxcDbbJ3YL40A_55.24092481_9.25211766,2484-270-48.2565.png,48.2565
3016_4LCjCFKoB-lZuNh5-6F_iQ_43.00709595_-82.92729046,2485-0-28.4345.png,28.4345
3016_4LCjCFKoB-lZuNh5-6F_iQ_43.00709595_-82.92729046,2485-90-28.4345.png,28.4345
3016_4LCjCFKoB-lZuNh5-6F_iQ_43.00709595_-82.92729046,2485-180-28.4345.png,28.4345
3016_4LCjCFKoB-lZuNh5-6F_iQ_43.00709595_-82.92729046,2485-270-28.4345.png,28.4345
1215_EeB7I_tyUQIbdcFIh3OjCw_45.06935101_-100.37731017,2486-0-43.2765.png,43.2765
1215_EeB7I_tyUQIbdcFIh3OjCw_45.06935101_-100.37731017,2486-90-43.2765.png,43.2765
1215_EeB7I_tyUQIbdcFIh3OjCw_45.06935101_-100.37731017,2486-180-43.2765.png,43.2765
1215_EeB7I_tyUQIbdcFIh3OjCw_45.06935101_-100.37731017,2486-270-43.2765.png,43.2765
5_iKxTf-Tj-RivErpC1Kj8Lw_45.74377663_24.22531046,2487-0-38.5696.png,38.5696
5_iKxTf-Tj-RivErpC1Kj8Lw_45.74377663_24.22531046,2487-90-38.5696.png,38.5696
5_iKxTf-Tj-RivErpC1Kj8Lw_45.74377663_24.22531046,2487-180-38.5696.png,38.5696
5_iKxTf-Tj-RivErpC1Kj8Lw_45.74377663_24.22531046,2487-270-38.5696.png,38.5696
3416_wBsQNmHlGmgY5pdaNmQsUg_39.62976941_-111.63513605,2488-0-86.8997.png,86.8997
3416_wBsQNmHlGmgY5pdaNmQsUg_39.62976941_-111.63513605,2488-90-86.8997.png,86.8997
3416_wBsQNmHlGmgY5pdaNmQsUg_39.62976941_-111.63513605,2488-180-86.8997.png,86.8997
3416_wBsQNmHlGmgY5pdaNmQsUg_39.62976941_-111.63513605,2488-270-86.8997.png,86.8997
338_tFApwucqVHZDLAWrhMyhZw_37.21918545_-3.60515230,2489-0-30.1353.png,30.1353
338_tFApwucqVHZDLAWrhMyhZw_37.21918545_-3.60515230,2489-90-30.1353.png,30.1353
338_tFApwucqVHZDLAWrhMyhZw_37.21918545_-3.60515230,2489-180-30.1353.png,30.1353
338_tFApwucqVHZDLAWrhMyhZw_37.21918545_-3.60515230,2489-270-30.1353.png,30.1353
3051_Q8eGJJffDlEXiA9Dht-Qyw_32.46513195_-90.40624160,2490-0-80.0468.png,80.0468
3051_Q8eGJJffDlEXiA9Dht-Qyw_32.46513195_-90.40624160,2490-90-80.0468.png,80.0468
3051_Q8eGJJffDlEXiA9Dht-Qyw_32.46513195_-90.40624160,2490-180-80.0468.png,80.0468
3051_Q8eGJJffDlEXiA9Dht-Qyw_32.46513195_-90.40624160,2490-270-80.0468.png,80.0468
2531_azMgSATpmF9liIKrdc7aMQ_43.19443119_-71.15084194,2491-0-37.3569.png,37.3569
2531_azMgSATpmF9liIKrdc7aMQ_43.19443119_-71.15084194,2491-90-37.3569.png,37.3569
2531_azMgSATpmF9liIKrdc7aMQ_43.19443119_-71.15084194,2491-180-37.3569.png,37.3569
2531_azMgSATpmF9liIKrdc7aMQ_43.19443119_-71.15084194,2491-270-37.3569.png,37.3569
1405_93HnLEakZNa7s4WmhAWu0Q_19.95979494_-90.34707765,2492-0-57.1812.png,57.1812
1405_93HnLEakZNa7s4WmhAWu0Q_19.95979494_-90.34707765,2492-90-57.1812.png,57.1812
1405_93HnLEakZNa7s4WmhAWu0Q_19.95979494_-90.34707765,2492-180-57.1812.png,57.1812
1405_93HnLEakZNa7s4WmhAWu0Q_19.95979494_-90.34707765,2492-270-57.1812.png,57.1812
397_S5hhjpgKlROnzSX3xGKdIg_37.47104755_-102.03932526,2493-0-40.794.png,40.794
397_S5hhjpgKlROnzSX3xGKdIg_37.47104755_-102.03932526,2493-90-40.794.png,40.794
397_S5hhjpgKlROnzSX3xGKdIg_37.47104755_-102.03932526,2493-180-40.794.png,40.794
397_S5hhjpgKlROnzSX3xGKdIg_37.47104755_-102.03932526,2493-270-40.794.png,40.794
815_q-D-K7XHurcjV1lQR2TTSw_14.65420663_104.59199460,2494-0-81.519.png,81.519
815_q-D-K7XHurcjV1lQR2TTSw_14.65420663_104.59199460,2494-90-81.519.png,81.519
815_q-D-K7XHurcjV1lQR2TTSw_14.65420663_104.59199460,2494-180-81.519.png,81.519
815_q-D-K7XHurcjV1lQR2TTSw_14.65420663_104.59199460,2494-270-81.519.png,81.519
2715_Px0T37ztGbkcHPlsAHsHzQ_-31.19750640_136.82759043,2495-0-43.6188.png,43.6188
2715_Px0T37ztGbkcHPlsAHsHzQ_-31.19750640_136.82759043,2495-90-43.6188.png,43.6188
2715_Px0T37ztGbkcHPlsAHsHzQ_-31.19750640_136.82759043,2495-180-43.6188.png,43.6188
2715_Px0T37ztGbkcHPlsAHsHzQ_-31.19750640_136.82759043,2495-270-43.6188.png,43.6188
1809_RW8RjV9Afsv0i0kZ-s-VbA_54.09939249_12.16485405,2496-0-36.0816.png,36.0816
1809_RW8RjV9Afsv0i0kZ-s-VbA_54.09939249_12.16485405,2496-90-36.0816.png,36.0816
1809_RW8RjV9Afsv0i0kZ-s-VbA_54.09939249_12.16485405,2496-180-36.0816.png,36.0816
1809_RW8RjV9Afsv0i0kZ-s-VbA_54.09939249_12.16485405,2496-270-36.0816.png,36.0816
865_HOMxAKxvhcIJWi6u-Qs3ZA_25.35945368_92.36662928,2497-0-80.4685.png,80.4685
865_HOMxAKxvhcIJWi6u-Qs3ZA_25.35945368_92.36662928,2497-90-80.4685.png,80.4685
865_HOMxAKxvhcIJWi6u-Qs3ZA_25.35945368_92.36662928,2497-180-80.4685.png,80.4685
865_HOMxAKxvhcIJWi6u-Qs3ZA_25.35945368_92.36662928,2497-270-80.4685.png,80.4685
191_U8_OMx1Yz4iD9gbE0WL8pg_-5.14418561_-37.36909089,2498-0-77.3328.png,77.3328
191_U8_OMx1Yz4iD9gbE0WL8pg_-5.14418561_-37.36909089,2498-90-77.3328.png,77.3328
191_U8_OMx1Yz4iD9gbE0WL8pg_-5.14418561_-37.36909089,2498-180-77.3328.png,77.3328
191_U8_OMx1Yz4iD9gbE0WL8pg_-5.14418561_-37.36909089,2498-270-77.3328.png,77.3328
3315_xUkrptK2NVzztYF_jqPwtw_-8.32388219_115.61745078,2499-0-64.5534.png,64.5534
3315_xUkrptK2NVzztYF_jqPwtw_-8.32388219_115.61745078,2499-90-64.5534.png,64.5534
3315_xUkrptK2NVzztYF_jqPwtw_-8.32388219_115.61745078,2499-180-64.5534.png,64.5534
3315_xUkrptK2NVzztYF_jqPwtw_-8.32388219_115.61745078,2499-270-64.5534.png,64.5534
895_xvUIRxxXKn0WgWR8BZypJQ_-32.56949552_149.58522658,2500-0-18.3011.png,18.3011
895_xvUIRxxXKn0WgWR8BZypJQ_-32.56949552_149.58522658,2500-90-18.3011.png,18.3011
895_xvUIRxxXKn0WgWR8BZypJQ_-32.56949552_149.58522658,2500-180-18.3011.png,18.3011
895_xvUIRxxXKn0WgWR8BZypJQ_-32.56949552_149.58522658,2500-270-18.3011.png,18.3011
1864_35N6-xquiKu3kHmbg8AM0g_39.66461018_31.30555874,2501-0-37.7761.png,37.7761
1864_35N6-xquiKu3kHmbg8AM0g_39.66461018_31.30555874,2501-90-37.7761.png,37.7761
1864_35N6-xquiKu3kHmbg8AM0g_39.66461018_31.30555874,2501-180-37.7761.png,37.7761
1864_35N6-xquiKu3kHmbg8AM0g_39.66461018_31.30555874,2501-270-37.7761.png,37.7761
1870_mypVd16l8jDrLEgGRZKi1A_57.06935246_-5.01442838,2502-0-19.8247.png,19.8247
1870_mypVd16l8jDrLEgGRZKi1A_57.06935246_-5.01442838,2502-90-19.8247.png,19.8247
1870_mypVd16l8jDrLEgGRZKi1A_57.06935246_-5.01442838,2502-180-19.8247.png,19.8247
1870_mypVd16l8jDrLEgGRZKi1A_57.06935246_-5.01442838,2502-270-19.8247.png,19.8247
901_GYhdNCeyUHtd0oH49rEdzA_61.89049797_11.07728625,2503-0-28.2537.png,28.2537
901_GYhdNCeyUHtd0oH49rEdzA_61.89049797_11.07728625,2503-90-28.2537.png,28.2537
901_GYhdNCeyUHtd0oH49rEdzA_61.89049797_11.07728625,2503-180-28.2537.png,28.2537
901_GYhdNCeyUHtd0oH49rEdzA_61.89049797_11.07728625,2503-270-28.2537.png,28.2537
1009_xcLxJiRs14g5SC9jr_z75g_-34.48849399_-70.90693910,2504-0-70.5598.png,70.5598
1009_xcLxJiRs14g5SC9jr_z75g_-34.48849399_-70.90693910,2504-90-70.5598.png,70.5598
1009_xcLxJiRs14g5SC9jr_z75g_-34.48849399_-70.90693910,2504-180-70.5598.png,70.5598
1009_xcLxJiRs14g5SC9jr_z75g_-34.48849399_-70.90693910,2504-270-70.5598.png,70.5598
868_wBsQNmHlGmgY5pdaNmQsUg_39.62976941_-111.63513605,2505-0-86.8997.png,86.8997
868_wBsQNmHlGmgY5pdaNmQsUg_39.62976941_-111.63513605,2505-90-86.8997.png,86.8997
868_wBsQNmHlGmgY5pdaNmQsUg_39.62976941_-111.63513605,2505-180-86.8997.png,86.8997
868_wBsQNmHlGmgY5pdaNmQsUg_39.62976941_-111.63513605,2505-270-86.8997.png,86.8997
212_wKa2jF1132JA-QB3jWVD_g_19.42587466_-103.53795380,2506-0-43.7471.png,43.7471
212_wKa2jF1132JA-QB3jWVD_g_19.42587466_-103.53795380,2506-90-43.7471.png,43.7471
212_wKa2jF1132JA-QB3jWVD_g_19.42587466_-103.53795380,2506-180-43.7471.png,43.7471
212_wKa2jF1132JA-QB3jWVD_g_19.42587466_-103.53795380,2506-270-43.7471.png,43.7471
1606_HCVtyCIYXT0c-X_yCnGqOw_53.96751365_9.49448322,2507-0-59.5675.png,59.5675
1606_HCVtyCIYXT0c-X_yCnGqOw_53.96751365_9.49448322,2507-90-59.5675.png,59.5675
1606_HCVtyCIYXT0c-X_yCnGqOw_53.96751365_9.49448322,2507-180-59.5675.png,59.5675
1606_HCVtyCIYXT0c-X_yCnGqOw_53.96751365_9.49448322,2507-270-59.5675.png,59.5675
763_-j0XpdKaHMhMmyp4jSDaig_45.40403288_-75.69009119,2508-0-69.6338.png,69.6338
763_-j0XpdKaHMhMmyp4jSDaig_45.40403288_-75.69009119,2508-90-69.6338.png,69.6338
763_-j0XpdKaHMhMmyp4jSDaig_45.40403288_-75.69009119,2508-180-69.6338.png,69.6338
763_-j0XpdKaHMhMmyp4jSDaig_45.40403288_-75.69009119,2508-270-69.6338.png,69.6338
2063_OkGkQB6n4qe3obq41YY8lA_54.24943706_-8.87860289,2509-0-38.6029.png,38.6029
2063_OkGkQB6n4qe3obq41YY8lA_54.24943706_-8.87860289,2509-90-38.6029.png,38.6029
2063_OkGkQB6n4qe3obq41YY8lA_54.24943706_-8.87860289,2509-180-38.6029.png,38.6029
2063_OkGkQB6n4qe3obq41YY8lA_54.24943706_-8.87860289,2509-270-38.6029.png,38.6029
1357_zslcegkv0XIUFBSr5zLfag_22.48356613_90.30048411,2510-0-60.1428.png,60.1428
1357_zslcegkv0XIUFBSr5zLfag_22.48356613_90.30048411,2510-90-60.1428.png,60.1428
1357_zslcegkv0XIUFBSr5zLfag_22.48356613_90.30048411,2510-180-60.1428.png,60.1428
1357_zslcegkv0XIUFBSr5zLfag_22.48356613_90.30048411,2510-270-60.1428.png,60.1428
1533_mUbeXzZMQ9u6WlGJmQBiFQ_38.96430862_-81.38701222,2511-0-81.3837.png,81.3837
1533_mUbeXzZMQ9u6WlGJmQBiFQ_38.96430862_-81.38701222,2511-90-81.3837.png,81.3837
1533_mUbeXzZMQ9u6WlGJmQBiFQ_38.96430862_-81.38701222,2511-180-81.3837.png,81.3837
1533_mUbeXzZMQ9u6WlGJmQBiFQ_38.96430862_-81.38701222,2511-270-81.3837.png,81.3837
2876_hWyyEEhZgDHr4xI80kcStw_-24.56625265_-51.33285421,2512-0-62.2204.png,62.2204
2876_hWyyEEhZgDHr4xI80kcStw_-24.56625265_-51.33285421,2512-90-62.2204.png,62.2204
2876_hWyyEEhZgDHr4xI80kcStw_-24.56625265_-51.33285421,2512-180-62.2204.png,62.2204
2876_hWyyEEhZgDHr4xI80kcStw_-24.56625265_-51.33285421,2512-270-62.2204.png,62.2204
948_zadeoB36BxW4TqkXALnm6w_23.93377987_-104.85871887,2513-0-24.9579.png,24.9579
948_zadeoB36BxW4TqkXALnm6w_23.93377987_-104.85871887,2513-90-24.9579.png,24.9579
948_zadeoB36BxW4TqkXALnm6w_23.93377987_-104.85871887,2513-180-24.9579.png,24.9579
948_zadeoB36BxW4TqkXALnm6w_23.93377987_-104.85871887,2513-270-24.9579.png,24.9579
2906_yANw1BwBsctXGaNkujobnQ_-30.16679160_30.81695314,2514-0-41.8261.png,41.8261
2906_yANw1BwBsctXGaNkujobnQ_-30.16679160_30.81695314,2514-90-41.8261.png,41.8261
2906_yANw1BwBsctXGaNkujobnQ_-30.16679160_30.81695314,2514-180-41.8261.png,41.8261
2906_yANw1BwBsctXGaNkujobnQ_-30.16679160_30.81695314,2514-270-41.8261.png,41.8261
299_eA5fiaCwNvtRhlbxbPMHXQ_-24.61559281_-53.84370767,2515-0-13.7427.png,13.7427
299_eA5fiaCwNvtRhlbxbPMHXQ_-24.61559281_-53.84370767,2515-90-13.7427.png,13.7427
299_eA5fiaCwNvtRhlbxbPMHXQ_-24.61559281_-53.84370767,2515-180-13.7427.png,13.7427
299_eA5fiaCwNvtRhlbxbPMHXQ_-24.61559281_-53.84370767,2515-270-13.7427.png,13.7427
247_RECFBlBoRN6nqCPqt2gayg_45.20231770_-64.11335536,2516-0-54.2957.png,54.2957
247_RECFBlBoRN6nqCPqt2gayg_45.20231770_-64.11335536,2516-90-54.2957.png,54.2957
247_RECFBlBoRN6nqCPqt2gayg_45.20231770_-64.11335536,2516-180-54.2957.png,54.2957
247_RECFBlBoRN6nqCPqt2gayg_45.20231770_-64.11335536,2516-270-54.2957.png,54.2957
1585_KQYerNgd911qfwK4w0LsSQ_44.49411640_43.93963840,2517-0-26.0789.png,26.0789
1585_KQYerNgd911qfwK4w0LsSQ_44.49411640_43.93963840,2517-90-26.0789.png,26.0789
1585_KQYerNgd911qfwK4w0LsSQ_44.49411640_43.93963840,2517-180-26.0789.png,26.0789
1585_KQYerNgd911qfwK4w0LsSQ_44.49411640_43.93963840,2517-270-26.0789.png,26.0789
271_XH9cw5pZMqUvNEPa9U8r9g_52.30562427_-0.59396634,2518-0-43.5628.png,43.5628
271_XH9cw5pZMqUvNEPa9U8r9g_52.30562427_-0.59396634,2518-90-43.5628.png,43.5628
271_XH9cw5pZMqUvNEPa9U8r9g_52.30562427_-0.59396634,2518-180-43.5628.png,43.5628
271_XH9cw5pZMqUvNEPa9U8r9g_52.30562427_-0.59396634,2518-270-43.5628.png,43.5628
545_o09O7oT5CYRnv2GDCrZkrQ_41.86579862_14.04765052,2519-0-40.2493.png,40.2493
545_o09O7oT5CYRnv2GDCrZkrQ_41.86579862_14.04765052,2519-90-40.2493.png,40.2493
545_o09O7oT5CYRnv2GDCrZkrQ_41.86579862_14.04765052,2519-180-40.2493.png,40.2493
545_o09O7oT5CYRnv2GDCrZkrQ_41.86579862_14.04765052,2519-270-40.2493.png,40.2493
2842_ZJJu-xoJA7he7rmcFCKvhw_33.51179684_-82.13318529,2520-0-52.1333.png,52.1333
2842_ZJJu-xoJA7he7rmcFCKvhw_33.51179684_-82.13318529,2520-90-52.1333.png,52.1333
2842_ZJJu-xoJA7he7rmcFCKvhw_33.51179684_-82.13318529,2520-180-52.1333.png,52.1333
2842_ZJJu-xoJA7he7rmcFCKvhw_33.51179684_-82.13318529,2520-270-52.1333.png,52.1333
657_slHmu2Gc1LsynfgfG4KV9Q_23.06180263_120.26236778,2521-0-34.3998.png,34.3998
657_slHmu2Gc1LsynfgfG4KV9Q_23.06180263_120.26236778,2521-90-34.3998.png,34.3998
657_slHmu2Gc1LsynfgfG4KV9Q_23.06180263_120.26236778,2521-180-34.3998.png,34.3998
657_slHmu2Gc1LsynfgfG4KV9Q_23.06180263_120.26236778,2521-270-34.3998.png,34.3998
2093_6arq42ByRQSfPbwNbopokg_26.89997734_76.09408104,2522-0-23.7989.png,23.7989
2093_6arq42ByRQSfPbwNbopokg_26.89997734_76.09408104,2522-90-23.7989.png,23.7989
2093_6arq42ByRQSfPbwNbopokg_26.89997734_76.09408104,2522-180-23.7989.png,23.7989
2093_6arq42ByRQSfPbwNbopokg_26.89997734_76.09408104,2522-270-23.7989.png,23.7989
1632_azEP6s4mcnVZCN-CoTWQ9Q_-4.84175879_122.99603811,2523-0-82.4063.png,82.4063
1632_azEP6s4mcnVZCN-CoTWQ9Q_-4.84175879_122.99603811,2523-90-82.4063.png,82.4063
1632_azEP6s4mcnVZCN-CoTWQ9Q_-4.84175879_122.99603811,2523-180-82.4063.png,82.4063
1632_azEP6s4mcnVZCN-CoTWQ9Q_-4.84175879_122.99603811,2523-270-82.4063.png,82.4063
3423_NEoSo3kELbVXEL_2W75VKw_58.50328274_-117.14587289,2524-0-54.1189.png,54.1189
3423_NEoSo3kELbVXEL_2W75VKw_58.50328274_-117.14587289,2524-90-54.1189.png,54.1189
3423_NEoSo3kELbVXEL_2W75VKw_58.50328274_-117.14587289,2524-180-54.1189.png,54.1189
3423_NEoSo3kELbVXEL_2W75VKw_58.50328274_-117.14587289,2524-270-54.1189.png,54.1189
1812_6dsIkpSMZy_VdDbj1gX2GA_45.64992665_4.04929435,2525-0-19.3964.png,19.3964
1812_6dsIkpSMZy_VdDbj1gX2GA_45.64992665_4.04929435,2525-90-19.3964.png,19.3964
1812_6dsIkpSMZy_VdDbj1gX2GA_45.64992665_4.04929435,2525-180-19.3964.png,19.3964
1812_6dsIkpSMZy_VdDbj1gX2GA_45.64992665_4.04929435,2525-270-19.3964.png,19.3964
278_-yfpke35CUBF_KcB_tbFrQ_36.84994054_-121.40568137,2526-0-18.3813.png,18.3813
278_-yfpke35CUBF_KcB_tbFrQ_36.84994054_-121.40568137,2526-90-18.3813.png,18.3813
278_-yfpke35CUBF_KcB_tbFrQ_36.84994054_-121.40568137,2526-180-18.3813.png,18.3813
278_-yfpke35CUBF_KcB_tbFrQ_36.84994054_-121.40568137,2526-270-18.3813.png,18.3813
2546_3-9DlWL94N0FufxyeujtgA_29.48361276_74.07925164,2527-0-14.8882.png,14.8882
2546_3-9DlWL94N0FufxyeujtgA_29.48361276_74.07925164,2527-90-14.8882.png,14.8882
2546_3-9DlWL94N0FufxyeujtgA_29.48361276_74.07925164,2527-180-14.8882.png,14.8882
2546_3-9DlWL94N0FufxyeujtgA_29.48361276_74.07925164,2527-270-14.8882.png,14.8882
1876_Wnql7h6MOPUMjlpN2aB89A_-40.29820790_175.81028132,2528-0-23.6808.png,23.6808
1876_Wnql7h6MOPUMjlpN2aB89A_-40.29820790_175.81028132,2528-90-23.6808.png,23.6808
1876_Wnql7h6MOPUMjlpN2aB89A_-40.29820790_175.81028132,2528-180-23.6808.png,23.6808
1876_Wnql7h6MOPUMjlpN2aB89A_-40.29820790_175.81028132,2528-270-23.6808.png,23.6808
1945_2F0eN3GWg9hP9L2zv_GmCA_35.73211985_-83.51823550,2529-0-39.2329.png,39.2329
1945_2F0eN3GWg9hP9L2zv_GmCA_35.73211985_-83.51823550,2529-90-39.2329.png,39.2329
1945_2F0eN3GWg9hP9L2zv_GmCA_35.73211985_-83.51823550,2529-180-39.2329.png,39.2329
1945_2F0eN3GWg9hP9L2zv_GmCA_35.73211985_-83.51823550,2529-270-39.2329.png,39.2329
1363_HHZmd-0d73j5Z6VRnyeBww_-4.04356758_119.91371507,2530-0-55.8656.png,55.8656
1363_HHZmd-0d73j5Z6VRnyeBww_-4.04356758_119.91371507,2530-90-55.8656.png,55.8656
1363_HHZmd-0d73j5Z6VRnyeBww_-4.04356758_119.91371507,2530-180-55.8656.png,55.8656
1363_HHZmd-0d73j5Z6VRnyeBww_-4.04356758_119.91371507,2530-270-55.8656.png,55.8656
373_HZtY6NUxqDl2EV8oFQevlw_50.22085253_-103.44882344,2531-0-52.6026.png,52.6026
373_HZtY6NUxqDl2EV8oFQevlw_50.22085253_-103.44882344,2531-90-52.6026.png,52.6026
373_HZtY6NUxqDl2EV8oFQevlw_50.22085253_-103.44882344,2531-180-52.6026.png,52.6026
373_HZtY6NUxqDl2EV8oFQevlw_50.22085253_-103.44882344,2531-270-52.6026.png,52.6026
390_l3B6RP6uoo3IUf9I0N3Atg_46.21828942_-71.76227350,2532-0-53.0561.png,53.0561
390_l3B6RP6uoo3IUf9I0N3Atg_46.21828942_-71.76227350,2532-90-53.0561.png,53.0561
390_l3B6RP6uoo3IUf9I0N3Atg_46.21828942_-71.76227350,2532-180-53.0561.png,53.0561
390_l3B6RP6uoo3IUf9I0N3Atg_46.21828942_-71.76227350,2532-270-53.0561.png,53.0561
1458_s5in3CR1X0Mfy4IhBKvGfA_1.33798187_103.97346132,2533-0-72.4528.png,72.4528
1458_s5in3CR1X0Mfy4IhBKvGfA_1.33798187_103.97346132,2533-90-72.4528.png,72.4528
1458_s5in3CR1X0Mfy4IhBKvGfA_1.33798187_103.97346132,2533-180-72.4528.png,72.4528
1458_s5in3CR1X0Mfy4IhBKvGfA_1.33798187_103.97346132,2533-270-72.4528.png,72.4528
1113_GJ_tnrcVxLptItKX27TcOA_58.37897784_12.29833295,2534-0-29.6296.png,29.6296
1113_GJ_tnrcVxLptItKX27TcOA_58.37897784_12.29833295,2534-90-29.6296.png,29.6296
1113_GJ_tnrcVxLptItKX27TcOA_58.37897784_12.29833295,2534-180-29.6296.png,29.6296
1113_GJ_tnrcVxLptItKX27TcOA_58.37897784_12.29833295,2534-270-29.6296.png,29.6296
1455_ynTGaZBks47xx82lfXlH2w_46.13256314_-61.13981222,2535-0-49.5833.png,49.5833
1455_ynTGaZBks47xx82lfXlH2w_46.13256314_-61.13981222,2535-90-49.5833.png,49.5833
1455_ynTGaZBks47xx82lfXlH2w_46.13256314_-61.13981222,2535-180-49.5833.png,49.5833
1455_ynTGaZBks47xx82lfXlH2w_46.13256314_-61.13981222,2535-270-49.5833.png,49.5833
1798_JnffA4iIB0rHzdlvNNPwkQ_6.91745052_79.88998285,2536-0-71.8868.png,71.8868
1798_JnffA4iIB0rHzdlvNNPwkQ_6.91745052_79.88998285,2536-90-71.8868.png,71.8868
1798_JnffA4iIB0rHzdlvNNPwkQ_6.91745052_79.88998285,2536-180-71.8868.png,71.8868
1798_JnffA4iIB0rHzdlvNNPwkQ_6.91745052_79.88998285,2536-270-71.8868.png,71.8868
1233_d-888Dufg5Tv1B7QFG9l1A_44.49255545_9.67351890,2537-0-58.112.png,58.112
1233_d-888Dufg5Tv1B7QFG9l1A_44.49255545_9.67351890,2537-90-58.112.png,58.112
1233_d-888Dufg5Tv1B7QFG9l1A_44.49255545_9.67351890,2537-180-58.112.png,58.112
1233_d-888Dufg5Tv1B7QFG9l1A_44.49255545_9.67351890,2537-270-58.112.png,58.112
85_tTvsYqQGBdza6zSgIhFdfA_24.37312369_77.04908875,2538-0-77.8782.png,77.8782
85_tTvsYqQGBdza6zSgIhFdfA_24.37312369_77.04908875,2538-90-77.8782.png,77.8782
85_tTvsYqQGBdza6zSgIhFdfA_24.37312369_77.04908875,2538-180-77.8782.png,77.8782
85_tTvsYqQGBdza6zSgIhFdfA_24.37312369_77.04908875,2538-270-77.8782.png,77.8782
911_k90J5Uek7gN_bm4Z5Wifvw_-17.39956920_-63.83342178,2539-0-13.2058.png,13.2058
911_k90J5Uek7gN_bm4Z5Wifvw_-17.39956920_-63.83342178,2539-90-13.2058.png,13.2058
911_k90J5Uek7gN_bm4Z5Wifvw_-17.39956920_-63.83342178,2539-180-13.2058.png,13.2058
911_k90J5Uek7gN_bm4Z5Wifvw_-17.39956920_-63.83342178,2539-270-13.2058.png,13.2058
495_3P6BNRN6ECumDnmQyYGEDQ_33.17987360_-81.18530765,2540-0-34.1299.png,34.1299
495_3P6BNRN6ECumDnmQyYGEDQ_33.17987360_-81.18530765,2540-90-34.1299.png,34.1299
495_3P6BNRN6ECumDnmQyYGEDQ_33.17987360_-81.18530765,2540-180-34.1299.png,34.1299
495_3P6BNRN6ECumDnmQyYGEDQ_33.17987360_-81.18530765,2540-270-34.1299.png,34.1299
174_jdl3KBjsZbJIT1eWCC3pZQ_36.59367798_-94.76930870,2541-0-25.2549.png,25.2549
174_jdl3KBjsZbJIT1eWCC3pZQ_36.59367798_-94.76930870,2541-90-25.2549.png,25.2549
174_jdl3KBjsZbJIT1eWCC3pZQ_36.59367798_-94.76930870,2541-180-25.2549.png,25.2549
174_jdl3KBjsZbJIT1eWCC3pZQ_36.59367798_-94.76930870,2541-270-25.2549.png,25.2549
210_Dq7hlryCBfVn4js_pthSAQ_15.31493741_-91.49393119,2542-0-22.4391.png,22.4391
210_Dq7hlryCBfVn4js_pthSAQ_15.31493741_-91.49393119,2542-90-22.4391.png,22.4391
210_Dq7hlryCBfVn4js_pthSAQ_15.31493741_-91.49393119,2542-180-22.4391.png,22.4391
210_Dq7hlryCBfVn4js_pthSAQ_15.31493741_-91.49393119,2542-270-22.4391.png,22.4391
1018_4zHrZELhDEmWZ8qkSlmLOw_23.44980291_78.82581227,2543-0-47.9729.png,47.9729
1018_4zHrZELhDEmWZ8qkSlmLOw_23.44980291_78.82581227,2543-90-47.9729.png,47.9729
1018_4zHrZELhDEmWZ8qkSlmLOw_23.44980291_78.82581227,2543-180-47.9729.png,47.9729
1018_4zHrZELhDEmWZ8qkSlmLOw_23.44980291_78.82581227,2543-270-47.9729.png,47.9729
2673_JquzGKRPomiCt-7nGMo07g_34.51385300_-83.52756301,2544-0-80.242.png,80.242
2673_JquzGKRPomiCt-7nGMo07g_34.51385300_-83.52756301,2544-90-80.242.png,80.242
2673_JquzGKRPomiCt-7nGMo07g_34.51385300_-83.52756301,2544-180-80.242.png,80.242
2673_JquzGKRPomiCt-7nGMo07g_34.51385300_-83.52756301,2544-270-80.242.png,80.242
1311_4wo6AqgDMAF3qt_3DBRBeg_49.77151443_5.78785395,2545-0-32.4099.png,32.4099
1311_4wo6AqgDMAF3qt_3DBRBeg_49.77151443_5.78785395,2545-90-32.4099.png,32.4099
1311_4wo6AqgDMAF3qt_3DBRBeg_49.77151443_5.78785395,2545-180-32.4099.png,32.4099
1311_4wo6AqgDMAF3qt_3DBRBeg_49.77151443_5.78785395,2545-270-32.4099.png,32.4099
213_dWOhrOuB3TTqqmhpGPOdDQ_-8.65159622_116.85305195,2546-0-19.951.png,19.951
213_dWOhrOuB3TTqqmhpGPOdDQ_-8.65159622_116.85305195,2546-90-19.951.png,19.951
213_dWOhrOuB3TTqqmhpGPOdDQ_-8.65159622_116.85305195,2546-180-19.951.png,19.951
213_dWOhrOuB3TTqqmhpGPOdDQ_-8.65159622_116.85305195,2546-270-19.951.png,19.951
119_qQeSq1qisLZT-mCCy0Mmzw_-26.66958662_-67.22365569,2547-0-50.8843.png,50.8843
119_qQeSq1qisLZT-mCCy0Mmzw_-26.66958662_-67.22365569,2547-90-50.8843.png,50.8843
119_qQeSq1qisLZT-mCCy0Mmzw_-26.66958662_-67.22365569,2547-180-50.8843.png,50.8843
119_qQeSq1qisLZT-mCCy0Mmzw_-26.66958662_-67.22365569,2547-270-50.8843.png,50.8843
810_lq-QR-OB3pwpi6zGRcuBvg_63.53302869_15.33395491,2548-0-24.2279.png,24.2279
810_lq-QR-OB3pwpi6zGRcuBvg_63.53302869_15.33395491,2548-90-24.2279.png,24.2279
810_lq-QR-OB3pwpi6zGRcuBvg_63.53302869_15.33395491,2548-180-24.2279.png,24.2279
810_lq-QR-OB3pwpi6zGRcuBvg_63.53302869_15.33395491,2548-270-24.2279.png,24.2279
1817_fteVHlEWkbY3Af6B4DNaoA_23.92959460_120.55003938,2549-0-49.3052.png,49.3052
1817_fteVHlEWkbY3Af6B4DNaoA_23.92959460_120.55003938,2549-90-49.3052.png,49.3052
1817_fteVHlEWkbY3Af6B4DNaoA_23.92959460_120.55003938,2549-180-49.3052.png,49.3052
1817_fteVHlEWkbY3Af6B4DNaoA_23.92959460_120.55003938,2549-270-49.3052.png,49.3052
124_gPfpxvdvmicFJ1gKaSyzaQ_51.52485027_3.64432393,2550-0-22.7714.png,22.7714
124_gPfpxvdvmicFJ1gKaSyzaQ_51.52485027_3.64432393,2550-90-22.7714.png,22.7714
124_gPfpxvdvmicFJ1gKaSyzaQ_51.52485027_3.64432393,2550-180-22.7714.png,22.7714
124_gPfpxvdvmicFJ1gKaSyzaQ_51.52485027_3.64432393,2550-270-22.7714.png,22.7714
1398_hTbNMlCDAveq3e6f6sEEuA_37.86168024_-77.76585150,2551-0-55.5899.png,55.5899
1398_hTbNMlCDAveq3e6f6sEEuA_37.86168024_-77.76585150,2551-90-55.5899.png,55.5899
1398_hTbNMlCDAveq3e6f6sEEuA_37.86168024_-77.76585150,2551-180-55.5899.png,55.5899
1398_hTbNMlCDAveq3e6f6sEEuA_37.86168024_-77.76585150,2551-270-55.5899.png,55.5899
1110_GTtneBxfLkbF-7qKhYPxxA_64.58307318_18.68340995,2552-0-39.451.png,39.451
1110_GTtneBxfLkbF-7qKhYPxxA_64.58307318_18.68340995,2552-90-39.451.png,39.451
1110_GTtneBxfLkbF-7qKhYPxxA_64.58307318_18.68340995,2552-180-39.451.png,39.451
1110_GTtneBxfLkbF-7qKhYPxxA_64.58307318_18.68340995,2552-270-39.451.png,39.451
599_q2HNtCTnpM-IxTYBty_xUg_45.18852021_-123.90463555,2553-0-36.5876.png,36.5876
599_q2HNtCTnpM-IxTYBty_xUg_45.18852021_-123.90463555,2553-90-36.5876.png,36.5876
599_q2HNtCTnpM-IxTYBty_xUg_45.18852021_-123.90463555,2553-180-36.5876.png,36.5876
599_q2HNtCTnpM-IxTYBty_xUg_45.18852021_-123.90463555,2553-270-36.5876.png,36.5876
645_aM7s1xDKuBAP5o-fY6Rk6Q_19.64866554_99.86008954,2554-0-30.3172.png,30.3172
645_aM7s1xDKuBAP5o-fY6Rk6Q_19.64866554_99.86008954,2554-90-30.3172.png,30.3172
645_aM7s1xDKuBAP5o-fY6Rk6Q_19.64866554_99.86008954,2554-180-30.3172.png,30.3172
645_aM7s1xDKuBAP5o-fY6Rk6Q_19.64866554_99.86008954,2554-270-30.3172.png,30.3172
775_EJXgkJzlhITATN_rmWCU7Q_37.74472455_38.26780112,2555-0-14.1615.png,14.1615
775_EJXgkJzlhITATN_rmWCU7Q_37.74472455_38.26780112,2555-90-14.1615.png,14.1615
775_EJXgkJzlhITATN_rmWCU7Q_37.74472455_38.26780112,2555-180-14.1615.png,14.1615
775_EJXgkJzlhITATN_rmWCU7Q_37.74472455_38.26780112,2555-270-14.1615.png,14.1615
2009_LGcG2W1CeurlnmdAM82PyQ_55.65017300_69.23475237,2556-0-14.1443.png,14.1443
2009_LGcG2W1CeurlnmdAM82PyQ_55.65017300_69.23475237,2556-90-14.1443.png,14.1443
2009_LGcG2W1CeurlnmdAM82PyQ_55.65017300_69.23475237,2556-180-14.1443.png,14.1443
2009_LGcG2W1CeurlnmdAM82PyQ_55.65017300_69.23475237,2556-270-14.1443.png,14.1443
916_ttzpZtfmFhAUxcxOBnv98A_42.22422601_-3.58946221,2557-0-21.9716.png,21.9716
916_ttzpZtfmFhAUxcxOBnv98A_42.22422601_-3.58946221,2557-90-21.9716.png,21.9716
916_ttzpZtfmFhAUxcxOBnv98A_42.22422601_-3.58946221,2557-180-21.9716.png,21.9716
916_ttzpZtfmFhAUxcxOBnv98A_42.22422601_-3.58946221,2557-270-21.9716.png,21.9716
242_TxWztVbt4Pe9rfXqUFc0ew_25.28044688_71.90216989,2558-0-31.8401.png,31.8401
242_TxWztVbt4Pe9rfXqUFc0ew_25.28044688_71.90216989,2558-90-31.8401.png,31.8401
242_TxWztVbt4Pe9rfXqUFc0ew_25.28044688_71.90216989,2558-180-31.8401.png,31.8401
242_TxWztVbt4Pe9rfXqUFc0ew_25.28044688_71.90216989,2558-270-31.8401.png,31.8401
2307_rCXSOaX_wPBJkjqSvuBoaw_38.45587596_-122.72144309,2559-0-52.1023.png,52.1023
2307_rCXSOaX_wPBJkjqSvuBoaw_38.45587596_-122.72144309,2559-90-52.1023.png,52.1023
2307_rCXSOaX_wPBJkjqSvuBoaw_38.45587596_-122.72144309,2559-180-52.1023.png,52.1023
2307_rCXSOaX_wPBJkjqSvuBoaw_38.45587596_-122.72144309,2559-270-52.1023.png,52.1023
1748_5RJdnocuLUE3Jc7wOE7kzQ_37.35750931_43.17056897,2560-0-49.7257.png,49.7257
1748_5RJdnocuLUE3Jc7wOE7kzQ_37.35750931_43.17056897,2560-90-49.7257.png,49.7257
1748_5RJdnocuLUE3Jc7wOE7kzQ_37.35750931_43.17056897,2560-180-49.7257.png,49.7257
1748_5RJdnocuLUE3Jc7wOE7kzQ_37.35750931_43.17056897,2560-270-49.7257.png,49.7257
1517_B7T0qNRsOchXf3JwAcsCHg_62.67512440_8.56332165,2561-0-23.5484.png,23.5484
1517_B7T0qNRsOchXf3JwAcsCHg_62.67512440_8.56332165,2561-90-23.5484.png,23.5484
1517_B7T0qNRsOchXf3JwAcsCHg_62.67512440_8.56332165,2561-180-23.5484.png,23.5484
1517_B7T0qNRsOchXf3JwAcsCHg_62.67512440_8.56332165,2561-270-23.5484.png,23.5484
218_ajBX5yjh5HJYvl-DHsu6gg_46.88455508_-60.50599556,2562-0-50.2356.png,50.2356
218_ajBX5yjh5HJYvl-DHsu6gg_46.88455508_-60.50599556,2562-90-50.2356.png,50.2356
218_ajBX5yjh5HJYvl-DHsu6gg_46.88455508_-60.50599556,2562-180-50.2356.png,50.2356
218_ajBX5yjh5HJYvl-DHsu6gg_46.88455508_-60.50599556,2562-270-50.2356.png,50.2356
1235_nuKWwBaRskozEV7wIztbpw_10.23264362_77.49459809,2563-0-51.3991.png,51.3991
1235_nuKWwBaRskozEV7wIztbpw_10.23264362_77.49459809,2563-90-51.3991.png,51.3991
1235_nuKWwBaRskozEV7wIztbpw_10.23264362_77.49459809,2563-180-51.3991.png,51.3991
1235_nuKWwBaRskozEV7wIztbpw_10.23264362_77.49459809,2563-270-51.3991.png,51.3991
916_JQi4PbCwMKtsgGRdVI914w_54.25119121_10.05709339,2564-0-30.2211.png,30.2211
916_JQi4PbCwMKtsgGRdVI914w_54.25119121_10.05709339,2564-90-30.2211.png,30.2211
916_JQi4PbCwMKtsgGRdVI914w_54.25119121_10.05709339,2564-180-30.2211.png,30.2211
916_JQi4PbCwMKtsgGRdVI914w_54.25119121_10.05709339,2564-270-30.2211.png,30.2211
450_dQ46ArSOVCHDLlmD4iJjdg_47.65683123_-117.22351395,2565-0-22.4381.png,22.4381
450_dQ46ArSOVCHDLlmD4iJjdg_47.65683123_-117.22351395,2565-90-22.4381.png,22.4381
450_dQ46ArSOVCHDLlmD4iJjdg_47.65683123_-117.22351395,2565-180-22.4381.png,22.4381
450_dQ46ArSOVCHDLlmD4iJjdg_47.65683123_-117.22351395,2565-270-22.4381.png,22.4381
166_81FksPmWMXbgl3ItoeJC4Q_17.89251472_103.87610186,2566-0-82.9859.png,82.9859
166_81FksPmWMXbgl3ItoeJC4Q_17.89251472_103.87610186,2566-90-82.9859.png,82.9859
166_81FksPmWMXbgl3ItoeJC4Q_17.89251472_103.87610186,2566-180-82.9859.png,82.9859
166_81FksPmWMXbgl3ItoeJC4Q_17.89251472_103.87610186,2566-270-82.9859.png,82.9859
956_2P3Ya5m3RltsCtNppUBZag_67.10169028_15.39524373,2567-0-74.944.png,74.944
956_2P3Ya5m3RltsCtNppUBZag_67.10169028_15.39524373,2567-90-74.944.png,74.944
956_2P3Ya5m3RltsCtNppUBZag_67.10169028_15.39524373,2567-180-74.944.png,74.944
956_2P3Ya5m3RltsCtNppUBZag_67.10169028_15.39524373,2567-270-74.944.png,74.944
118_HQn1noj5yvgI-RpohXxPxg_51.68219660_9.31009988,2568-0-33.3388.png,33.3388
118_HQn1noj5yvgI-RpohXxPxg_51.68219660_9.31009988,2568-90-33.3388.png,33.3388
118_HQn1noj5yvgI-RpohXxPxg_51.68219660_9.31009988,2568-180-33.3388.png,33.3388
118_HQn1noj5yvgI-RpohXxPxg_51.68219660_9.31009988,2568-270-33.3388.png,33.3388
494_gWLH4tHS20qF5Xa4qyHSUQ_13.99857069_74.53880931,2569-0-56.4725.png,56.4725
494_gWLH4tHS20qF5Xa4qyHSUQ_13.99857069_74.53880931,2569-90-56.4725.png,56.4725
494_gWLH4tHS20qF5Xa4qyHSUQ_13.99857069_74.53880931,2569-180-56.4725.png,56.4725
494_gWLH4tHS20qF5Xa4qyHSUQ_13.99857069_74.53880931,2569-270-56.4725.png,56.4725
1923_L0ZD-JoktdiYjf7ir5zMzA_40.12547005_-122.23566971,2570-0-75.5914.png,75.5914
1923_L0ZD-JoktdiYjf7ir5zMzA_40.12547005_-122.23566971,2570-90-75.5914.png,75.5914
1923_L0ZD-JoktdiYjf7ir5zMzA_40.12547005_-122.23566971,2570-180-75.5914.png,75.5914
1923_L0ZD-JoktdiYjf7ir5zMzA_40.12547005_-122.23566971,2570-270-75.5914.png,75.5914
1610_uGaYxU1LS_nnk4FKG_ECEQ_41.67005282_-87.73646830,2571-0-20.3896.png,20.3896
1610_uGaYxU1LS_nnk4FKG_ECEQ_41.67005282_-87.73646830,2571-90-20.3896.png,20.3896
1610_uGaYxU1LS_nnk4FKG_ECEQ_41.67005282_-87.73646830,2571-180-20.3896.png,20.3896
1610_uGaYxU1LS_nnk4FKG_ECEQ_41.67005282_-87.73646830,2571-270-20.3896.png,20.3896
1650_rZpmjDsYXb5onT-whdsvGg_53.02666835_17.42401466,2572-0-16.9479.png,16.9479
1650_rZpmjDsYXb5onT-whdsvGg_53.02666835_17.42401466,2572-90-16.9479.png,16.9479
1650_rZpmjDsYXb5onT-whdsvGg_53.02666835_17.42401466,2572-180-16.9479.png,16.9479
1650_rZpmjDsYXb5onT-whdsvGg_53.02666835_17.42401466,2572-270-16.9479.png,16.9479
2331_ssCtZ2Qnk_RSOvyOmd8ZoA_-20.38327711_-43.48355708,2573-0-83.4364.png,83.4364
2331_ssCtZ2Qnk_RSOvyOmd8ZoA_-20.38327711_-43.48355708,2573-90-83.4364.png,83.4364
2331_ssCtZ2Qnk_RSOvyOmd8ZoA_-20.38327711_-43.48355708,2573-180-83.4364.png,83.4364
2331_ssCtZ2Qnk_RSOvyOmd8ZoA_-20.38327711_-43.48355708,2573-270-83.4364.png,83.4364
450_TduAKwdsm1IWguL8OWMQSg_15.27833849_-92.68521477,2574-0-77.2044.png,77.2044
450_TduAKwdsm1IWguL8OWMQSg_15.27833849_-92.68521477,2574-90-77.2044.png,77.2044
450_TduAKwdsm1IWguL8OWMQSg_15.27833849_-92.68521477,2574-180-77.2044.png,77.2044
450_TduAKwdsm1IWguL8OWMQSg_15.27833849_-92.68521477,2574-270-77.2044.png,77.2044
794_42qR2tSlRd3waonzTTooRA_34.89000375_-117.10668522,2575-0-38.8401.png,38.8401
794_42qR2tSlRd3waonzTTooRA_34.89000375_-117.10668522,2575-90-38.8401.png,38.8401
794_42qR2tSlRd3waonzTTooRA_34.89000375_-117.10668522,2575-180-38.8401.png,38.8401
794_42qR2tSlRd3waonzTTooRA_34.89000375_-117.10668522,2575-270-38.8401.png,38.8401
1515_fJdWdGZ88AZo8IS-Ob3TLQ_54.18221786_-9.87688054,2576-0-14.981.png,14.981
1515_fJdWdGZ88AZo8IS-Ob3TLQ_54.18221786_-9.87688054,2576-90-14.981.png,14.981
1515_fJdWdGZ88AZo8IS-Ob3TLQ_54.18221786_-9.87688054,2576-180-14.981.png,14.981
1515_fJdWdGZ88AZo8IS-Ob3TLQ_54.18221786_-9.87688054,2576-270-14.981.png,14.981
1816_atFxmy-tRWR7nPogsLVXrg_-8.54620889_114.33199260,2577-0-80.8944.png,80.8944
1816_atFxmy-tRWR7nPogsLVXrg_-8.54620889_114.33199260,2577-90-80.8944.png,80.8944
1816_atFxmy-tRWR7nPogsLVXrg_-8.54620889_114.33199260,2577-180-80.8944.png,80.8944
1816_atFxmy-tRWR7nPogsLVXrg_-8.54620889_114.33199260,2577-270-80.8944.png,80.8944
1805_mfFo-xWCL5rFrCGdcOScNw_24.55429779_87.91272762,2578-0-70.0674.png,70.0674
1805_mfFo-xWCL5rFrCGdcOScNw_24.55429779_87.91272762,2578-90-70.0674.png,70.0674
1805_mfFo-xWCL5rFrCGdcOScNw_24.55429779_87.91272762,2578-180-70.0674.png,70.0674
1805_mfFo-xWCL5rFrCGdcOScNw_24.55429779_87.91272762,2578-270-70.0674.png,70.0674
1571_3qTtzD49M7L9lAS6fkg88g_-33.01374312_-71.55447480,2579-0-23.0039.png,23.0039
1571_3qTtzD49M7L9lAS6fkg88g_-33.01374312_-71.55447480,2579-90-23.0039.png,23.0039
1571_3qTtzD49M7L9lAS6fkg88g_-33.01374312_-71.55447480,2579-180-23.0039.png,23.0039
1571_3qTtzD49M7L9lAS6fkg88g_-33.01374312_-71.55447480,2579-270-23.0039.png,23.0039
1523_DIZfVAvXRE4VmN6XMDYQkA_41.67506148_8.90436937,2580-0-53.4482.png,53.4482
1523_DIZfVAvXRE4VmN6XMDYQkA_41.67506148_8.90436937,2580-90-53.4482.png,53.4482
1523_DIZfVAvXRE4VmN6XMDYQkA_41.67506148_8.90436937,2580-180-53.4482.png,53.4482
1523_DIZfVAvXRE4VmN6XMDYQkA_41.67506148_8.90436937,2580-270-53.4482.png,53.4482
2185_QsI-xW1_w4WxwJMAbcSKQA_44.08096293_-98.63030445,2581-0-16.8568.png,16.8568
2185_QsI-xW1_w4WxwJMAbcSKQA_44.08096293_-98.63030445,2581-90-16.8568.png,16.8568
2185_QsI-xW1_w4WxwJMAbcSKQA_44.08096293_-98.63030445,2581-180-16.8568.png,16.8568
2185_QsI-xW1_w4WxwJMAbcSKQA_44.08096293_-98.63030445,2581-270-16.8568.png,16.8568
840_kfXYU0CWg5X33_1xTwuj9Q_31.70986035_-91.96188047,2582-0-64.0215.png,64.0215
840_kfXYU0CWg5X33_1xTwuj9Q_31.70986035_-91.96188047,2582-90-64.0215.png,64.0215
840_kfXYU0CWg5X33_1xTwuj9Q_31.70986035_-91.96188047,2582-180-64.0215.png,64.0215
840_kfXYU0CWg5X33_1xTwuj9Q_31.70986035_-91.96188047,2582-270-64.0215.png,64.0215
968_kcIZZuaT0OAVhmEnj9PSmA_43.35637376_1.25154135,2583-0-22.2937.png,22.2937
968_kcIZZuaT0OAVhmEnj9PSmA_43.35637376_1.25154135,2583-90-22.2937.png,22.2937
968_kcIZZuaT0OAVhmEnj9PSmA_43.35637376_1.25154135,2583-180-22.2937.png,22.2937
968_kcIZZuaT0OAVhmEnj9PSmA_43.35637376_1.25154135,2583-270-22.2937.png,22.2937
2426_ijWN8u35nxQOW3-VSPRV9Q_33.02065120_-85.53697750,2584-0-38.5279.png,38.5279
2426_ijWN8u35nxQOW3-VSPRV9Q_33.02065120_-85.53697750,2584-90-38.5279.png,38.5279
2426_ijWN8u35nxQOW3-VSPRV9Q_33.02065120_-85.53697750,2584-180-38.5279.png,38.5279
2426_ijWN8u35nxQOW3-VSPRV9Q_33.02065120_-85.53697750,2584-270-38.5279.png,38.5279
3062_sU-HIfhd3bi0jtkPBOh1EQ_-33.95414230_136.24641018,2585-0-30.2935.png,30.2935
3062_sU-HIfhd3bi0jtkPBOh1EQ_-33.95414230_136.24641018,2585-90-30.2935.png,30.2935
3062_sU-HIfhd3bi0jtkPBOh1EQ_-33.95414230_136.24641018,2585-180-30.2935.png,30.2935
3062_sU-HIfhd3bi0jtkPBOh1EQ_-33.95414230_136.24641018,2585-270-30.2935.png,30.2935
3256_3GXyumIdJywrFBxczPRrJA_42.56289250_-114.46071354,2586-0-18.7433.png,18.7433
3256_3GXyumIdJywrFBxczPRrJA_42.56289250_-114.46071354,2586-90-18.7433.png,18.7433
3256_3GXyumIdJywrFBxczPRrJA_42.56289250_-114.46071354,2586-180-18.7433.png,18.7433
3256_3GXyumIdJywrFBxczPRrJA_42.56289250_-114.46071354,2586-270-18.7433.png,18.7433
2042_i_fAjN9Hz-_rxGRs18WlfQ_49.49364972_7.32729600,2587-0-22.2793.png,22.2793
2042_i_fAjN9Hz-_rxGRs18WlfQ_49.49364972_7.32729600,2587-90-22.2793.png,22.2793
2042_i_fAjN9Hz-_rxGRs18WlfQ_49.49364972_7.32729600,2587-180-22.2793.png,22.2793
2042_i_fAjN9Hz-_rxGRs18WlfQ_49.49364972_7.32729600,2587-270-22.2793.png,22.2793
1325_SxVOX2W8_O-ikDojHTwIAA_53.86624529_-1.91674775,2588-0-34.4624.png,34.4624
1325_SxVOX2W8_O-ikDojHTwIAA_53.86624529_-1.91674775,2588-90-34.4624.png,34.4624
1325_SxVOX2W8_O-ikDojHTwIAA_53.86624529_-1.91674775,2588-180-34.4624.png,34.4624
1325_SxVOX2W8_O-ikDojHTwIAA_53.86624529_-1.91674775,2588-270-34.4624.png,34.4624
590_3wwVm7d0Cq_6Vs7WlQmx7w_43.98486939_-103.48901081,2589-0-47.9607.png,47.9607
590_3wwVm7d0Cq_6Vs7WlQmx7w_43.98486939_-103.48901081,2589-90-47.9607.png,47.9607
590_3wwVm7d0Cq_6Vs7WlQmx7w_43.98486939_-103.48901081,2589-180-47.9607.png,47.9607
590_3wwVm7d0Cq_6Vs7WlQmx7w_43.98486939_-103.48901081,2589-270-47.9607.png,47.9607
2334_InWs6ygdTjWCVEi14ZO-Zw_62.27798091_10.79666080,2590-0-21.0786.png,21.0786
2334_InWs6ygdTjWCVEi14ZO-Zw_62.27798091_10.79666080,2590-90-21.0786.png,21.0786
2334_InWs6ygdTjWCVEi14ZO-Zw_62.27798091_10.79666080,2590-180-21.0786.png,21.0786
2334_InWs6ygdTjWCVEi14ZO-Zw_62.27798091_10.79666080,2590-270-21.0786.png,21.0786
1290_pXH3jMQ2AJs_5XJNmaOE2Q_22.65410697_120.35678916,2591-0-58.0932.png,58.0932
1290_pXH3jMQ2AJs_5XJNmaOE2Q_22.65410697_120.35678916,2591-90-58.0932.png,58.0932
1290_pXH3jMQ2AJs_5XJNmaOE2Q_22.65410697_120.35678916,2591-180-58.0932.png,58.0932
1290_pXH3jMQ2AJs_5XJNmaOE2Q_22.65410697_120.35678916,2591-270-58.0932.png,58.0932
1569_94KQz81EeoQIdu0Vb6nVfg_43.64649461_-73.92391444,2592-0-40.1681.png,40.1681
1569_94KQz81EeoQIdu0Vb6nVfg_43.64649461_-73.92391444,2592-90-40.1681.png,40.1681
1569_94KQz81EeoQIdu0Vb6nVfg_43.64649461_-73.92391444,2592-180-40.1681.png,40.1681
1569_94KQz81EeoQIdu0Vb6nVfg_43.64649461_-73.92391444,2592-270-40.1681.png,40.1681
56_ZZ9N4X0S7dkyImX4VG8c1w_39.67755087_15.88216387,2593-0-20.2891.png,20.2891
56_ZZ9N4X0S7dkyImX4VG8c1w_39.67755087_15.88216387,2593-90-20.2891.png,20.2891
56_ZZ9N4X0S7dkyImX4VG8c1w_39.67755087_15.88216387,2593-180-20.2891.png,20.2891
56_ZZ9N4X0S7dkyImX4VG8c1w_39.67755087_15.88216387,2593-270-20.2891.png,20.2891
305_k2fv0oonHDg16q-W18TpTw_11.09216336_103.90075969,2594-0-63.6982.png,63.6982
305_k2fv0oonHDg16q-W18TpTw_11.09216336_103.90075969,2594-90-63.6982.png,63.6982
305_k2fv0oonHDg16q-W18TpTw_11.09216336_103.90075969,2594-180-63.6982.png,63.6982
305_k2fv0oonHDg16q-W18TpTw_11.09216336_103.90075969,2594-270-63.6982.png,63.6982
370_ETTqe8EM50gEMWQaKMVmmQ_42.14251060_-7.06335256,2595-0-69.143.png,69.143
370_ETTqe8EM50gEMWQaKMVmmQ_42.14251060_-7.06335256,2595-90-69.143.png,69.143
370_ETTqe8EM50gEMWQaKMVmmQ_42.14251060_-7.06335256,2595-180-69.143.png,69.143
370_ETTqe8EM50gEMWQaKMVmmQ_42.14251060_-7.06335256,2595-270-69.143.png,69.143
872_qQ2O2O2Wma74IBYMWdvrQw_-33.91666688_151.03319853,2596-0-45.6666.png,45.6666
872_qQ2O2O2Wma74IBYMWdvrQw_-33.91666688_151.03319853,2596-90-45.6666.png,45.6666
872_qQ2O2O2Wma74IBYMWdvrQw_-33.91666688_151.03319853,2596-180-45.6666.png,45.6666
872_qQ2O2O2Wma74IBYMWdvrQw_-33.91666688_151.03319853,2596-270-45.6666.png,45.6666
1792_Gmeiubn39piw_xuHGsgzuw_42.82811395_-6.11275326,2597-0-30.5618.png,30.5618
1792_Gmeiubn39piw_xuHGsgzuw_42.82811395_-6.11275326,2597-90-30.5618.png,30.5618
1792_Gmeiubn39piw_xuHGsgzuw_42.82811395_-6.11275326,2597-180-30.5618.png,30.5618
1792_Gmeiubn39piw_xuHGsgzuw_42.82811395_-6.11275326,2597-270-30.5618.png,30.5618
1161_fiTM1xXFPrW2OCP-KsNdkw_37.26785901_-97.76318409,2598-0-29.3987.png,29.3987
1161_fiTM1xXFPrW2OCP-KsNdkw_37.26785901_-97.76318409,2598-90-29.3987.png,29.3987
1161_fiTM1xXFPrW2OCP-KsNdkw_37.26785901_-97.76318409,2598-180-29.3987.png,29.3987
1161_fiTM1xXFPrW2OCP-KsNdkw_37.26785901_-97.76318409,2598-270-29.3987.png,29.3987
290_25MbL3CinZhQPazIki4YxQ_17.23283458_74.39558018,2599-0-32.2186.png,32.2186
290_25MbL3CinZhQPazIki4YxQ_17.23283458_74.39558018,2599-90-32.2186.png,32.2186
290_25MbL3CinZhQPazIki4YxQ_17.23283458_74.39558018,2599-180-32.2186.png,32.2186
290_25MbL3CinZhQPazIki4YxQ_17.23283458_74.39558018,2599-270-32.2186.png,32.2186
1413_fCqUvX59J3JLVXYT5m1gWw_50.63621061_13.75488986,2600-0-31.3766.png,31.3766
1413_fCqUvX59J3JLVXYT5m1gWw_50.63621061_13.75488986,2600-90-31.3766.png,31.3766
1413_fCqUvX59J3JLVXYT5m1gWw_50.63621061_13.75488986,2600-180-31.3766.png,31.3766
1413_fCqUvX59J3JLVXYT5m1gWw_50.63621061_13.75488986,2600-270-31.3766.png,31.3766
2016_ppMHxTrUN0-vWoH5slnDbA_39.97281560_-98.37181396,2601-0-58.8173.png,58.8173
2016_ppMHxTrUN0-vWoH5slnDbA_39.97281560_-98.37181396,2601-90-58.8173.png,58.8173
2016_ppMHxTrUN0-vWoH5slnDbA_39.97281560_-98.37181396,2601-180-58.8173.png,58.8173
2016_ppMHxTrUN0-vWoH5slnDbA_39.97281560_-98.37181396,2601-270-58.8173.png,58.8173
1655_8M23I6ywxe7uDp2ql0Uw3w_23.29604560_121.43268919,2602-0-24.7914.png,24.7914
1655_8M23I6ywxe7uDp2ql0Uw3w_23.29604560_121.43268919,2602-90-24.7914.png,24.7914
1655_8M23I6ywxe7uDp2ql0Uw3w_23.29604560_121.43268919,2602-180-24.7914.png,24.7914
1655_8M23I6ywxe7uDp2ql0Uw3w_23.29604560_121.43268919,2602-270-24.7914.png,24.7914
2996_Xy8Qw53KOfJjX_vk9y5Z2Q_37.75383891_14.10402401,2603-0-62.2248.png,62.2248
2996_Xy8Qw53KOfJjX_vk9y5Z2Q_37.75383891_14.10402401,2603-90-62.2248.png,62.2248
2996_Xy8Qw53KOfJjX_vk9y5Z2Q_37.75383891_14.10402401,2603-180-62.2248.png,62.2248
2996_Xy8Qw53KOfJjX_vk9y5Z2Q_37.75383891_14.10402401,2603-270-62.2248.png,62.2248
128_RCGI5mvak7Ly83Hbct28aw_44.94412257_4.73007454,2604-0-23.8424.png,23.8424
128_RCGI5mvak7Ly83Hbct28aw_44.94412257_4.73007454,2604-90-23.8424.png,23.8424
128_RCGI5mvak7Ly83Hbct28aw_44.94412257_4.73007454,2604-180-23.8424.png,23.8424
128_RCGI5mvak7Ly83Hbct28aw_44.94412257_4.73007454,2604-270-23.8424.png,23.8424
283_1D48hJ4h1psj0jK4elIYqw_2.17902509_-74.77751227,2605-0-80.5835.png,80.5835
283_1D48hJ4h1psj0jK4elIYqw_2.17902509_-74.77751227,2605-90-80.5835.png,80.5835
283_1D48hJ4h1psj0jK4elIYqw_2.17902509_-74.77751227,2605-180-80.5835.png,80.5835
283_1D48hJ4h1psj0jK4elIYqw_2.17902509_-74.77751227,2605-270-80.5835.png,80.5835
411_sIAXvpegxJIHRNyQALir9w_43.67523033_-114.31255883,2606-0-76.6057.png,76.6057
411_sIAXvpegxJIHRNyQALir9w_43.67523033_-114.31255883,2606-90-76.6057.png,76.6057
411_sIAXvpegxJIHRNyQALir9w_43.67523033_-114.31255883,2606-180-76.6057.png,76.6057
411_sIAXvpegxJIHRNyQALir9w_43.67523033_-114.31255883,2606-270-76.6057.png,76.6057
716_TLrAwNjoJu1OXnn_rzG9Rg_42.00065234_8.91707507,2607-0-42.5094.png,42.5094
716_TLrAwNjoJu1OXnn_rzG9Rg_42.00065234_8.91707507,2607-90-42.5094.png,42.5094
716_TLrAwNjoJu1OXnn_rzG9Rg_42.00065234_8.91707507,2607-180-42.5094.png,42.5094
716_TLrAwNjoJu1OXnn_rzG9Rg_42.00065234_8.91707507,2607-270-42.5094.png,42.5094
548_tKrjZBTJEMjq9xpEPdQf6Q_-22.16981433_-46.51861095,2608-0-32.9387.png,32.9387
548_tKrjZBTJEMjq9xpEPdQf6Q_-22.16981433_-46.51861095,2608-90-32.9387.png,32.9387
548_tKrjZBTJEMjq9xpEPdQf6Q_-22.16981433_-46.51861095,2608-180-32.9387.png,32.9387
548_tKrjZBTJEMjq9xpEPdQf6Q_-22.16981433_-46.51861095,2608-270-32.9387.png,32.9387
2681_4q4rpW2NrXMZblZw0HFt2Q_39.09752698_-84.65823426,2609-0-22.512.png,22.512
2681_4q4rpW2NrXMZblZw0HFt2Q_39.09752698_-84.65823426,2609-90-22.512.png,22.512
2681_4q4rpW2NrXMZblZw0HFt2Q_39.09752698_-84.65823426,2609-180-22.512.png,22.512
2681_4q4rpW2NrXMZblZw0HFt2Q_39.09752698_-84.65823426,2609-270-22.512.png,22.512
1258_jC2Zx2rGhgRNecHUoMDXvg_57.72289229_11.94540469,2610-0-45.518.png,45.518
1258_jC2Zx2rGhgRNecHUoMDXvg_57.72289229_11.94540469,2610-90-45.518.png,45.518
1258_jC2Zx2rGhgRNecHUoMDXvg_57.72289229_11.94540469,2610-180-45.518.png,45.518
1258_jC2Zx2rGhgRNecHUoMDXvg_57.72289229_11.94540469,2610-270-45.518.png,45.518
3419_NXWQnWSZp0WYfUuMbV0JKg_44.57450731_-78.79409210,2611-0-36.1769.png,36.1769
3419_NXWQnWSZp0WYfUuMbV0JKg_44.57450731_-78.79409210,2611-90-36.1769.png,36.1769
3419_NXWQnWSZp0WYfUuMbV0JKg_44.57450731_-78.79409210,2611-180-36.1769.png,36.1769
3419_NXWQnWSZp0WYfUuMbV0JKg_44.57450731_-78.79409210,2611-270-36.1769.png,36.1769
3346_F21k4wUJiOEKyt-XLkdxAw_55.85417468_11.99886151,2612-0-39.6996.png,39.6996
3346_F21k4wUJiOEKyt-XLkdxAw_55.85417468_11.99886151,2612-90-39.6996.png,39.6996
3346_F21k4wUJiOEKyt-XLkdxAw_55.85417468_11.99886151,2612-180-39.6996.png,39.6996
3346_F21k4wUJiOEKyt-XLkdxAw_55.85417468_11.99886151,2612-270-39.6996.png,39.6996
1920_ZOiut3pPGoc3M2KMZ6QryQ_41.15689714_-86.27059227,2613-0-38.9753.png,38.9753
1920_ZOiut3pPGoc3M2KMZ6QryQ_41.15689714_-86.27059227,2613-90-38.9753.png,38.9753
1920_ZOiut3pPGoc3M2KMZ6QryQ_41.15689714_-86.27059227,2613-180-38.9753.png,38.9753
1920_ZOiut3pPGoc3M2KMZ6QryQ_41.15689714_-86.27059227,2613-270-38.9753.png,38.9753
2344_FbypT7x7MGMilMp-agunVw_48.39114518_-123.66717192,2614-0-20.3618.png,20.3618
2344_FbypT7x7MGMilMp-agunVw_48.39114518_-123.66717192,2614-90-20.3618.png,20.3618
2344_FbypT7x7MGMilMp-agunVw_48.39114518_-123.66717192,2614-180-20.3618.png,20.3618
2344_FbypT7x7MGMilMp-agunVw_48.39114518_-123.66717192,2614-270-20.3618.png,20.3618
2885_sj58h5yVe1J0unlZ-G9GuA_35.40272165_24.74859995,2615-0-43.3739.png,43.3739
2885_sj58h5yVe1J0unlZ-G9GuA_35.40272165_24.74859995,2615-90-43.3739.png,43.3739
2885_sj58h5yVe1J0unlZ-G9GuA_35.40272165_24.74859995,2615-180-43.3739.png,43.3739
2885_sj58h5yVe1J0unlZ-G9GuA_35.40272165_24.74859995,2615-270-43.3739.png,43.3739
124_Un25KfSjj8WszTO04t0Ffw_12.64888046_78.71115180,2616-0-55.2388.png,55.2388
124_Un25KfSjj8WszTO04t0Ffw_12.64888046_78.71115180,2616-90-55.2388.png,55.2388
124_Un25KfSjj8WszTO04t0Ffw_12.64888046_78.71115180,2616-180-55.2388.png,55.2388
124_Un25KfSjj8WszTO04t0Ffw_12.64888046_78.71115180,2616-270-55.2388.png,55.2388
2470_RJ38VIPH8cXXifHvlT3HDA_44.38043399_-0.01853220,2617-0-44.2259.png,44.2259
2470_RJ38VIPH8cXXifHvlT3HDA_44.38043399_-0.01853220,2617-90-44.2259.png,44.2259
2470_RJ38VIPH8cXXifHvlT3HDA_44.38043399_-0.01853220,2617-180-44.2259.png,44.2259
2470_RJ38VIPH8cXXifHvlT3HDA_44.38043399_-0.01853220,2617-270-44.2259.png,44.2259
626_gKGHqq0gIX6851VoYCbsTQ_37.35241066_136.75772916,2618-0-43.8231.png,43.8231
626_gKGHqq0gIX6851VoYCbsTQ_37.35241066_136.75772916,2618-90-43.8231.png,43.8231
626_gKGHqq0gIX6851VoYCbsTQ_37.35241066_136.75772916,2618-180-43.8231.png,43.8231
626_gKGHqq0gIX6851VoYCbsTQ_37.35241066_136.75772916,2618-270-43.8231.png,43.8231
507_HkJB19p9aNIiOeV2l7dinA_40.41624990_-97.72396238,2619-0-37.1514.png,37.1514
507_HkJB19p9aNIiOeV2l7dinA_40.41624990_-97.72396238,2619-90-37.1514.png,37.1514
507_HkJB19p9aNIiOeV2l7dinA_40.41624990_-97.72396238,2619-180-37.1514.png,37.1514
507_HkJB19p9aNIiOeV2l7dinA_40.41624990_-97.72396238,2619-270-37.1514.png,37.1514
872_RL_CCHb1Jv2suGxk-oh3xg_46.98149645_21.70896479,2620-0-41.324.png,41.324
872_RL_CCHb1Jv2suGxk-oh3xg_46.98149645_21.70896479,2620-90-41.324.png,41.324
872_RL_CCHb1Jv2suGxk-oh3xg_46.98149645_21.70896479,2620-180-41.324.png,41.324
872_RL_CCHb1Jv2suGxk-oh3xg_46.98149645_21.70896479,2620-270-41.324.png,41.324
1840_sUnMipfV8AZkD5aO9rSj2A_51.55800285_10.63513190,2621-0-17.1398.png,17.1398
1840_sUnMipfV8AZkD5aO9rSj2A_51.55800285_10.63513190,2621-90-17.1398.png,17.1398
1840_sUnMipfV8AZkD5aO9rSj2A_51.55800285_10.63513190,2621-180-17.1398.png,17.1398
1840_sUnMipfV8AZkD5aO9rSj2A_51.55800285_10.63513190,2621-270-17.1398.png,17.1398
2641_09ywhDc1uK7sFzRh5rcMJA_19.45504341_76.44097244,2622-0-44.217.png,44.217
2641_09ywhDc1uK7sFzRh5rcMJA_19.45504341_76.44097244,2622-90-44.217.png,44.217
2641_09ywhDc1uK7sFzRh5rcMJA_19.45504341_76.44097244,2622-180-44.217.png,44.217
2641_09ywhDc1uK7sFzRh5rcMJA_19.45504341_76.44097244,2622-270-44.217.png,44.217
1847_D5fPiEp29VUdsVZy3jmxvQ_30.84667321_-93.28693468,2623-0-40.0921.png,40.0921
1847_D5fPiEp29VUdsVZy3jmxvQ_30.84667321_-93.28693468,2623-90-40.0921.png,40.0921
1847_D5fPiEp29VUdsVZy3jmxvQ_30.84667321_-93.28693468,2623-180-40.0921.png,40.0921
1847_D5fPiEp29VUdsVZy3jmxvQ_30.84667321_-93.28693468,2623-270-40.0921.png,40.0921
2611_UCUaW6rv6vn3fknWdt9U9w_31.10353664_-98.19359916,2624-0-12.8133.png,12.8133
2611_UCUaW6rv6vn3fknWdt9U9w_31.10353664_-98.19359916,2624-90-12.8133.png,12.8133
2611_UCUaW6rv6vn3fknWdt9U9w_31.10353664_-98.19359916,2624-180-12.8133.png,12.8133
2611_UCUaW6rv6vn3fknWdt9U9w_31.10353664_-98.19359916,2624-270-12.8133.png,12.8133
104_snnv8hRyqYxhZkwH3BkuyQ_56.04011421_12.17914545,2625-0-51.8892.png,51.8892
104_snnv8hRyqYxhZkwH3BkuyQ_56.04011421_12.17914545,2625-90-51.8892.png,51.8892
104_snnv8hRyqYxhZkwH3BkuyQ_56.04011421_12.17914545,2625-180-51.8892.png,51.8892
104_snnv8hRyqYxhZkwH3BkuyQ_56.04011421_12.17914545,2625-270-51.8892.png,51.8892
1028_n2T8GV2xL2CXiAcT4z2FgQ_36.70564138_-99.89708651,2626-0-57.5146.png,57.5146
1028_n2T8GV2xL2CXiAcT4z2FgQ_36.70564138_-99.89708651,2626-90-57.5146.png,57.5146
1028_n2T8GV2xL2CXiAcT4z2FgQ_36.70564138_-99.89708651,2626-180-57.5146.png,57.5146
1028_n2T8GV2xL2CXiAcT4z2FgQ_36.70564138_-99.89708651,2626-270-57.5146.png,57.5146
418_A-k0duWxWTfYbQ4uAoNbIw_26.91887688_83.60880874,2627-0-75.6161.png,75.6161
418_A-k0duWxWTfYbQ4uAoNbIw_26.91887688_83.60880874,2627-90-75.6161.png,75.6161
418_A-k0duWxWTfYbQ4uAoNbIw_26.91887688_83.60880874,2627-180-75.6161.png,75.6161
418_A-k0duWxWTfYbQ4uAoNbIw_26.91887688_83.60880874,2627-270-75.6161.png,75.6161
1112_VJoCwVazqnkDAWfNxiV3PA_12.27940747_105.25671327,2628-0-47.5309.png,47.5309
1112_VJoCwVazqnkDAWfNxiV3PA_12.27940747_105.25671327,2628-90-47.5309.png,47.5309
1112_VJoCwVazqnkDAWfNxiV3PA_12.27940747_105.25671327,2628-180-47.5309.png,47.5309
1112_VJoCwVazqnkDAWfNxiV3PA_12.27940747_105.25671327,2628-270-47.5309.png,47.5309
2634_okbbI7yM-4EkIGQgivUHVw_27.85829450_-15.39403793,2629-0-54.6968.png,54.6968
2634_okbbI7yM-4EkIGQgivUHVw_27.85829450_-15.39403793,2629-90-54.6968.png,54.6968
2634_okbbI7yM-4EkIGQgivUHVw_27.85829450_-15.39403793,2629-180-54.6968.png,54.6968
2634_okbbI7yM-4EkIGQgivUHVw_27.85829450_-15.39403793,2629-270-54.6968.png,54.6968
2415_annAdIGDEDnYI_zaiKAc5w_-22.95182471_-44.03853575,2630-0-81.9501.png,81.9501
2415_annAdIGDEDnYI_zaiKAc5w_-22.95182471_-44.03853575,2630-90-81.9501.png,81.9501
2415_annAdIGDEDnYI_zaiKAc5w_-22.95182471_-44.03853575,2630-180-81.9501.png,81.9501
2415_annAdIGDEDnYI_zaiKAc5w_-22.95182471_-44.03853575,2630-270-81.9501.png,81.9501
113_SZwOHmw6HmI-nwZeeC4iCg_42.39200277_-90.24650124,2631-0-36.1682.png,36.1682
113_SZwOHmw6HmI-nwZeeC4iCg_42.39200277_-90.24650124,2631-90-36.1682.png,36.1682
113_SZwOHmw6HmI-nwZeeC4iCg_42.39200277_-90.24650124,2631-180-36.1682.png,36.1682
113_SZwOHmw6HmI-nwZeeC4iCg_42.39200277_-90.24650124,2631-270-36.1682.png,36.1682
1423_8j3LrnUu9urwJjuU_R3ZTg_-9.45996122_-47.32870608,2632-0-61.1968.png,61.1968
1423_8j3LrnUu9urwJjuU_R3ZTg_-9.45996122_-47.32870608,2632-90-61.1968.png,61.1968
1423_8j3LrnUu9urwJjuU_R3ZTg_-9.45996122_-47.32870608,2632-180-61.1968.png,61.1968
1423_8j3LrnUu9urwJjuU_R3ZTg_-9.45996122_-47.32870608,2632-270-61.1968.png,61.1968
1774_K3ZNaExRskX3kNUgCAVfYw_26.79040030_82.20693152,2633-0-54.4802.png,54.4802
1774_K3ZNaExRskX3kNUgCAVfYw_26.79040030_82.20693152,2633-90-54.4802.png,54.4802
1774_K3ZNaExRskX3kNUgCAVfYw_26.79040030_82.20693152,2633-180-54.4802.png,54.4802
1774_K3ZNaExRskX3kNUgCAVfYw_26.79040030_82.20693152,2633-270-54.4802.png,54.4802
746_K0d8rwFVXbA2LcqzVqv5iQ_43.91919806_7.77243949,2634-0-13.8791.png,13.8791
746_K0d8rwFVXbA2LcqzVqv5iQ_43.91919806_7.77243949,2634-90-13.8791.png,13.8791
746_K0d8rwFVXbA2LcqzVqv5iQ_43.91919806_7.77243949,2634-180-13.8791.png,13.8791
746_K0d8rwFVXbA2LcqzVqv5iQ_43.91919806_7.77243949,2634-270-13.8791.png,13.8791
75_6sJ0jlQxdfbW9z_jzxoeNQ_48.78016318_15.03593645,2635-0-32.3317.png,32.3317
75_6sJ0jlQxdfbW9z_jzxoeNQ_48.78016318_15.03593645,2635-90-32.3317.png,32.3317
75_6sJ0jlQxdfbW9z_jzxoeNQ_48.78016318_15.03593645,2635-180-32.3317.png,32.3317
75_6sJ0jlQxdfbW9z_jzxoeNQ_48.78016318_15.03593645,2635-270-32.3317.png,32.3317
3413_bVpvH1MHYx94PSmeAzv2jg_48.60472823_10.45631089,2636-0-64.9598.png,64.9598
3413_bVpvH1MHYx94PSmeAzv2jg_48.60472823_10.45631089,2636-90-64.9598.png,64.9598
3413_bVpvH1MHYx94PSmeAzv2jg_48.60472823_10.45631089,2636-180-64.9598.png,64.9598
3413_bVpvH1MHYx94PSmeAzv2jg_48.60472823_10.45631089,2636-270-64.9598.png,64.9598
95_8vs6cNSz8SqT8vVL4vCUqQ_33.60950256_-87.08958836,2637-0-46.645.png,46.645
95_8vs6cNSz8SqT8vVL4vCUqQ_33.60950256_-87.08958836,2637-90-46.645.png,46.645
95_8vs6cNSz8SqT8vVL4vCUqQ_33.60950256_-87.08958836,2637-180-46.645.png,46.645
95_8vs6cNSz8SqT8vVL4vCUqQ_33.60950256_-87.08958836,2637-270-46.645.png,46.645
356_-w6y9Ca6nwUqfpt8Goas9A_42.02278177_-93.54086984,2638-0-84.252.png,84.252
356_-w6y9Ca6nwUqfpt8Goas9A_42.02278177_-93.54086984,2638-90-84.252.png,84.252
356_-w6y9Ca6nwUqfpt8Goas9A_42.02278177_-93.54086984,2638-180-84.252.png,84.252
356_-w6y9Ca6nwUqfpt8Goas9A_42.02278177_-93.54086984,2638-270-84.252.png,84.252
231_j426GOsk1ipYoUQk_DdVhw_44.39599979_-122.46390273,2639-0-63.6408.png,63.6408
231_j426GOsk1ipYoUQk_DdVhw_44.39599979_-122.46390273,2639-90-63.6408.png,63.6408
231_j426GOsk1ipYoUQk_DdVhw_44.39599979_-122.46390273,2639-180-63.6408.png,63.6408
231_j426GOsk1ipYoUQk_DdVhw_44.39599979_-122.46390273,2639-270-63.6408.png,63.6408
1605_A25TRdrdXo9XDG8MnTXUUA_20.38928782_-96.93801809,2640-0-43.3679.png,43.3679
1605_A25TRdrdXo9XDG8MnTXUUA_20.38928782_-96.93801809,2640-90-43.3679.png,43.3679
1605_A25TRdrdXo9XDG8MnTXUUA_20.38928782_-96.93801809,2640-180-43.3679.png,43.3679
1605_A25TRdrdXo9XDG8MnTXUUA_20.38928782_-96.93801809,2640-270-43.3679.png,43.3679
228_oHmaR1-wgMakOcEMeVqeyw_-23.97800679_-46.38160189,2641-0-66.9647.png,66.9647
228_oHmaR1-wgMakOcEMeVqeyw_-23.97800679_-46.38160189,2641-90-66.9647.png,66.9647
228_oHmaR1-wgMakOcEMeVqeyw_-23.97800679_-46.38160189,2641-180-66.9647.png,66.9647
228_oHmaR1-wgMakOcEMeVqeyw_-23.97800679_-46.38160189,2641-270-66.9647.png,66.9647
1106_6L3RH0WXfUAzH8aPLr1rkA_63.29447409_9.84442952,2642-0-49.6045.png,49.6045
1106_6L3RH0WXfUAzH8aPLr1rkA_63.29447409_9.84442952,2642-90-49.6045.png,49.6045
1106_6L3RH0WXfUAzH8aPLr1rkA_63.29447409_9.84442952,2642-180-49.6045.png,49.6045
1106_6L3RH0WXfUAzH8aPLr1rkA_63.29447409_9.84442952,2642-270-49.6045.png,49.6045
1598_c_5feavvlUHKmIe8vsw8-w_45.61338737_-108.92560929,2643-0-45.1474.png,45.1474
1598_c_5feavvlUHKmIe8vsw8-w_45.61338737_-108.92560929,2643-90-45.1474.png,45.1474
1598_c_5feavvlUHKmIe8vsw8-w_45.61338737_-108.92560929,2643-180-45.1474.png,45.1474
1598_c_5feavvlUHKmIe8vsw8-w_45.61338737_-108.92560929,2643-270-45.1474.png,45.1474
707_owSzj_9zi9I93ghEtPdpXw_-20.47218291_-45.95726008,2644-0-35.7794.png,35.7794
707_owSzj_9zi9I93ghEtPdpXw_-20.47218291_-45.95726008,2644-90-35.7794.png,35.7794
707_owSzj_9zi9I93ghEtPdpXw_-20.47218291_-45.95726008,2644-180-35.7794.png,35.7794
707_owSzj_9zi9I93ghEtPdpXw_-20.47218291_-45.95726008,2644-270-35.7794.png,35.7794
83_SJvLo1hRoY6adSF0dUBn7Q_42.34962421_-97.79167258,2645-0-46.2509.png,46.2509
83_SJvLo1hRoY6adSF0dUBn7Q_42.34962421_-97.79167258,2645-90-46.2509.png,46.2509
83_SJvLo1hRoY6adSF0dUBn7Q_42.34962421_-97.79167258,2645-180-46.2509.png,46.2509
83_SJvLo1hRoY6adSF0dUBn7Q_42.34962421_-97.79167258,2645-270-46.2509.png,46.2509
2023_GL_tzRW5yteyA__lNn2NTw_24.51629180_78.70883868,2646-0-24.1628.png,24.1628
2023_GL_tzRW5yteyA__lNn2NTw_24.51629180_78.70883868,2646-90-24.1628.png,24.1628
2023_GL_tzRW5yteyA__lNn2NTw_24.51629180_78.70883868,2646-180-24.1628.png,24.1628
2023_GL_tzRW5yteyA__lNn2NTw_24.51629180_78.70883868,2646-270-24.1628.png,24.1628
894_z94fmbPSyJQ6rYLaYi2acA_45.50078768_6.50970627,2647-0-34.2123.png,34.2123
894_z94fmbPSyJQ6rYLaYi2acA_45.50078768_6.50970627,2647-90-34.2123.png,34.2123
894_z94fmbPSyJQ6rYLaYi2acA_45.50078768_6.50970627,2647-180-34.2123.png,34.2123
894_z94fmbPSyJQ6rYLaYi2acA_45.50078768_6.50970627,2647-270-34.2123.png,34.2123
788_WzHJkm9jB_OYsHzMqXHoNA_24.24748808_121.71658295,2648-0-23.2686.png,23.2686
788_WzHJkm9jB_OYsHzMqXHoNA_24.24748808_121.71658295,2648-90-23.2686.png,23.2686
788_WzHJkm9jB_OYsHzMqXHoNA_24.24748808_121.71658295,2648-180-23.2686.png,23.2686
788_WzHJkm9jB_OYsHzMqXHoNA_24.24748808_121.71658295,2648-270-23.2686.png,23.2686
3398_r1wU8IUamLcin2b4D24LHQ_18.91344300_-99.15253214,2649-0-25.367.png,25.367
3398_r1wU8IUamLcin2b4D24LHQ_18.91344300_-99.15253214,2649-90-25.367.png,25.367
3398_r1wU8IUamLcin2b4D24LHQ_18.91344300_-99.15253214,2649-180-25.367.png,25.367
3398_r1wU8IUamLcin2b4D24LHQ_18.91344300_-99.15253214,2649-270-25.367.png,25.367
1649_XcxOvyXlNwFLy9WumOrVjQ_51.36594325_48.29993255,2650-0-22.1198.png,22.1198
1649_XcxOvyXlNwFLy9WumOrVjQ_51.36594325_48.29993255,2650-90-22.1198.png,22.1198
1649_XcxOvyXlNwFLy9WumOrVjQ_51.36594325_48.29993255,2650-180-22.1198.png,22.1198
1649_XcxOvyXlNwFLy9WumOrVjQ_51.36594325_48.29993255,2650-270-22.1198.png,22.1198
1493_d4BHqhvGDuUEsBBvAPMKTA_-6.30431818_108.33593455,2651-0-66.1048.png,66.1048
1493_d4BHqhvGDuUEsBBvAPMKTA_-6.30431818_108.33593455,2651-90-66.1048.png,66.1048
1493_d4BHqhvGDuUEsBBvAPMKTA_-6.30431818_108.33593455,2651-180-66.1048.png,66.1048
1493_d4BHqhvGDuUEsBBvAPMKTA_-6.30431818_108.33593455,2651-270-66.1048.png,66.1048
961_RYu8tETopq5vF7LufB4FVw_38.72859713_42.41626809,2652-0-24.6929.png,24.6929
961_RYu8tETopq5vF7LufB4FVw_38.72859713_42.41626809,2652-90-24.6929.png,24.6929
961_RYu8tETopq5vF7LufB4FVw_38.72859713_42.41626809,2652-180-24.6929.png,24.6929
961_RYu8tETopq5vF7LufB4FVw_38.72859713_42.41626809,2652-270-24.6929.png,24.6929
803_95us7Knc_myt2lNcZzWz_w_41.13654520_-81.60550741,2653-0-88.5321.png,88.5321
803_95us7Knc_myt2lNcZzWz_w_41.13654520_-81.60550741,2653-90-88.5321.png,88.5321
803_95us7Knc_myt2lNcZzWz_w_41.13654520_-81.60550741,2653-180-88.5321.png,88.5321
803_95us7Knc_myt2lNcZzWz_w_41.13654520_-81.60550741,2653-270-88.5321.png,88.5321
184_2ETG_BTGyn8BhIFAlx8g2g_-36.99711487_-73.15800422,2654-0-58.5599.png,58.5599
184_2ETG_BTGyn8BhIFAlx8g2g_-36.99711487_-73.15800422,2654-90-58.5599.png,58.5599
184_2ETG_BTGyn8BhIFAlx8g2g_-36.99711487_-73.15800422,2654-180-58.5599.png,58.5599
184_2ETG_BTGyn8BhIFAlx8g2g_-36.99711487_-73.15800422,2654-270-58.5599.png,58.5599
469_KQptIf-hW-Ousr0IqEfTtQ_-37.95035965_141.75040701,2655-0-25.5011.png,25.5011
469_KQptIf-hW-Ousr0IqEfTtQ_-37.95035965_141.75040701,2655-90-25.5011.png,25.5011
469_KQptIf-hW-Ousr0IqEfTtQ_-37.95035965_141.75040701,2655-180-25.5011.png,25.5011
469_KQptIf-hW-Ousr0IqEfTtQ_-37.95035965_141.75040701,2655-270-25.5011.png,25.5011
164_78OCcvKnoTjoF5RFTSYUsQ_-39.84863194_176.43013130,2656-0-46.7075.png,46.7075
164_78OCcvKnoTjoF5RFTSYUsQ_-39.84863194_176.43013130,2656-90-46.7075.png,46.7075
164_78OCcvKnoTjoF5RFTSYUsQ_-39.84863194_176.43013130,2656-180-46.7075.png,46.7075
164_78OCcvKnoTjoF5RFTSYUsQ_-39.84863194_176.43013130,2656-270-46.7075.png,46.7075
1931_YQFe67mDWwAeGzpp1qcqWA_46.55685214_-66.12549022,2657-0-42.2182.png,42.2182
1931_YQFe67mDWwAeGzpp1qcqWA_46.55685214_-66.12549022,2657-90-42.2182.png,42.2182
1931_YQFe67mDWwAeGzpp1qcqWA_46.55685214_-66.12549022,2657-180-42.2182.png,42.2182
1931_YQFe67mDWwAeGzpp1qcqWA_46.55685214_-66.12549022,2657-270-42.2182.png,42.2182
1783_ZagLdfpTCz4p6YfoOyRvrw_34.32382880_-78.72571630,2658-0-34.3134.png,34.3134
1783_ZagLdfpTCz4p6YfoOyRvrw_34.32382880_-78.72571630,2658-90-34.3134.png,34.3134
1783_ZagLdfpTCz4p6YfoOyRvrw_34.32382880_-78.72571630,2658-180-34.3134.png,34.3134
1783_ZagLdfpTCz4p6YfoOyRvrw_34.32382880_-78.72571630,2658-270-34.3134.png,34.3134
687_qQLLPQ6aQkRkSpLG4acv1w_61.44007250_46.22590590,2659-0-25.794.png,25.794
687_qQLLPQ6aQkRkSpLG4acv1w_61.44007250_46.22590590,2659-90-25.794.png,25.794
687_qQLLPQ6aQkRkSpLG4acv1w_61.44007250_46.22590590,2659-180-25.794.png,25.794
687_qQLLPQ6aQkRkSpLG4acv1w_61.44007250_46.22590590,2659-270-25.794.png,25.794
1584_mX6b-mf6g2nSQ8mnXG9z1g_31.84410955_-99.41006055,2660-0-58.0354.png,58.0354
1584_mX6b-mf6g2nSQ8mnXG9z1g_31.84410955_-99.41006055,2660-90-58.0354.png,58.0354
1584_mX6b-mf6g2nSQ8mnXG9z1g_31.84410955_-99.41006055,2660-180-58.0354.png,58.0354
1584_mX6b-mf6g2nSQ8mnXG9z1g_31.84410955_-99.41006055,2660-270-58.0354.png,58.0354
1949_jxhd0WeqSgCGg0axJYG53A_46.53683411_-98.46771413,2661-0-69.4391.png,69.4391
1949_jxhd0WeqSgCGg0axJYG53A_46.53683411_-98.46771413,2661-90-69.4391.png,69.4391
1949_jxhd0WeqSgCGg0axJYG53A_46.53683411_-98.46771413,2661-180-69.4391.png,69.4391
1949_jxhd0WeqSgCGg0axJYG53A_46.53683411_-98.46771413,2661-270-69.4391.png,69.4391
601_PEksm8LcUiQQ801WfSCavA_-7.35172209_110.97243022,2662-0-84.7924.png,84.7924
601_PEksm8LcUiQQ801WfSCavA_-7.35172209_110.97243022,2662-90-84.7924.png,84.7924
601_PEksm8LcUiQQ801WfSCavA_-7.35172209_110.97243022,2662-180-84.7924.png,84.7924
601_PEksm8LcUiQQ801WfSCavA_-7.35172209_110.97243022,2662-270-84.7924.png,84.7924
1660_S2wR_NIvvj1OUiLacOfCjw_45.86473623_-89.70905693,2663-0-35.5335.png,35.5335
1660_S2wR_NIvvj1OUiLacOfCjw_45.86473623_-89.70905693,2663-90-35.5335.png,35.5335
1660_S2wR_NIvvj1OUiLacOfCjw_45.86473623_-89.70905693,2663-180-35.5335.png,35.5335
1660_S2wR_NIvvj1OUiLacOfCjw_45.86473623_-89.70905693,2663-270-35.5335.png,35.5335
2284_KuhzyPz6ebLmthxXgrM88Q_30.40258380_-89.40579533,2664-0-76.7315.png,76.7315
2284_KuhzyPz6ebLmthxXgrM88Q_30.40258380_-89.40579533,2664-90-76.7315.png,76.7315
2284_KuhzyPz6ebLmthxXgrM88Q_30.40258380_-89.40579533,2664-180-76.7315.png,76.7315
2284_KuhzyPz6ebLmthxXgrM88Q_30.40258380_-89.40579533,2664-270-76.7315.png,76.7315
1488_2K5GXU9VxyleyaoVDg_Uug_41.69158567_-6.27759770,2665-0-24.3335.png,24.3335
1488_2K5GXU9VxyleyaoVDg_Uug_41.69158567_-6.27759770,2665-90-24.3335.png,24.3335
1488_2K5GXU9VxyleyaoVDg_Uug_41.69158567_-6.27759770,2665-180-24.3335.png,24.3335
1488_2K5GXU9VxyleyaoVDg_Uug_41.69158567_-6.27759770,2665-270-24.3335.png,24.3335
1848_kvLFfw3hYhUqk6lMe-mFXg_52.12500740_-106.67830856,2666-0-25.663.png,25.663
1848_kvLFfw3hYhUqk6lMe-mFXg_52.12500740_-106.67830856,2666-90-25.663.png,25.663
1848_kvLFfw3hYhUqk6lMe-mFXg_52.12500740_-106.67830856,2666-180-25.663.png,25.663
1848_kvLFfw3hYhUqk6lMe-mFXg_52.12500740_-106.67830856,2666-270-25.663.png,25.663
140_bKXxl-TdzUrz_J5c7a-A7g_39.59137373_-86.16253025,2667-0-59.5653.png,59.5653
140_bKXxl-TdzUrz_J5c7a-A7g_39.59137373_-86.16253025,2667-90-59.5653.png,59.5653
140_bKXxl-TdzUrz_J5c7a-A7g_39.59137373_-86.16253025,2667-180-59.5653.png,59.5653
140_bKXxl-TdzUrz_J5c7a-A7g_39.59137373_-86.16253025,2667-270-59.5653.png,59.5653
2573_9q-Ep6nViJ3H7CNP3ZxHTA_34.15869260_-118.49325638,2668-0-27.8338.png,27.8338
2573_9q-Ep6nViJ3H7CNP3ZxHTA_34.15869260_-118.49325638,2668-90-27.8338.png,27.8338
2573_9q-Ep6nViJ3H7CNP3ZxHTA_34.15869260_-118.49325638,2668-180-27.8338.png,27.8338
2573_9q-Ep6nViJ3H7CNP3ZxHTA_34.15869260_-118.49325638,2668-270-27.8338.png,27.8338
1350_3kqaC4KOcPOW5lghWfUnvA_46.28636732_1.58781858,2669-0-49.2181.png,49.2181
1350_3kqaC4KOcPOW5lghWfUnvA_46.28636732_1.58781858,2669-90-49.2181.png,49.2181
1350_3kqaC4KOcPOW5lghWfUnvA_46.28636732_1.58781858,2669-180-49.2181.png,49.2181
1350_3kqaC4KOcPOW5lghWfUnvA_46.28636732_1.58781858,2669-270-49.2181.png,49.2181
254_6ETVGr7HBxPU_XzF9ZkgZA_48.09978869_17.96643555,2670-0-50.3706.png,50.3706
254_6ETVGr7HBxPU_XzF9ZkgZA_48.09978869_17.96643555,2670-90-50.3706.png,50.3706
254_6ETVGr7HBxPU_XzF9ZkgZA_48.09978869_17.96643555,2670-180-50.3706.png,50.3706
254_6ETVGr7HBxPU_XzF9ZkgZA_48.09978869_17.96643555,2670-270-50.3706.png,50.3706
1743_TklDZRj8-Q-zkFz84ObTUA_-31.83834822_132.68979743,2671-0-40.0419.png,40.0419
1743_TklDZRj8-Q-zkFz84ObTUA_-31.83834822_132.68979743,2671-90-40.0419.png,40.0419
1743_TklDZRj8-Q-zkFz84ObTUA_-31.83834822_132.68979743,2671-180-40.0419.png,40.0419
1743_TklDZRj8-Q-zkFz84ObTUA_-31.83834822_132.68979743,2671-270-40.0419.png,40.0419
3157_47TJwfuHBpvb_Jb7OaRoIA_34.71469498_-92.23472316,2672-0-53.6824.png,53.6824
3157_47TJwfuHBpvb_Jb7OaRoIA_34.71469498_-92.23472316,2672-90-53.6824.png,53.6824
3157_47TJwfuHBpvb_Jb7OaRoIA_34.71469498_-92.23472316,2672-180-53.6824.png,53.6824
3157_47TJwfuHBpvb_Jb7OaRoIA_34.71469498_-92.23472316,2672-270-53.6824.png,53.6824
1832_s-g92PWD5zyBQZ0ODzRY7Q_-36.18508211_146.46885498,2673-0-62.3569.png,62.3569
1832_s-g92PWD5zyBQZ0ODzRY7Q_-36.18508211_146.46885498,2673-90-62.3569.png,62.3569
1832_s-g92PWD5zyBQZ0ODzRY7Q_-36.18508211_146.46885498,2673-180-62.3569.png,62.3569
1832_s-g92PWD5zyBQZ0ODzRY7Q_-36.18508211_146.46885498,2673-270-62.3569.png,62.3569
327_VtZIRDAW6XZrfgUkLr3REw_-25.85337084_-53.39102334,2674-0-33.268.png,33.268
327_VtZIRDAW6XZrfgUkLr3REw_-25.85337084_-53.39102334,2674-90-33.268.png,33.268
327_VtZIRDAW6XZrfgUkLr3REw_-25.85337084_-53.39102334,2674-180-33.268.png,33.268
327_VtZIRDAW6XZrfgUkLr3REw_-25.85337084_-53.39102334,2674-270-33.268.png,33.268
1304_lN59zjyBSgIHjhgMcgT4-Q_64.88394908_13.56254986,2675-0-36.8989.png,36.8989
1304_lN59zjyBSgIHjhgMcgT4-Q_64.88394908_13.56254986,2675-90-36.8989.png,36.8989
1304_lN59zjyBSgIHjhgMcgT4-Q_64.88394908_13.56254986,2675-180-36.8989.png,36.8989
1304_lN59zjyBSgIHjhgMcgT4-Q_64.88394908_13.56254986,2675-270-36.8989.png,36.8989
597_exIb7i9mOZFmf--QzIkepQ_35.29067885_-98.98890383,2676-0-29.9624.png,29.9624
597_exIb7i9mOZFmf--QzIkepQ_35.29067885_-98.98890383,2676-90-29.9624.png,29.9624
597_exIb7i9mOZFmf--QzIkepQ_35.29067885_-98.98890383,2676-180-29.9624.png,29.9624
597_exIb7i9mOZFmf--QzIkepQ_35.29067885_-98.98890383,2676-270-29.9624.png,29.9624
468_GQGqprB9Im_kal0M12jhRQ_47.92413721_-3.47746522,2677-0-32.9547.png,32.9547
468_GQGqprB9Im_kal0M12jhRQ_47.92413721_-3.47746522,2677-90-32.9547.png,32.9547
468_GQGqprB9Im_kal0M12jhRQ_47.92413721_-3.47746522,2677-180-32.9547.png,32.9547
468_GQGqprB9Im_kal0M12jhRQ_47.92413721_-3.47746522,2677-270-32.9547.png,32.9547
1237_WIYSUqmQ2JzyTKvsuzMiUQ_-7.93059180_111.92643723,2678-0-79.2274.png,79.2274
1237_WIYSUqmQ2JzyTKvsuzMiUQ_-7.93059180_111.92643723,2678-90-79.2274.png,79.2274
1237_WIYSUqmQ2JzyTKvsuzMiUQ_-7.93059180_111.92643723,2678-180-79.2274.png,79.2274
1237_WIYSUqmQ2JzyTKvsuzMiUQ_-7.93059180_111.92643723,2678-270-79.2274.png,79.2274
713_7Xlhceg76HQ8MCh_suKpxw_44.79757415_-65.36819133,2679-0-60.3345.png,60.3345
713_7Xlhceg76HQ8MCh_suKpxw_44.79757415_-65.36819133,2679-90-60.3345.png,60.3345
713_7Xlhceg76HQ8MCh_suKpxw_44.79757415_-65.36819133,2679-180-60.3345.png,60.3345
713_7Xlhceg76HQ8MCh_suKpxw_44.79757415_-65.36819133,2679-270-60.3345.png,60.3345
484_lMG-0g6e7nPRzVRYEYwwtA_-18.79462757_-52.62254207,2680-0-63.7679.png,63.7679
484_lMG-0g6e7nPRzVRYEYwwtA_-18.79462757_-52.62254207,2680-90-63.7679.png,63.7679
484_lMG-0g6e7nPRzVRYEYwwtA_-18.79462757_-52.62254207,2680-180-63.7679.png,63.7679
484_lMG-0g6e7nPRzVRYEYwwtA_-18.79462757_-52.62254207,2680-270-63.7679.png,63.7679
2893_xcLxJiRs14g5SC9jr_z75g_-34.48849399_-70.90693910,2681-0-70.5598.png,70.5598
2893_xcLxJiRs14g5SC9jr_z75g_-34.48849399_-70.90693910,2681-90-70.5598.png,70.5598
2893_xcLxJiRs14g5SC9jr_z75g_-34.48849399_-70.90693910,2681-180-70.5598.png,70.5598
2893_xcLxJiRs14g5SC9jr_z75g_-34.48849399_-70.90693910,2681-270-70.5598.png,70.5598
2759_KK49mcT8-7aAELs47Ecihw_36.56322272_-4.60722851,2682-0-60.0916.png,60.0916
2759_KK49mcT8-7aAELs47Ecihw_36.56322272_-4.60722851,2682-90-60.0916.png,60.0916
2759_KK49mcT8-7aAELs47Ecihw_36.56322272_-4.60722851,2682-180-60.0916.png,60.0916
2759_KK49mcT8-7aAELs47Ecihw_36.56322272_-4.60722851,2682-270-60.0916.png,60.0916
219_wOhedijwBeMRgRb4-yn1QA_46.06132309_3.21448497,2683-0-37.1832.png,37.1832
219_wOhedijwBeMRgRb4-yn1QA_46.06132309_3.21448497,2683-90-37.1832.png,37.1832
219_wOhedijwBeMRgRb4-yn1QA_46.06132309_3.21448497,2683-180-37.1832.png,37.1832
219_wOhedijwBeMRgRb4-yn1QA_46.06132309_3.21448497,2683-270-37.1832.png,37.1832
1465_ov8Ji-cHP34ambdfxYLeJA_47.59352335_39.37812382,2684-0-21.9159.png,21.9159
1465_ov8Ji-cHP34ambdfxYLeJA_47.59352335_39.37812382,2684-90-21.9159.png,21.9159
1465_ov8Ji-cHP34ambdfxYLeJA_47.59352335_39.37812382,2684-180-21.9159.png,21.9159
1465_ov8Ji-cHP34ambdfxYLeJA_47.59352335_39.37812382,2684-270-21.9159.png,21.9159
1175_h52aUFvxt_3iBpY9ajwc8w_35.29490758_24.45243847,2685-0-39.348.png,39.348
1175_h52aUFvxt_3iBpY9ajwc8w_35.29490758_24.45243847,2685-90-39.348.png,39.348
1175_h52aUFvxt_3iBpY9ajwc8w_35.29490758_24.45243847,2685-180-39.348.png,39.348
1175_h52aUFvxt_3iBpY9ajwc8w_35.29490758_24.45243847,2685-270-39.348.png,39.348
1740_Z2-eQNj5zE1NnfKbwagOmQ_22.74880004_89.03791672,2686-0-78.2471.png,78.2471
1740_Z2-eQNj5zE1NnfKbwagOmQ_22.74880004_89.03791672,2686-90-78.2471.png,78.2471
1740_Z2-eQNj5zE1NnfKbwagOmQ_22.74880004_89.03791672,2686-180-78.2471.png,78.2471
1740_Z2-eQNj5zE1NnfKbwagOmQ_22.74880004_89.03791672,2686-270-78.2471.png,78.2471
1164_t1xb74ddMK3vyU9QMe8j2g_40.24802067_15.88844110,2687-0-22.3183.png,22.3183
1164_t1xb74ddMK3vyU9QMe8j2g_40.24802067_15.88844110,2687-90-22.3183.png,22.3183
1164_t1xb74ddMK3vyU9QMe8j2g_40.24802067_15.88844110,2687-180-22.3183.png,22.3183
1164_t1xb74ddMK3vyU9QMe8j2g_40.24802067_15.88844110,2687-270-22.3183.png,22.3183
1509_brnGzJstbox-sC2C85Pf3Q_35.59277372_-84.41559614,2688-0-19.0474.png,19.0474
1509_brnGzJstbox-sC2C85Pf3Q_35.59277372_-84.41559614,2688-90-19.0474.png,19.0474
1509_brnGzJstbox-sC2C85Pf3Q_35.59277372_-84.41559614,2688-180-19.0474.png,19.0474
1509_brnGzJstbox-sC2C85Pf3Q_35.59277372_-84.41559614,2688-270-19.0474.png,19.0474
1814_JEvnQxxO_GtaUyFhai-FQA_48.19068279_9.97281913,2689-0-36.5112.png,36.5112
1814_JEvnQxxO_GtaUyFhai-FQA_48.19068279_9.97281913,2689-90-36.5112.png,36.5112
1814_JEvnQxxO_GtaUyFhai-FQA_48.19068279_9.97281913,2689-180-36.5112.png,36.5112
1814_JEvnQxxO_GtaUyFhai-FQA_48.19068279_9.97281913,2689-270-36.5112.png,36.5112
1642_hcXEayCXiNtPngXOS9AsZw_63.03873830_10.28834644,2690-0-35.7258.png,35.7258
1642_hcXEayCXiNtPngXOS9AsZw_63.03873830_10.28834644,2690-90-35.7258.png,35.7258
1642_hcXEayCXiNtPngXOS9AsZw_63.03873830_10.28834644,2690-180-35.7258.png,35.7258
1642_hcXEayCXiNtPngXOS9AsZw_63.03873830_10.28834644,2690-270-35.7258.png,35.7258
673_7iPPFRTPRwCw0kmwfgPkRQ_40.13146900_-99.97113735,2691-0-51.1759.png,51.1759
673_7iPPFRTPRwCw0kmwfgPkRQ_40.13146900_-99.97113735,2691-90-51.1759.png,51.1759
673_7iPPFRTPRwCw0kmwfgPkRQ_40.13146900_-99.97113735,2691-180-51.1759.png,51.1759
673_7iPPFRTPRwCw0kmwfgPkRQ_40.13146900_-99.97113735,2691-270-51.1759.png,51.1759
2999_ZZR54J4HiimmIvXEHeGidg_53.47857668_-7.16773530,2692-0-12.4513.png,12.4513
2999_ZZR54J4HiimmIvXEHeGidg_53.47857668_-7.16773530,2692-90-12.4513.png,12.4513
2999_ZZR54J4HiimmIvXEHeGidg_53.47857668_-7.16773530,2692-180-12.4513.png,12.4513
2999_ZZR54J4HiimmIvXEHeGidg_53.47857668_-7.16773530,2692-270-12.4513.png,12.4513
1175_u0-6H7q8TiDp6Fl2Uueh2A_23.89517001_90.59707943,2693-0-74.43.png,74.43
1175_u0-6H7q8TiDp6Fl2Uueh2A_23.89517001_90.59707943,2693-90-74.43.png,74.43
1175_u0-6H7q8TiDp6Fl2Uueh2A_23.89517001_90.59707943,2693-180-74.43.png,74.43
1175_u0-6H7q8TiDp6Fl2Uueh2A_23.89517001_90.59707943,2693-270-74.43.png,74.43
1297_O0hkY5ETUaR8PjUEsNzPlw_50.49060188_11.69823382,2694-0-24.4606.png,24.4606
1297_O0hkY5ETUaR8PjUEsNzPlw_50.49060188_11.69823382,2694-90-24.4606.png,24.4606
1297_O0hkY5ETUaR8PjUEsNzPlw_50.49060188_11.69823382,2694-180-24.4606.png,24.4606
1297_O0hkY5ETUaR8PjUEsNzPlw_50.49060188_11.69823382,2694-270-24.4606.png,24.4606
1317_5RiadX1OZ01BD5iPtvuI7w_-18.54388338_-53.12908358,2695-0-16.2379.png,16.2379
1317_5RiadX1OZ01BD5iPtvuI7w_-18.54388338_-53.12908358,2695-90-16.2379.png,16.2379
1317_5RiadX1OZ01BD5iPtvuI7w_-18.54388338_-53.12908358,2695-180-16.2379.png,16.2379
1317_5RiadX1OZ01BD5iPtvuI7w_-18.54388338_-53.12908358,2695-270-16.2379.png,16.2379
2560_zOCmVfq6KPMQk71_kTUsIQ_30.23351513_-93.37639456,2696-0-47.0933.png,47.0933
2560_zOCmVfq6KPMQk71_kTUsIQ_30.23351513_-93.37639456,2696-90-47.0933.png,47.0933
2560_zOCmVfq6KPMQk71_kTUsIQ_30.23351513_-93.37639456,2696-180-47.0933.png,47.0933
2560_zOCmVfq6KPMQk71_kTUsIQ_30.23351513_-93.37639456,2696-270-47.0933.png,47.0933
1566_sa3sIo_bVnNOgVMSrp5xNQ_53.04235696_16.44662344,2697-0-16.9272.png,16.9272
1566_sa3sIo_bVnNOgVMSrp5xNQ_53.04235696_16.44662344,2697-90-16.9272.png,16.9272
1566_sa3sIo_bVnNOgVMSrp5xNQ_53.04235696_16.44662344,2697-180-16.9272.png,16.9272
1566_sa3sIo_bVnNOgVMSrp5xNQ_53.04235696_16.44662344,2697-270-16.9272.png,16.9272
54_kmwjosViqLQBztFe0TjZ-A_52.50938876_4.65366315,2698-0-60.6021.png,60.6021
54_kmwjosViqLQBztFe0TjZ-A_52.50938876_4.65366315,2698-90-60.6021.png,60.6021
54_kmwjosViqLQBztFe0TjZ-A_52.50938876_4.65366315,2698-180-60.6021.png,60.6021
54_kmwjosViqLQBztFe0TjZ-A_52.50938876_4.65366315,2698-270-60.6021.png,60.6021
2194_ZJjwkaaZP-tiDaYfRvxllQ_44.71359445_11.77903984,2699-0-39.3479.png,39.3479
2194_ZJjwkaaZP-tiDaYfRvxllQ_44.71359445_11.77903984,2699-90-39.3479.png,39.3479
2194_ZJjwkaaZP-tiDaYfRvxllQ_44.71359445_11.77903984,2699-180-39.3479.png,39.3479
2194_ZJjwkaaZP-tiDaYfRvxllQ_44.71359445_11.77903984,2699-270-39.3479.png,39.3479
2881_0Ze4pTltB6rnZA24KnOqMw_42.90874461_-76.54006201,2700-0-39.7762.png,39.7762
2881_0Ze4pTltB6rnZA24KnOqMw_42.90874461_-76.54006201,2700-90-39.7762.png,39.7762
2881_0Ze4pTltB6rnZA24KnOqMw_42.90874461_-76.54006201,2700-180-39.7762.png,39.7762
2881_0Ze4pTltB6rnZA24KnOqMw_42.90874461_-76.54006201,2700-270-39.7762.png,39.7762
5_P7IU6j0Px_irMCwAwqdaag_39.81399551_-94.55075176,2701-0-50.1883.png,50.1883
5_P7IU6j0Px_irMCwAwqdaag_39.81399551_-94.55075176,2701-90-50.1883.png,50.1883
5_P7IU6j0Px_irMCwAwqdaag_39.81399551_-94.55075176,2701-180-50.1883.png,50.1883
5_P7IU6j0Px_irMCwAwqdaag_39.81399551_-94.55075176,2701-270-50.1883.png,50.1883
1338_5xXGFV_YEQQKxttJpZu_Aw_-1.58956838_122.20043730,2702-0-34.5204.png,34.5204
1338_5xXGFV_YEQQKxttJpZu_Aw_-1.58956838_122.20043730,2702-90-34.5204.png,34.5204
1338_5xXGFV_YEQQKxttJpZu_Aw_-1.58956838_122.20043730,2702-180-34.5204.png,34.5204
1338_5xXGFV_YEQQKxttJpZu_Aw_-1.58956838_122.20043730,2702-270-34.5204.png,34.5204
1505_iwWboP02uV4Odo-guzczcw_15.84097144_120.45597021,2703-0-74.6292.png,74.6292
1505_iwWboP02uV4Odo-guzczcw_15.84097144_120.45597021,2703-90-74.6292.png,74.6292
1505_iwWboP02uV4Odo-guzczcw_15.84097144_120.45597021,2703-180-74.6292.png,74.6292
1505_iwWboP02uV4Odo-guzczcw_15.84097144_120.45597021,2703-270-74.6292.png,74.6292
21_ovguRTYR4XL-hKiztsmUxw_-7.03998659_111.38958571,2704-0-42.0295.png,42.0295
21_ovguRTYR4XL-hKiztsmUxw_-7.03998659_111.38958571,2704-90-42.0295.png,42.0295
21_ovguRTYR4XL-hKiztsmUxw_-7.03998659_111.38958571,2704-180-42.0295.png,42.0295
21_ovguRTYR4XL-hKiztsmUxw_-7.03998659_111.38958571,2704-270-42.0295.png,42.0295
96_uYGZz4ssWky2SOw76aFFUg_17.17303977_79.16845589,2705-0-35.8914.png,35.8914
96_uYGZz4ssWky2SOw76aFFUg_17.17303977_79.16845589,2705-90-35.8914.png,35.8914
96_uYGZz4ssWky2SOw76aFFUg_17.17303977_79.16845589,2705-180-35.8914.png,35.8914
96_uYGZz4ssWky2SOw76aFFUg_17.17303977_79.16845589,2705-270-35.8914.png,35.8914
2758_JlQBVCDyrD3DtRPj2lJqGg_40.15735952_33.71561832,2706-0-19.3783.png,19.3783
2758_JlQBVCDyrD3DtRPj2lJqGg_40.15735952_33.71561832,2706-90-19.3783.png,19.3783
2758_JlQBVCDyrD3DtRPj2lJqGg_40.15735952_33.71561832,2706-180-19.3783.png,19.3783
2758_JlQBVCDyrD3DtRPj2lJqGg_40.15735952_33.71561832,2706-270-19.3783.png,19.3783
10_aq1JEmI6fjfJ444STr6zCQ_-24.35592418_151.29958021,2707-0-60.2664.png,60.2664
10_aq1JEmI6fjfJ444STr6zCQ_-24.35592418_151.29958021,2707-90-60.2664.png,60.2664
10_aq1JEmI6fjfJ444STr6zCQ_-24.35592418_151.29958021,2707-180-60.2664.png,60.2664
10_aq1JEmI6fjfJ444STr6zCQ_-24.35592418_151.29958021,2707-270-60.2664.png,60.2664
2342_yKagrziykz0H30as9NCbcQ_43.25759702_-73.00802564,2708-0-32.7309.png,32.7309
2342_yKagrziykz0H30as9NCbcQ_43.25759702_-73.00802564,2708-90-32.7309.png,32.7309
2342_yKagrziykz0H30as9NCbcQ_43.25759702_-73.00802564,2708-180-32.7309.png,32.7309
2342_yKagrziykz0H30as9NCbcQ_43.25759702_-73.00802564,2708-270-32.7309.png,32.7309
591_5eDQH9CODnWylkWQmSoGVw_62.77611896_8.06575493,2709-0-28.693.png,28.693
591_5eDQH9CODnWylkWQmSoGVw_62.77611896_8.06575493,2709-90-28.693.png,28.693
591_5eDQH9CODnWylkWQmSoGVw_62.77611896_8.06575493,2709-180-28.693.png,28.693
591_5eDQH9CODnWylkWQmSoGVw_62.77611896_8.06575493,2709-270-28.693.png,28.693
282_ynTGaZBks47xx82lfXlH2w_46.13256314_-61.13981222,2710-0-49.5833.png,49.5833
282_ynTGaZBks47xx82lfXlH2w_46.13256314_-61.13981222,2710-90-49.5833.png,49.5833
282_ynTGaZBks47xx82lfXlH2w_46.13256314_-61.13981222,2710-180-49.5833.png,49.5833
282_ynTGaZBks47xx82lfXlH2w_46.13256314_-61.13981222,2710-270-49.5833.png,49.5833
436_giPTCspz-fK5rPPHuQYO7w_51.56609652_0.56752109,2711-0-44.7519.png,44.7519
436_giPTCspz-fK5rPPHuQYO7w_51.56609652_0.56752109,2711-90-44.7519.png,44.7519
436_giPTCspz-fK5rPPHuQYO7w_51.56609652_0.56752109,2711-180-44.7519.png,44.7519
436_giPTCspz-fK5rPPHuQYO7w_51.56609652_0.56752109,2711-270-44.7519.png,44.7519
2763_c0OuFfxV0KaLVekuyllsHw_32.83852471_-117.24963346,2712-0-24.5874.png,24.5874
2763_c0OuFfxV0KaLVekuyllsHw_32.83852471_-117.24963346,2712-90-24.5874.png,24.5874
2763_c0OuFfxV0KaLVekuyllsHw_32.83852471_-117.24963346,2712-180-24.5874.png,24.5874
2763_c0OuFfxV0KaLVekuyllsHw_32.83852471_-117.24963346,2712-270-24.5874.png,24.5874
632_naIYTTQVAvKDV28L8nmnyA_41.51696464_-88.10894996,2713-0-58.164.png,58.164
632_naIYTTQVAvKDV28L8nmnyA_41.51696464_-88.10894996,2713-90-58.164.png,58.164
632_naIYTTQVAvKDV28L8nmnyA_41.51696464_-88.10894996,2713-180-58.164.png,58.164
632_naIYTTQVAvKDV28L8nmnyA_41.51696464_-88.10894996,2713-270-58.164.png,58.164
3403_mh3aBWK5YDenrG-Phxdfsg_38.03530199_13.56295231,2714-0-24.2808.png,24.2808
3403_mh3aBWK5YDenrG-Phxdfsg_38.03530199_13.56295231,2714-90-24.2808.png,24.2808
3403_mh3aBWK5YDenrG-Phxdfsg_38.03530199_13.56295231,2714-180-24.2808.png,24.2808
3403_mh3aBWK5YDenrG-Phxdfsg_38.03530199_13.56295231,2714-270-24.2808.png,24.2808
91_4LbETBlVYt1ER9ZQMFnCsQ_23.28712582_90.78139999,2715-0-56.8287.png,56.8287
91_4LbETBlVYt1ER9ZQMFnCsQ_23.28712582_90.78139999,2715-90-56.8287.png,56.8287
91_4LbETBlVYt1ER9ZQMFnCsQ_23.28712582_90.78139999,2715-180-56.8287.png,56.8287
91_4LbETBlVYt1ER9ZQMFnCsQ_23.28712582_90.78139999,2715-270-56.8287.png,56.8287
175_UAbDQRy7UWopZpkZqaLt9w_38.92262642_-81.78818227,2716-0-37.2808.png,37.2808
175_UAbDQRy7UWopZpkZqaLt9w_38.92262642_-81.78818227,2716-90-37.2808.png,37.2808
175_UAbDQRy7UWopZpkZqaLt9w_38.92262642_-81.78818227,2716-180-37.2808.png,37.2808
175_UAbDQRy7UWopZpkZqaLt9w_38.92262642_-81.78818227,2716-270-37.2808.png,37.2808
994_yt5xDYSryrRLmbIPE1_YvA_-27.52284847_152.88651568,2717-0-75.6624.png,75.6624
994_yt5xDYSryrRLmbIPE1_YvA_-27.52284847_152.88651568,2717-90-75.6624.png,75.6624
994_yt5xDYSryrRLmbIPE1_YvA_-27.52284847_152.88651568,2717-180-75.6624.png,75.6624
994_yt5xDYSryrRLmbIPE1_YvA_-27.52284847_152.88651568,2717-270-75.6624.png,75.6624
1224_ia-tIyuCDqnzUmcF7TlCWw_38.38266113_-4.97138853,2718-0-15.5589.png,15.5589
1224_ia-tIyuCDqnzUmcF7TlCWw_38.38266113_-4.97138853,2718-90-15.5589.png,15.5589
1224_ia-tIyuCDqnzUmcF7TlCWw_38.38266113_-4.97138853,2718-180-15.5589.png,15.5589
1224_ia-tIyuCDqnzUmcF7TlCWw_38.38266113_-4.97138853,2718-270-15.5589.png,15.5589
3298_3NaSqB5g1TYJhTp2bliDGA_29.85109503_-84.66299466,2719-0-15.5039.png,15.5039
3298_3NaSqB5g1TYJhTp2bliDGA_29.85109503_-84.66299466,2719-90-15.5039.png,15.5039
3298_3NaSqB5g1TYJhTp2bliDGA_29.85109503_-84.66299466,2719-180-15.5039.png,15.5039
3298_3NaSqB5g1TYJhTp2bliDGA_29.85109503_-84.66299466,2719-270-15.5039.png,15.5039
2247_Cnj28OfEemWzVGfgEdXt4A_35.79359762_-78.32024931,2720-0-55.4335.png,55.4335
2247_Cnj28OfEemWzVGfgEdXt4A_35.79359762_-78.32024931,2720-90-55.4335.png,55.4335
2247_Cnj28OfEemWzVGfgEdXt4A_35.79359762_-78.32024931,2720-180-55.4335.png,55.4335
2247_Cnj28OfEemWzVGfgEdXt4A_35.79359762_-78.32024931,2720-270-55.4335.png,55.4335
1639_ugzlPuSYaV5E9V6XcrwX9g_23.44352461_121.49578078,2721-0-27.4276.png,27.4276
1639_ugzlPuSYaV5E9V6XcrwX9g_23.44352461_121.49578078,2721-90-27.4276.png,27.4276
1639_ugzlPuSYaV5E9V6XcrwX9g_23.44352461_121.49578078,2721-180-27.4276.png,27.4276
1639_ugzlPuSYaV5E9V6XcrwX9g_23.44352461_121.49578078,2721-270-27.4276.png,27.4276
399_fahm8u7gfLAxLr_etc9cqA_-33.59393978_22.19245967,2722-0-35.5505.png,35.5505
399_fahm8u7gfLAxLr_etc9cqA_-33.59393978_22.19245967,2722-90-35.5505.png,35.5505
399_fahm8u7gfLAxLr_etc9cqA_-33.59393978_22.19245967,2722-180-35.5505.png,35.5505
399_fahm8u7gfLAxLr_etc9cqA_-33.59393978_22.19245967,2722-270-35.5505.png,35.5505
783_WT2VudMpuij28HGCQRBB0w_53.27626216_-6.28191975,2723-0-63.8141.png,63.8141
783_WT2VudMpuij28HGCQRBB0w_53.27626216_-6.28191975,2723-90-63.8141.png,63.8141
783_WT2VudMpuij28HGCQRBB0w_53.27626216_-6.28191975,2723-180-63.8141.png,63.8141
783_WT2VudMpuij28HGCQRBB0w_53.27626216_-6.28191975,2723-270-63.8141.png,63.8141
361_CBMIaBXTvywJWHPRi6lDLg_12.96652462_-13.75044687,2724-0-52.616.png,52.616
361_CBMIaBXTvywJWHPRi6lDLg_12.96652462_-13.75044687,2724-90-52.616.png,52.616
361_CBMIaBXTvywJWHPRi6lDLg_12.96652462_-13.75044687,2724-180-52.616.png,52.616
361_CBMIaBXTvywJWHPRi6lDLg_12.96652462_-13.75044687,2724-270-52.616.png,52.616
1809_nS_lE-Ll8A-JqcFO1PxKPw_43.35650806_-3.01119126,2725-0-47.1155.png,47.1155
1809_nS_lE-Ll8A-JqcFO1PxKPw_43.35650806_-3.01119126,2725-90-47.1155.png,47.1155
1809_nS_lE-Ll8A-JqcFO1PxKPw_43.35650806_-3.01119126,2725-180-47.1155.png,47.1155
1809_nS_lE-Ll8A-JqcFO1PxKPw_43.35650806_-3.01119126,2725-270-47.1155.png,47.1155
53_kUoTv6uHI2DSv3qhN8QeeA_54.78342593_32.04966620,2726-0-63.4801.png,63.4801
53_kUoTv6uHI2DSv3qhN8QeeA_54.78342593_32.04966620,2726-90-63.4801.png,63.4801
53_kUoTv6uHI2DSv3qhN8QeeA_54.78342593_32.04966620,2726-180-63.4801.png,63.4801
53_kUoTv6uHI2DSv3qhN8QeeA_54.78342593_32.04966620,2726-270-63.4801.png,63.4801
405_oHXLJNOP-UadJItTKioHcA_-18.83868939_-50.12184227,2727-0-82.1205.png,82.1205
405_oHXLJNOP-UadJItTKioHcA_-18.83868939_-50.12184227,2727-90-82.1205.png,82.1205
405_oHXLJNOP-UadJItTKioHcA_-18.83868939_-50.12184227,2727-180-82.1205.png,82.1205
405_oHXLJNOP-UadJItTKioHcA_-18.83868939_-50.12184227,2727-270-82.1205.png,82.1205
776_iRNwhCSroNshDGBAXsEq8g_42.54532322_13.62594469,2728-0-44.9806.png,44.9806
776_iRNwhCSroNshDGBAXsEq8g_42.54532322_13.62594469,2728-90-44.9806.png,44.9806
776_iRNwhCSroNshDGBAXsEq8g_42.54532322_13.62594469,2728-180-44.9806.png,44.9806
776_iRNwhCSroNshDGBAXsEq8g_42.54532322_13.62594469,2728-270-44.9806.png,44.9806
2808__ougxluU2fn3AQfGa5BbNw_34.97363614_-110.08823981,2729-0-28.8847.png,28.8847
2808__ougxluU2fn3AQfGa5BbNw_34.97363614_-110.08823981,2729-90-28.8847.png,28.8847
2808__ougxluU2fn3AQfGa5BbNw_34.97363614_-110.08823981,2729-180-28.8847.png,28.8847
2808__ougxluU2fn3AQfGa5BbNw_34.97363614_-110.08823981,2729-270-28.8847.png,28.8847
329_GOBplMNkhXQKPPxx-YC99A_42.92598159_10.89873730,2730-0-53.4969.png,53.4969
329_GOBplMNkhXQKPPxx-YC99A_42.92598159_10.89873730,2730-90-53.4969.png,53.4969
329_GOBplMNkhXQKPPxx-YC99A_42.92598159_10.89873730,2730-180-53.4969.png,53.4969
329_GOBplMNkhXQKPPxx-YC99A_42.92598159_10.89873730,2730-270-53.4969.png,53.4969
602_zCp7hkgaPfNtOZoMINbnbQ_52.97665260_11.79617446,2731-0-55.9584.png,55.9584
602_zCp7hkgaPfNtOZoMINbnbQ_52.97665260_11.79617446,2731-90-55.9584.png,55.9584
602_zCp7hkgaPfNtOZoMINbnbQ_52.97665260_11.79617446,2731-180-55.9584.png,55.9584
602_zCp7hkgaPfNtOZoMINbnbQ_52.97665260_11.79617446,2731-270-55.9584.png,55.9584
2468_-k7FWq4lwaxtiLUcy5OtHQ_26.93105146_78.55788384,2732-0-45.8157.png,45.8157
2468_-k7FWq4lwaxtiLUcy5OtHQ_26.93105146_78.55788384,2732-90-45.8157.png,45.8157
2468_-k7FWq4lwaxtiLUcy5OtHQ_26.93105146_78.55788384,2732-180-45.8157.png,45.8157
2468_-k7FWq4lwaxtiLUcy5OtHQ_26.93105146_78.55788384,2732-270-45.8157.png,45.8157
2593_-Rj1DCqYsIAus4gCxV17lA_27.75039347_77.74419064,2733-0-45.3284.png,45.3284
2593_-Rj1DCqYsIAus4gCxV17lA_27.75039347_77.74419064,2733-90-45.3284.png,45.3284
2593_-Rj1DCqYsIAus4gCxV17lA_27.75039347_77.74419064,2733-180-45.3284.png,45.3284
2593_-Rj1DCqYsIAus4gCxV17lA_27.75039347_77.74419064,2733-270-45.3284.png,45.3284
1903_FnssTNcSeyCi1IgUkd3Reg_-32.60467803_-53.39164818,2734-0-74.0085.png,74.0085
1903_FnssTNcSeyCi1IgUkd3Reg_-32.60467803_-53.39164818,2734-90-74.0085.png,74.0085
1903_FnssTNcSeyCi1IgUkd3Reg_-32.60467803_-53.39164818,2734-180-74.0085.png,74.0085
1903_FnssTNcSeyCi1IgUkd3Reg_-32.60467803_-53.39164818,2734-270-74.0085.png,74.0085
41_bBfVFoJjktHAx3RqsaZukw_24.71985770_121.71366581,2735-0-34.4224.png,34.4224
41_bBfVFoJjktHAx3RqsaZukw_24.71985770_121.71366581,2735-90-34.4224.png,34.4224
41_bBfVFoJjktHAx3RqsaZukw_24.71985770_121.71366581,2735-180-34.4224.png,34.4224
41_bBfVFoJjktHAx3RqsaZukw_24.71985770_121.71366581,2735-270-34.4224.png,34.4224
192_80nN7nQuUQcxXacxJiqpfg_33.56250459_-96.19497620,2736-0-53.2956.png,53.2956
192_80nN7nQuUQcxXacxJiqpfg_33.56250459_-96.19497620,2736-90-53.2956.png,53.2956
192_80nN7nQuUQcxXacxJiqpfg_33.56250459_-96.19497620,2736-180-53.2956.png,53.2956
192_80nN7nQuUQcxXacxJiqpfg_33.56250459_-96.19497620,2736-270-53.2956.png,53.2956
2436_EVlHFXit-Q0K8EV0ZbM6WQ_-31.87242161_-62.71953643,2737-0-25.6021.png,25.6021
2436_EVlHFXit-Q0K8EV0ZbM6WQ_-31.87242161_-62.71953643,2737-90-25.6021.png,25.6021
2436_EVlHFXit-Q0K8EV0ZbM6WQ_-31.87242161_-62.71953643,2737-180-25.6021.png,25.6021
2436_EVlHFXit-Q0K8EV0ZbM6WQ_-31.87242161_-62.71953643,2737-270-25.6021.png,25.6021
899_hIbR1Y_xjzpUTYytgRRcCA_45.85288735_0.57130301,2738-0-46.8464.png,46.8464
899_hIbR1Y_xjzpUTYytgRRcCA_45.85288735_0.57130301,2738-90-46.8464.png,46.8464
899_hIbR1Y_xjzpUTYytgRRcCA_45.85288735_0.57130301,2738-180-46.8464.png,46.8464
899_hIbR1Y_xjzpUTYytgRRcCA_45.85288735_0.57130301,2738-270-46.8464.png,46.8464
57_TQYgBW-fStTv2nTzGue5_w_52.81321743_6.12916944,2739-0-43.1826.png,43.1826
57_TQYgBW-fStTv2nTzGue5_w_52.81321743_6.12916944,2739-90-43.1826.png,43.1826
57_TQYgBW-fStTv2nTzGue5_w_52.81321743_6.12916944,2739-180-43.1826.png,43.1826
57_TQYgBW-fStTv2nTzGue5_w_52.81321743_6.12916944,2739-270-43.1826.png,43.1826
3447_VOCmb6viiOgXUReiSQOO0w_-3.71780337_-53.73735541,2740-0-71.6224.png,71.6224
3447_VOCmb6viiOgXUReiSQOO0w_-3.71780337_-53.73735541,2740-90-71.6224.png,71.6224
3447_VOCmb6viiOgXUReiSQOO0w_-3.71780337_-53.73735541,2740-180-71.6224.png,71.6224
3447_VOCmb6viiOgXUReiSQOO0w_-3.71780337_-53.73735541,2740-270-71.6224.png,71.6224
918_m0g2zmE-XUrPXEM9G3IGPg_41.03979935_-73.53705254,2741-0-32.4392.png,32.4392
918_m0g2zmE-XUrPXEM9G3IGPg_41.03979935_-73.53705254,2741-90-32.4392.png,32.4392
918_m0g2zmE-XUrPXEM9G3IGPg_41.03979935_-73.53705254,2741-180-32.4392.png,32.4392
918_m0g2zmE-XUrPXEM9G3IGPg_41.03979935_-73.53705254,2741-270-32.4392.png,32.4392
143_d6XLKlWpampB9jANBDNI_w_26.60708730_-82.11070116,2742-0-16.4767.png,16.4767
143_d6XLKlWpampB9jANBDNI_w_26.60708730_-82.11070116,2742-90-16.4767.png,16.4767
143_d6XLKlWpampB9jANBDNI_w_26.60708730_-82.11070116,2742-180-16.4767.png,16.4767
143_d6XLKlWpampB9jANBDNI_w_26.60708730_-82.11070116,2742-270-16.4767.png,16.4767
588_tUcWwiNn8BS_gCO_y_aRnw_55.02256781_15.05711596,2743-0-18.1388.png,18.1388
588_tUcWwiNn8BS_gCO_y_aRnw_55.02256781_15.05711596,2743-90-18.1388.png,18.1388
588_tUcWwiNn8BS_gCO_y_aRnw_55.02256781_15.05711596,2743-180-18.1388.png,18.1388
588_tUcWwiNn8BS_gCO_y_aRnw_55.02256781_15.05711596,2743-270-18.1388.png,18.1388
188_ZKdj23CHjh1d96YyqTl-2Q_46.83642924_-119.93365122,2744-0-20.4117.png,20.4117
188_ZKdj23CHjh1d96YyqTl-2Q_46.83642924_-119.93365122,2744-90-20.4117.png,20.4117
188_ZKdj23CHjh1d96YyqTl-2Q_46.83642924_-119.93365122,2744-180-20.4117.png,20.4117
188_ZKdj23CHjh1d96YyqTl-2Q_46.83642924_-119.93365122,2744-270-20.4117.png,20.4117
243_P-pGD6CO8eF6XGDWU_8Aiw_36.73860813_14.84666770,2745-0-79.8726.png,79.8726
243_P-pGD6CO8eF6XGDWU_8Aiw_36.73860813_14.84666770,2745-90-79.8726.png,79.8726
243_P-pGD6CO8eF6XGDWU_8Aiw_36.73860813_14.84666770,2745-180-79.8726.png,79.8726
243_P-pGD6CO8eF6XGDWU_8Aiw_36.73860813_14.84666770,2745-270-79.8726.png,79.8726
823_5QAmMjdMM8LPHDJFcitTGQ_27.87397796_-98.60728238,2746-0-27.4285.png,27.4285
823_5QAmMjdMM8LPHDJFcitTGQ_27.87397796_-98.60728238,2746-90-27.4285.png,27.4285
823_5QAmMjdMM8LPHDJFcitTGQ_27.87397796_-98.60728238,2746-180-27.4285.png,27.4285
823_5QAmMjdMM8LPHDJFcitTGQ_27.87397796_-98.60728238,2746-270-27.4285.png,27.4285
447_bVRYJUixUeKtPvEPDezKFg_64.74987766_28.25102699,2747-0-58.5001.png,58.5001
447_bVRYJUixUeKtPvEPDezKFg_64.74987766_28.25102699,2747-90-58.5001.png,58.5001
447_bVRYJUixUeKtPvEPDezKFg_64.74987766_28.25102699,2747-180-58.5001.png,58.5001
447_bVRYJUixUeKtPvEPDezKFg_64.74987766_28.25102699,2747-270-58.5001.png,58.5001
214_A3dj7-QVPdwLcVWHo4Ti5w_43.38238552_12.50379067,2748-0-24.1962.png,24.1962
214_A3dj7-QVPdwLcVWHo4Ti5w_43.38238552_12.50379067,2748-90-24.1962.png,24.1962
214_A3dj7-QVPdwLcVWHo4Ti5w_43.38238552_12.50379067,2748-180-24.1962.png,24.1962
214_A3dj7-QVPdwLcVWHo4Ti5w_43.38238552_12.50379067,2748-270-24.1962.png,24.1962
2817_CxZ0CWIo4WuCqTtOosAqJQ_-22.02916116_-45.83519039,2749-0-29.3843.png,29.3843
2817_CxZ0CWIo4WuCqTtOosAqJQ_-22.02916116_-45.83519039,2749-90-29.3843.png,29.3843
2817_CxZ0CWIo4WuCqTtOosAqJQ_-22.02916116_-45.83519039,2749-180-29.3843.png,29.3843
2817_CxZ0CWIo4WuCqTtOosAqJQ_-22.02916116_-45.83519039,2749-270-29.3843.png,29.3843
398_3ck4fGLwQZ54wupcNfoHRQ_6.17064349_-75.59387761,2750-0-73.5201.png,73.5201
398_3ck4fGLwQZ54wupcNfoHRQ_6.17064349_-75.59387761,2750-90-73.5201.png,73.5201
398_3ck4fGLwQZ54wupcNfoHRQ_6.17064349_-75.59387761,2750-180-73.5201.png,73.5201
398_3ck4fGLwQZ54wupcNfoHRQ_6.17064349_-75.59387761,2750-270-73.5201.png,73.5201
3019_qcmUoH5LaJxvLv7AC8Ys8g_34.33530285_-102.47862648,2751-0-57.7058.png,57.7058
3019_qcmUoH5LaJxvLv7AC8Ys8g_34.33530285_-102.47862648,2751-90-57.7058.png,57.7058
3019_qcmUoH5LaJxvLv7AC8Ys8g_34.33530285_-102.47862648,2751-180-57.7058.png,57.7058
3019_qcmUoH5LaJxvLv7AC8Ys8g_34.33530285_-102.47862648,2751-270-57.7058.png,57.7058
633_KPDjgRSe3oeA7bu4ds3JWA_-6.47661254_-44.19161313,2752-0-65.4525.png,65.4525
633_KPDjgRSe3oeA7bu4ds3JWA_-6.47661254_-44.19161313,2752-90-65.4525.png,65.4525
633_KPDjgRSe3oeA7bu4ds3JWA_-6.47661254_-44.19161313,2752-180-65.4525.png,65.4525
633_KPDjgRSe3oeA7bu4ds3JWA_-6.47661254_-44.19161313,2752-270-65.4525.png,65.4525
874_D95v-bKuAbghn7BEuzJ0Hw_38.33835641_-122.67323451,2753-0-47.3488.png,47.3488
874_D95v-bKuAbghn7BEuzJ0Hw_38.33835641_-122.67323451,2753-90-47.3488.png,47.3488
874_D95v-bKuAbghn7BEuzJ0Hw_38.33835641_-122.67323451,2753-180-47.3488.png,47.3488
874_D95v-bKuAbghn7BEuzJ0Hw_38.33835641_-122.67323451,2753-270-47.3488.png,47.3488
1101__OAIHD6busATq9O-rflHhA_24.99912602_72.27140492,2754-0-64.8367.png,64.8367
1101__OAIHD6busATq9O-rflHhA_24.99912602_72.27140492,2754-90-64.8367.png,64.8367
1101__OAIHD6busATq9O-rflHhA_24.99912602_72.27140492,2754-180-64.8367.png,64.8367
1101__OAIHD6busATq9O-rflHhA_24.99912602_72.27140492,2754-270-64.8367.png,64.8367
742_37peG5GPtJ29_Z0dTf2lBw_55.66789267_11.82655925,2755-0-40.3251.png,40.3251
742_37peG5GPtJ29_Z0dTf2lBw_55.66789267_11.82655925,2755-90-40.3251.png,40.3251
742_37peG5GPtJ29_Z0dTf2lBw_55.66789267_11.82655925,2755-180-40.3251.png,40.3251
742_37peG5GPtJ29_Z0dTf2lBw_55.66789267_11.82655925,2755-270-40.3251.png,40.3251
1901_VXqsFosU6GP9JyDaSNS1KA_8.10035496_5.08338211,2756-0-45.2954.png,45.2954
1901_VXqsFosU6GP9JyDaSNS1KA_8.10035496_5.08338211,2756-90-45.2954.png,45.2954
1901_VXqsFosU6GP9JyDaSNS1KA_8.10035496_5.08338211,2756-180-45.2954.png,45.2954
1901_VXqsFosU6GP9JyDaSNS1KA_8.10035496_5.08338211,2756-270-45.2954.png,45.2954
1109_ljTeSrGIBBUFTPHOusxVtw_-30.71143982_25.10158145,2757-0-20.8368.png,20.8368
1109_ljTeSrGIBBUFTPHOusxVtw_-30.71143982_25.10158145,2757-90-20.8368.png,20.8368
1109_ljTeSrGIBBUFTPHOusxVtw_-30.71143982_25.10158145,2757-180-20.8368.png,20.8368
1109_ljTeSrGIBBUFTPHOusxVtw_-30.71143982_25.10158145,2757-270-20.8368.png,20.8368
425_OXRX82FR8jWV-T71r2E3tw_5.53294295_100.39973322,2758-0-59.9315.png,59.9315
425_OXRX82FR8jWV-T71r2E3tw_5.53294295_100.39973322,2758-90-59.9315.png,59.9315
425_OXRX82FR8jWV-T71r2E3tw_5.53294295_100.39973322,2758-180-59.9315.png,59.9315
425_OXRX82FR8jWV-T71r2E3tw_5.53294295_100.39973322,2758-270-59.9315.png,59.9315
1256_IMwe7PejXLwNTWwsJDa0xw_52.83296040_-7.50932800,2759-0-53.3239.png,53.3239
1256_IMwe7PejXLwNTWwsJDa0xw_52.83296040_-7.50932800,2759-90-53.3239.png,53.3239
1256_IMwe7PejXLwNTWwsJDa0xw_52.83296040_-7.50932800,2759-180-53.3239.png,53.3239
1256_IMwe7PejXLwNTWwsJDa0xw_52.83296040_-7.50932800,2759-270-53.3239.png,53.3239
1554_u7gbsemLDdQmKhFDumjGjw_-39.39738530_174.11110533,2760-0-15.4957.png,15.4957
1554_u7gbsemLDdQmKhFDumjGjw_-39.39738530_174.11110533,2760-90-15.4957.png,15.4957
1554_u7gbsemLDdQmKhFDumjGjw_-39.39738530_174.11110533,2760-180-15.4957.png,15.4957
1554_u7gbsemLDdQmKhFDumjGjw_-39.39738530_174.11110533,2760-270-15.4957.png,15.4957
966_I88i3a9ZRNj9RDmLmQiz0g_55.60847228_-2.79655626,2761-0-36.2009.png,36.2009
966_I88i3a9ZRNj9RDmLmQiz0g_55.60847228_-2.79655626,2761-90-36.2009.png,36.2009
966_I88i3a9ZRNj9RDmLmQiz0g_55.60847228_-2.79655626,2761-180-36.2009.png,36.2009
966_I88i3a9ZRNj9RDmLmQiz0g_55.60847228_-2.79655626,2761-270-36.2009.png,36.2009
455_1RV_PeUy4wUZ1NI9K-1LXw_65.73296700_23.74922157,2762-0-71.4996.png,71.4996
455_1RV_PeUy4wUZ1NI9K-1LXw_65.73296700_23.74922157,2762-90-71.4996.png,71.4996
455_1RV_PeUy4wUZ1NI9K-1LXw_65.73296700_23.74922157,2762-180-71.4996.png,71.4996
455_1RV_PeUy4wUZ1NI9K-1LXw_65.73296700_23.74922157,2762-270-71.4996.png,71.4996
1264_aTfdEC7OUV4Ft-6ZOqfKkg_50.69568901_4.11938716,2763-0-59.5335.png,59.5335
1264_aTfdEC7OUV4Ft-6ZOqfKkg_50.69568901_4.11938716,2763-90-59.5335.png,59.5335
1264_aTfdEC7OUV4Ft-6ZOqfKkg_50.69568901_4.11938716,2763-180-59.5335.png,59.5335
1264_aTfdEC7OUV4Ft-6ZOqfKkg_50.69568901_4.11938716,2763-270-59.5335.png,59.5335
571_UyBo4mZmBcGzLsBgip--jA_-34.51077507_-63.70903238,2764-0-63.0933.png,63.0933
571_UyBo4mZmBcGzLsBgip--jA_-34.51077507_-63.70903238,2764-90-63.0933.png,63.0933
571_UyBo4mZmBcGzLsBgip--jA_-34.51077507_-63.70903238,2764-180-63.0933.png,63.0933
571_UyBo4mZmBcGzLsBgip--jA_-34.51077507_-63.70903238,2764-270-63.0933.png,63.0933
3115_VBd6YpE6TKcswQQKhbKt6g_45.36675607_-63.31531155,2765-0-61.4338.png,61.4338
3115_VBd6YpE6TKcswQQKhbKt6g_45.36675607_-63.31531155,2765-90-61.4338.png,61.4338
3115_VBd6YpE6TKcswQQKhbKt6g_45.36675607_-63.31531155,2765-180-61.4338.png,61.4338
3115_VBd6YpE6TKcswQQKhbKt6g_45.36675607_-63.31531155,2765-270-61.4338.png,61.4338
1465_m_E9qn0tqd8Iq-S661iBPA_45.51504056_-61.07775400,2766-0-45.2994.png,45.2994
1465_m_E9qn0tqd8Iq-S661iBPA_45.51504056_-61.07775400,2766-90-45.2994.png,45.2994
1465_m_E9qn0tqd8Iq-S661iBPA_45.51504056_-61.07775400,2766-180-45.2994.png,45.2994
1465_m_E9qn0tqd8Iq-S661iBPA_45.51504056_-61.07775400,2766-270-45.2994.png,45.2994
462_hN048-wC0ycWrN9-ZCMpQg_60.60754037_15.63054148,2767-0-43.0361.png,43.0361
462_hN048-wC0ycWrN9-ZCMpQg_60.60754037_15.63054148,2767-90-43.0361.png,43.0361
462_hN048-wC0ycWrN9-ZCMpQg_60.60754037_15.63054148,2767-180-43.0361.png,43.0361
462_hN048-wC0ycWrN9-ZCMpQg_60.60754037_15.63054148,2767-270-43.0361.png,43.0361
2107__GVJTu936XQvNEw4jXUGaw_46.91790393_-98.70992187,2768-0-22.0771.png,22.0771
2107__GVJTu936XQvNEw4jXUGaw_46.91790393_-98.70992187,2768-90-22.0771.png,22.0771
2107__GVJTu936XQvNEw4jXUGaw_46.91790393_-98.70992187,2768-180-22.0771.png,22.0771
2107__GVJTu936XQvNEw4jXUGaw_46.91790393_-98.70992187,2768-270-22.0771.png,22.0771
2360_qh_Huydif1KVd9Vt-EEnnw_-0.99433725_121.95234271,2769-0-39.0749.png,39.0749
2360_qh_Huydif1KVd9Vt-EEnnw_-0.99433725_121.95234271,2769-90-39.0749.png,39.0749
2360_qh_Huydif1KVd9Vt-EEnnw_-0.99433725_121.95234271,2769-180-39.0749.png,39.0749
2360_qh_Huydif1KVd9Vt-EEnnw_-0.99433725_121.95234271,2769-270-39.0749.png,39.0749
881_mt7nF3vR0f-J4lsuOcKCng_43.51422493_-92.97957870,2770-0-63.075.png,63.075
881_mt7nF3vR0f-J4lsuOcKCng_43.51422493_-92.97957870,2770-90-63.075.png,63.075
881_mt7nF3vR0f-J4lsuOcKCng_43.51422493_-92.97957870,2770-180-63.075.png,63.075
881_mt7nF3vR0f-J4lsuOcKCng_43.51422493_-92.97957870,2770-270-63.075.png,63.075
956_hNVnES5my4RdB2W--z8JEQ_-34.91650454_173.18364969,2771-0-28.5831.png,28.5831
956_hNVnES5my4RdB2W--z8JEQ_-34.91650454_173.18364969,2771-90-28.5831.png,28.5831
956_hNVnES5my4RdB2W--z8JEQ_-34.91650454_173.18364969,2771-180-28.5831.png,28.5831
956_hNVnES5my4RdB2W--z8JEQ_-34.91650454_173.18364969,2771-270-28.5831.png,28.5831
287_9N3MrVNqWvVXN8OghEOJJg_16.00311000_-92.01444296,2772-0-60.9412.png,60.9412
287_9N3MrVNqWvVXN8OghEOJJg_16.00311000_-92.01444296,2772-90-60.9412.png,60.9412
287_9N3MrVNqWvVXN8OghEOJJg_16.00311000_-92.01444296,2772-180-60.9412.png,60.9412
287_9N3MrVNqWvVXN8OghEOJJg_16.00311000_-92.01444296,2772-270-60.9412.png,60.9412
0_czgxdGu5OGDeM4UMG5PESg_26.34864265_73.04373521,2773-0-35.161.png,35.161
0_czgxdGu5OGDeM4UMG5PESg_26.34864265_73.04373521,2773-90-35.161.png,35.161
0_czgxdGu5OGDeM4UMG5PESg_26.34864265_73.04373521,2773-180-35.161.png,35.161
0_czgxdGu5OGDeM4UMG5PESg_26.34864265_73.04373521,2773-270-35.161.png,35.161
970_X7sEmwamU__ACphWN2NnVg_49.71858214_5.58386403,2774-0-70.4114.png,70.4114
970_X7sEmwamU__ACphWN2NnVg_49.71858214_5.58386403,2774-90-70.4114.png,70.4114
970_X7sEmwamU__ACphWN2NnVg_49.71858214_5.58386403,2774-180-70.4114.png,70.4114
970_X7sEmwamU__ACphWN2NnVg_49.71858214_5.58386403,2774-270-70.4114.png,70.4114
579_S-JsSWK3mBOyghv4KTqt1A_55.67489515_12.45799376,2775-0-22.2922.png,22.2922
579_S-JsSWK3mBOyghv4KTqt1A_55.67489515_12.45799376,2775-90-22.2922.png,22.2922
579_S-JsSWK3mBOyghv4KTqt1A_55.67489515_12.45799376,2775-180-22.2922.png,22.2922
579_S-JsSWK3mBOyghv4KTqt1A_55.67489515_12.45799376,2775-270-22.2922.png,22.2922
2377_ylL9nhJovatA6gUPVFln6w_53.82407457_-1.89755691,2776-0-58.9116.png,58.9116
2377_ylL9nhJovatA6gUPVFln6w_53.82407457_-1.89755691,2776-90-58.9116.png,58.9116
2377_ylL9nhJovatA6gUPVFln6w_53.82407457_-1.89755691,2776-180-58.9116.png,58.9116
2377_ylL9nhJovatA6gUPVFln6w_53.82407457_-1.89755691,2776-270-58.9116.png,58.9116
2076_STu7xjHwEHbaZ-sImULs0g_42.32269462_13.90622198,2777-0-39.0506.png,39.0506
2076_STu7xjHwEHbaZ-sImULs0g_42.32269462_13.90622198,2777-90-39.0506.png,39.0506
2076_STu7xjHwEHbaZ-sImULs0g_42.32269462_13.90622198,2777-180-39.0506.png,39.0506
2076_STu7xjHwEHbaZ-sImULs0g_42.32269462_13.90622198,2777-270-39.0506.png,39.0506
1391_kpjMugegIyatF-G0WFiDEQ_27.84791118_-82.37084720,2778-0-45.559.png,45.559
1391_kpjMugegIyatF-G0WFiDEQ_27.84791118_-82.37084720,2778-90-45.559.png,45.559
1391_kpjMugegIyatF-G0WFiDEQ_27.84791118_-82.37084720,2778-180-45.559.png,45.559
1391_kpjMugegIyatF-G0WFiDEQ_27.84791118_-82.37084720,2778-270-45.559.png,45.559
2310_gL1VFHulQYo9um0isX5-zg_29.07622049_77.88144317,2779-0-55.7025.png,55.7025
2310_gL1VFHulQYo9um0isX5-zg_29.07622049_77.88144317,2779-90-55.7025.png,55.7025
2310_gL1VFHulQYo9um0isX5-zg_29.07622049_77.88144317,2779-180-55.7025.png,55.7025
2310_gL1VFHulQYo9um0isX5-zg_29.07622049_77.88144317,2779-270-55.7025.png,55.7025
1902_gPfpxvdvmicFJ1gKaSyzaQ_51.52485027_3.64432393,2780-0-22.7714.png,22.7714
1902_gPfpxvdvmicFJ1gKaSyzaQ_51.52485027_3.64432393,2780-90-22.7714.png,22.7714
1902_gPfpxvdvmicFJ1gKaSyzaQ_51.52485027_3.64432393,2780-180-22.7714.png,22.7714
1902_gPfpxvdvmicFJ1gKaSyzaQ_51.52485027_3.64432393,2780-270-22.7714.png,22.7714
