panoID,filename,elevation,sun_x,confidence
1186_t2RdO_qNonJLYl473mnHxA_37.25429984_-6.95184615,/home/alex/Desktop/school/comp-vis/dataset/datasets--everettshen--StreetView360AtoZ/snapshots/f0b9ffb20c4dc68d4422db97b7da7b577970650e/data/1186_t2RdO_qNonJLYl473mnHxA_37.25429984_-6.95184615.jpg,47.158,432.67,0.045914
1758_kqjoH4R6fFmGwOp5kphW4g_43.16465528_-77.64498275,/home/alex/Desktop/school/comp-vis/dataset/datasets--everettshen--StreetView360AtoZ/snapshots/f0b9ffb20c4dc68d4422db97b7da7b577970650e/data/1758_kqjoH4R6fFmGwOp5kphW4g_43.16465528_-77.64498275.jpg,28.3863,222.84,0.078735
1975_0KJ-NIQvvZH_wDW5BU1PZA_36.18746118_-5.92371097,/home/alex/Desktop/school/comp-vis/dataset/datasets--everettshen--StreetView360AtoZ/snapshots/f0b9ffb20c4dc68d4422db97b7da7b577970650e/data/1975_0KJ-NIQvvZH_wDW5BU1PZA_36.18746118_-5.92371097.jpg,25.3594,370.33,0.041351
2398_9SAOKmxCqyVFpGdbJcK_xw_42.98117664_-97.49665100,/home/alex/Desktop/school/comp-vis/dataset/datasets--everettshen--StreetView360AtoZ/snapshots/f0b9ffb20c4dc68d4422db97b7da7b577970650e/data/2398_9SAOKmxCqyVFpGdbJcK_xw_42.98117664_-97.49665100.jpg,30.2062,59.57,0.061829
2283_sC1VeEqlqmgnDIVMmJSOdg_51.42440379_-2.22399534,/home/alex/Desktop/school/comp-vis/dataset/datasets--everettshen--StreetView360AtoZ/snapshots/f0b9ffb20c4dc68d4422db97b7da7b577970650e/data/2283_sC1VeEqlqmgnDIVMmJSOdg_51.42440379_-2.22399534.jpg,55.5008,417.04,0.01796
916_7aV87qu5slzd8bHLZaG-MQ_13.24679046_102.82129851,/home/alex/Desktop/school/comp-vis/dataset/datasets--everettshen--StreetView360AtoZ/snapshots/f0b9ffb20c4dc68d4422db97b7da7b577970650e/data/916_7aV87qu5slzd8bHLZaG-MQ_13.24679046_102.82129851.jpg,62.7337,107.2,0.1315
2044_VJ1OPuUi5p574-10xKnFHg_-8.27983048_120.44813259,/home/alex/Desktop/school/comp-vis/dataset/datasets--everettshen--StreetView360AtoZ/snapshots/f0b9ffb20c4dc68d4422db97b7da7b577970650e/data/2044_VJ1OPuUi5p574-10xKnFHg_-8.27983048_120.44813259.jpg,27.8231,391.55,0.013687
870_84VnW_XOjKwyj-ophbMCeA_70.62930388_21.98124901,/home/alex/Desktop/school/comp-vis/dataset/datasets--everettshen--StreetView360AtoZ/snapshots/f0b9ffb20c4dc68d4422db97b7da7b577970650e/data/870_84VnW_XOjKwyj-ophbMCeA_70.62930388_21.98124901.jpg,40.5098,416.76,0.0354
3327_65sEzh1IivPexNEu06RTsw_40.07950763_21.18178980,/home/alex/Desktop/school/comp-vis/dataset/datasets--everettshen--StreetView360AtoZ/snapshots/f0b9ffb20c4dc68d4422db97b7da7b577970650e/data/3327_65sEzh1IivPexNEu06RTsw_40.07950763_21.18178980.jpg,23.464,500.02,0.010376
400_bDFEm4sRn1Frzq2wM9HyhQ_40.59801138_-124.15729480,/home/alex/Desktop/school/comp-vis/dataset/datasets--everettshen--StreetView360AtoZ/snapshots/f0b9ffb20c4dc68d4422db97b7da7b577970650e/data/400_bDFEm4sRn1Frzq2wM9HyhQ_40.59801138_-124.15729480.jpg,41.7873,180.77,0.029922
2877_IrROn8KtTJUV5XBsuWae2Q_-21.73267784_-45.96655498,/home/alex/Desktop/school/comp-vis/dataset/datasets--everettshen--StreetView360AtoZ/snapshots/f0b9ffb20c4dc68d4422db97b7da7b577970650e/data/2877_IrROn8KtTJUV5XBsuWae2Q_-21.73267784_-45.96655498.jpg,53.6777,448.28,0.057739
434_pkHhEH94nJftpnyKswlccQ_23.88525236_120.51289821,/home/alex/Desktop/school/comp-vis/dataset/datasets--everettshen--StreetView360AtoZ/snapshots/f0b9ffb20c4dc68d4422db97b7da7b577970650e/data/434_pkHhEH94nJftpnyKswlccQ_23.88525236_120.51289821.jpg,54.0824,353.9,0.031311
1296_0rmiCF5t3pfOBwIICNbDBQ_46.83509697_-65.73989028,/home/alex/Desktop/school/comp-vis/dataset/datasets--everettshen--StreetView360AtoZ/snapshots/f0b9ffb20c4dc68d4422db97b7da7b577970650e/data/1296_0rmiCF5t3pfOBwIICNbDBQ_46.83509697_-65.73989028.jpg,47.309,490.04,0.012802
1005_zz5K3eYzRf_g3BCkiDeMnQ_30.91348322_-90.12831068,/home/alex/Desktop/school/comp-vis/dataset/datasets--everettshen--StreetView360AtoZ/snapshots/f0b9ffb20c4dc68d4422db97b7da7b577970650e/data/1005_zz5K3eYzRf_g3BCkiDeMnQ_30.91348322_-90.12831068.jpg,34.6577,57.78,0.02269
2142_2wz_pmP2HcHo2jXx_FxC7A_45.47390921_-98.50024766,/home/alex/Desktop/school/comp-vis/dataset/datasets--everettshen--StreetView360AtoZ/snapshots/f0b9ffb20c4dc68d4422db97b7da7b577970650e/data/2142_2wz_pmP2HcHo2jXx_FxC7A_45.47390921_-98.50024766.jpg,14.8721,285.37,0.058884
108_YJdNwvHsKBbFzGFpyXY9lw_42.60278786_-91.07428942,/home/alex/Desktop/school/comp-vis/dataset/datasets--everettshen--StreetView360AtoZ/snapshots/f0b9ffb20c4dc68d4422db97b7da7b577970650e/data/108_YJdNwvHsKBbFzGFpyXY9lw_42.60278786_-91.07428942.jpg,39.8898,306.32,0.056091
221_bPOxRFd91o_W8O9rh0uo-g_61.88361047_28.81233233,/home/alex/Desktop/school/comp-vis/dataset/datasets--everettshen--StreetView360AtoZ/snapshots/f0b9ffb20c4dc68d4422db97b7da7b577970650e/data/221_bPOxRFd91o_W8O9rh0uo-g_61.88361047_28.81233233.jpg,20.7573,228.01,0.030884
63_-U_m97bePawhLpR74K1sFw_65.76645294_23.04860427,/home/alex/Desktop/school/comp-vis/dataset/datasets--everettshen--StreetView360AtoZ/snapshots/f0b9ffb20c4dc68d4422db97b7da7b577970650e/data/63_-U_m97bePawhLpR74K1sFw_65.76645294_23.04860427.jpg,22.4234,31.18,0.042526
1_WeSmKvFsfLYy_e1oV9b8tw_37.58552663_-75.78515463,/home/alex/Desktop/school/comp-vis/dataset/datasets--everettshen--StreetView360AtoZ/snapshots/f0b9ffb20c4dc68d4422db97b7da7b577970650e/data/1_WeSmKvFsfLYy_e1oV9b8tw_37.58552663_-75.78515463.jpg,52.766,82.05,0.021133
670_1VXkYWCs_GfqMX5QpLavLw_37.99950529_15.87325752,/home/alex/Desktop/school/comp-vis/dataset/datasets--everettshen--StreetView360AtoZ/snapshots/f0b9ffb20c4dc68d4422db97b7da7b577970650e/data/670_1VXkYWCs_GfqMX5QpLavLw_37.99950529_15.87325752.jpg,34.4577,355.47,0.041443
1149_QI9nA5re6N6TePZmStfAAA_-38.00104355_145.19074495,/home/alex/Desktop/school/comp-vis/dataset/datasets--everettshen--StreetView360AtoZ/snapshots/f0b9ffb20c4dc68d4422db97b7da7b577970650e/data/1149_QI9nA5re6N6TePZmStfAAA_-38.00104355_145.19074495.jpg,11.8792,270.88,0.058258
1966_ug1FShKqmrbPFB4XBdpZmA_43.97969477_-97.67077528,/home/alex/Desktop/school/comp-vis/dataset/datasets--everettshen--StreetView360AtoZ/snapshots/f0b9ffb20c4dc68d4422db97b7da7b577970650e/data/1966_ug1FShKqmrbPFB4XBdpZmA_43.97969477_-97.67077528.jpg,25.6176,453.07,0.081894
324_QDyoo3v8VWm-XOBiUk1q4g_44.27778469_26.13659573,/home/alex/Desktop/school/comp-vis/dataset/datasets--everettshen--StreetView360AtoZ/snapshots/f0b9ffb20c4dc68d4422db97b7da7b577970650e/data/324_QDyoo3v8VWm-XOBiUk1q4g_44.27778469_26.13659573.jpg,31.3662,494.42,0.019592
441_bmZZs6frbaZcnD-DTXMBXQ_47.39938475_21.66691520,/home/alex/Desktop/school/comp-vis/dataset/datasets--everettshen--StreetView360AtoZ/snapshots/f0b9ffb20c4dc68d4422db97b7da7b577970650e/data/441_bmZZs6frbaZcnD-DTXMBXQ_47.39938475_21.66691520.jpg,54.2642,179.5,0.013412
151_BYGMzzVEhB9NBxvSZ0DcBA_17.99075804_74.43155213,/home/alex/Desktop/school/comp-vis/dataset/datasets--everettshen--StreetView360AtoZ/snapshots/f0b9ffb20c4dc68d4422db97b7da7b577970650e/data/151_BYGMzzVEhB9NBxvSZ0DcBA_17.99075804_74.43155213.jpg,49.094,89.13,0.03273
948_k6pwQzBDZbuTPbvINwhAKg_38.95870082_-80.67688225,/home/alex/Desktop/school/comp-vis/dataset/datasets--everettshen--StreetView360AtoZ/snapshots/f0b9ffb20c4dc68d4422db97b7da7b577970650e/data/948_k6pwQzBDZbuTPbvINwhAKg_38.95870082_-80.67688225.jpg,54.8119,192.33,0.102127
244_B0bAf7F_7CMbaZ8aU1okcw_49.14285712_9.74565094,/home/alex/Desktop/school/comp-vis/dataset/datasets--everettshen--StreetView360AtoZ/snapshots/f0b9ffb20c4dc68d4422db97b7da7b577970650e/data/244_B0bAf7F_7CMbaZ8aU1okcw_49.14285712_9.74565094.jpg,30.4591,466.79,0.032028
2627_bBNtplMxF3d3RiB1oXycDg_14.83878325_78.01949115,/home/alex/Desktop/school/comp-vis/dataset/datasets--everettshen--StreetView360AtoZ/snapshots/f0b9ffb20c4dc68d4422db97b7da7b577970650e/data/2627_bBNtplMxF3d3RiB1oXycDg_14.83878325_78.01949115.jpg,50.121,33.22,0.094131
1101_oMzCVvMABtapwUb0F2HFyA_11.27502852_77.52587561,/home/alex/Desktop/school/comp-vis/dataset/datasets--everettshen--StreetView360AtoZ/snapshots/f0b9ffb20c4dc68d4422db97b7da7b577970650e/data/1101_oMzCVvMABtapwUb0F2HFyA_11.27502852_77.52587561.jpg,62.0892,306.13,0.016281
1841_y3_UgiBOt1CCGhGAD9YubQ_30.33841682_-109.69261443,/home/alex/Desktop/school/comp-vis/dataset/datasets--everettshen--StreetView360AtoZ/snapshots/f0b9ffb20c4dc68d4422db97b7da7b577970650e/data/1841_y3_UgiBOt1CCGhGAD9YubQ_30.33841682_-109.69261443.jpg,48.8475,77.33,0.041641
1321_0LWZArDWvsEcx05Me1DO0Q_1.31583228_103.94444681,/home/alex/Desktop/school/comp-vis/dataset/datasets--everettshen--StreetView360AtoZ/snapshots/f0b9ffb20c4dc68d4422db97b7da7b577970650e/data/1321_0LWZArDWvsEcx05Me1DO0Q_1.31583228_103.94444681.jpg,63.2408,106.94,0.056335
62_0Ze4pTltB6rnZA24KnOqMw_42.90874461_-76.54006201,/home/alex/Desktop/school/comp-vis/dataset/datasets--everettshen--StreetView360AtoZ/snapshots/f0b9ffb20c4dc68d4422db97b7da7b577970650e/data/62_0Ze4pTltB6rnZA24KnOqMw_42.90874461_-76.54006201.jpg,39.7762,88.41,0.042389
939_CM63yD4OADgfYdODwj7RKg_38.26290882_36.22052295,/home/alex/Desktop/school/comp-vis/dataset/datasets--everettshen--StreetView360AtoZ/snapshots/f0b9ffb20c4dc68d4422db97b7da7b577970650e/data/939_CM63yD4OADgfYdODwj7RKg_38.26290882_36.22052295.jpg,30.546,78.11,0.03389
117_r1uyrHvGn9kNt0mcTtqP3g_60.57470148_6.99749445,/home/alex/Desktop/school/comp-vis/dataset/datasets--everettshen--StreetView360AtoZ/snapshots/f0b9ffb20c4dc68d4422db97b7da7b577970650e/data/117_r1uyrHvGn9kNt0mcTtqP3g_60.57470148_6.99749445.jpg,77.1446,298.62,0.208496
2386_yJof8gdhDRjqpC3UUi7tDw_44.63545992_-1.10805670,/home/alex/Desktop/school/comp-vis/dataset/datasets--everettshen--StreetView360AtoZ/snapshots/f0b9ffb20c4dc68d4422db97b7da7b577970650e/data/2386_yJof8gdhDRjqpC3UUi7tDw_44.63545992_-1.10805670.jpg,49.3058,125.5,0.069305
2279_viHKesQh8AbMHTyM9HpGUw_47.15901228_-98.00804042,/home/alex/Desktop/school/comp-vis/dataset/datasets--everettshen--StreetView360AtoZ/snapshots/f0b9ffb20c4dc68d4422db97b7da7b577970650e/data/2279_viHKesQh8AbMHTyM9HpGUw_47.15901228_-98.00804042.jpg,61.5241,34.91,0.029114
2739__xJZgrCyl2biqanPgzOtBA_30.21666096_-93.37348907,/home/alex/Desktop/school/comp-vis/dataset/datasets--everettshen--StreetView360AtoZ/snapshots/f0b9ffb20c4dc68d4422db97b7da7b577970650e/data/2739__xJZgrCyl2biqanPgzOtBA_30.21666096_-93.37348907.jpg,15.823,358.46,0.045288
465_gGRWQd0VedSyUBD24m86Kg_49.59454917_6.03329163,/home/alex/Desktop/school/comp-vis/dataset/datasets--everettshen--StreetView360AtoZ/snapshots/f0b9ffb20c4dc68d4422db97b7da7b577970650e/data/465_gGRWQd0VedSyUBD24m86Kg_49.59454917_6.03329163.jpg,39.3363,456.56,0.01207
1371_jqS0dljjiJMryqkIjtIpag_40.15248928_-77.71050926,/home/alex/Desktop/school/comp-vis/dataset/datasets--everettshen--StreetView360AtoZ/snapshots/f0b9ffb20c4dc68d4422db97b7da7b577970650e/data/1371_jqS0dljjiJMryqkIjtIpag_40.15248928_-77.71050926.jpg,69.6211,185.45,0.123993
338_i4--IPkrbAkd8f9V99pk4g_-32.93343418_27.45021695,/home/alex/Desktop/school/comp-vis/dataset/datasets--everettshen--StreetView360AtoZ/snapshots/f0b9ffb20c4dc68d4422db97b7da7b577970650e/data/338_i4--IPkrbAkd8f9V99pk4g_-32.93343418_27.45021695.jpg,37.2927,78.57,0.015289
623_4eo6oNPh1fYWgAwSh20pug_39.66706055_35.88284619,/home/alex/Desktop/school/comp-vis/dataset/datasets--everettshen--StreetView360AtoZ/snapshots/f0b9ffb20c4dc68d4422db97b7da7b577970650e/data/623_4eo6oNPh1fYWgAwSh20pug_39.66706055_35.88284619.jpg,57.7157,407.12,0.013733
798_ojwsnWdif1lQyK6-pOcwww_-8.16065604_113.45901469,/home/alex/Desktop/school/comp-vis/dataset/datasets--everettshen--StreetView360AtoZ/snapshots/f0b9ffb20c4dc68d4422db97b7da7b577970650e/data/798_ojwsnWdif1lQyK6-pOcwww_-8.16065604_113.45901469.jpg,72.0197,38.4,0.046478
1024_JszNC8YMAuCrRAXYnd_olQ_17.52759082_101.73077359,/home/alex/Desktop/school/comp-vis/dataset/datasets--everettshen--StreetView360AtoZ/snapshots/f0b9ffb20c4dc68d4422db97b7da7b577970650e/data/1024_JszNC8YMAuCrRAXYnd_olQ_17.52759082_101.73077359.jpg,19.5967,284.33,0.021988
388_nZeHMcgR4cypRe_puZlVEw_60.35253162_24.34604458,/home/alex/Desktop/school/comp-vis/dataset/datasets--everettshen--StreetView360AtoZ/snapshots/f0b9ffb20c4dc68d4422db97b7da7b577970650e/data/388_nZeHMcgR4cypRe_puZlVEw_60.35253162_24.34604458.jpg,29.7673,38.76,0.064224
413_ZbUQkyO4ZT1Jq9y_-WlYRg_62.84245376_11.29563988,/home/alex/Desktop/school/comp-vis/dataset/datasets--everettshen--StreetView360AtoZ/snapshots/f0b9ffb20c4dc68d4422db97b7da7b577970650e/data/413_ZbUQkyO4ZT1Jq9y_-WlYRg_62.84245376_11.29563988.jpg,20.4358,450.6,0.020508
1148_uOY95PfOe5m9OTzAAso8rg_-26.40041780_153.06658168,/home/alex/Desktop/school/comp-vis/dataset/datasets--everettshen--StreetView360AtoZ/snapshots/f0b9ffb20c4dc68d4422db97b7da7b577970650e/data/1148_uOY95PfOe5m9OTzAAso8rg_-26.40041780_153.06658168.jpg,60.349,201.0,0.052643
3370_0Wukq4NzeYy447dJKyhkXw_37.82135862_13.85486962,/home/alex/Desktop/school/comp-vis/dataset/datasets--everettshen--StreetView360AtoZ/snapshots/f0b9ffb20c4dc68d4422db97b7da7b577970650e/data/3370_0Wukq4NzeYy447dJKyhkXw_37.82135862_13.85486962.jpg,59.6827,133.52,0.171799
1567_ijRqAM1WlIvG4eK6UGn6Tw_-2.63907499_29.74367727,/home/alex/Desktop/school/comp-vis/dataset/datasets--everettshen--StreetView360AtoZ/snapshots/f0b9ffb20c4dc68d4422db97b7da7b577970650e/data/1567_ijRqAM1WlIvG4eK6UGn6Tw_-2.63907499_29.74367727.jpg,59.2848,58.83,0.017822
1247_7kybBHx_1hTqYQlmgFsVlg_60.30101418_25.32690960,/home/alex/Desktop/school/comp-vis/dataset/datasets--everettshen--StreetView360AtoZ/snapshots/f0b9ffb20c4dc68d4422db97b7da7b577970650e/data/1247_7kybBHx_1hTqYQlmgFsVlg_60.30101418_25.32690960.jpg,33.6779,258.33,0.032349
216_gu60KbF25z_pl1ngmtor3w_45.79074838_-107.63254062,/home/alex/Desktop/school/comp-vis/dataset/datasets--everettshen--StreetView360AtoZ/snapshots/f0b9ffb20c4dc68d4422db97b7da7b577970650e/data/216_gu60KbF25z_pl1ngmtor3w_45.79074838_-107.63254062.jpg,10.9453,419.16,0.028427
1298_lPRtwi0gK6G6lBkDNW8cAA_41.56666807_23.29997886,/home/alex/Desktop/school/comp-vis/dataset/datasets--everettshen--StreetView360AtoZ/snapshots/f0b9ffb20c4dc68d4422db97b7da7b577970650e/data/1298_lPRtwi0gK6G6lBkDNW8cAA_41.56666807_23.29997886.jpg,18.1252,71.92,0.0177
1508_XmrGQxRFruw1zicuzg_pPA_46.16529844_-96.97776631,/home/alex/Desktop/school/comp-vis/dataset/datasets--everettshen--StreetView360AtoZ/snapshots/f0b9ffb20c4dc68d4422db97b7da7b577970650e/data/1508_XmrGQxRFruw1zicuzg_pPA_46.16529844_-96.97776631.jpg,62.0223,95.88,0.026489
1725_Hz_Tllk55hjuNdYVvzs9og_37.40444798_-6.07669851,/home/alex/Desktop/school/comp-vis/dataset/datasets--everettshen--StreetView360AtoZ/snapshots/f0b9ffb20c4dc68d4422db97b7da7b577970650e/data/1725_Hz_Tllk55hjuNdYVvzs9og_37.40444798_-6.07669851.jpg,24.9472,491.04,0.016586
332_VJEAyQE5Gw4KByC7Q3c19Q_31.52898790_-97.16137245,/home/alex/Desktop/school/comp-vis/dataset/datasets--everettshen--StreetView360AtoZ/snapshots/f0b9ffb20c4dc68d4422db97b7da7b577970650e/data/332_VJEAyQE5Gw4KByC7Q3c19Q_31.52898790_-97.16137245.jpg,31.4268,389.14,0.121597
565_UfdlhY18ww2PJ0cdgnNYLQ_18.09346509_80.79976906,/home/alex/Desktop/school/comp-vis/dataset/datasets--everettshen--StreetView360AtoZ/snapshots/f0b9ffb20c4dc68d4422db97b7da7b577970650e/data/565_UfdlhY18ww2PJ0cdgnNYLQ_18.09346509_80.79976906.jpg,41.8477,468.07,0.084396
3338_ZKdj23CHjh1d96YyqTl-2Q_46.83642924_-119.93365122,/home/alex/Desktop/school/comp-vis/dataset/datasets--everettshen--StreetView360AtoZ/snapshots/f0b9ffb20c4dc68d4422db97b7da7b577970650e/data/3338_ZKdj23CHjh1d96YyqTl-2Q_46.83642924_-119.93365122.jpg,20.4117,92.77,0.031097
3361_9PbvE69CQM1cZy1k-3YBfg_62.59635627_9.56300629,/home/alex/Desktop/school/comp-vis/dataset/datasets--everettshen--StreetView360AtoZ/snapshots/f0b9ffb20c4dc68d4422db97b7da7b577970650e/data/3361_9PbvE69CQM1cZy1k-3YBfg_62.59635627_9.56300629.jpg,30.3484,434.98,0.035187
408_yamzCVgIrOb1JlycIZxqAg_36.16361500_-86.77914750,/home/alex/Desktop/school/comp-vis/dataset/datasets--everettshen--StreetView360AtoZ/snapshots/f0b9ffb20c4dc68d4422db97b7da7b577970650e/data/408_yamzCVgIrOb1JlycIZxqAg_36.16361500_-86.77914750.jpg,75.7845,285.22,0.201172
504_xXi7clF5Zl0vwOzZwBlFeA_17.01815903_99.81828553,/home/alex/Desktop/school/comp-vis/dataset/datasets--everettshen--StreetView360AtoZ/snapshots/f0b9ffb20c4dc68d4422db97b7da7b577970650e/data/504_xXi7clF5Zl0vwOzZwBlFeA_17.01815903_99.81828553.jpg,43.1202,223.91,0.032471
3236_uYGZz4ssWky2SOw76aFFUg_17.17303977_79.16845589,/home/alex/Desktop/school/comp-vis/dataset/datasets--everettshen--StreetView360AtoZ/snapshots/f0b9ffb20c4dc68d4422db97b7da7b577970650e/data/3236_uYGZz4ssWky2SOw76aFFUg_17.17303977_79.16845589.jpg,35.8914,281.37,0.222549
437_HZTAVO_9ec2sHA0kvGyVkQ_38.48731178_-101.08191114,/home/alex/Desktop/school/comp-vis/dataset/datasets--everettshen--StreetView360AtoZ/snapshots/f0b9ffb20c4dc68d4422db97b7da7b577970650e/data/437_HZTAVO_9ec2sHA0kvGyVkQ_38.48731178_-101.08191114.jpg,60.5647,98.31,0.064987
709_8EtqNhOssEf66AVaeyLvDA_12.70125983_77.06465252,/home/alex/Desktop/school/comp-vis/dataset/datasets--everettshen--StreetView360AtoZ/snapshots/f0b9ffb20c4dc68d4422db97b7da7b577970650e/data/709_8EtqNhOssEf66AVaeyLvDA_12.70125983_77.06465252.jpg,51.0648,407.82,0.126038
2454_siMLX_JvPibwBLLd98i0vg_34.43786924_-100.23532806,/home/alex/Desktop/school/comp-vis/dataset/datasets--everettshen--StreetView360AtoZ/snapshots/f0b9ffb20c4dc68d4422db97b7da7b577970650e/data/2454_siMLX_JvPibwBLLd98i0vg_34.43786924_-100.23532806.jpg,13.7153,487.67,0.013901
115_zRlpvFZFkt8QpOceE1h15w_20.90673519_70.91896858,/home/alex/Desktop/school/comp-vis/dataset/datasets--everettshen--StreetView360AtoZ/snapshots/f0b9ffb20c4dc68d4422db97b7da7b577970650e/data/115_zRlpvFZFkt8QpOceE1h15w_20.90673519_70.91896858.jpg,19.8326,390.54,0.031403
1128_XcpQWo3T4V22IEsJQDYCYg_41.46185886_-96.77973854,/home/alex/Desktop/school/comp-vis/dataset/datasets--everettshen--StreetView360AtoZ/snapshots/f0b9ffb20c4dc68d4422db97b7da7b577970650e/data/1128_XcpQWo3T4V22IEsJQDYCYg_41.46185886_-96.77973854.jpg,37.6257,219.1,0.017242
145_rWLN_a4qYPKm3bddHr3FnA_32.77079350_129.86386248,/home/alex/Desktop/school/comp-vis/dataset/datasets--everettshen--StreetView360AtoZ/snapshots/f0b9ffb20c4dc68d4422db97b7da7b577970650e/data/145_rWLN_a4qYPKm3bddHr3FnA_32.77079350_129.86386248.jpg,67.3581,401.51,0.077026
3269_oV9hEh4pkTkQF7-Tr0f3OQ_38.48187696_-100.60189166,/home/alex/Desktop/school/comp-vis/dataset/datasets--everettshen--StreetView360AtoZ/snapshots/f0b9ffb20c4dc68d4422db97b7da7b577970650e/data/3269_oV9hEh4pkTkQF7-Tr0f3OQ_38.48187696_-100.60189166.jpg,83.1421,344.65,0.050323
726_Bvch0VNRL3jDpcSJMcUU9g_-36.77179050_174.76542165,/home/alex/Desktop/school/comp-vis/dataset/datasets--everettshen--StreetView360AtoZ/snapshots/f0b9ffb20c4dc68d4422db97b7da7b577970650e/data/726_Bvch0VNRL3jDpcSJMcUU9g_-36.77179050_174.76542165.jpg,54.2038,151.79,0.020996
1066_BdObkdI9DrymfnrtB4kEvw_12.21765729_123.53038555,/home/alex/Desktop/school/comp-vis/dataset/datasets--everettshen--StreetView360AtoZ/snapshots/f0b9ffb20c4dc68d4422db97b7da7b577970650e/data/1066_BdObkdI9DrymfnrtB4kEvw_12.21765729_123.53038555.jpg,43.2244,204.61,0.057053
631_frYVCdEVPtPzWBw4rfQW5w_35.97245536_-85.56367041,/home/alex/Desktop/school/comp-vis/dataset/datasets--everettshen--StreetView360AtoZ/snapshots/f0b9ffb20c4dc68d4422db97b7da7b577970650e/data/631_frYVCdEVPtPzWBw4rfQW5w_35.97245536_-85.56367041.jpg,46.6275,427.76,0.067627
160_xuQK_oY9NCEx9JzO4QZwNA_39.74956709_-8.91556672,/home/alex/Desktop/school/comp-vis/dataset/datasets--everettshen--StreetView360AtoZ/snapshots/f0b9ffb20c4dc68d4422db97b7da7b577970650e/data/160_xuQK_oY9NCEx9JzO4QZwNA_39.74956709_-8.91556672.jpg,62.8739,216.29,0.022598
1773_UvtodRbzj5N0DhWgsQJJSQ_-34.07865743_22.16333882,/home/alex/Desktop/school/comp-vis/dataset/datasets--everettshen--StreetView360AtoZ/snapshots/f0b9ffb20c4dc68d4422db97b7da7b577970650e/data/1773_UvtodRbzj5N0DhWgsQJJSQ_-34.07865743_22.16333882.jpg,37.3469,412.47,0.076523
2216_Xuzzc75H-5w3HmZUNz2P5g_-26.69390865_152.80336960,/home/alex/Desktop/school/comp-vis/dataset/datasets--everettshen--StreetView360AtoZ/snapshots/f0b9ffb20c4dc68d4422db97b7da7b577970650e/data/2216_Xuzzc75H-5w3HmZUNz2P5g_-26.69390865_152.80336960.jpg,53.9754,35.83,0.041611
1357_poFroti6a8VQOzfjMgEUlQ_27.79129722_73.33897050,/home/alex/Desktop/school/comp-vis/dataset/datasets--everettshen--StreetView360AtoZ/snapshots/f0b9ffb20c4dc68d4422db97b7da7b577970650e/data/1357_poFroti6a8VQOzfjMgEUlQ_27.79129722_73.33897050.jpg,21.0906,245.5,0.073105
1689_0bTCQqIZ2o1Ae8MxVwXtPA_29.88225592_-96.86680796,/home/alex/Desktop/school/comp-vis/dataset/datasets--everettshen--StreetView360AtoZ/snapshots/f0b9ffb20c4dc68d4422db97b7da7b577970650e/data/1689_0bTCQqIZ2o1Ae8MxVwXtPA_29.88225592_-96.86680796.jpg,82.9161,99.29,0.037704
745_Ol6kg1qx-OY0r7uYzAOhGA_46.75638338_4.33361818,/home/alex/Desktop/school/comp-vis/dataset/datasets--everettshen--StreetView360AtoZ/snapshots/f0b9ffb20c4dc68d4422db97b7da7b577970650e/data/745_Ol6kg1qx-OY0r7uYzAOhGA_46.75638338_4.33361818.jpg,29.3009,160.47,0.055206
451_7_KbMYsc089wYQmp0ul0_w_28.93605026_78.34428961,/home/alex/Desktop/school/comp-vis/dataset/datasets--everettshen--StreetView360AtoZ/snapshots/f0b9ffb20c4dc68d4422db97b7da7b577970650e/data/451_7_KbMYsc089wYQmp0ul0_w_28.93605026_78.34428961.jpg,33.0747,9.24,0.012207
960_4C_gHWZ-lm58jtZadBP1Mw_38.72844833_22.67063100,/home/alex/Desktop/school/comp-vis/dataset/datasets--everettshen--StreetView360AtoZ/snapshots/f0b9ffb20c4dc68d4422db97b7da7b577970650e/data/960_4C_gHWZ-lm58jtZadBP1Mw_38.72844833_22.67063100.jpg,22.5295,452.14,0.017563
150_0m72tl3UXnqByHQPBBfksQ_50.96908640_5.76658513,/home/alex/Desktop/school/comp-vis/dataset/datasets--everettshen--StreetView360AtoZ/snapshots/f0b9ffb20c4dc68d4422db97b7da7b577970650e/data/150_0m72tl3UXnqByHQPBBfksQ_50.96908640_5.76658513.jpg,42.4193,326.95,0.01825
419_JruZINHTM1ca7gzin64RhA_39.20741366_-76.05076340,/home/alex/Desktop/school/comp-vis/dataset/datasets--everettshen--StreetView360AtoZ/snapshots/f0b9ffb20c4dc68d4422db97b7da7b577970650e/data/419_JruZINHTM1ca7gzin64RhA_39.20741366_-76.05076340.jpg,33.9623,379.14,0.021744
3448_6p6Doc5ukqRfrjOPmH4_cA_12.99817389_77.16351244,/home/alex/Desktop/school/comp-vis/dataset/datasets--everettshen--StreetView360AtoZ/snapshots/f0b9ffb20c4dc68d4422db97b7da7b577970650e/data/3448_6p6Doc5ukqRfrjOPmH4_cA_12.99817389_77.16351244.jpg,42.9895,423.5,0.125275
1164__-3Q4yE8Wbn3i06yxnPhgA_45.87852047_-111.19648511,/home/alex/Desktop/school/comp-vis/dataset/datasets--everettshen--StreetView360AtoZ/snapshots/f0b9ffb20c4dc68d4422db97b7da7b577970650e/data/1164__-3Q4yE8Wbn3i06yxnPhgA_45.87852047_-111.19648511.jpg,38.0667,486.17,0.013336
318_nQVzGCH5zdPw3MgM5vVXtQ_63.42590531_10.39610904,/home/alex/Desktop/school/comp-vis/dataset/datasets--everettshen--StreetView360AtoZ/snapshots/f0b9ffb20c4dc68d4422db97b7da7b577970650e/data/318_nQVzGCH5zdPw3MgM5vVXtQ_63.42590531_10.39610904.jpg,25.9956,304.07,0.014191
542_On1ctVjvxBbHGttpmLXwUA_43.46362552_-98.64827767,/home/alex/Desktop/school/comp-vis/dataset/datasets--everettshen--StreetView360AtoZ/snapshots/f0b9ffb20c4dc68d4422db97b7da7b577970650e/data/542_On1ctVjvxBbHGttpmLXwUA_43.46362552_-98.64827767.jpg,14.4739,205.24,0.028931
896_WiFQKfrqdy2C1_xPDmykhw_23.53381762_91.48351851,/home/alex/Desktop/school/comp-vis/dataset/datasets--everettshen--StreetView360AtoZ/snapshots/f0b9ffb20c4dc68d4422db97b7da7b577970650e/data/896_WiFQKfrqdy2C1_xPDmykhw_23.53381762_91.48351851.jpg,34.5281,431.52,0.021393
533_KGaOxtlKmBXDqhkq50JoEA_44.54169557_1.07408051,/home/alex/Desktop/school/comp-vis/dataset/datasets--everettshen--StreetView360AtoZ/snapshots/f0b9ffb20c4dc68d4422db97b7da7b577970650e/data/533_KGaOxtlKmBXDqhkq50JoEA_44.54169557_1.07408051.jpg,86.2719,287.87,0.016418
1868_FkusXxGKsB9pGjmQO4Vq8g_-2.26819107_-46.96766648,/home/alex/Desktop/school/comp-vis/dataset/datasets--everettshen--StreetView360AtoZ/snapshots/f0b9ffb20c4dc68d4422db97b7da7b577970650e/data/1868_FkusXxGKsB9pGjmQO4Vq8g_-2.26819107_-46.96766648.jpg,75.5948,187.48,0.078613
241_KyO4x3jeZWp4my0hfyFZhg_48.49019730_-81.34983157,/home/alex/Desktop/school/comp-vis/dataset/datasets--everettshen--StreetView360AtoZ/snapshots/f0b9ffb20c4dc68d4422db97b7da7b577970650e/data/241_KyO4x3jeZWp4my0hfyFZhg_48.49019730_-81.34983157.jpg,43.6513,241.11,0.020584
354_6jXc-zcbrvE1N22896q8VQ_46.56972637_0.46470447,/home/alex/Desktop/school/comp-vis/dataset/datasets--everettshen--StreetView360AtoZ/snapshots/f0b9ffb20c4dc68d4422db97b7da7b577970650e/data/354_6jXc-zcbrvE1N22896q8VQ_46.56972637_0.46470447.jpg,43.9559,31.64,0.019547
526_ke1GtfWHy7RG1F48ryHUGA_26.23626984_84.30620141,/home/alex/Desktop/school/comp-vis/dataset/datasets--everettshen--StreetView360AtoZ/snapshots/f0b9ffb20c4dc68d4422db97b7da7b577970650e/data/526_ke1GtfWHy7RG1F48ryHUGA_26.23626984_84.30620141.jpg,52.7268,356.62,0.044998
421_OAkcxwDdVx5ocKFZTw2R9A_-38.51795101_177.90063404,/home/alex/Desktop/school/comp-vis/dataset/datasets--everettshen--StreetView360AtoZ/snapshots/f0b9ffb20c4dc68d4422db97b7da7b577970650e/data/421_OAkcxwDdVx5ocKFZTw2R9A_-38.51795101_177.90063404.jpg,67.9286,445.46,0.062759
402_VX-la3j9AivIaQtnRKM2LA_29.28162226_78.95101643,/home/alex/Desktop/school/comp-vis/dataset/datasets--everettshen--StreetView360AtoZ/snapshots/f0b9ffb20c4dc68d4422db97b7da7b577970650e/data/402_VX-la3j9AivIaQtnRKM2LA_29.28162226_78.95101643.jpg,71.2804,290.02,0.061737
324_yNlTyXgd4NB5HbRVK8fjfg_35.35698466_-89.60061433,/home/alex/Desktop/school/comp-vis/dataset/datasets--everettshen--StreetView360AtoZ/snapshots/f0b9ffb20c4dc68d4422db97b7da7b577970650e/data/324_yNlTyXgd4NB5HbRVK8fjfg_35.35698466_-89.60061433.jpg,39.0613,472.91,0.062531
1284_ExxkOS9i_D0Cw4ZMkgdT6A_23.53127696_89.70504404,/home/alex/Desktop/school/comp-vis/dataset/datasets--everettshen--StreetView360AtoZ/snapshots/f0b9ffb20c4dc68d4422db97b7da7b577970650e/data/1284_ExxkOS9i_D0Cw4ZMkgdT6A_23.53127696_89.70504404.jpg,71.5322,313.7,0.125839
573_cMYqJ1xPCRH7isXrgRElLQ_22.61800415_72.70612535,/home/alex/Desktop/school/comp-vis/dataset/datasets--everettshen--StreetView360AtoZ/snapshots/f0b9ffb20c4dc68d4422db97b7da7b577970650e/data/573_cMYqJ1xPCRH7isXrgRElLQ_22.61800415_72.70612535.jpg,64.8451,304.57,0.320877
853_N3GXNth98DYk_Q30MOPGIA_38.91608149_-6.34383750,/home/alex/Desktop/school/comp-vis/dataset/datasets--everettshen--StreetView360AtoZ/snapshots/f0b9ffb20c4dc68d4422db97b7da7b577970650e/data/853_N3GXNth98DYk_Q30MOPGIA_38.91608149_-6.34383750.jpg,72.6456,259.39,0.278137
1770_JARxTjQIapBJTalNqSebVg_48.74721568_1.92011150,/home/alex/Desktop/school/comp-vis/dataset/datasets--everettshen--StreetView360AtoZ/snapshots/f0b9ffb20c4dc68d4422db97b7da7b577970650e/data/1770_JARxTjQIapBJTalNqSebVg_48.74721568_1.92011150.jpg,25.9897,220.87,0.03334
1255_OSoTfTwLQf2R_I_WGkFnhw_40.62178389_26.16983265,/home/alex/Desktop/school/comp-vis/dataset/datasets--everettshen--StreetView360AtoZ/snapshots/f0b9ffb20c4dc68d4422db97b7da7b577970650e/data/1255_OSoTfTwLQf2R_I_WGkFnhw_40.62178389_26.16983265.jpg,43.4576,267.53,0.027237
867_XL29bbf-p6XQPsq9nlpAFA_25.27945026_71.22677880,/home/alex/Desktop/school/comp-vis/dataset/datasets--everettshen--StreetView360AtoZ/snapshots/f0b9ffb20c4dc68d4422db97b7da7b577970650e/data/867_XL29bbf-p6XQPsq9nlpAFA_25.27945026_71.22677880.jpg,34.6061,260.66,0.080963
747_SCJRpiZBvfW6UPnH8BeHyQ_-23.77899419_-50.94552676,/home/alex/Desktop/school/comp-vis/dataset/datasets--everettshen--StreetView360AtoZ/snapshots/f0b9ffb20c4dc68d4422db97b7da7b577970650e/data/747_SCJRpiZBvfW6UPnH8BeHyQ_-23.77899419_-50.94552676.jpg,37.9322,496.51,0.010376
91_5CTpILYHc4U5nVYnocLX_A_41.84303823_-79.21694477,/home/alex/Desktop/school/comp-vis/dataset/datasets--everettshen--StreetView360AtoZ/snapshots/f0b9ffb20c4dc68d4422db97b7da7b577970650e/data/91_5CTpILYHc4U5nVYnocLX_A_41.84303823_-79.21694477.jpg,39.4972,307.21,0.043335
3368_faJ5mIXWju1FJXqt7a9Y6Q_26.27332208_-98.64221746,/home/alex/Desktop/school/comp-vis/dataset/datasets--everettshen--StreetView360AtoZ/snapshots/f0b9ffb20c4dc68d4422db97b7da7b577970650e/data/3368_faJ5mIXWju1FJXqt7a9Y6Q_26.27332208_-98.64221746.jpg,74.8305,252.81,0.034851
45_C-P3dXLq9QusZ01F43vIyg_37.29342756_-79.85261976,/home/alex/Desktop/school/comp-vis/dataset/datasets--everettshen--StreetView360AtoZ/snapshots/f0b9ffb20c4dc68d4422db97b7da7b577970650e/data/45_C-P3dXLq9QusZ01F43vIyg_37.29342756_-79.85261976.jpg,62.2328,214.99,0.060608
2138_q-BuKjPvpLiqYVwO5CvYLg_36.17338875_-88.96232153,/home/alex/Desktop/school/comp-vis/dataset/datasets--everettshen--StreetView360AtoZ/snapshots/f0b9ffb20c4dc68d4422db97b7da7b577970650e/data/2138_q-BuKjPvpLiqYVwO5CvYLg_36.17338875_-88.96232153.jpg,57.0211,36.91,0.061691
434__ACpsGnGyQ6VjJ9JyjRnuQ_39.11349938_-100.46440648,/home/alex/Desktop/school/comp-vis/dataset/datasets--everettshen--StreetView360AtoZ/snapshots/f0b9ffb20c4dc68d4422db97b7da7b577970650e/data/434__ACpsGnGyQ6VjJ9JyjRnuQ_39.11349938_-100.46440648.jpg,45.8943,278.95,0.028015
1576_U4E170pO-r4qi6Pvg8lY3A_13.24851896_77.70283830,/home/alex/Desktop/school/comp-vis/dataset/datasets--everettshen--StreetView360AtoZ/snapshots/f0b9ffb20c4dc68d4422db97b7da7b577970650e/data/1576_U4E170pO-r4qi6Pvg8lY3A_13.24851896_77.70283830.jpg,67.5813,334.29,0.084641
200_HCVtyCIYXT0c-X_yCnGqOw_53.96751365_9.49448322,/home/alex/Desktop/school/comp-vis/dataset/datasets--everettshen--StreetView360AtoZ/snapshots/f0b9ffb20c4dc68d4422db97b7da7b577970650e/data/200_HCVtyCIYXT0c-X_yCnGqOw_53.96751365_9.49448322.jpg,59.5675,28.45,0.048782
932_4aeELvQvseRmWPGkOmlezw_34.21314313_135.30140421,/home/alex/Desktop/school/comp-vis/dataset/datasets--everettshen--StreetView360AtoZ/snapshots/f0b9ffb20c4dc68d4422db97b7da7b577970650e/data/932_4aeELvQvseRmWPGkOmlezw_34.21314313_135.30140421.jpg,11.932,172.45,0.018692
2554_-okB44_2cDtwfFsKBdCWjQ_15.80866434_76.19989665,/home/alex/Desktop/school/comp-vis/dataset/datasets--everettshen--StreetView360AtoZ/snapshots/f0b9ffb20c4dc68d4422db97b7da7b577970650e/data/2554_-okB44_2cDtwfFsKBdCWjQ_15.80866434_76.19989665.jpg,44.6482,31.63,0.039139
1584_zuqqhuJuJPp_cw9c6T8ybA_51.06382377_4.20723928,/home/alex/Desktop/school/comp-vis/dataset/datasets--everettshen--StreetView360AtoZ/snapshots/f0b9ffb20c4dc68d4422db97b7da7b577970650e/data/1584_zuqqhuJuJPp_cw9c6T8ybA_51.06382377_4.20723928.jpg,43.4241,142.99,0.014542
1573_Z72ZCUovdn3dr0YazIYIfg_1.31790391_103.93715824,/home/alex/Desktop/school/comp-vis/dataset/datasets--everettshen--StreetView360AtoZ/snapshots/f0b9ffb20c4dc68d4422db97b7da7b577970650e/data/1573_Z72ZCUovdn3dr0YazIYIfg_1.31790391_103.93715824.jpg,65.6218,262.0,0.286453
2712_GAzWmLoNuvNYrj1IarmGpw_-18.70357512_-46.04186389,/home/alex/Desktop/school/comp-vis/dataset/datasets--everettshen--StreetView360AtoZ/snapshots/f0b9ffb20c4dc68d4422db97b7da7b577970650e/data/2712_GAzWmLoNuvNYrj1IarmGpw_-18.70357512_-46.04186389.jpg,73.3948,132.33,0.081757
2921_NIguT4Y0V-puF9gHwdGo0Q_43.25015903_11.81625315,/home/alex/Desktop/school/comp-vis/dataset/datasets--everettshen--StreetView360AtoZ/snapshots/f0b9ffb20c4dc68d4422db97b7da7b577970650e/data/2921_NIguT4Y0V-puF9gHwdGo0Q_43.25015903_11.81625315.jpg,35.178,432.64,0.047043
1906__hvsc5QJrc6n5XDmsciW_A_22.73657363_90.37605101,/home/alex/Desktop/school/comp-vis/dataset/datasets--everettshen--StreetView360AtoZ/snapshots/f0b9ffb20c4dc68d4422db97b7da7b577970650e/data/1906__hvsc5QJrc6n5XDmsciW_A_22.73657363_90.37605101.jpg,65.3576,359.98,0.020432
3290_FT4TCXw4t6LCJEhLtnBDwA_46.12482662_11.25512523,/home/alex/Desktop/school/comp-vis/dataset/datasets--everettshen--StreetView360AtoZ/snapshots/f0b9ffb20c4dc68d4422db97b7da7b577970650e/data/3290_FT4TCXw4t6LCJEhLtnBDwA_46.12482662_11.25512523.jpg,30.5932,238.16,0.047501
1392_M078rI3DxFdoj6nNxlsZ9A_45.99125503_12.37647661,/home/alex/Desktop/school/comp-vis/dataset/datasets--everettshen--StreetView360AtoZ/snapshots/f0b9ffb20c4dc68d4422db97b7da7b577970650e/data/1392_M078rI3DxFdoj6nNxlsZ9A_45.99125503_12.37647661.jpg,23.7982,415.19,0.013077
1383_EYF_bBoRSaXGghLUAS1Pvg_-37.66648075_176.12817239,/home/alex/Desktop/school/comp-vis/dataset/datasets--everettshen--StreetView360AtoZ/snapshots/f0b9ffb20c4dc68d4422db97b7da7b577970650e/data/1383_EYF_bBoRSaXGghLUAS1Pvg_-37.66648075_176.12817239.jpg,85.4952,271.79,0.056595
335_OYU1iINk-sfqO8NnENrzzA_48.80356289_4.95508487,/home/alex/Desktop/school/comp-vis/dataset/datasets--everettshen--StreetView360AtoZ/snapshots/f0b9ffb20c4dc68d4422db97b7da7b577970650e/data/335_OYU1iINk-sfqO8NnENrzzA_48.80356289_4.95508487.jpg,32.9277,147.62,0.034988
1947_zHmuJktlNStnAZ6IZ92yrw_-6.87438913_-39.87457717,/home/alex/Desktop/school/comp-vis/dataset/datasets--everettshen--StreetView360AtoZ/snapshots/f0b9ffb20c4dc68d4422db97b7da7b577970650e/data/1947_zHmuJktlNStnAZ6IZ92yrw_-6.87438913_-39.87457717.jpg,69.6708,473.8,0.028137
1002_QTDkziH1Hf0H9hSoQibkLg_7.97632837_-80.41662365,/home/alex/Desktop/school/comp-vis/dataset/datasets--everettshen--StreetView360AtoZ/snapshots/f0b9ffb20c4dc68d4422db97b7da7b577970650e/data/1002_QTDkziH1Hf0H9hSoQibkLg_7.97632837_-80.41662365.jpg,56.3764,446.19,0.020813
1152_zBbpRyowUzNS6u1wAwX-pQ_50.94887126_16.43879325,/home/alex/Desktop/school/comp-vis/dataset/datasets--everettshen--StreetView360AtoZ/snapshots/f0b9ffb20c4dc68d4422db97b7da7b577970650e/data/1152_zBbpRyowUzNS6u1wAwX-pQ_50.94887126_16.43879325.jpg,18.0304,154.06,0.016876
1250_BIBAvTj82WUWahWAN204RA_-38.28162133_146.04890473,/home/alex/Desktop/school/comp-vis/dataset/datasets--everettshen--StreetView360AtoZ/snapshots/f0b9ffb20c4dc68d4422db97b7da7b577970650e/data/1250_BIBAvTj82WUWahWAN204RA_-38.28162133_146.04890473.jpg,56.737,283.73,0.049423
510_vPm9riTg43HxHjZHm_7xhA_21.18133112_77.53929928,/home/alex/Desktop/school/comp-vis/dataset/datasets--everettshen--StreetView360AtoZ/snapshots/f0b9ffb20c4dc68d4422db97b7da7b577970650e/data/510_vPm9riTg43HxHjZHm_7xhA_21.18133112_77.53929928.jpg,38.7811,94.75,0.160019
409_yfnwqXC5FGYIP8w-Cg-5rA_30.61916173_-92.19010275,/home/alex/Desktop/school/comp-vis/dataset/datasets--everettshen--StreetView360AtoZ/snapshots/f0b9ffb20c4dc68d4422db97b7da7b577970650e/data/409_yfnwqXC5FGYIP8w-Cg-5rA_30.61916173_-92.19010275.jpg,63.4585,79.41,0.125443
1856_3HvaRk8T5haGWgKImkhEyQ_45.68374702_11.39834857,/home/alex/Desktop/school/comp-vis/dataset/datasets--everettshen--StreetView360AtoZ/snapshots/f0b9ffb20c4dc68d4422db97b7da7b577970650e/data/1856_3HvaRk8T5haGWgKImkhEyQ_45.68374702_11.39834857.jpg,14.8538,486.47,0.019318
3386_9FIFAORdkzzttCoQGJS9bA_66.85570790_-150.56534755,/home/alex/Desktop/school/comp-vis/dataset/datasets--everettshen--StreetView360AtoZ/snapshots/f0b9ffb20c4dc68d4422db97b7da7b577970650e/data/3386_9FIFAORdkzzttCoQGJS9bA_66.85570790_-150.56534755.jpg,50.0681,487.73,0.031616
317_j9b2jTeqrnLeOvEO5k_qmQ_43.36333194_-124.19349305,/home/alex/Desktop/school/comp-vis/dataset/datasets--everettshen--StreetView360AtoZ/snapshots/f0b9ffb20c4dc68d4422db97b7da7b577970650e/data/317_j9b2jTeqrnLeOvEO5k_qmQ_43.36333194_-124.19349305.jpg,30.2657,278.21,0.037521
1782_lJaDekQexi1CA0EXmoAjxg_35.07273228_-96.91780012,/home/alex/Desktop/school/comp-vis/dataset/datasets--everettshen--StreetView360AtoZ/snapshots/f0b9ffb20c4dc68d4422db97b7da7b577970650e/data/1782_lJaDekQexi1CA0EXmoAjxg_35.07273228_-96.91780012.jpg,9.9439,327.65,0.018417
489_V64rk-l1JCMI5qTJIYqO7w_37.40279123_-106.89781574,/home/alex/Desktop/school/comp-vis/dataset/datasets--everettshen--StreetView360AtoZ/snapshots/f0b9ffb20c4dc68d4422db97b7da7b577970650e/data/489_V64rk-l1JCMI5qTJIYqO7w_37.40279123_-106.89781574.jpg,49.0415,448.01,0.068802
1917_i9150zEDdcV3RF31shnmXQ_38.07673225_23.82089892,/home/alex/Desktop/school/comp-vis/dataset/datasets--everettshen--StreetView360AtoZ/snapshots/f0b9ffb20c4dc68d4422db97b7da7b577970650e/data/1917_i9150zEDdcV3RF31shnmXQ_38.07673225_23.82089892.jpg,39.2341,183.4,0.045288
50_GksqR4wbApzrzKRXC7cseQ_42.44249077_-123.32512046,/home/alex/Desktop/school/comp-vis/dataset/datasets--everettshen--StreetView360AtoZ/snapshots/f0b9ffb20c4dc68d4422db97b7da7b577970650e/data/50_GksqR4wbApzrzKRXC7cseQ_42.44249077_-123.32512046.jpg,30.7928,301.83,0.065811
1603_Nc7i2RoLtvXr26IifWqZrw_-38.20514460_146.06058473,/home/alex/Desktop/school/comp-vis/dataset/datasets--everettshen--StreetView360AtoZ/snapshots/f0b9ffb20c4dc68d4422db97b7da7b577970650e/data/1603_Nc7i2RoLtvXr26IifWqZrw_-38.20514460_146.06058473.jpg,8.2477,61.94,0.013947
3026_DCRb2ng6XNgoMCJxnkIpQg_20.57275325_-89.93139256,/home/alex/Desktop/school/comp-vis/dataset/datasets--everettshen--StreetView360AtoZ/snapshots/f0b9ffb20c4dc68d4422db97b7da7b577970650e/data/3026_DCRb2ng6XNgoMCJxnkIpQg_20.57275325_-89.93139256.jpg,38.6102,271.26,0.11937
583_u6GmpzXc9yxdq5P1jjIL7w_44.06887039_-92.75619520,/home/alex/Desktop/school/comp-vis/dataset/datasets--everettshen--StreetView360AtoZ/snapshots/f0b9ffb20c4dc68d4422db97b7da7b577970650e/data/583_u6GmpzXc9yxdq5P1jjIL7w_44.06887039_-92.75619520.jpg,77.7533,373.89,0.073395
589_pLZa3M2DUYg6MuwbRAtjRA_19.99262909_76.49504755,/home/alex/Desktop/school/comp-vis/dataset/datasets--everettshen--StreetView360AtoZ/snapshots/f0b9ffb20c4dc68d4422db97b7da7b577970650e/data/589_pLZa3M2DUYg6MuwbRAtjRA_19.99262909_76.49504755.jpg,75.9008,158.46,0.088058
1313_wAAVSZafiqnrsDV3xufiaw_23.44167648_120.52832820,/home/alex/Desktop/school/comp-vis/dataset/datasets--everettshen--StreetView360AtoZ/snapshots/f0b9ffb20c4dc68d4422db97b7da7b577970650e/data/1313_wAAVSZafiqnrsDV3xufiaw_23.44167648_120.52832820.jpg,49.3632,111.48,0.128952
308_iYCeHlzmmxbgv_3sODuDXQ_30.42643208_-88.89080440,/home/alex/Desktop/school/comp-vis/dataset/datasets--everettshen--StreetView360AtoZ/snapshots/f0b9ffb20c4dc68d4422db97b7da7b577970650e/data/308_iYCeHlzmmxbgv_3sODuDXQ_30.42643208_-88.89080440.jpg,18.7109,179.27,0.031174
1987_J1q-a1rG3WGJLI4WXvk0iA_42.80491492_-101.12263201,/home/alex/Desktop/school/comp-vis/dataset/datasets--everettshen--StreetView360AtoZ/snapshots/f0b9ffb20c4dc68d4422db97b7da7b577970650e/data/1987_J1q-a1rG3WGJLI4WXvk0iA_42.80491492_-101.12263201.jpg,29.2452,208.65,0.041412
2455__XKjkylay3X7D3YeE35yjw_-3.76152736_-40.81669408,/home/alex/Desktop/school/comp-vis/dataset/datasets--everettshen--StreetView360AtoZ/snapshots/f0b9ffb20c4dc68d4422db97b7da7b577970650e/data/2455__XKjkylay3X7D3YeE35yjw_-3.76152736_-40.81669408.jpg,47.5666,51.06,0.019669
723_VGkD_MyrG6zbFN4FDnd0Gg_23.63326940_68.95025102,/home/alex/Desktop/school/comp-vis/dataset/datasets--everettshen--StreetView360AtoZ/snapshots/f0b9ffb20c4dc68d4422db97b7da7b577970650e/data/723_VGkD_MyrG6zbFN4FDnd0Gg_23.63326940_68.95025102.jpg,21.2981,337.05,0.120865
2992_cPoAFUc_dpieXOm6FcB9Ew_44.93658666_1.60872792,/home/alex/Desktop/school/comp-vis/dataset/datasets--everettshen--StreetView360AtoZ/snapshots/f0b9ffb20c4dc68d4422db97b7da7b577970650e/data/2992_cPoAFUc_dpieXOm6FcB9Ew_44.93658666_1.60872792.jpg,59.3974,332.82,0.041901
1965_WHxmO0ZPMIE8vlfVDTc56A_46.10430332_-108.82822101,/home/alex/Desktop/school/comp-vis/dataset/datasets--everettshen--StreetView360AtoZ/snapshots/f0b9ffb20c4dc68d4422db97b7da7b577970650e/data/1965_WHxmO0ZPMIE8vlfVDTc56A_46.10430332_-108.82822101.jpg,85.8606,216.01,0.086838
126_jv7ZS-zUAGchV0iCsTy1lQ_35.65912084_128.32870326,/home/alex/Desktop/school/comp-vis/dataset/datasets--everettshen--StreetView360AtoZ/snapshots/f0b9ffb20c4dc68d4422db97b7da7b577970650e/data/126_jv7ZS-zUAGchV0iCsTy1lQ_35.65912084_128.32870326.jpg,30.7164,459.35,0.018814
28_w_YRPI1nw-GlNXdgz1lnAA_43.14053738_6.00511703,/home/alex/Desktop/school/comp-vis/dataset/datasets--everettshen--StreetView360AtoZ/snapshots/f0b9ffb20c4dc68d4422db97b7da7b577970650e/data/28_w_YRPI1nw-GlNXdgz1lnAA_43.14053738_6.00511703.jpg,67.3334,243.36,0.2798
203_HZenpMehir51LhAZOj1dyw_22.64022617_87.32485720,/home/alex/Desktop/school/comp-vis/dataset/datasets--everettshen--StreetView360AtoZ/snapshots/f0b9ffb20c4dc68d4422db97b7da7b577970650e/data/203_HZenpMehir51LhAZOj1dyw_22.64022617_87.32485720.jpg,70.631,264.42,0.220612
1621_vMMg7o-k2n2UUUUS2Q5lLQ_14.68306275_-17.44876919,/home/alex/Desktop/school/comp-vis/dataset/datasets--everettshen--StreetView360AtoZ/snapshots/f0b9ffb20c4dc68d4422db97b7da7b577970650e/data/1621_vMMg7o-k2n2UUUUS2Q5lLQ_14.68306275_-17.44876919.jpg,59.9452,134.26,0.042892
2662_7wQ8_1pNeOrvhzOyiEOl0g_20.47822843_85.89999175,/home/alex/Desktop/school/comp-vis/dataset/datasets--everettshen--StreetView360AtoZ/snapshots/f0b9ffb20c4dc68d4422db97b7da7b577970650e/data/2662_7wQ8_1pNeOrvhzOyiEOl0g_20.47822843_85.89999175.jpg,31.6234,79.43,0.101639
976_quK7O24qG-AoG8pVp4LczA_24.54948497_74.93790323,/home/alex/Desktop/school/comp-vis/dataset/datasets--everettshen--StreetView360AtoZ/snapshots/f0b9ffb20c4dc68d4422db97b7da7b577970650e/data/976_quK7O24qG-AoG8pVp4LczA_24.54948497_74.93790323.jpg,42.6115,458.55,0.117218
180_BYrKgOarNSgnfc70ua2Wrg_37.08353864_37.32300573,/home/alex/Desktop/school/comp-vis/dataset/datasets--everettshen--StreetView360AtoZ/snapshots/f0b9ffb20c4dc68d4422db97b7da7b577970650e/data/180_BYrKgOarNSgnfc70ua2Wrg_37.08353864_37.32300573.jpg,38.7232,403.03,0.028152
2911_MsEGbK_s7qLuUupvgm2LhA_-34.20942779_142.20237323,/home/alex/Desktop/school/comp-vis/dataset/datasets--everettshen--StreetView360AtoZ/snapshots/f0b9ffb20c4dc68d4422db97b7da7b577970650e/data/2911_MsEGbK_s7qLuUupvgm2LhA_-34.20942779_142.20237323.jpg,25.6115,176.31,0.052719
315_Uia7BAfIcN5nxCwa108nZw_41.46091170_-91.98683635,/home/alex/Desktop/school/comp-vis/dataset/datasets--everettshen--StreetView360AtoZ/snapshots/f0b9ffb20c4dc68d4422db97b7da7b577970650e/data/315_Uia7BAfIcN5nxCwa108nZw_41.46091170_-91.98683635.jpg,20.2008,128.45,0.043152
2363__TiHlnqUmxA1GQv-bDYwHQ_40.41776002_17.24643002,/home/alex/Desktop/school/comp-vis/dataset/datasets--everettshen--StreetView360AtoZ/snapshots/f0b9ffb20c4dc68d4422db97b7da7b577970650e/data/2363__TiHlnqUmxA1GQv-bDYwHQ_40.41776002_17.24643002.jpg,42.2387,380.17,0.011414
1546_tREVHmb6CKWXFMDMPE378g_28.44320393_-96.42513674,/home/alex/Desktop/school/comp-vis/dataset/datasets--everettshen--StreetView360AtoZ/snapshots/f0b9ffb20c4dc68d4422db97b7da7b577970650e/data/1546_tREVHmb6CKWXFMDMPE378g_28.44320393_-96.42513674.jpg,61.3159,346.0,0.050858
2694_y44QJRsc_ytHVrawsS1KbQ_44.66514522_-75.53851988,/home/alex/Desktop/school/comp-vis/dataset/datasets--everettshen--StreetView360AtoZ/snapshots/f0b9ffb20c4dc68d4422db97b7da7b577970650e/data/2694_y44QJRsc_ytHVrawsS1KbQ_44.66514522_-75.53851988.jpg,31.3832,481.12,0.015854
2001_Hu1DTWreC4xU_hcCCFXzWA_-4.00341064_104.79565436,/home/alex/Desktop/school/comp-vis/dataset/datasets--everettshen--StreetView360AtoZ/snapshots/f0b9ffb20c4dc68d4422db97b7da7b577970650e/data/2001_Hu1DTWreC4xU_hcCCFXzWA_-4.00341064_104.79565436.jpg,87.2668,293.72,0.027084
3215_0BWPnfgnA0GhgpUJFOudsA_-24.06662973_-46.56662983,/home/alex/Desktop/school/comp-vis/dataset/datasets--everettshen--StreetView360AtoZ/snapshots/f0b9ffb20c4dc68d4422db97b7da7b577970650e/data/3215_0BWPnfgnA0GhgpUJFOudsA_-24.06662973_-46.56662983.jpg,62.2631,136.73,0.047089
663_t8trtongYieqCvEQ62P_JA_40.07197729_-122.16287701,/home/alex/Desktop/school/comp-vis/dataset/datasets--everettshen--StreetView360AtoZ/snapshots/f0b9ffb20c4dc68d4422db97b7da7b577970650e/data/663_t8trtongYieqCvEQ62P_JA_40.07197729_-122.16287701.jpg,32.1072,421.56,0.03688
809_ia-tIyuCDqnzUmcF7TlCWw_38.38266113_-4.97138853,/home/alex/Desktop/school/comp-vis/dataset/datasets--everettshen--StreetView360AtoZ/snapshots/f0b9ffb20c4dc68d4422db97b7da7b577970650e/data/809_ia-tIyuCDqnzUmcF7TlCWw_38.38266113_-4.97138853.jpg,15.5589,279.78,0.017776
564_fo5y2xQKwsbF8W8Qp7Y8Pg_2.47179406_103.01733305,/home/alex/Desktop/school/comp-vis/dataset/datasets--everettshen--StreetView360AtoZ/snapshots/f0b9ffb20c4dc68d4422db97b7da7b577970650e/data/564_fo5y2xQKwsbF8W8Qp7Y8Pg_2.47179406_103.01733305.jpg,68.4026,82.99,0.056961
145_GQ_NbGH9TKQfvpUMSSn9fg_34.87111582_-80.93664730,/home/alex/Desktop/school/comp-vis/dataset/datasets--everettshen--StreetView360AtoZ/snapshots/f0b9ffb20c4dc68d4422db97b7da7b577970650e/data/145_GQ_NbGH9TKQfvpUMSSn9fg_34.87111582_-80.93664730.jpg,66.4045,170.01,0.138184
2248_uSJXbkJRXQ-yqSmGWUKtHg_44.13032570_23.79306516,/home/alex/Desktop/school/comp-vis/dataset/datasets--everettshen--StreetView360AtoZ/snapshots/f0b9ffb20c4dc68d4422db97b7da7b577970650e/data/2248_uSJXbkJRXQ-yqSmGWUKtHg_44.13032570_23.79306516.jpg,44.6448,235.77,0.029785
2614_ut_Zjrbj3PN0ofoEVkXEfw_50.83323013_5.36717488,/home/alex/Desktop/school/comp-vis/dataset/datasets--everettshen--StreetView360AtoZ/snapshots/f0b9ffb20c4dc68d4422db97b7da7b577970650e/data/2614_ut_Zjrbj3PN0ofoEVkXEfw_50.83323013_5.36717488.jpg,43.2533,338.31,0.01683
1683_M1Pwtz0n1qY2rijW5Oftuw_21.81660083_90.13326226,/home/alex/Desktop/school/comp-vis/dataset/datasets--everettshen--StreetView360AtoZ/snapshots/f0b9ffb20c4dc68d4422db97b7da7b577970650e/data/1683_M1Pwtz0n1qY2rijW5Oftuw_21.81660083_90.13326226.jpg,70.7243,286.75,0.081314
345_IwDXmywgSc-FbiRyvFJ1CQ_40.16204500_15.36539382,/home/alex/Desktop/school/comp-vis/dataset/datasets--everettshen--StreetView360AtoZ/snapshots/f0b9ffb20c4dc68d4422db97b7da7b577970650e/data/345_IwDXmywgSc-FbiRyvFJ1CQ_40.16204500_15.36539382.jpg,73.2535,283.59,0.272354
734_z3zPJIwqj-PsIxnhNTARXQ_43.07576047_25.60651397,/home/alex/Desktop/school/comp-vis/dataset/datasets--everettshen--StreetView360AtoZ/snapshots/f0b9ffb20c4dc68d4422db97b7da7b577970650e/data/734_z3zPJIwqj-PsIxnhNTARXQ_43.07576047_25.60651397.jpg,29.8237,472.81,0.013443
272_gPPDDNv4CmkzJyoR7WOt5A_47.99389494_13.35131233,/home/alex/Desktop/school/comp-vis/dataset/datasets--everettshen--StreetView360AtoZ/snapshots/f0b9ffb20c4dc68d4422db97b7da7b577970650e/data/272_gPPDDNv4CmkzJyoR7WOt5A_47.99389494_13.35131233.jpg,31.7529,131.15,0.034363
172_JKXkVAN0WDOvB_yiHlGB6Q_40.69628096_-92.91596099,/home/alex/Desktop/school/comp-vis/dataset/datasets--everettshen--StreetView360AtoZ/snapshots/f0b9ffb20c4dc68d4422db97b7da7b577970650e/data/172_JKXkVAN0WDOvB_yiHlGB6Q_40.69628096_-92.91596099.jpg,75.3694,332.46,0.036453
1768_TKQAfKm4lKaLnV1shfErZg_40.66499894_23.70010082,/home/alex/Desktop/school/comp-vis/dataset/datasets--everettshen--StreetView360AtoZ/snapshots/f0b9ffb20c4dc68d4422db97b7da7b577970650e/data/1768_TKQAfKm4lKaLnV1shfErZg_40.66499894_23.70010082.jpg,71.6524,148.56,0.03302
1183_3ynWbcZyppuUprbkYLDYZQ_20.60134894_-103.78400555,/home/alex/Desktop/school/comp-vis/dataset/datasets--everettshen--StreetView360AtoZ/snapshots/f0b9ffb20c4dc68d4422db97b7da7b577970650e/data/1183_3ynWbcZyppuUprbkYLDYZQ_20.60134894_-103.78400555.jpg,68.7109,447.84,0.016312
161_V4i_l0w0hBKUJh_Bgqdpfg_44.76215067_7.30591994,/home/alex/Desktop/school/comp-vis/dataset/datasets--everettshen--StreetView360AtoZ/snapshots/f0b9ffb20c4dc68d4422db97b7da7b577970650e/data/161_V4i_l0w0hBKUJh_Bgqdpfg_44.76215067_7.30591994.jpg,34.2744,39.54,0.085846
1427_TF92EaIFaUbuz2boou3BrA_14.60814177_121.08065703,/home/alex/Desktop/school/comp-vis/dataset/datasets--everettshen--StreetView360AtoZ/snapshots/f0b9ffb20c4dc68d4422db97b7da7b577970650e/data/1427_TF92EaIFaUbuz2boou3BrA_14.60814177_121.08065703.jpg,74.318,384.3,0.010986
2649_swrZD8wtgiqUDzmY3pet9A_40.46540161_-96.85126764,/home/alex/Desktop/school/comp-vis/dataset/datasets--everettshen--StreetView360AtoZ/snapshots/f0b9ffb20c4dc68d4422db97b7da7b577970650e/data/2649_swrZD8wtgiqUDzmY3pet9A_40.46540161_-96.85126764.jpg,29.0178,475.31,0.042557
511_4WoTexrm1rKkvHEoIO_iTg_38.11674811_20.63474067,/home/alex/Desktop/school/comp-vis/dataset/datasets--everettshen--StreetView360AtoZ/snapshots/f0b9ffb20c4dc68d4422db97b7da7b577970650e/data/511_4WoTexrm1rKkvHEoIO_iTg_38.11674811_20.63474067.jpg,47.1345,310.72,0.014633
2920_IYnYZLxd394LIHLXcheOow_37.28540117_-98.58128229,/home/alex/Desktop/school/comp-vis/dataset/datasets--everettshen--StreetView360AtoZ/snapshots/f0b9ffb20c4dc68d4422db97b7da7b577970650e/data/2920_IYnYZLxd394LIHLXcheOow_37.28540117_-98.58128229.jpg,64.6477,25.05,0.039734
46_2B5KGWlv3AtOJGwkzJTTDg_-38.48835765_177.89012216,/home/alex/Desktop/school/comp-vis/dataset/datasets--everettshen--StreetView360AtoZ/snapshots/f0b9ffb20c4dc68d4422db97b7da7b577970650e/data/46_2B5KGWlv3AtOJGwkzJTTDg_-38.48835765_177.89012216.jpg,16.3382,424.71,0.055923
445_qRMPkQ10g7oY6VzQg5TbUA_-0.27266923_100.36003299,/home/alex/Desktop/school/comp-vis/dataset/datasets--everettshen--StreetView360AtoZ/snapshots/f0b9ffb20c4dc68d4422db97b7da7b577970650e/data/445_qRMPkQ10g7oY6VzQg5TbUA_-0.27266923_100.36003299.jpg,45.1854,382.26,0.027084
393_j0MjwYML5v6uWmF1NNz9ig_42.32156504_-103.07296603,/home/alex/Desktop/school/comp-vis/dataset/datasets--everettshen--StreetView360AtoZ/snapshots/f0b9ffb20c4dc68d4422db97b7da7b577970650e/data/393_j0MjwYML5v6uWmF1NNz9ig_42.32156504_-103.07296603.jpg,24.2741,200.59,0.035446
563_ia10Wly0H7pZo2AfOtKqFw_50.93588507_6.97342040,/home/alex/Desktop/school/comp-vis/dataset/datasets--everettshen--StreetView360AtoZ/snapshots/f0b9ffb20c4dc68d4422db97b7da7b577970650e/data/563_ia10Wly0H7pZo2AfOtKqFw_50.93588507_6.97342040.jpg,72.8468,286.37,0.148804
2997_6Tdbzu4N5ddap6sFR8qj7w_48.50705439_1.61290543,/home/alex/Desktop/school/comp-vis/dataset/datasets--everettshen--StreetView360AtoZ/snapshots/f0b9ffb20c4dc68d4422db97b7da7b577970650e/data/2997_6Tdbzu4N5ddap6sFR8qj7w_48.50705439_1.61290543.jpg,77.1182,334.31,0.040237
667_KajRn0UxB9OwtXqjcish5Q_50.77263746_0.26277950,/home/alex/Desktop/school/comp-vis/dataset/datasets--everettshen--StreetView360AtoZ/snapshots/f0b9ffb20c4dc68d4422db97b7da7b577970650e/data/667_KajRn0UxB9OwtXqjcish5Q_50.77263746_0.26277950.jpg,32.5421,488.39,0.045853
446_actmpj5C2fFcLuBdqte3Vw_-38.35873049_144.93270221,/home/alex/Desktop/school/comp-vis/dataset/datasets--everettshen--StreetView360AtoZ/snapshots/f0b9ffb20c4dc68d4422db97b7da7b577970650e/data/446_actmpj5C2fFcLuBdqte3Vw_-38.35873049_144.93270221.jpg,48.5474,210.28,0.064209
34_4BzwSNVxbQKlZaYkWVVWWg_49.69003971_-1.37772711,/home/alex/Desktop/school/comp-vis/dataset/datasets--everettshen--StreetView360AtoZ/snapshots/f0b9ffb20c4dc68d4422db97b7da7b577970650e/data/34_4BzwSNVxbQKlZaYkWVVWWg_49.69003971_-1.37772711.jpg,50.1622,437.07,0.083954
1275_yDSUksrwqyMog4yARppQoA_11.19448261_77.06358492,/home/alex/Desktop/school/comp-vis/dataset/datasets--everettshen--StreetView360AtoZ/snapshots/f0b9ffb20c4dc68d4422db97b7da7b577970650e/data/1275_yDSUksrwqyMog4yARppQoA_11.19448261_77.06358492.jpg,35.78,328.69,0.079941
684_dd5uymZDoQXoc08ade4Vzw_35.35349471_-101.37047704,/home/alex/Desktop/school/comp-vis/dataset/datasets--everettshen--StreetView360AtoZ/snapshots/f0b9ffb20c4dc68d4422db97b7da7b577970650e/data/684_dd5uymZDoQXoc08ade4Vzw_35.35349471_-101.37047704.jpg,37.0132,19.35,0.014709
3102_8aoRvoDPLnqICWrxQGGyfw_31.37254863_-94.49048246,/home/alex/Desktop/school/comp-vis/dataset/datasets--everettshen--StreetView360AtoZ/snapshots/f0b9ffb20c4dc68d4422db97b7da7b577970650e/data/3102_8aoRvoDPLnqICWrxQGGyfw_31.37254863_-94.49048246.jpg,15.1143,243.18,0.012131
3025_04BC7MTeSrCDV0qbQSVQOA_42.39747241_-88.61219921,/home/alex/Desktop/school/comp-vis/dataset/datasets--everettshen--StreetView360AtoZ/snapshots/f0b9ffb20c4dc68d4422db97b7da7b577970650e/data/3025_04BC7MTeSrCDV0qbQSVQOA_42.39747241_-88.61219921.jpg,32.7841,285.07,0.088074
2988_Peg-9bt1O5QEqT7KazSzpw_17.00928455_-100.09463480,/home/alex/Desktop/school/comp-vis/dataset/datasets--everettshen--StreetView360AtoZ/snapshots/f0b9ffb20c4dc68d4422db97b7da7b577970650e/data/2988_Peg-9bt1O5QEqT7KazSzpw_17.00928455_-100.09463480.jpg,64.2859,394.86,0.045822
1940_jc3NtCJdobIEaaPK0JV7gQ_0.13450233_99.83993260,/home/alex/Desktop/school/comp-vis/dataset/datasets--everettshen--StreetView360AtoZ/snapshots/f0b9ffb20c4dc68d4422db97b7da7b577970650e/data/1940_jc3NtCJdobIEaaPK0JV7gQ_0.13450233_99.83993260.jpg,79.7022,235.01,0.101517
479_tRIKc8481eZ_C1Zm1skhSQ_33.74872329_132.79244119,/home/alex/Desktop/school/comp-vis/dataset/datasets--everettshen--StreetView360AtoZ/snapshots/f0b9ffb20c4dc68d4422db97b7da7b577970650e/data/479_tRIKc8481eZ_C1Zm1skhSQ_33.74872329_132.79244119.jpg,36.2807,442.17,0.016617
79_qcQ5gUvcjtf3pVYRYCJDzA_43.06747849_-89.40085514,/home/alex/Desktop/school/comp-vis/dataset/datasets--everettshen--StreetView360AtoZ/snapshots/f0b9ffb20c4dc68d4422db97b7da7b577970650e/data/79_qcQ5gUvcjtf3pVYRYCJDzA_43.06747849_-89.40085514.jpg,65.0874,32.76,0.0513
1219_BWeH3klMs3nX06BajcD_nQ_27.50277601_76.89875372,/home/alex/Desktop/school/comp-vis/dataset/datasets--everettshen--StreetView360AtoZ/snapshots/f0b9ffb20c4dc68d4422db97b7da7b577970650e/data/1219_BWeH3klMs3nX06BajcD_nQ_27.50277601_76.89875372.jpg,64.2939,257.94,0.444717
2433_5Z0wX1ej92ZdFpmB0ysoKQ_47.78890024_-96.59469258,/home/alex/Desktop/school/comp-vis/dataset/datasets--everettshen--StreetView360AtoZ/snapshots/f0b9ffb20c4dc68d4422db97b7da7b577970650e/data/2433_5Z0wX1ej92ZdFpmB0ysoKQ_47.78890024_-96.59469258.jpg,30.5974,97.25,0.05307
1411_giaYqGb71iTAHM0Tb6pUPA_37.58662558_-4.63836085,/home/alex/Desktop/school/comp-vis/dataset/datasets--everettshen--StreetView360AtoZ/snapshots/f0b9ffb20c4dc68d4422db97b7da7b577970650e/data/1411_giaYqGb71iTAHM0Tb6pUPA_37.58662558_-4.63836085.jpg,66.2278,117.01,0.03981
45_zYksPXLX3yi4BdpuVDRR8A_38.48354478_-101.35736582,/home/alex/Desktop/school/comp-vis/dataset/datasets--everettshen--StreetView360AtoZ/snapshots/f0b9ffb20c4dc68d4422db97b7da7b577970650e/data/45_zYksPXLX3yi4BdpuVDRR8A_38.48354478_-101.35736582.jpg,42.3434,277.83,0.075897
806_JIoQaW6yoTrsMy1iOHCoiQ_45.60271644_-79.61753091,/home/alex/Desktop/school/comp-vis/dataset/datasets--everettshen--StreetView360AtoZ/snapshots/f0b9ffb20c4dc68d4422db97b7da7b577970650e/data/806_JIoQaW6yoTrsMy1iOHCoiQ_45.60271644_-79.61753091.jpg,67.7435,476.71,0.035751
369_uN8t3nzm07K9e6pO2wOSHQ_43.44806562_12.20975925,/home/alex/Desktop/school/comp-vis/dataset/datasets--everettshen--StreetView360AtoZ/snapshots/f0b9ffb20c4dc68d4422db97b7da7b577970650e/data/369_uN8t3nzm07K9e6pO2wOSHQ_43.44806562_12.20975925.jpg,63.569,291.44,0.010666
198_GEgqZtGX-fPaxf9U1KgXJw_-9.36469175_125.02087673,/home/alex/Desktop/school/comp-vis/dataset/datasets--everettshen--StreetView360AtoZ/snapshots/f0b9ffb20c4dc68d4422db97b7da7b577970650e/data/198_GEgqZtGX-fPaxf9U1KgXJw_-9.36469175_125.02087673.jpg,55.7145,165.13,0.036789
1642_wdO1ttf8GKctPm-1wGZ2JQ_61.62088896_48.06659593,/home/alex/Desktop/school/comp-vis/dataset/datasets--everettshen--StreetView360AtoZ/snapshots/f0b9ffb20c4dc68d4422db97b7da7b577970650e/data/1642_wdO1ttf8GKctPm-1wGZ2JQ_61.62088896_48.06659593.jpg,22.7552,429.58,0.046234
1978_b6ikp0jgxboUxeOxuXFKew_53.50756893_-113.64247954,/home/alex/Desktop/school/comp-vis/dataset/datasets--everettshen--StreetView360AtoZ/snapshots/f0b9ffb20c4dc68d4422db97b7da7b577970650e/data/1978_b6ikp0jgxboUxeOxuXFKew_53.50756893_-113.64247954.jpg,56.7352,478.59,0.04097
2450_sXfKUA1nYmOVTAkdUSVeRQ_43.04798404_-71.43218425,/home/alex/Desktop/school/comp-vis/dataset/datasets--everettshen--StreetView360AtoZ/snapshots/f0b9ffb20c4dc68d4422db97b7da7b577970650e/data/2450_sXfKUA1nYmOVTAkdUSVeRQ_43.04798404_-71.43218425.jpg,40.9331,449.33,0.059021
455_6_cJdT0q78cRkM4vWWzSig_41.82789295_-71.39859874,/home/alex/Desktop/school/comp-vis/dataset/datasets--everettshen--StreetView360AtoZ/snapshots/f0b9ffb20c4dc68d4422db97b7da7b577970650e/data/455_6_cJdT0q78cRkM4vWWzSig_41.82789295_-71.39859874.jpg,71.0589,296.37,0.299057
147_KUSLPGab_WRgPIbKlnfA3g_40.32621304_-74.79074191,/home/alex/Desktop/school/comp-vis/dataset/datasets--everettshen--StreetView360AtoZ/snapshots/f0b9ffb20c4dc68d4422db97b7da7b577970650e/data/147_KUSLPGab_WRgPIbKlnfA3g_40.32621304_-74.79074191.jpg,40.2099,50.86,0.053665
311_9pvXzj1LjoKLL4hfVVqFNg_38.57595433_-75.06053995,/home/alex/Desktop/school/comp-vis/dataset/datasets--everettshen--StreetView360AtoZ/snapshots/f0b9ffb20c4dc68d4422db97b7da7b577970650e/data/311_9pvXzj1LjoKLL4hfVVqFNg_38.57595433_-75.06053995.jpg,57.331,417.12,0.101059
2909_3o-GdCRy13SIG9Aa85WDZw_47.05682442_-124.03696718,/home/alex/Desktop/school/comp-vis/dataset/datasets--everettshen--StreetView360AtoZ/snapshots/f0b9ffb20c4dc68d4422db97b7da7b577970650e/data/2909_3o-GdCRy13SIG9Aa85WDZw_47.05682442_-124.03696718.jpg,68.3295,112.59,0.017593
1485_JR6VYmHCpQsXIR-nfEn58g_14.55667793_121.01767737,/home/alex/Desktop/school/comp-vis/dataset/datasets--everettshen--StreetView360AtoZ/snapshots/f0b9ffb20c4dc68d4422db97b7da7b577970650e/data/1485_JR6VYmHCpQsXIR-nfEn58g_14.55667793_121.01767737.jpg,79.1266,447.82,0.043488
3100_O1HMw9Hhkyx1q17v9gQePg_44.48578543_0.91492616,/home/alex/Desktop/school/comp-vis/dataset/datasets--everettshen--StreetView360AtoZ/snapshots/f0b9ffb20c4dc68d4422db97b7da7b577970650e/data/3100_O1HMw9Hhkyx1q17v9gQePg_44.48578543_0.91492616.jpg,29.6177,317.04,0.026505
3377_eSUUnPwqr1GUrKtqFVOQ8g_-31.27733628_149.27908814,/home/alex/Desktop/school/comp-vis/dataset/datasets--everettshen--StreetView360AtoZ/snapshots/f0b9ffb20c4dc68d4422db97b7da7b577970650e/data/3377_eSUUnPwqr1GUrKtqFVOQ8g_-31.27733628_149.27908814.jpg,18.5141,295.18,0.050873
2575_5FF9f8lOHR5p51DHyAmy1w_-33.89025021_151.17621069,/home/alex/Desktop/school/comp-vis/dataset/datasets--everettshen--StreetView360AtoZ/snapshots/f0b9ffb20c4dc68d4422db97b7da7b577970650e/data/2575_5FF9f8lOHR5p51DHyAmy1w_-33.89025021_151.17621069.jpg,67.4854,174.69,0.01326
1171_alepbejiwDDOmbGDJ4sdog_-6.62196925_108.24100354,/home/alex/Desktop/school/comp-vis/dataset/datasets--everettshen--StreetView360AtoZ/snapshots/f0b9ffb20c4dc68d4422db97b7da7b577970650e/data/1171_alepbejiwDDOmbGDJ4sdog_-6.62196925_108.24100354.jpg,36.7762,101.74,0.026337
103_d6XLKlWpampB9jANBDNI_w_26.60708730_-82.11070116,/home/alex/Desktop/school/comp-vis/dataset/datasets--everettshen--StreetView360AtoZ/snapshots/f0b9ffb20c4dc68d4422db97b7da7b577970650e/data/103_d6XLKlWpampB9jANBDNI_w_26.60708730_-82.11070116.jpg,16.4767,409.68,0.057495
2581_1LfwnI5lbViUhh1kXWukSg_23.91665801_87.61107346,/home/alex/Desktop/school/comp-vis/dataset/datasets--everettshen--StreetView360AtoZ/snapshots/f0b9ffb20c4dc68d4422db97b7da7b577970650e/data/2581_1LfwnI5lbViUhh1kXWukSg_23.91665801_87.61107346.jpg,44.1657,189.14,0.105408
1145_KnD7M_yWIFuI_rNiELFzew_43.29967772_24.35044485,/home/alex/Desktop/school/comp-vis/dataset/datasets--everettshen--StreetView360AtoZ/snapshots/f0b9ffb20c4dc68d4422db97b7da7b577970650e/data/1145_KnD7M_yWIFuI_rNiELFzew_43.29967772_24.35044485.jpg,30.4071,170.73,0.014847
995_Ewi5fr0La-Q2WO94bQzx2g_22.95922689_120.65097786,/home/alex/Desktop/school/comp-vis/dataset/datasets--everettshen--StreetView360AtoZ/snapshots/f0b9ffb20c4dc68d4422db97b7da7b577970650e/data/995_Ewi5fr0La-Q2WO94bQzx2g_22.95922689_120.65097786.jpg,51.1614,286.68,0.159927
1311_D5gqxjN49CDRq0MrFx7WQQ_53.25379329_12.15865960,/home/alex/Desktop/school/comp-vis/dataset/datasets--everettshen--StreetView360AtoZ/snapshots/f0b9ffb20c4dc68d4422db97b7da7b577970650e/data/1311_D5gqxjN49CDRq0MrFx7WQQ_53.25379329_12.15865960.jpg,59.3232,216.21,0.027328
63_l45jbBa-8N74dAihZTPF3g_51.93047027_11.84822322,/home/alex/Desktop/school/comp-vis/dataset/datasets--everettshen--StreetView360AtoZ/snapshots/f0b9ffb20c4dc68d4422db97b7da7b577970650e/data/63_l45jbBa-8N74dAihZTPF3g_51.93047027_11.84822322.jpg,48.7816,197.72,0.022217
1914_fc-EHKt8gaVGILW4j2_ISQ_22.28306690_114.23302051,/home/alex/Desktop/school/comp-vis/dataset/datasets--everettshen--StreetView360AtoZ/snapshots/f0b9ffb20c4dc68d4422db97b7da7b577970650e/data/1914_fc-EHKt8gaVGILW4j2_ISQ_22.28306690_114.23302051.jpg,74.9673,232.1,0.053421
160_P88pe1vXjUvIggB9CiR-nA_32.18486298_-88.33932584,/home/alex/Desktop/school/comp-vis/dataset/datasets--everettshen--StreetView360AtoZ/snapshots/f0b9ffb20c4dc68d4422db97b7da7b577970650e/data/160_P88pe1vXjUvIggB9CiR-nA_32.18486298_-88.33932584.jpg,21.497,277.2,0.064407
3258_hWJTaA94T2dsFfYKrPkdPg_9.46702393_125.57679460,/home/alex/Desktop/school/comp-vis/dataset/datasets--everettshen--StreetView360AtoZ/snapshots/f0b9ffb20c4dc68d4422db97b7da7b577970650e/data/3258_hWJTaA94T2dsFfYKrPkdPg_9.46702393_125.57679460.jpg,60.2252,454.84,0.01532
414_xQt_1ZqnSkTUO8PWV7HJHw_-3.83759489_-50.63793875,/home/alex/Desktop/school/comp-vis/dataset/datasets--everettshen--StreetView360AtoZ/snapshots/f0b9ffb20c4dc68d4422db97b7da7b577970650e/data/414_xQt_1ZqnSkTUO8PWV7HJHw_-3.83759489_-50.63793875.jpg,84.928,209.22,0.073532
2484_GlDYmWijyYABiYJlien7_A_-26.67048594_143.26725780,/home/alex/Desktop/school/comp-vis/dataset/datasets--everettshen--StreetView360AtoZ/snapshots/f0b9ffb20c4dc68d4422db97b7da7b577970650e/data/2484_GlDYmWijyYABiYJlien7_A_-26.67048594_143.26725780.jpg,26.7429,8.37,0.01564
474_sQVz5Di5T6fnFOCsLtB21g_-36.26713399_142.63159098,/home/alex/Desktop/school/comp-vis/dataset/datasets--everettshen--StreetView360AtoZ/snapshots/f0b9ffb20c4dc68d4422db97b7da7b577970650e/data/474_sQVz5Di5T6fnFOCsLtB21g_-36.26713399_142.63159098.jpg,27.3135,315.23,0.03064
1890_1Zr5rwjlvXCiwOHSxvEYnw_31.43765600_-92.67770759,/home/alex/Desktop/school/comp-vis/dataset/datasets--everettshen--StreetView360AtoZ/snapshots/f0b9ffb20c4dc68d4422db97b7da7b577970650e/data/1890_1Zr5rwjlvXCiwOHSxvEYnw_31.43765600_-92.67770759.jpg,69.2972,321.66,0.192184
178_6Js19pfQ4XTJnZJf5YSh6g_40.08642285_-105.93933650,/home/alex/Desktop/school/comp-vis/dataset/datasets--everettshen--StreetView360AtoZ/snapshots/f0b9ffb20c4dc68d4422db97b7da7b577970650e/data/178_6Js19pfQ4XTJnZJf5YSh6g_40.08642285_-105.93933650.jpg,18.6698,234.18,0.056961
670_VzDVKpveiP1p9CJCvL_cBA_-35.42910328_149.21919284,/home/alex/Desktop/school/comp-vis/dataset/datasets--everettshen--StreetView360AtoZ/snapshots/f0b9ffb20c4dc68d4422db97b7da7b577970650e/data/670_VzDVKpveiP1p9CJCvL_cBA_-35.42910328_149.21919284.jpg,82.6969,278.2,0.031448
2197_hhzlKmo1dJ3RQWzIrndYuQ_18.67590979_-96.20380877,/home/alex/Desktop/school/comp-vis/dataset/datasets--everettshen--StreetView360AtoZ/snapshots/f0b9ffb20c4dc68d4422db97b7da7b577970650e/data/2197_hhzlKmo1dJ3RQWzIrndYuQ_18.67590979_-96.20380877.jpg,49.5131,458.49,0.013336
152_dPkSE7Df9vLcmpdEkksFmw_40.74802804_17.45862523,/home/alex/Desktop/school/comp-vis/dataset/datasets--everettshen--StreetView360AtoZ/snapshots/f0b9ffb20c4dc68d4422db97b7da7b577970650e/data/152_dPkSE7Df9vLcmpdEkksFmw_40.74802804_17.45862523.jpg,67.5577,246.62,0.026154
1119_3tuRSA0Am1Z8kOwUA5e-IA_29.39128563_-81.63866776,/home/alex/Desktop/school/comp-vis/dataset/datasets--everettshen--StreetView360AtoZ/snapshots/f0b9ffb20c4dc68d4422db97b7da7b577970650e/data/1119_3tuRSA0Am1Z8kOwUA5e-IA_29.39128563_-81.63866776.jpg,27.4607,401.06,0.054733
220_IL8z9ZbsQFr61jY7UflZqA_55.70389194_11.04080796,/home/alex/Desktop/school/comp-vis/dataset/datasets--everettshen--StreetView360AtoZ/snapshots/f0b9ffb20c4dc68d4422db97b7da7b577970650e/data/220_IL8z9ZbsQFr61jY7UflZqA_55.70389194_11.04080796.jpg,26.804,245.1,0.033417
1927_s1rD5ZtYl15cikJe-iXrAA_44.35074153_10.63147007,/home/alex/Desktop/school/comp-vis/dataset/datasets--everettshen--StreetView360AtoZ/snapshots/f0b9ffb20c4dc68d4422db97b7da7b577970650e/data/1927_s1rD5ZtYl15cikJe-iXrAA_44.35074153_10.63147007.jpg,27.8949,28.74,0.019653
571_w-bPU7G_0bff4CfQ-wqw-w_62.30143804_-145.30505410,/home/alex/Desktop/school/comp-vis/dataset/datasets--everettshen--StreetView360AtoZ/snapshots/f0b9ffb20c4dc68d4422db97b7da7b577970650e/data/571_w-bPU7G_0bff4CfQ-wqw-w_62.30143804_-145.30505410.jpg,18.7977,401.29,0.042206
176_m7Uegq0ertIrpmRR1Y8RAg_35.96606286_-94.77760298,/home/alex/Desktop/school/comp-vis/dataset/datasets--everettshen--StreetView360AtoZ/snapshots/f0b9ffb20c4dc68d4422db97b7da7b577970650e/data/176_m7Uegq0ertIrpmRR1Y8RAg_35.96606286_-94.77760298.jpg,16.9465,200.86,0.068771
1004_BfObL-IhbFtNZcF7ypRLQw_35.21575227_25.70358029,/home/alex/Desktop/school/comp-vis/dataset/datasets--everettshen--StreetView360AtoZ/snapshots/f0b9ffb20c4dc68d4422db97b7da7b577970650e/data/1004_BfObL-IhbFtNZcF7ypRLQw_35.21575227_25.70358029.jpg,59.7645,64.86,0.042084
225_MN5Boyn_-16tg5rycjvMQw_43.88346628_0.58011562,/home/alex/Desktop/school/comp-vis/dataset/datasets--everettshen--StreetView360AtoZ/snapshots/f0b9ffb20c4dc68d4422db97b7da7b577970650e/data/225_MN5Boyn_-16tg5rycjvMQw_43.88346628_0.58011562.jpg,45.1739,405.5,0.04213
1673_LxEAnOIvX4QTJD6gL6fI2Q_18.96278234_74.75364898,/home/alex/Desktop/school/comp-vis/dataset/datasets--everettshen--StreetView360AtoZ/snapshots/f0b9ffb20c4dc68d4422db97b7da7b577970650e/data/1673_LxEAnOIvX4QTJD6gL6fI2Q_18.96278234_74.75364898.jpg,50.0231,373.48,0.134216
435_AwH8H6e98pDOBa2gufTUsQ_42.48621050_2.83938743,/home/alex/Desktop/school/comp-vis/dataset/datasets--everettshen--StreetView360AtoZ/snapshots/f0b9ffb20c4dc68d4422db97b7da7b577970650e/data/435_AwH8H6e98pDOBa2gufTUsQ_42.48621050_2.83938743.jpg,48.2118,23.14,0.023911
1141_ObDFYkNi-BJzOfTEqXCbYg_31.58737316_-85.72534679,/home/alex/Desktop/school/comp-vis/dataset/datasets--everettshen--StreetView360AtoZ/snapshots/f0b9ffb20c4dc68d4422db97b7da7b577970650e/data/1141_ObDFYkNi-BJzOfTEqXCbYg_31.58737316_-85.72534679.jpg,7.5631,415.75,0.010071
115_HZDFZKqOLE6jDWME-9jq7w_20.17634270_85.80034372,/home/alex/Desktop/school/comp-vis/dataset/datasets--everettshen--StreetView360AtoZ/snapshots/f0b9ffb20c4dc68d4422db97b7da7b577970650e/data/115_HZDFZKqOLE6jDWME-9jq7w_20.17634270_85.80034372.jpg,71.1237,368.71,0.128342
17_zYgSHdfRLPxjDsHCTCnB3A_-32.75090825_151.10426102,/home/alex/Desktop/school/comp-vis/dataset/datasets--everettshen--StreetView360AtoZ/snapshots/f0b9ffb20c4dc68d4422db97b7da7b577970650e/data/17_zYgSHdfRLPxjDsHCTCnB3A_-32.75090825_151.10426102.jpg,32.6136,289.79,0.03688
1619_ffZPAHh8tYTqaM1tei0MJA_54.24217199_-2.77401912,/home/alex/Desktop/school/comp-vis/dataset/datasets--everettshen--StreetView360AtoZ/snapshots/f0b9ffb20c4dc68d4422db97b7da7b577970650e/data/1619_ffZPAHh8tYTqaM1tei0MJA_54.24217199_-2.77401912.jpg,59.5891,318.93,0.152298
1120_jPmwC4GFNtdBJlJBS4A2iA_31.76086767_-93.08788683,/home/alex/Desktop/school/comp-vis/dataset/datasets--everettshen--StreetView360AtoZ/snapshots/f0b9ffb20c4dc68d4422db97b7da7b577970650e/data/1120_jPmwC4GFNtdBJlJBS4A2iA_31.76086767_-93.08788683.jpg,79.7326,191.6,0.019073
2136_wEYT1b-avhEDJwtqgt7wcA_65.17644984_25.35235013,/home/alex/Desktop/school/comp-vis/dataset/datasets--everettshen--StreetView360AtoZ/snapshots/f0b9ffb20c4dc68d4422db97b7da7b577970650e/data/2136_wEYT1b-avhEDJwtqgt7wcA_65.17644984_25.35235013.jpg,59.2761,88.94,0.056732
1422_K0d8rwFVXbA2LcqzVqv5iQ_43.91919806_7.77243949,/home/alex/Desktop/school/comp-vis/dataset/datasets--everettshen--StreetView360AtoZ/snapshots/f0b9ffb20c4dc68d4422db97b7da7b577970650e/data/1422_K0d8rwFVXbA2LcqzVqv5iQ_43.91919806_7.77243949.jpg,13.8791,160.86,0.025589
1603_6HPeiU2kD-vgdH0GwhZ-Og_26.61485831_93.58300236,/home/alex/Desktop/school/comp-vis/dataset/datasets--everettshen--StreetView360AtoZ/snapshots/f0b9ffb20c4dc68d4422db97b7da7b577970650e/data/1603_6HPeiU2kD-vgdH0GwhZ-Og_26.61485831_93.58300236.jpg,44.6489,292.54,0.100723
185_IxL--PLOW1DFnM_ehF27Aw_50.94110891_3.45838232,/home/alex/Desktop/school/comp-vis/dataset/datasets--everettshen--StreetView360AtoZ/snapshots/f0b9ffb20c4dc68d4422db97b7da7b577970650e/data/185_IxL--PLOW1DFnM_ehF27Aw_50.94110891_3.45838232.jpg,28.4587,399.58,0.084351
905_fDhfiQ4V2tC_1XLJcz1qKg_59.42166459_16.46899566,/home/alex/Desktop/school/comp-vis/dataset/datasets--everettshen--StreetView360AtoZ/snapshots/f0b9ffb20c4dc68d4422db97b7da7b577970650e/data/905_fDhfiQ4V2tC_1XLJcz1qKg_59.42166459_16.46899566.jpg,33.7853,419.75,0.063477
57_81TR4Kd1cZtvd_per14-Qw_-34.84604681_138.48425581,/home/alex/Desktop/school/comp-vis/dataset/datasets--everettshen--StreetView360AtoZ/snapshots/f0b9ffb20c4dc68d4422db97b7da7b577970650e/data/57_81TR4Kd1cZtvd_per14-Qw_-34.84604681_138.48425581.jpg,22.4084,413.83,0.027405
881_O7Ta2m-o3MuggMgqkewP1w_19.69501282_74.29779086,/home/alex/Desktop/school/comp-vis/dataset/datasets--everettshen--StreetView360AtoZ/snapshots/f0b9ffb20c4dc68d4422db97b7da7b577970650e/data/881_O7Ta2m-o3MuggMgqkewP1w_19.69501282_74.29779086.jpg,29.6685,493.42,0.027924
758_Nbhk6mOguENusld5nzY7CQ_22.65915840_90.90975278,/home/alex/Desktop/school/comp-vis/dataset/datasets--everettshen--StreetView360AtoZ/snapshots/f0b9ffb20c4dc68d4422db97b7da7b577970650e/data/758_Nbhk6mOguENusld5nzY7CQ_22.65915840_90.90975278.jpg,57.5467,388.49,0.024277
941_qLAWNss8yS3P7AYqmOaIyA_38.85732783_22.36339142,/home/alex/Desktop/school/comp-vis/dataset/datasets--everettshen--StreetView360AtoZ/snapshots/f0b9ffb20c4dc68d4422db97b7da7b577970650e/data/941_qLAWNss8yS3P7AYqmOaIyA_38.85732783_22.36339142.jpg,25.8793,289.77,0.016876
380_2gMs5YyBaRlAUeLHRTWpeg_37.26883176_32.72857315,/home/alex/Desktop/school/comp-vis/dataset/datasets--everettshen--StreetView360AtoZ/snapshots/f0b9ffb20c4dc68d4422db97b7da7b577970650e/data/380_2gMs5YyBaRlAUeLHRTWpeg_37.26883176_32.72857315.jpg,54.5439,197.41,0.035645
537_qAhEfJfCKDPGLKCibaZBNA_40.13968715_-80.35115884,/home/alex/Desktop/school/comp-vis/dataset/datasets--everettshen--StreetView360AtoZ/snapshots/f0b9ffb20c4dc68d4422db97b7da7b577970650e/data/537_qAhEfJfCKDPGLKCibaZBNA_40.13968715_-80.35115884.jpg,79.9714,182.81,0.144714
678_GBmAtqQ_qOKXVI-7uiFrVg_34.14792429_-116.06500903,/home/alex/Desktop/school/comp-vis/dataset/datasets--everettshen--StreetView360AtoZ/snapshots/f0b9ffb20c4dc68d4422db97b7da7b577970650e/data/678_GBmAtqQ_qOKXVI-7uiFrVg_34.14792429_-116.06500903.jpg,17.1874,477.69,0.032837
3174_KvbGBYXN4rNRHtSkg6DP2g_45.76461798_8.24932736,/home/alex/Desktop/school/comp-vis/dataset/datasets--everettshen--StreetView360AtoZ/snapshots/f0b9ffb20c4dc68d4422db97b7da7b577970650e/data/3174_KvbGBYXN4rNRHtSkg6DP2g_45.76461798_8.24932736.jpg,32.5476,33.17,0.066605
3271_XqUIm9_HVM4Z-jZpd3b0Yw_37.65833881_-97.68392415,/home/alex/Desktop/school/comp-vis/dataset/datasets--everettshen--StreetView360AtoZ/snapshots/f0b9ffb20c4dc68d4422db97b7da7b577970650e/data/3271_XqUIm9_HVM4Z-jZpd3b0Yw_37.65833881_-97.68392415.jpg,81.4353,294.86,0.174713
1754_ZohQA-qMQQH0EXcCX_hf5g_26.28186059_-80.12893916,/home/alex/Desktop/school/comp-vis/dataset/datasets--everettshen--StreetView360AtoZ/snapshots/f0b9ffb20c4dc68d4422db97b7da7b577970650e/data/1754_ZohQA-qMQQH0EXcCX_hf5g_26.28186059_-80.12893916.jpg,31.5482,323.5,0.095245
511_Lv2qaDzMrPWLWISQsL51cg_44.19246975_8.24877802,/home/alex/Desktop/school/comp-vis/dataset/datasets--everettshen--StreetView360AtoZ/snapshots/f0b9ffb20c4dc68d4422db97b7da7b577970650e/data/511_Lv2qaDzMrPWLWISQsL51cg_44.19246975_8.24877802.jpg,76.518,319.61,0.128784
828_gtYINTe18xy5KgS9MpoHOg_46.12936227_3.19229684,/home/alex/Desktop/school/comp-vis/dataset/datasets--everettshen--StreetView360AtoZ/snapshots/f0b9ffb20c4dc68d4422db97b7da7b577970650e/data/828_gtYINTe18xy5KgS9MpoHOg_46.12936227_3.19229684.jpg,63.597,255.99,0.059875
827_DcCESmBGrZF2i13ksvSFVw_30.31880593_-89.34762616,/home/alex/Desktop/school/comp-vis/dataset/datasets--everettshen--StreetView360AtoZ/snapshots/f0b9ffb20c4dc68d4422db97b7da7b577970650e/data/827_DcCESmBGrZF2i13ksvSFVw_30.31880593_-89.34762616.jpg,50.5687,79.0,0.05014
1424_pvFJueGTs2rUgrtW0Md3OQ_1.49812693_104.04334429,/home/alex/Desktop/school/comp-vis/dataset/datasets--everettshen--StreetView360AtoZ/snapshots/f0b9ffb20c4dc68d4422db97b7da7b577970650e/data/1424_pvFJueGTs2rUgrtW0Md3OQ_1.49812693_104.04334429.jpg,77.0332,423.08,0.074188
1259_0j3oXEQGBOed0-XVKEfORQ_-18.40845456_-69.99526101,/home/alex/Desktop/school/comp-vis/dataset/datasets--everettshen--StreetView360AtoZ/snapshots/f0b9ffb20c4dc68d4422db97b7da7b577970650e/data/1259_0j3oXEQGBOed0-XVKEfORQ_-18.40845456_-69.99526101.jpg,9.3831,207.21,0.010727
2155_L0HDa_eZX8toob4iZwOz2A_50.09410039_10.45258533,/home/alex/Desktop/school/comp-vis/dataset/datasets--everettshen--StreetView360AtoZ/snapshots/f0b9ffb20c4dc68d4422db97b7da7b577970650e/data/2155_L0HDa_eZX8toob4iZwOz2A_50.09410039_10.45258533.jpg,63.0422,133.7,0.011505
58_qNH2xbbT4ZkwCAPs6Fnnow_27.41108613_-112.57937215,/home/alex/Desktop/school/comp-vis/dataset/datasets--everettshen--StreetView360AtoZ/snapshots/f0b9ffb20c4dc68d4422db97b7da7b577970650e/data/58_qNH2xbbT4ZkwCAPs6Fnnow_27.41108613_-112.57937215.jpg,34.5763,413.78,0.069626
519_QYs7d8jgBvw-4IkfUgVSoQ_38.95220966_40.02741339,/home/alex/Desktop/school/comp-vis/dataset/datasets--everettshen--StreetView360AtoZ/snapshots/f0b9ffb20c4dc68d4422db97b7da7b577970650e/data/519_QYs7d8jgBvw-4IkfUgVSoQ_38.95220966_40.02741339.jpg,61.6013,190.09,0.01973
972_TaYcWBG9mC9MP5R5uQgexg_51.85813190_-3.13623204,/home/alex/Desktop/school/comp-vis/dataset/datasets--everettshen--StreetView360AtoZ/snapshots/f0b9ffb20c4dc68d4422db97b7da7b577970650e/data/972_TaYcWBG9mC9MP5R5uQgexg_51.85813190_-3.13623204.jpg,36.8088,136.53,0.033768
592_9Zl3pjuXDxEmOQ6gJb7MrA_-34.69730682_-71.28452000,/home/alex/Desktop/school/comp-vis/dataset/datasets--everettshen--StreetView360AtoZ/snapshots/f0b9ffb20c4dc68d4422db97b7da7b577970650e/data/592_9Zl3pjuXDxEmOQ6gJb7MrA_-34.69730682_-71.28452000.jpg,82.2107,352.34,0.033325
2072_nIb6qrqOmv8sJEP6vukStg_37.68658901_-96.97678991,/home/alex/Desktop/school/comp-vis/dataset/datasets--everettshen--StreetView360AtoZ/snapshots/f0b9ffb20c4dc68d4422db97b7da7b577970650e/data/2072_nIb6qrqOmv8sJEP6vukStg_37.68658901_-96.97678991.jpg,49.9321,301.01,0.116287
116_lPRtwi0gK6G6lBkDNW8cAA_41.56666807_23.29997886,/home/alex/Desktop/school/comp-vis/dataset/datasets--everettshen--StreetView360AtoZ/snapshots/f0b9ffb20c4dc68d4422db97b7da7b577970650e/data/116_lPRtwi0gK6G6lBkDNW8cAA_41.56666807_23.29997886.jpg,18.1252,71.92,0.0177
2691_J39LkpHvb-UF51Po5l5Qvw_-24.28384919_-53.83985693,/home/alex/Desktop/school/comp-vis/dataset/datasets--everettshen--StreetView360AtoZ/snapshots/f0b9ffb20c4dc68d4422db97b7da7b577970650e/data/2691_J39LkpHvb-UF51Po5l5Qvw_-24.28384919_-53.83985693.jpg,68.6628,149.77,0.024734
617_DLIwJ9RCLVD36qvZGeGuSw_36.60174124_-83.75216885,/home/alex/Desktop/school/comp-vis/dataset/datasets--everettshen--StreetView360AtoZ/snapshots/f0b9ffb20c4dc68d4422db97b7da7b577970650e/data/617_DLIwJ9RCLVD36qvZGeGuSw_36.60174124_-83.75216885.jpg,52.1095,245.82,0.02066
333_KjQeiZm8eGUcO9ftZpNLqw_54.79630293_-7.77750470,/home/alex/Desktop/school/comp-vis/dataset/datasets--everettshen--StreetView360AtoZ/snapshots/f0b9ffb20c4dc68d4422db97b7da7b577970650e/data/333_KjQeiZm8eGUcO9ftZpNLqw_54.79630293_-7.77750470.jpg,59.0664,197.73,0.02655
1595_2i3hZ0qnAB473M2Z3arnVQ_42.86249089_12.41626038,/home/alex/Desktop/school/comp-vis/dataset/datasets--everettshen--StreetView360AtoZ/snapshots/f0b9ffb20c4dc68d4422db97b7da7b577970650e/data/1595_2i3hZ0qnAB473M2Z3arnVQ_42.86249089_12.41626038.jpg,17.7301,208.52,0.022324
1233_DXjNgvtC-y3iQSZ01xaeVg_41.14220588_-3.01900084,/home/alex/Desktop/school/comp-vis/dataset/datasets--everettshen--StreetView360AtoZ/snapshots/f0b9ffb20c4dc68d4422db97b7da7b577970650e/data/1233_DXjNgvtC-y3iQSZ01xaeVg_41.14220588_-3.01900084.jpg,18.458,26.03,0.014221
2112_hP2YSJGj1F_Fk9YEpDZLFQ_35.57229565_-92.17717341,/home/alex/Desktop/school/comp-vis/dataset/datasets--everettshen--StreetView360AtoZ/snapshots/f0b9ffb20c4dc68d4422db97b7da7b577970650e/data/2112_hP2YSJGj1F_Fk9YEpDZLFQ_35.57229565_-92.17717341.jpg,31.9622,140.64,0.098114
3297_AJZ_5ySL4fiAFVOhFnGFaA_46.29018861_4.90436270,/home/alex/Desktop/school/comp-vis/dataset/datasets--everettshen--StreetView360AtoZ/snapshots/f0b9ffb20c4dc68d4422db97b7da7b577970650e/data/3297_AJZ_5ySL4fiAFVOhFnGFaA_46.29018861_4.90436270.jpg,21.4574,32.61,0.029373
897_-qxt27GTA1nrJZvnppPhdw_38.26139877_-104.62116130,/home/alex/Desktop/school/comp-vis/dataset/datasets--everettshen--StreetView360AtoZ/snapshots/f0b9ffb20c4dc68d4422db97b7da7b577970650e/data/897_-qxt27GTA1nrJZvnppPhdw_38.26139877_-104.62116130.jpg,42.5262,316.66,0.15271
989_uC4FN7-jAisFyzQ6lBUKig_53.64723306_109.70702916,/home/alex/Desktop/school/comp-vis/dataset/datasets--everettshen--StreetView360AtoZ/snapshots/f0b9ffb20c4dc68d4422db97b7da7b577970650e/data/989_uC4FN7-jAisFyzQ6lBUKig_53.64723306_109.70702916.jpg,47.3279,358.8,0.034058
2309_z-bR7G4y5FpOfSEHS7bDjg_29.80990884_-94.37528830,/home/alex/Desktop/school/comp-vis/dataset/datasets--everettshen--StreetView360AtoZ/snapshots/f0b9ffb20c4dc68d4422db97b7da7b577970650e/data/2309_z-bR7G4y5FpOfSEHS7bDjg_29.80990884_-94.37528830.jpg,79.4659,247.59,0.225021
1394_TMwGT2hkW3I8NDhPdQ7y0Q_40.10128284_-123.79221288,/home/alex/Desktop/school/comp-vis/dataset/datasets--everettshen--StreetView360AtoZ/snapshots/f0b9ffb20c4dc68d4422db97b7da7b577970650e/data/1394_TMwGT2hkW3I8NDhPdQ7y0Q_40.10128284_-123.79221288.jpg,38.1335,48.99,0.016769
2162_WLNJ4KmMHdlImw9hYdxrpg_37.57726752_-101.36461313,/home/alex/Desktop/school/comp-vis/dataset/datasets--everettshen--StreetView360AtoZ/snapshots/f0b9ffb20c4dc68d4422db97b7da7b577970650e/data/2162_WLNJ4KmMHdlImw9hYdxrpg_37.57726752_-101.36461313.jpg,26.982,375.53,0.02002
1697_lCprrDItNHVodrIppLHqvQ_67.03356992_14.02661602,/home/alex/Desktop/school/comp-vis/dataset/datasets--everettshen--StreetView360AtoZ/snapshots/f0b9ffb20c4dc68d4422db97b7da7b577970650e/data/1697_lCprrDItNHVodrIppLHqvQ_67.03356992_14.02661602.jpg,22.3962,398.19,0.023544
591_GhXJ0NrrR94_FXM0kKlSLg_41.64773492_-77.66086819,/home/alex/Desktop/school/comp-vis/dataset/datasets--everettshen--StreetView360AtoZ/snapshots/f0b9ffb20c4dc68d4422db97b7da7b577970650e/data/591_GhXJ0NrrR94_FXM0kKlSLg_41.64773492_-77.66086819.jpg,21.3732,262.28,0.043976
1039_T0lUWM_xah2ufQTkI1_Pmg_33.96488029_-78.51051054,/home/alex/Desktop/school/comp-vis/dataset/datasets--everettshen--StreetView360AtoZ/snapshots/f0b9ffb20c4dc68d4422db97b7da7b577970650e/data/1039_T0lUWM_xah2ufQTkI1_Pmg_33.96488029_-78.51051054.jpg,55.3923,492.02,0.019089
442_WKAvqfGDFyHKNYpmE-hcUQ_-33.85589849_151.18570906,/home/alex/Desktop/school/comp-vis/dataset/datasets--everettshen--StreetView360AtoZ/snapshots/f0b9ffb20c4dc68d4422db97b7da7b577970650e/data/442_WKAvqfGDFyHKNYpmE-hcUQ_-33.85589849_151.18570906.jpg,62.9076,434.81,0.145126
339_6BpcUh9Pab_kgKFW31NkpQ_42.47540562_-98.80597394,/home/alex/Desktop/school/comp-vis/dataset/datasets--everettshen--StreetView360AtoZ/snapshots/f0b9ffb20c4dc68d4422db97b7da7b577970650e/data/339_6BpcUh9Pab_kgKFW31NkpQ_42.47540562_-98.80597394.jpg,62.0952,185.85,0.067368
691_urPy0j7poR6mSusSzrU7yA_50.79691800_3.84156174,/home/alex/Desktop/school/comp-vis/dataset/datasets--everettshen--StreetView360AtoZ/snapshots/f0b9ffb20c4dc68d4422db97b7da7b577970650e/data/691_urPy0j7poR6mSusSzrU7yA_50.79691800_3.84156174.jpg,52.3317,475.64,0.048737
739_YRjgNr8_dmih3ZQFqURsZw_56.97206143_23.86804281,/home/alex/Desktop/school/comp-vis/dataset/datasets--everettshen--StreetView360AtoZ/snapshots/f0b9ffb20c4dc68d4422db97b7da7b577970650e/data/739_YRjgNr8_dmih3ZQFqURsZw_56.97206143_23.86804281.jpg,31.0296,491.86,0.017395
35_BrUbuvBDObEuM_U8czlEsA_65.29780279_-146.42578565,/home/alex/Desktop/school/comp-vis/dataset/datasets--everettshen--StreetView360AtoZ/snapshots/f0b9ffb20c4dc68d4422db97b7da7b577970650e/data/35_BrUbuvBDObEuM_U8czlEsA_65.29780279_-146.42578565.jpg,32.6981,160.72,0.042725
236_hcXEayCXiNtPngXOS9AsZw_63.03873830_10.28834644,/home/alex/Desktop/school/comp-vis/dataset/datasets--everettshen--StreetView360AtoZ/snapshots/f0b9ffb20c4dc68d4422db97b7da7b577970650e/data/236_hcXEayCXiNtPngXOS9AsZw_63.03873830_10.28834644.jpg,35.7258,461.91,0.030304
1784_WaNgsFlg_oURN3jpIrjdpQ_37.29814093_23.19244950,/home/alex/Desktop/school/comp-vis/dataset/datasets--everettshen--StreetView360AtoZ/snapshots/f0b9ffb20c4dc68d4422db97b7da7b577970650e/data/1784_WaNgsFlg_oURN3jpIrjdpQ_37.29814093_23.19244950.jpg,28.2066,148.13,0.021866
3387_9XAjQrDcyzcyiXfEpdBiQA_31.70137453_-84.37471267,/home/alex/Desktop/school/comp-vis/dataset/datasets--everettshen--StreetView360AtoZ/snapshots/f0b9ffb20c4dc68d4422db97b7da7b577970650e/data/3387_9XAjQrDcyzcyiXfEpdBiQA_31.70137453_-84.37471267.jpg,28.0821,391.14,0.037735
3206_qtKyRXQqAQWboJHPReMQrQ_18.01875945_78.93585668,/home/alex/Desktop/school/comp-vis/dataset/datasets--everettshen--StreetView360AtoZ/snapshots/f0b9ffb20c4dc68d4422db97b7da7b577970650e/data/3206_qtKyRXQqAQWboJHPReMQrQ_18.01875945_78.93585668.jpg,36.6336,133.38,0.015152
3309_snnv8hRyqYxhZkwH3BkuyQ_56.04011421_12.17914545,/home/alex/Desktop/school/comp-vis/dataset/datasets--everettshen--StreetView360AtoZ/snapshots/f0b9ffb20c4dc68d4422db97b7da7b577970650e/data/3309_snnv8hRyqYxhZkwH3BkuyQ_56.04011421_12.17914545.jpg,51.8892,32.43,0.037445
1871_xIrH6W3KuVEiUkoL5Ks2qA_22.26668036_114.23356480,/home/alex/Desktop/school/comp-vis/dataset/datasets--everettshen--StreetView360AtoZ/snapshots/f0b9ffb20c4dc68d4422db97b7da7b577970650e/data/1871_xIrH6W3KuVEiUkoL5Ks2qA_22.26668036_114.23356480.jpg,63.3192,190.27,0.139511
448_jzpdm29pFhuI6bTTV-xu8A_33.39317475_-93.28898230,/home/alex/Desktop/school/comp-vis/dataset/datasets--everettshen--StreetView360AtoZ/snapshots/f0b9ffb20c4dc68d4422db97b7da7b577970650e/data/448_jzpdm29pFhuI6bTTV-xu8A_33.39317475_-93.28898230.jpg,79.5947,181.71,0.109711
1710_0G4OVZu4sk7vpnOvltbAtA_22.96702359_78.52864691,/home/alex/Desktop/school/comp-vis/dataset/datasets--everettshen--StreetView360AtoZ/snapshots/f0b9ffb20c4dc68d4422db97b7da7b577970650e/data/1710_0G4OVZu4sk7vpnOvltbAtA_22.96702359_78.52864691.jpg,72.4627,165.98,0.241821
1486_JeuG-1fTH3o1w4F6Tki6lw_40.02855799_18.01926278,/home/alex/Desktop/school/comp-vis/dataset/datasets--everettshen--StreetView360AtoZ/snapshots/f0b9ffb20c4dc68d4422db97b7da7b577970650e/data/1486_JeuG-1fTH3o1w4F6Tki6lw_40.02855799_18.01926278.jpg,13.7573,61.54,0.033707
39_IxLEB13ocpzo2illPZW7cA_25.86850658_88.14308427,/home/alex/Desktop/school/comp-vis/dataset/datasets--everettshen--StreetView360AtoZ/snapshots/f0b9ffb20c4dc68d4422db97b7da7b577970650e/data/39_IxLEB13ocpzo2illPZW7cA_25.86850658_88.14308427.jpg,42.8906,91.02,0.047256
562_azEP6s4mcnVZCN-CoTWQ9Q_-4.84175879_122.99603811,/home/alex/Desktop/school/comp-vis/dataset/datasets--everettshen--StreetView360AtoZ/snapshots/f0b9ffb20c4dc68d4422db97b7da7b577970650e/data/562_azEP6s4mcnVZCN-CoTWQ9Q_-4.84175879_122.99603811.jpg,82.4063,273.18,0.159134
1828_iysl7Xgycofk_uBKeL4BQQ_19.55573448_-99.25332611,/home/alex/Desktop/school/comp-vis/dataset/datasets--everettshen--StreetView360AtoZ/snapshots/f0b9ffb20c4dc68d4422db97b7da7b577970650e/data/1828_iysl7Xgycofk_uBKeL4BQQ_19.55573448_-99.25332611.jpg,48.77,144.32,0.01149
1459_7YV7koQ6IeWS35Xe4qEnkw_-32.99831220_151.66786272,/home/alex/Desktop/school/comp-vis/dataset/datasets--everettshen--StreetView360AtoZ/snapshots/f0b9ffb20c4dc68d4422db97b7da7b577970650e/data/1459_7YV7koQ6IeWS35Xe4qEnkw_-32.99831220_151.66786272.jpg,19.8821,144.55,0.037186
277__cNoJ7nV_IndWDwFCcw9nw_45.36705508_5.61773452,/home/alex/Desktop/school/comp-vis/dataset/datasets--everettshen--StreetView360AtoZ/snapshots/f0b9ffb20c4dc68d4422db97b7da7b577970650e/data/277__cNoJ7nV_IndWDwFCcw9nw_45.36705508_5.61773452.jpg,68.5593,398.76,0.072418
844_G8-aVXqwd_0DHDe7QUzV8w_45.91767461_-90.45083617,/home/alex/Desktop/school/comp-vis/dataset/datasets--everettshen--StreetView360AtoZ/snapshots/f0b9ffb20c4dc68d4422db97b7da7b577970650e/data/844_G8-aVXqwd_0DHDe7QUzV8w_45.91767461_-90.45083617.jpg,84.6574,242.99,0.050888
1810_v5mfRIhsqN8lhxjUmiC2fA_46.87861622_-65.22960013,/home/alex/Desktop/school/comp-vis/dataset/datasets--everettshen--StreetView360AtoZ/snapshots/f0b9ffb20c4dc68d4422db97b7da7b577970650e/data/1810_v5mfRIhsqN8lhxjUmiC2fA_46.87861622_-65.22960013.jpg,28.1479,379.01,0.063385
429_P4I_not-bqivBx348bmy0Q_39.29744772_-123.10853480,/home/alex/Desktop/school/comp-vis/dataset/datasets--everettshen--StreetView360AtoZ/snapshots/f0b9ffb20c4dc68d4422db97b7da7b577970650e/data/429_P4I_not-bqivBx348bmy0Q_39.29744772_-123.10853480.jpg,29.8221,55.01,0.085083
952_2mqIjmri1by241cufsHrcw_64.26952313_24.84719515,/home/alex/Desktop/school/comp-vis/dataset/datasets--everettshen--StreetView360AtoZ/snapshots/f0b9ffb20c4dc68d4422db97b7da7b577970650e/data/952_2mqIjmri1by241cufsHrcw_64.26952313_24.84719515.jpg,9.5283,104.24,0.020721
272__IeLa84ZQmAvPkOl2KKA7A_-30.34034809_-50.27864920,/home/alex/Desktop/school/comp-vis/dataset/datasets--everettshen--StreetView360AtoZ/snapshots/f0b9ffb20c4dc68d4422db97b7da7b577970650e/data/272__IeLa84ZQmAvPkOl2KKA7A_-30.34034809_-50.27864920.jpg,70.8349,34.17,0.025101
2797_wFRYP69dbhwwlvJPZD7AAg_17.41766568_102.79066051,/home/alex/Desktop/school/comp-vis/dataset/datasets--everettshen--StreetView360AtoZ/snapshots/f0b9ffb20c4dc68d4422db97b7da7b577970650e/data/2797_wFRYP69dbhwwlvJPZD7AAg_17.41766568_102.79066051.jpg,51.2182,64.5,0.040161
13_dN6I7wjC0zDWxe8DJcpeIg_39.89974033_16.43353039,/home/alex/Desktop/school/comp-vis/dataset/datasets--everettshen--StreetView360AtoZ/snapshots/f0b9ffb20c4dc68d4422db97b7da7b577970650e/data/13_dN6I7wjC0zDWxe8DJcpeIg_39.89974033_16.43353039.jpg,58.6935,477.48,0.035782
33_pAIXj45UICe_bGpJAuCSWg_46.91322735_-103.52462773,/home/alex/Desktop/school/comp-vis/dataset/datasets--everettshen--StreetView360AtoZ/snapshots/f0b9ffb20c4dc68d4422db97b7da7b577970650e/data/33_pAIXj45UICe_bGpJAuCSWg_46.91322735_-103.52462773.jpg,22.951,177.61,0.076828
895_7Q6tpkV_4iLSjMaAIJ5Imw_41.86759019_-103.66177545,/home/alex/Desktop/school/comp-vis/dataset/datasets--everettshen--StreetView360AtoZ/snapshots/f0b9ffb20c4dc68d4422db97b7da7b577970650e/data/895_7Q6tpkV_4iLSjMaAIJ5Imw_41.86759019_-103.66177545.jpg,22.9175,460.02,0.027985
261_PLA6hr54aeq6DXVoKt0CPQ_20.14180251_-88.65844715,/home/alex/Desktop/school/comp-vis/dataset/datasets--everettshen--StreetView360AtoZ/snapshots/f0b9ffb20c4dc68d4422db97b7da7b577970650e/data/261_PLA6hr54aeq6DXVoKt0CPQ_20.14180251_-88.65844715.jpg,36.8466,482.49,0.014771
258_DrKNtQKSt5hY6uSKWAYbRg_-33.24940889_144.56600558,/home/alex/Desktop/school/comp-vis/dataset/datasets--everettshen--StreetView360AtoZ/snapshots/f0b9ffb20c4dc68d4422db97b7da7b577970650e/data/258_DrKNtQKSt5hY6uSKWAYbRg_-33.24940889_144.56600558.jpg,8.1823,433.26,0.046204
380_L7KoHU3Tq_SkQNo536raIg_36.15916508_-115.02522641,/home/alex/Desktop/school/comp-vis/dataset/datasets--everettshen--StreetView360AtoZ/snapshots/f0b9ffb20c4dc68d4422db97b7da7b577970650e/data/380_L7KoHU3Tq_SkQNo536raIg_36.15916508_-115.02522641.jpg,23.7384,289.84,0.08519
3201_QdUvaBREYbP98b61_7L8QA_50.93377638_-105.16781736,/home/alex/Desktop/school/comp-vis/dataset/datasets--everettshen--StreetView360AtoZ/snapshots/f0b9ffb20c4dc68d4422db97b7da7b577970650e/data/3201_QdUvaBREYbP98b61_7L8QA_50.93377638_-105.16781736.jpg,60.9856,145.21,0.033188
1282_hnUmyZWlx4BNT4lWP0kshg_45.58319044_1.71979083,/home/alex/Desktop/school/comp-vis/dataset/datasets--everettshen--StreetView360AtoZ/snapshots/f0b9ffb20c4dc68d4422db97b7da7b577970650e/data/1282_hnUmyZWlx4BNT4lWP0kshg_45.58319044_1.71979083.jpg,33.5889,317.96,0.012497
73_NHwi7wxtTfc3MfI4RJlsAA_53.52292776_-7.09051957,/home/alex/Desktop/school/comp-vis/dataset/datasets--everettshen--StreetView360AtoZ/snapshots/f0b9ffb20c4dc68d4422db97b7da7b577970650e/data/73_NHwi7wxtTfc3MfI4RJlsAA_53.52292776_-7.09051957.jpg,43.0554,465.64,0.024139
1407_wJkSP0WzwzN5yyt2s3rarg_-35.24997601_138.88343809,/home/alex/Desktop/school/comp-vis/dataset/datasets--everettshen--StreetView360AtoZ/snapshots/f0b9ffb20c4dc68d4422db97b7da7b577970650e/data/1407_wJkSP0WzwzN5yyt2s3rarg_-35.24997601_138.88343809.jpg,59.0947,33.19,0.049728
922_3RBjmO5RcWNITWhsW-D9fA_34.96236446_-99.38067552,/home/alex/Desktop/school/comp-vis/dataset/datasets--everettshen--StreetView360AtoZ/snapshots/f0b9ffb20c4dc68d4422db97b7da7b577970650e/data/922_3RBjmO5RcWNITWhsW-D9fA_34.96236446_-99.38067552.jpg,42.4151,79.26,0.010101
3196_E0dkGcSrCA9UDHfJitZ6Mg_49.08297217_6.63988666,/home/alex/Desktop/school/comp-vis/dataset/datasets--everettshen--StreetView360AtoZ/snapshots/f0b9ffb20c4dc68d4422db97b7da7b577970650e/data/3196_E0dkGcSrCA9UDHfJitZ6Mg_49.08297217_6.63988666.jpg,25.4449,25.28,0.038818
2080_GO9_0iJzpGwQfsQCjz45tg_45.15943858_-83.89310555,/home/alex/Desktop/school/comp-vis/dataset/datasets--everettshen--StreetView360AtoZ/snapshots/f0b9ffb20c4dc68d4422db97b7da7b577970650e/data/2080_GO9_0iJzpGwQfsQCjz45tg_45.15943858_-83.89310555.jpg,24.4299,27.35,0.040802
749_9_QYm7R90n708v8Tte1wUg_38.53083024_31.22790372,/home/alex/Desktop/school/comp-vis/dataset/datasets--everettshen--StreetView360AtoZ/snapshots/f0b9ffb20c4dc68d4422db97b7da7b577970650e/data/749_9_QYm7R90n708v8Tte1wUg_38.53083024_31.22790372.jpg,50.6256,301.35,0.01062
887_DnrEW4EwUaYVbJZT5JwFOw_22.80021121_77.70231821,/home/alex/Desktop/school/comp-vis/dataset/datasets--everettshen--StreetView360AtoZ/snapshots/f0b9ffb20c4dc68d4422db97b7da7b577970650e/data/887_DnrEW4EwUaYVbJZT5JwFOw_22.80021121_77.70231821.jpg,34.4404,339.35,0.258606
476_kjl8yVpAy4ZGxiyA_m_Cuw_24.47105454_90.19594337,/home/alex/Desktop/school/comp-vis/dataset/datasets--everettshen--StreetView360AtoZ/snapshots/f0b9ffb20c4dc68d4422db97b7da7b577970650e/data/476_kjl8yVpAy4ZGxiyA_m_Cuw_24.47105454_90.19594337.jpg,30.8802,427.42,0.038712
339__rInO8Bl-voPOwlVUEPdgQ_52.42404419_-8.38447345,/home/alex/Desktop/school/comp-vis/dataset/datasets--everettshen--StreetView360AtoZ/snapshots/f0b9ffb20c4dc68d4422db97b7da7b577970650e/data/339__rInO8Bl-voPOwlVUEPdgQ_52.42404419_-8.38447345.jpg,18.0436,406.78,0.022354
2779_LAq-tnYkYyJ7JVc2X7vV2Q_48.22579861_5.66057405,/home/alex/Desktop/school/comp-vis/dataset/datasets--everettshen--StreetView360AtoZ/snapshots/f0b9ffb20c4dc68d4422db97b7da7b577970650e/data/2779_LAq-tnYkYyJ7JVc2X7vV2Q_48.22579861_5.66057405.jpg,67.9658,238.31,0.1091
439_CRS_jmZUSSgaQQKYWLSkXQ_40.10688344_-3.38560329,/home/alex/Desktop/school/comp-vis/dataset/datasets--everettshen--StreetView360AtoZ/snapshots/f0b9ffb20c4dc68d4422db97b7da7b577970650e/data/439_CRS_jmZUSSgaQQKYWLSkXQ_40.10688344_-3.38560329.jpg,20.1709,210.04,0.030594
1758_H9RB35gznm2quNWExH-MVw_-39.37820332_174.39023204,/home/alex/Desktop/school/comp-vis/dataset/datasets--everettshen--StreetView360AtoZ/snapshots/f0b9ffb20c4dc68d4422db97b7da7b577970650e/data/1758_H9RB35gznm2quNWExH-MVw_-39.37820332_174.39023204.jpg,60.5904,327.38,0.014374
686_rVTPyTArMVcWIw_QjTyvKw_40.91439420_38.30877775,/home/alex/Desktop/school/comp-vis/dataset/datasets--everettshen--StreetView360AtoZ/snapshots/f0b9ffb20c4dc68d4422db97b7da7b577970650e/data/686_rVTPyTArMVcWIw_QjTyvKw_40.91439420_38.30877775.jpg,35.3133,484.67,0.02742
3167_-UsCI5rexhzcmFWXyHkTdQ_9.39464709_122.83888354,/home/alex/Desktop/school/comp-vis/dataset/datasets--everettshen--StreetView360AtoZ/snapshots/f0b9ffb20c4dc68d4422db97b7da7b577970650e/data/3167_-UsCI5rexhzcmFWXyHkTdQ_9.39464709_122.83888354.jpg,67.0286,254.93,0.034973
186_EgiJ2hj6q5LHiRkPFf0Qvg_11.97780705_104.88671986,/home/alex/Desktop/school/comp-vis/dataset/datasets--everettshen--StreetView360AtoZ/snapshots/f0b9ffb20c4dc68d4422db97b7da7b577970650e/data/186_EgiJ2hj6q5LHiRkPFf0Qvg_11.97780705_104.88671986.jpg,35.6517,224.7,0.118103
1266_IeRJHQZ3ixkM50AscyaYNw_46.41136496_9.33671636,/home/alex/Desktop/school/comp-vis/dataset/datasets--everettshen--StreetView360AtoZ/snapshots/f0b9ffb20c4dc68d4422db97b7da7b577970650e/data/1266_IeRJHQZ3ixkM50AscyaYNw_46.41136496_9.33671636.jpg,27.7801,468.78,0.066269
3336_y2Ego_4bUDRjUuJAAw_RcQ_-6.23695436_106.51026788,/home/alex/Desktop/school/comp-vis/dataset/datasets--everettshen--StreetView360AtoZ/snapshots/f0b9ffb20c4dc68d4422db97b7da7b577970650e/data/3336_y2Ego_4bUDRjUuJAAw_RcQ_-6.23695436_106.51026788.jpg,29.537,99.91,0.037384
1700_Ot42aBD5_BTctBbQkVkdHg_68.56459810_14.91084263,/home/alex/Desktop/school/comp-vis/dataset/datasets--everettshen--StreetView360AtoZ/snapshots/f0b9ffb20c4dc68d4422db97b7da7b577970650e/data/1700_Ot42aBD5_BTctBbQkVkdHg_68.56459810_14.91084263.jpg,31.9085,389.49,0.041489
1657_VX-la3j9AivIaQtnRKM2LA_29.28162226_78.95101643,/home/alex/Desktop/school/comp-vis/dataset/datasets--everettshen--StreetView360AtoZ/snapshots/f0b9ffb20c4dc68d4422db97b7da7b577970650e/data/1657_VX-la3j9AivIaQtnRKM2LA_29.28162226_78.95101643.jpg,71.2804,290.02,0.061737
1802_jBk_CFc_Nk9QIIpmlnXDOg_1.34605956_103.93274249,/home/alex/Desktop/school/comp-vis/dataset/datasets--everettshen--StreetView360AtoZ/snapshots/f0b9ffb20c4dc68d4422db97b7da7b577970650e/data/1802_jBk_CFc_Nk9QIIpmlnXDOg_1.34605956_103.93274249.jpg,43.343,420.08,0.011276
1806_s0xnlsetopn05KKXAZOtFQ_68.38503885_17.19729632,/home/alex/Desktop/school/comp-vis/dataset/datasets--everettshen--StreetView360AtoZ/snapshots/f0b9ffb20c4dc68d4422db97b7da7b577970650e/data/1806_s0xnlsetopn05KKXAZOtFQ_68.38503885_17.19729632.jpg,23.4498,406.56,0.020508
1762_jpcY2wG0jGjCRGczl4cDrg_-27.99486899_143.82369714,/home/alex/Desktop/school/comp-vis/dataset/datasets--everettshen--StreetView360AtoZ/snapshots/f0b9ffb20c4dc68d4422db97b7da7b577970650e/data/1762_jpcY2wG0jGjCRGczl4cDrg_-27.99486899_143.82369714.jpg,40.2751,84.08,0.069275
1802_SQTKXLnJdGpO6cNXlwj9Zw_39.60182007_39.03375828,/home/alex/Desktop/school/comp-vis/dataset/datasets--everettshen--StreetView360AtoZ/snapshots/f0b9ffb20c4dc68d4422db97b7da7b577970650e/data/1802_SQTKXLnJdGpO6cNXlwj9Zw_39.60182007_39.03375828.jpg,60.0395,217.19,0.012131
1241_g_Wa6cnBky2KLoR_THK20w_-34.21659464_-57.80231729,/home/alex/Desktop/school/comp-vis/dataset/datasets--everettshen--StreetView360AtoZ/snapshots/f0b9ffb20c4dc68d4422db97b7da7b577970650e/data/1241_g_Wa6cnBky2KLoR_THK20w_-34.21659464_-57.80231729.jpg,71.1253,493.98,0.014404
3079_Xo1EwX6inpzItJ3y9L3M4w_18.98455794_78.39018379,/home/alex/Desktop/school/comp-vis/dataset/datasets--everettshen--StreetView360AtoZ/snapshots/f0b9ffb20c4dc68d4422db97b7da7b577970650e/data/3079_Xo1EwX6inpzItJ3y9L3M4w_18.98455794_78.39018379.jpg,77.6188,64.02,0.065643
99_JCIYL95iUH1tU3xPTkYR_g_-24.80828627_30.33683447,/home/alex/Desktop/school/comp-vis/dataset/datasets--everettshen--StreetView360AtoZ/snapshots/f0b9ffb20c4dc68d4422db97b7da7b577970650e/data/99_JCIYL95iUH1tU3xPTkYR_g_-24.80828627_30.33683447.jpg,38.8624,182.99,0.02269
1168_7T0emIorQy9Vt4RZluK90w_38.98967352_-3.91909030,/home/alex/Desktop/school/comp-vis/dataset/datasets--everettshen--StreetView360AtoZ/snapshots/f0b9ffb20c4dc68d4422db97b7da7b577970650e/data/1168_7T0emIorQy9Vt4RZluK90w_38.98967352_-3.91909030.jpg,38.3131,491.0,0.010727
1020_bAJfg-5pjGtzY3TB4m2Zgw_40.88656183_-82.42882971,/home/alex/Desktop/school/comp-vis/dataset/datasets--everettshen--StreetView360AtoZ/snapshots/f0b9ffb20c4dc68d4422db97b7da7b577970650e/data/1020_bAJfg-5pjGtzY3TB4m2Zgw_40.88656183_-82.42882971.jpg,40.3829,334.66,0.148926
752_XgCDoh-rQ4yycqphrRp1Ew_48.88641127_11.62072631,/home/alex/Desktop/school/comp-vis/dataset/datasets--everettshen--StreetView360AtoZ/snapshots/f0b9ffb20c4dc68d4422db97b7da7b577970650e/data/752_XgCDoh-rQ4yycqphrRp1Ew_48.88641127_11.62072631.jpg,51.9454,237.17,0.031143
2379_cwIYqa6OEpP2CMsV1OFSCQ_44.89916555_-124.00485789,/home/alex/Desktop/school/comp-vis/dataset/datasets--everettshen--StreetView360AtoZ/snapshots/f0b9ffb20c4dc68d4422db97b7da7b577970650e/data/2379_cwIYqa6OEpP2CMsV1OFSCQ_44.89916555_-124.00485789.jpg,20.509,284.03,0.054657
656_j2kNSR293m_yaX-mnF92Hg_23.09412757_120.35488228,/home/alex/Desktop/school/comp-vis/dataset/datasets--everettshen--StreetView360AtoZ/snapshots/f0b9ffb20c4dc68d4422db97b7da7b577970650e/data/656_j2kNSR293m_yaX-mnF92Hg_23.09412757_120.35488228.jpg,13.658,441.94,0.010239
400_lWMvNcATORN7CLxIomiafA_46.09918473_-73.93874992,/home/alex/Desktop/school/comp-vis/dataset/datasets--everettshen--StreetView360AtoZ/snapshots/f0b9ffb20c4dc68d4422db97b7da7b577970650e/data/400_lWMvNcATORN7CLxIomiafA_46.09918473_-73.93874992.jpg,46.4898,287.46,0.015839
1687__Gn9aOS43Fh_JJxVQ6FK5g_-7.78982558_108.18115584,/home/alex/Desktop/school/comp-vis/dataset/datasets--everettshen--StreetView360AtoZ/snapshots/f0b9ffb20c4dc68d4422db97b7da7b577970650e/data/1687__Gn9aOS43Fh_JJxVQ6FK5g_-7.78982558_108.18115584.jpg,64.771,288.87,0.077835
41_rBjZgOArro3ZJPmxXhFmVQ_37.96213495_-98.60063174,/home/alex/Desktop/school/comp-vis/dataset/datasets--everettshen--StreetView360AtoZ/snapshots/f0b9ffb20c4dc68d4422db97b7da7b577970650e/data/41_rBjZgOArro3ZJPmxXhFmVQ_37.96213495_-98.60063174.jpg,75.2924,176.86,0.103882
552_1I2qcBL9v3TpUfzgYxxd3A_-25.52317309_31.35699065,/home/alex/Desktop/school/comp-vis/dataset/datasets--everettshen--StreetView360AtoZ/snapshots/f0b9ffb20c4dc68d4422db97b7da7b577970650e/data/552_1I2qcBL9v3TpUfzgYxxd3A_-25.52317309_31.35699065.jpg,33.7402,269.49,0.015961
1903_HbeXfA-yhFRnIRCMVNzV7g_44.44984704_23.68313508,/home/alex/Desktop/school/comp-vis/dataset/datasets--everettshen--StreetView360AtoZ/snapshots/f0b9ffb20c4dc68d4422db97b7da7b577970650e/data/1903_HbeXfA-yhFRnIRCMVNzV7g_44.44984704_23.68313508.jpg,23.6401,310.12,0.016495
1170_kDKCjCGPIkxuOkoq4vsAuw_35.23914406_-91.69123348,/home/alex/Desktop/school/comp-vis/dataset/datasets--everettshen--StreetView360AtoZ/snapshots/f0b9ffb20c4dc68d4422db97b7da7b577970650e/data/1170_kDKCjCGPIkxuOkoq4vsAuw_35.23914406_-91.69123348.jpg,42.5377,392.34,0.093338
2432_Osb0eI7mNo5a7Bl8CC8R9A_49.95026005_-98.29341157,/home/alex/Desktop/school/comp-vis/dataset/datasets--everettshen--StreetView360AtoZ/snapshots/f0b9ffb20c4dc68d4422db97b7da7b577970650e/data/2432_Osb0eI7mNo5a7Bl8CC8R9A_49.95026005_-98.29341157.jpg,46.1191,78.29,0.011032
1846_lUFnEeNitg-PpyP1d0RJNA_64.86188548_11.23966224,/home/alex/Desktop/school/comp-vis/dataset/datasets--everettshen--StreetView360AtoZ/snapshots/f0b9ffb20c4dc68d4422db97b7da7b577970650e/data/1846_lUFnEeNitg-PpyP1d0RJNA_64.86188548_11.23966224.jpg,26.046,385.82,0.018204
1861_OkGkQB6n4qe3obq41YY8lA_54.24943706_-8.87860289,/home/alex/Desktop/school/comp-vis/dataset/datasets--everettshen--StreetView360AtoZ/snapshots/f0b9ffb20c4dc68d4422db97b7da7b577970650e/data/1861_OkGkQB6n4qe3obq41YY8lA_54.24943706_-8.87860289.jpg,38.6029,480.29,0.033081
12_YT9A1gWb2WWGjEeJ6dyw7Q_63.08560040_21.68333694,/home/alex/Desktop/school/comp-vis/dataset/datasets--everettshen--StreetView360AtoZ/snapshots/f0b9ffb20c4dc68d4422db97b7da7b577970650e/data/12_YT9A1gWb2WWGjEeJ6dyw7Q_63.08560040_21.68333694.jpg,28.1649,301.9,0.022522
1254_z4ncD_vQJBfZcC2s0i22cA_45.58318326_25.45023083,/home/alex/Desktop/school/comp-vis/dataset/datasets--everettshen--StreetView360AtoZ/snapshots/f0b9ffb20c4dc68d4422db97b7da7b577970650e/data/1254_z4ncD_vQJBfZcC2s0i22cA_45.58318326_25.45023083.jpg,35.2694,27.52,0.018616
1360_g_Wa6cnBky2KLoR_THK20w_-34.21659464_-57.80231729,/home/alex/Desktop/school/comp-vis/dataset/datasets--everettshen--StreetView360AtoZ/snapshots/f0b9ffb20c4dc68d4422db97b7da7b577970650e/data/1360_g_Wa6cnBky2KLoR_THK20w_-34.21659464_-57.80231729.jpg,71.1253,493.98,0.014404
486_jxGYmhF3zsP64xSHhZ0fWg_27.26400648_74.98878511,/home/alex/Desktop/school/comp-vis/dataset/datasets--everettshen--StreetView360AtoZ/snapshots/f0b9ffb20c4dc68d4422db97b7da7b577970650e/data/486_jxGYmhF3zsP64xSHhZ0fWg_27.26400648_74.98878511.jpg,44.7921,197.94,0.105209
64_xASNJ87BdsKHty3z21_4wQ_-22.55459040_-43.05236462,/home/alex/Desktop/school/comp-vis/dataset/datasets--everettshen--StreetView360AtoZ/snapshots/f0b9ffb20c4dc68d4422db97b7da7b577970650e/data/64_xASNJ87BdsKHty3z21_4wQ_-22.55459040_-43.05236462.jpg,64.515,437.42,0.014893
1375_6gu7A5SddvSDTRwCgROU3Q_53.71029234_-1.27912877,/home/alex/Desktop/school/comp-vis/dataset/datasets--everettshen--StreetView360AtoZ/snapshots/f0b9ffb20c4dc68d4422db97b7da7b577970650e/data/1375_6gu7A5SddvSDTRwCgROU3Q_53.71029234_-1.27912877.jpg,67.255,200.86,0.284088
732_dvZ1CKUXTUzdS3hKsscr7g_22.28020590_114.16339589,/home/alex/Desktop/school/comp-vis/dataset/datasets--everettshen--StreetView360AtoZ/snapshots/f0b9ffb20c4dc68d4422db97b7da7b577970650e/data/732_dvZ1CKUXTUzdS3hKsscr7g_22.28020590_114.16339589.jpg,70.3767,337.86,0.163925
98_UXG_kW-oFqAUneV3iITplg_43.21118002_-8.05264989,/home/alex/Desktop/school/comp-vis/dataset/datasets--everettshen--StreetView360AtoZ/snapshots/f0b9ffb20c4dc68d4422db97b7da7b577970650e/data/98_UXG_kW-oFqAUneV3iITplg_43.21118002_-8.05264989.jpg,14.1579,199.85,0.022247
3316_tYlViHOvF2aTr7eG9x5ADg_41.58806450_-88.92244328,/home/alex/Desktop/school/comp-vis/dataset/datasets--everettshen--StreetView360AtoZ/snapshots/f0b9ffb20c4dc68d4422db97b7da7b577970650e/data/3316_tYlViHOvF2aTr7eG9x5ADg_41.58806450_-88.92244328.jpg,31.9927,256.74,0.037979
938_6_lljxM5rMf5wcvyp0c8Zw_42.86496837_-7.44412813,/home/alex/Desktop/school/comp-vis/dataset/datasets--everettshen--StreetView360AtoZ/snapshots/f0b9ffb20c4dc68d4422db97b7da7b577970650e/data/938_6_lljxM5rMf5wcvyp0c8Zw_42.86496837_-7.44412813.jpg,59.9674,117.84,0.022156
194_nLLNP5dm4xb7GbATthswPg_60.58726437_4.83874734,/home/alex/Desktop/school/comp-vis/dataset/datasets--everettshen--StreetView360AtoZ/snapshots/f0b9ffb20c4dc68d4422db97b7da7b577970650e/data/194_nLLNP5dm4xb7GbATthswPg_60.58726437_4.83874734.jpg,12.4922,65.83,0.013077
393_2nSNZN414ObNicf9--a1eA_40.68275072_29.53207517,/home/alex/Desktop/school/comp-vis/dataset/datasets--everettshen--StreetView360AtoZ/snapshots/f0b9ffb20c4dc68d4422db97b7da7b577970650e/data/393_2nSNZN414ObNicf9--a1eA_40.68275072_29.53207517.jpg,55.6001,442.26,0.035202
1835_s6HlIUhDpIfOq4f-Kt_aAw_51.06721616_5.41703936,/home/alex/Desktop/school/comp-vis/dataset/datasets--everettshen--StreetView360AtoZ/snapshots/f0b9ffb20c4dc68d4422db97b7da7b577970650e/data/1835_s6HlIUhDpIfOq4f-Kt_aAw_51.06721616_5.41703936.jpg,56.8185,155.06,0.043671
2831_HlbePUVmUTheTDI0U-mRsg_-46.36456137_168.35627124,/home/alex/Desktop/school/comp-vis/dataset/datasets--everettshen--StreetView360AtoZ/snapshots/f0b9ffb20c4dc68d4422db97b7da7b577970650e/data/2831_HlbePUVmUTheTDI0U-mRsg_-46.36456137_168.35627124.jpg,33.6294,474.9,0.060303
358_NmCs0bzYqzhvRNxob-2s9g_39.27735366_-111.63245002,/home/alex/Desktop/school/comp-vis/dataset/datasets--everettshen--StreetView360AtoZ/snapshots/f0b9ffb20c4dc68d4422db97b7da7b577970650e/data/358_NmCs0bzYqzhvRNxob-2s9g_39.27735366_-111.63245002.jpg,31.0156,201.93,0.08519
740_ELZOE1iWo9EucPBu6xpgUQ_28.79905044_-98.49180542,/home/alex/Desktop/school/comp-vis/dataset/datasets--everettshen--StreetView360AtoZ/snapshots/f0b9ffb20c4dc68d4422db97b7da7b577970650e/data/740_ELZOE1iWo9EucPBu6xpgUQ_28.79905044_-98.49180542.jpg,77.086,182.21,0.018036
527_1mQqOLH9D6b-yCinHlgwhw_32.87356037_-95.76610742,/home/alex/Desktop/school/comp-vis/dataset/datasets--everettshen--StreetView360AtoZ/snapshots/f0b9ffb20c4dc68d4422db97b7da7b577970650e/data/527_1mQqOLH9D6b-yCinHlgwhw_32.87356037_-95.76610742.jpg,77.0373,277.89,0.040665
1483_ocSxnTbOF4ZYhQkcwKvuSQ_34.14132998_132.94184609,/home/alex/Desktop/school/comp-vis/dataset/datasets--everettshen--StreetView360AtoZ/snapshots/f0b9ffb20c4dc68d4422db97b7da7b577970650e/data/1483_ocSxnTbOF4ZYhQkcwKvuSQ_34.14132998_132.94184609.jpg,76.8357,427.62,0.01355
1869_JEvnQxxO_GtaUyFhai-FQA_48.19068279_9.97281913,/home/alex/Desktop/school/comp-vis/dataset/datasets--everettshen--StreetView360AtoZ/snapshots/f0b9ffb20c4dc68d4422db97b7da7b577970650e/data/1869_JEvnQxxO_GtaUyFhai-FQA_48.19068279_9.97281913.jpg,36.5112,195.39,0.020477
2986_21zzsOdYRix7F3cE_WzqnA_32.48187531_-100.40860968,/home/alex/Desktop/school/comp-vis/dataset/datasets--everettshen--StreetView360AtoZ/snapshots/f0b9ffb20c4dc68d4422db97b7da7b577970650e/data/2986_21zzsOdYRix7F3cE_WzqnA_32.48187531_-100.40860968.jpg,25.3152,368.05,0.018784
2827_PvOk_FOzSPjvjOVtcXs0eg_-22.11090142_-54.16951677,/home/alex/Desktop/school/comp-vis/dataset/datasets--everettshen--StreetView360AtoZ/snapshots/f0b9ffb20c4dc68d4422db97b7da7b577970650e/data/2827_PvOk_FOzSPjvjOVtcXs0eg_-22.11090142_-54.16951677.jpg,63.4875,490.1,0.013092
1470_flhZes1AMdjRGlSQVUcTfg_60.01637930_10.26330806,/home/alex/Desktop/school/comp-vis/dataset/datasets--everettshen--StreetView360AtoZ/snapshots/f0b9ffb20c4dc68d4422db97b7da7b577970650e/data/1470_flhZes1AMdjRGlSQVUcTfg_60.01637930_10.26330806.jpg,36.6635,273.16,0.037628
2485_u6GNxp1h9jn8HFsU6Hha6A_48.43697997_1.46406914,/home/alex/Desktop/school/comp-vis/dataset/datasets--everettshen--StreetView360AtoZ/snapshots/f0b9ffb20c4dc68d4422db97b7da7b577970650e/data/2485_u6GNxp1h9jn8HFsU6Hha6A_48.43697997_1.46406914.jpg,24.0402,25.21,0.023392
1251_LhDcp9F7Pu3QO8-CcPuPhQ_48.93025081_15.23940459,/home/alex/Desktop/school/comp-vis/dataset/datasets--everettshen--StreetView360AtoZ/snapshots/f0b9ffb20c4dc68d4422db97b7da7b577970650e/data/1251_LhDcp9F7Pu3QO8-CcPuPhQ_48.93025081_15.23940459.jpg,34.7877,500.61,0.012009
2522_2OKn1Ae57BC6SJ_EGTmOWw_38.60564721_-86.10134358,/home/alex/Desktop/school/comp-vis/dataset/datasets--everettshen--StreetView360AtoZ/snapshots/f0b9ffb20c4dc68d4422db97b7da7b577970650e/data/2522_2OKn1Ae57BC6SJ_EGTmOWw_38.60564721_-86.10134358.jpg,53.1713,325.83,0.092606
795_T0RHPYT8wkwCMfpqOeVIAA_47.57199442_-0.48997223,/home/alex/Desktop/school/comp-vis/dataset/datasets--everettshen--StreetView360AtoZ/snapshots/f0b9ffb20c4dc68d4422db97b7da7b577970650e/data/795_T0RHPYT8wkwCMfpqOeVIAA_47.57199442_-0.48997223.jpg,31.2578,203.0,0.030792
1504_L9w1dqQexWvheFY3TCpg_g_60.70611094_8.47869576,/home/alex/Desktop/school/comp-vis/dataset/datasets--everettshen--StreetView360AtoZ/snapshots/f0b9ffb20c4dc68d4422db97b7da7b577970650e/data/1504_L9w1dqQexWvheFY3TCpg_g_60.70611094_8.47869576.jpg,17.7636,213.9,0.021545
461_0pozRwBo3A_Zudi-qyscmA_47.94000901_4.25439709,/home/alex/Desktop/school/comp-vis/dataset/datasets--everettshen--StreetView360AtoZ/snapshots/f0b9ffb20c4dc68d4422db97b7da7b577970650e/data/461_0pozRwBo3A_Zudi-qyscmA_47.94000901_4.25439709.jpg,84.8117,387.44,0.038559
1265_6vBn8u_UiSEeC8XyhvEEpA_43.17005987_-88.15944606,/home/alex/Desktop/school/comp-vis/dataset/datasets--everettshen--StreetView360AtoZ/snapshots/f0b9ffb20c4dc68d4422db97b7da7b577970650e/data/1265_6vBn8u_UiSEeC8XyhvEEpA_43.17005987_-88.15944606.jpg,80.2159,256.73,0.221634
2736_Ngi8wU_wztIqLHE9N24mNA_61.01599570_69.03814567,/home/alex/Desktop/school/comp-vis/dataset/datasets--everettshen--StreetView360AtoZ/snapshots/f0b9ffb20c4dc68d4422db97b7da7b577970650e/data/2736_Ngi8wU_wztIqLHE9N24mNA_61.01599570_69.03814567.jpg,24.5746,216.71,0.02034
998_hxGtxmo4tgS15fmd40eL8Q_45.98823952_27.21573487,/home/alex/Desktop/school/comp-vis/dataset/datasets--everettshen--StreetView360AtoZ/snapshots/f0b9ffb20c4dc68d4422db97b7da7b577970650e/data/998_hxGtxmo4tgS15fmd40eL8Q_45.98823952_27.21573487.jpg,61.9707,36.47,0.018143
712_cSjLQa_ljKeUhR9ufZoQpg_46.67389472_-118.32346991,/home/alex/Desktop/school/comp-vis/dataset/datasets--everettshen--StreetView360AtoZ/snapshots/f0b9ffb20c4dc68d4422db97b7da7b577970650e/data/712_cSjLQa_ljKeUhR9ufZoQpg_46.67389472_-118.32346991.jpg,35.5064,281.73,0.031342
1236_VaZG4txMGfAnVKZyPW4l0w_-7.94949400_113.45000219,/home/alex/Desktop/school/comp-vis/dataset/datasets--everettshen--StreetView360AtoZ/snapshots/f0b9ffb20c4dc68d4422db97b7da7b577970650e/data/1236_VaZG4txMGfAnVKZyPW4l0w_-7.94949400_113.45000219.jpg,79.8822,337.68,0.101471
483_il3eXU7V_weQ40Nt3TwPpw_52.49059756_-0.71181860,/home/alex/Desktop/school/comp-vis/dataset/datasets--everettshen--StreetView360AtoZ/snapshots/f0b9ffb20c4dc68d4422db97b7da7b577970650e/data/483_il3eXU7V_weQ40Nt3TwPpw_52.49059756_-0.71181860.jpg,23.3185,380.13,0.062119
608_Tz_V87D2ij6V1waduEW3jw_28.23514664_80.86098173,/home/alex/Desktop/school/comp-vis/dataset/datasets--everettshen--StreetView360AtoZ/snapshots/f0b9ffb20c4dc68d4422db97b7da7b577970650e/data/608_Tz_V87D2ij6V1waduEW3jw_28.23514664_80.86098173.jpg,71.2403,293.75,0.277756
2245_pmHBCzi8KbLkqD-7iY1nug_44.43760976_-118.19239081,/home/alex/Desktop/school/comp-vis/dataset/datasets--everettshen--StreetView360AtoZ/snapshots/f0b9ffb20c4dc68d4422db97b7da7b577970650e/data/2245_pmHBCzi8KbLkqD-7iY1nug_44.43760976_-118.19239081.jpg,13.7528,375.63,0.063797
1683_kU4y7aohoaIkI39FMa__aw_47.21643861_12.83387076,/home/alex/Desktop/school/comp-vis/dataset/datasets--everettshen--StreetView360AtoZ/snapshots/f0b9ffb20c4dc68d4422db97b7da7b577970650e/data/1683_kU4y7aohoaIkI39FMa__aw_47.21643861_12.83387076.jpg,19.7404,37.88,0.021866
1574_xUZxAkj65om91cJAc_PKLA_48.19659773_5.08432290,/home/alex/Desktop/school/comp-vis/dataset/datasets--everettshen--StreetView360AtoZ/snapshots/f0b9ffb20c4dc68d4422db97b7da7b577970650e/data/1574_xUZxAkj65om91cJAc_PKLA_48.19659773_5.08432290.jpg,37.406,206.81,0.033463
1449_AZ9qZ2NQIpuXFh9ilj8n_Q_23.99116098_89.84739557,/home/alex/Desktop/school/comp-vis/dataset/datasets--everettshen--StreetView360AtoZ/snapshots/f0b9ffb20c4dc68d4422db97b7da7b577970650e/data/1449_AZ9qZ2NQIpuXFh9ilj8n_Q_23.99116098_89.84739557.jpg,25.7946,303.07,0.039062
31_1Z0IkpoMALjtncbEr3LNZA_44.09675070_-123.72357050,/home/alex/Desktop/school/comp-vis/dataset/datasets--everettshen--StreetView360AtoZ/snapshots/f0b9ffb20c4dc68d4422db97b7da7b577970650e/data/31_1Z0IkpoMALjtncbEr3LNZA_44.09675070_-123.72357050.jpg,32.515,165.23,0.140488
1063_a0rfjifdGYg9EUn1ZmaZzQ_34.29236167_-82.34721808,/home/alex/Desktop/school/comp-vis/dataset/datasets--everettshen--StreetView360AtoZ/snapshots/f0b9ffb20c4dc68d4422db97b7da7b577970650e/data/1063_a0rfjifdGYg9EUn1ZmaZzQ_34.29236167_-82.34721808.jpg,36.4785,148.78,0.06897
357_q3DtzfIKxp8tEKTDZs_Rdw_54.16987996_-6.75023378,/home/alex/Desktop/school/comp-vis/dataset/datasets--everettshen--StreetView360AtoZ/snapshots/f0b9ffb20c4dc68d4422db97b7da7b577970650e/data/357_q3DtzfIKxp8tEKTDZs_Rdw_54.16987996_-6.75023378.jpg,60.8898,323.26,0.067627
465_TYlm7nd5X4pHf1akKwUpIQ_45.52612414_-122.41097657,/home/alex/Desktop/school/comp-vis/dataset/datasets--everettshen--StreetView360AtoZ/snapshots/f0b9ffb20c4dc68d4422db97b7da7b577970650e/data/465_TYlm7nd5X4pHf1akKwUpIQ_45.52612414_-122.41097657.jpg,60.1196,322.92,0.025833
90_hf0kNbZ1JyywAnEL2K3FoA_22.81725301_91.18356656,/home/alex/Desktop/school/comp-vis/dataset/datasets--everettshen--StreetView360AtoZ/snapshots/f0b9ffb20c4dc68d4422db97b7da7b577970650e/data/90_hf0kNbZ1JyywAnEL2K3FoA_22.81725301_91.18356656.jpg,29.4032,135.17,0.014999
2643_6PDmt1HFL_GYGkuw2zontg_48.96688087_-119.64166952,/home/alex/Desktop/school/comp-vis/dataset/datasets--everettshen--StreetView360AtoZ/snapshots/f0b9ffb20c4dc68d4422db97b7da7b577970650e/data/2643_6PDmt1HFL_GYGkuw2zontg_48.96688087_-119.64166952.jpg,29.1123,92.59,0.063431
2413_dwxOAiMvZ6V3w0BbJxpPSA_33.40266521_-89.83090600,/home/alex/Desktop/school/comp-vis/dataset/datasets--everettshen--StreetView360AtoZ/snapshots/f0b9ffb20c4dc68d4422db97b7da7b577970650e/data/2413_dwxOAiMvZ6V3w0BbJxpPSA_33.40266521_-89.83090600.jpg,55.4454,25.83,0.029938
189_l-zCSj98QVRNx_exv3d1Bw_34.87470475_-98.22129310,/home/alex/Desktop/school/comp-vis/dataset/datasets--everettshen--StreetView360AtoZ/snapshots/f0b9ffb20c4dc68d4422db97b7da7b577970650e/data/189_l-zCSj98QVRNx_exv3d1Bw_34.87470475_-98.22129310.jpg,5.3729,230.19,0.025543
2397_Bbh3MBnUnEburVDEfjA42w_23.71104468_121.41902012,/home/alex/Desktop/school/comp-vis/dataset/datasets--everettshen--StreetView360AtoZ/snapshots/f0b9ffb20c4dc68d4422db97b7da7b577970650e/data/2397_Bbh3MBnUnEburVDEfjA42w_23.71104468_121.41902012.jpg,73.0425,235.78,0.106598
1166_WmS1xe0gyMhet6JiPukdrA_43.16635044_13.07928965,/home/alex/Desktop/school/comp-vis/dataset/datasets--everettshen--StreetView360AtoZ/snapshots/f0b9ffb20c4dc68d4422db97b7da7b577970650e/data/1166_WmS1xe0gyMhet6JiPukdrA_43.16635044_13.07928965.jpg,31.257,214.1,0.18222
1315_MjsVseo9dlZzqnIuViBXqA_-29.98973972_-52.37796223,/home/alex/Desktop/school/comp-vis/dataset/datasets--everettshen--StreetView360AtoZ/snapshots/f0b9ffb20c4dc68d4422db97b7da7b577970650e/data/1315_MjsVseo9dlZzqnIuViBXqA_-29.98973972_-52.37796223.jpg,25.0206,217.08,0.013428
3313_TjCKrhoGSKPKhvjybpAfdA_36.95522843_138.44826883,/home/alex/Desktop/school/comp-vis/dataset/datasets--everettshen--StreetView360AtoZ/snapshots/f0b9ffb20c4dc68d4422db97b7da7b577970650e/data/3313_TjCKrhoGSKPKhvjybpAfdA_36.95522843_138.44826883.jpg,62.0024,285.43,0.010147
1530_ka6-ASHCC6mnxhffZO7zCw_60.45591152_25.06013888,/home/alex/Desktop/school/comp-vis/dataset/datasets--everettshen--StreetView360AtoZ/snapshots/f0b9ffb20c4dc68d4422db97b7da7b577970650e/data/1530_ka6-ASHCC6mnxhffZO7zCw_60.45591152_25.06013888.jpg,32.3148,46.85,0.086761
2711_VnTVmTmHhH_NLiT0OpnJXw_60.87298632_22.98849727,/home/alex/Desktop/school/comp-vis/dataset/datasets--everettshen--StreetView360AtoZ/snapshots/f0b9ffb20c4dc68d4422db97b7da7b577970650e/data/2711_VnTVmTmHhH_NLiT0OpnJXw_60.87298632_22.98849727.jpg,43.5039,311.53,0.080582
1344_gcDpvBKvo5UPt2GBm0hNQQ_32.19327730_-91.81636862,/home/alex/Desktop/school/comp-vis/dataset/datasets--everettshen--StreetView360AtoZ/snapshots/f0b9ffb20c4dc68d4422db97b7da7b577970650e/data/1344_gcDpvBKvo5UPt2GBm0hNQQ_32.19327730_-91.81636862.jpg,81.8986,286.7,0.155823
2539_6hlm5ADFkfJ5tQenb4JlWA_0.24797325_99.59860064,/home/alex/Desktop/school/comp-vis/dataset/datasets--everettshen--StreetView360AtoZ/snapshots/f0b9ffb20c4dc68d4422db97b7da7b577970650e/data/2539_6hlm5ADFkfJ5tQenb4JlWA_0.24797325_99.59860064.jpg,56.717,58.11,0.063034
1626_Fb5j4mYNayWK4aezThmiXw_-26.18168007_28.19992899,/home/alex/Desktop/school/comp-vis/dataset/datasets--everettshen--StreetView360AtoZ/snapshots/f0b9ffb20c4dc68d4422db97b7da7b577970650e/data/1626_Fb5j4mYNayWK4aezThmiXw_-26.18168007_28.19992899.jpg,63.5957,216.62,0.025146
1245_uh87HkKxi1_68PQ0ClLTTA_47.42256517_4.67250769,/home/alex/Desktop/school/comp-vis/dataset/datasets--everettshen--StreetView360AtoZ/snapshots/f0b9ffb20c4dc68d4422db97b7da7b577970650e/data/1245_uh87HkKxi1_68PQ0ClLTTA_47.42256517_4.67250769.jpg,66.9268,64.68,0.021484
1081_Rgr8Sd-iaed23d-BJJHfcg_48.10688254_-97.06329564,/home/alex/Desktop/school/comp-vis/dataset/datasets--everettshen--StreetView360AtoZ/snapshots/f0b9ffb20c4dc68d4422db97b7da7b577970650e/data/1081_Rgr8Sd-iaed23d-BJJHfcg_48.10688254_-97.06329564.jpg,83.4404,81.86,0.053604
2835_MwdIxk5pD1pGcxeEolwjsg_48.91147871_-101.01789218,/home/alex/Desktop/school/comp-vis/dataset/datasets--everettshen--StreetView360AtoZ/snapshots/f0b9ffb20c4dc68d4422db97b7da7b577970650e/data/2835_MwdIxk5pD1pGcxeEolwjsg_48.91147871_-101.01789218.jpg,49.5769,295.81,0.020111
371_bOvYD5DuPThYnnkPpJEWgw_41.92420982_13.42431300,/home/alex/Desktop/school/comp-vis/dataset/datasets--everettshen--StreetView360AtoZ/snapshots/f0b9ffb20c4dc68d4422db97b7da7b577970650e/data/371_bOvYD5DuPThYnnkPpJEWgw_41.92420982_13.42431300.jpg,41.722,78.72,0.127457
686_tAax0nZIBFzRA7OdiSqNQw_56.56957520_27.38333981,/home/alex/Desktop/school/comp-vis/dataset/datasets--everettshen--StreetView360AtoZ/snapshots/f0b9ffb20c4dc68d4422db97b7da7b577970650e/data/686_tAax0nZIBFzRA7OdiSqNQw_56.56957520_27.38333981.jpg,25.1325,254.9,0.03775
414_ZSFH30Z2r36BjntABP7EzA_38.09829534_-85.39544509,/home/alex/Desktop/school/comp-vis/dataset/datasets--everettshen--StreetView360AtoZ/snapshots/f0b9ffb20c4dc68d4422db97b7da7b577970650e/data/414_ZSFH30Z2r36BjntABP7EzA_38.09829534_-85.39544509.jpg,71.2757,425.43,0.063553
3044_6Ub2NCPQvEae5xWZNpv36g_44.87134535_1.80392266,/home/alex/Desktop/school/comp-vis/dataset/datasets--everettshen--StreetView360AtoZ/snapshots/f0b9ffb20c4dc68d4422db97b7da7b577970650e/data/3044_6Ub2NCPQvEae5xWZNpv36g_44.87134535_1.80392266.jpg,42.8053,435.53,0.045151
448_w1SJV4F1O6-BieTN0Md2Fg_-3.60964712_39.85051869,/home/alex/Desktop/school/comp-vis/dataset/datasets--everettshen--StreetView360AtoZ/snapshots/f0b9ffb20c4dc68d4422db97b7da7b577970650e/data/448_w1SJV4F1O6-BieTN0Md2Fg_-3.60964712_39.85051869.jpg,72.3549,17.24,0.014465
2754_G6Gw0s0dV0cvopYTzZj84Q_50.80758904_13.07194631,/home/alex/Desktop/school/comp-vis/dataset/datasets--everettshen--StreetView360AtoZ/snapshots/f0b9ffb20c4dc68d4422db97b7da7b577970650e/data/2754_G6Gw0s0dV0cvopYTzZj84Q_50.80758904_13.07194631.jpg,46.4816,103.74,0.066971
531_siTahmEBRwB0Grs_D210ng_45.63128136_5.57101479,/home/alex/Desktop/school/comp-vis/dataset/datasets--everettshen--StreetView360AtoZ/snapshots/f0b9ffb20c4dc68d4422db97b7da7b577970650e/data/531_siTahmEBRwB0Grs_D210ng_45.63128136_5.57101479.jpg,25.4416,244.58,0.040131
1719_T5G1-PJ9yI5VOWMCwenj_w_45.53074511_11.29550518,/home/alex/Desktop/school/comp-vis/dataset/datasets--everettshen--StreetView360AtoZ/snapshots/f0b9ffb20c4dc68d4422db97b7da7b577970650e/data/1719_T5G1-PJ9yI5VOWMCwenj_w_45.53074511_11.29550518.jpg,22.1624,275.0,0.024918
914_8JolQhKmyjouCbLe8VBmKQ_59.27252539_18.28444700,/home/alex/Desktop/school/comp-vis/dataset/datasets--everettshen--StreetView360AtoZ/snapshots/f0b9ffb20c4dc68d4422db97b7da7b577970650e/data/914_8JolQhKmyjouCbLe8VBmKQ_59.27252539_18.28444700.jpg,39.5455,249.93,0.048096
558_suu68Z-X25p3wQGk80rk7A_45.19300116_5.73162074,/home/alex/Desktop/school/comp-vis/dataset/datasets--everettshen--StreetView360AtoZ/snapshots/f0b9ffb20c4dc68d4422db97b7da7b577970650e/data/558_suu68Z-X25p3wQGk80rk7A_45.19300116_5.73162074.jpg,41.6569,402.99,0.033386
925_nFKYTUPntmm_pOvW2fdxAw_33.53004912_-80.57156984,/home/alex/Desktop/school/comp-vis/dataset/datasets--everettshen--StreetView360AtoZ/snapshots/f0b9ffb20c4dc68d4422db97b7da7b577970650e/data/925_nFKYTUPntmm_pOvW2fdxAw_33.53004912_-80.57156984.jpg,21.718,255.48,0.055542
2972_GgUhGDYIttx9eHja0skAvQ_40.61740684_9.74621654,/home/alex/Desktop/school/comp-vis/dataset/datasets--everettshen--StreetView360AtoZ/snapshots/f0b9ffb20c4dc68d4422db97b7da7b577970650e/data/2972_GgUhGDYIttx9eHja0skAvQ_40.61740684_9.74621654.jpg,14.3238,171.67,0.019241
1364_-NF2VLntl4gNlXbg_8kFcw_41.24228084_-96.66018645,/home/alex/Desktop/school/comp-vis/dataset/datasets--everettshen--StreetView360AtoZ/snapshots/f0b9ffb20c4dc68d4422db97b7da7b577970650e/data/1364_-NF2VLntl4gNlXbg_8kFcw_41.24228084_-96.66018645.jpg,21.5398,388.45,0.054092
1980_CY6nqMg7bPxNKrYR_uITrw_42.11928085_-72.25777366,/home/alex/Desktop/school/comp-vis/dataset/datasets--everettshen--StreetView360AtoZ/snapshots/f0b9ffb20c4dc68d4422db97b7da7b577970650e/data/1980_CY6nqMg7bPxNKrYR_uITrw_42.11928085_-72.25777366.jpg,29.4315,25.03,0.024399
119_KnQE4821WEyEDbZur9Dlcw_34.62390041_-78.60970564,/home/alex/Desktop/school/comp-vis/dataset/datasets--everettshen--StreetView360AtoZ/snapshots/f0b9ffb20c4dc68d4422db97b7da7b577970650e/data/119_KnQE4821WEyEDbZur9Dlcw_34.62390041_-78.60970564.jpg,36.0658,446.32,0.043533
1300_w1SJV4F1O6-BieTN0Md2Fg_-3.60964712_39.85051869,/home/alex/Desktop/school/comp-vis/dataset/datasets--everettshen--StreetView360AtoZ/snapshots/f0b9ffb20c4dc68d4422db97b7da7b577970650e/data/1300_w1SJV4F1O6-BieTN0Md2Fg_-3.60964712_39.85051869.jpg,72.3549,17.24,0.014465
983_GxBw_o_xqxIw1zQfMmtaJQ_38.05119066_21.92234262,/home/alex/Desktop/school/comp-vis/dataset/datasets--everettshen--StreetView360AtoZ/snapshots/f0b9ffb20c4dc68d4422db97b7da7b577970650e/data/983_GxBw_o_xqxIw1zQfMmtaJQ_38.05119066_21.92234262.jpg,47.6959,433.17,0.020477
2425_W_feKuEPNYw7z3tSc_Ko8g_41.58576218_1.58049600,/home/alex/Desktop/school/comp-vis/dataset/datasets--everettshen--StreetView360AtoZ/snapshots/f0b9ffb20c4dc68d4422db97b7da7b577970650e/data/2425_W_feKuEPNYw7z3tSc_Ko8g_41.58576218_1.58049600.jpg,17.9566,45.26,0.022537
1540_lJxZrUkt0LWx-L7fJtFM7w_16.51613549_104.74378394,/home/alex/Desktop/school/comp-vis/dataset/datasets--everettshen--StreetView360AtoZ/snapshots/f0b9ffb20c4dc68d4422db97b7da7b577970650e/data/1540_lJxZrUkt0LWx-L7fJtFM7w_16.51613549_104.74378394.jpg,74.6248,445.72,0.043274
2549_1Hn6cpywTwhO98tfO3N7bg_40.95868156_-96.74970813,/home/alex/Desktop/school/comp-vis/dataset/datasets--everettshen--StreetView360AtoZ/snapshots/f0b9ffb20c4dc68d4422db97b7da7b577970650e/data/2549_1Hn6cpywTwhO98tfO3N7bg_40.95868156_-96.74970813.jpg,24.4015,38.81,0.05304
1640_edMNAisRacH1ail5zu4fDg_45.49924163_4.98090376,/home/alex/Desktop/school/comp-vis/dataset/datasets--everettshen--StreetView360AtoZ/snapshots/f0b9ffb20c4dc68d4422db97b7da7b577970650e/data/1640_edMNAisRacH1ail5zu4fDg_45.49924163_4.98090376.jpg,78.3979,164.67,0.018692
553_dH_Mm4UjREvlL8CI8Eqg-g_38.15827161_14.89148014,/home/alex/Desktop/school/comp-vis/dataset/datasets--everettshen--StreetView360AtoZ/snapshots/f0b9ffb20c4dc68d4422db97b7da7b577970650e/data/553_dH_Mm4UjREvlL8CI8Eqg-g_38.15827161_14.89148014.jpg,56.3766,38.4,0.036957
705_4eo6oNPh1fYWgAwSh20pug_39.66706055_35.88284619,/home/alex/Desktop/school/comp-vis/dataset/datasets--everettshen--StreetView360AtoZ/snapshots/f0b9ffb20c4dc68d4422db97b7da7b577970650e/data/705_4eo6oNPh1fYWgAwSh20pug_39.66706055_35.88284619.jpg,57.7157,407.12,0.013733
1693_JWG7mmr0XSRdEkC_OCGIpg_29.99334804_-91.05479106,/home/alex/Desktop/school/comp-vis/dataset/datasets--everettshen--StreetView360AtoZ/snapshots/f0b9ffb20c4dc68d4422db97b7da7b577970650e/data/1693_JWG7mmr0XSRdEkC_OCGIpg_29.99334804_-91.05479106.jpg,44.0311,146.36,0.100433
221_D5fPiEp29VUdsVZy3jmxvQ_30.84667321_-93.28693468,/home/alex/Desktop/school/comp-vis/dataset/datasets--everettshen--StreetView360AtoZ/snapshots/f0b9ffb20c4dc68d4422db97b7da7b577970650e/data/221_D5fPiEp29VUdsVZy3jmxvQ_30.84667321_-93.28693468.jpg,40.0921,258.54,0.128174
2682_-blquHn_-72nH1WsxoG6zw_47.87295142_-122.00917022,/home/alex/Desktop/school/comp-vis/dataset/datasets--everettshen--StreetView360AtoZ/snapshots/f0b9ffb20c4dc68d4422db97b7da7b577970650e/data/2682_-blquHn_-72nH1WsxoG6zw_47.87295142_-122.00917022.jpg,39.0558,362.35,0.108704
907_Ps0cAlX0R0tdgWgAIBFDpA_50.80551797_-0.86669890,/home/alex/Desktop/school/comp-vis/dataset/datasets--everettshen--StreetView360AtoZ/snapshots/f0b9ffb20c4dc68d4422db97b7da7b577970650e/data/907_Ps0cAlX0R0tdgWgAIBFDpA_50.80551797_-0.86669890.jpg,64.4949,147.66,0.046387
280_uSiHXsMaiaC7qiXOcpZcJQ_-20.44645840_-45.45017303,/home/alex/Desktop/school/comp-vis/dataset/datasets--everettshen--StreetView360AtoZ/snapshots/f0b9ffb20c4dc68d4422db97b7da7b577970650e/data/280_uSiHXsMaiaC7qiXOcpZcJQ_-20.44645840_-45.45017303.jpg,58.4321,144.43,0.010956
751_GQmflteBDgna85e4-KlOTA_49.13341887_-55.36532148,/home/alex/Desktop/school/comp-vis/dataset/datasets--everettshen--StreetView360AtoZ/snapshots/f0b9ffb20c4dc68d4422db97b7da7b577970650e/data/751_GQmflteBDgna85e4-KlOTA_49.13341887_-55.36532148.jpg,42.4431,247.96,0.01683
158_y9fqMi6zHAtExDJsu-gtzQ_-33.38164852_151.37622079,/home/alex/Desktop/school/comp-vis/dataset/datasets--everettshen--StreetView360AtoZ/snapshots/f0b9ffb20c4dc68d4422db97b7da7b577970650e/data/158_y9fqMi6zHAtExDJsu-gtzQ_-33.38164852_151.37622079.jpg,71.5233,234.3,0.203674
426_ZqcDXUvGcihFRiWEQqD0MA_10.47043894_7.37314059,/home/alex/Desktop/school/comp-vis/dataset/datasets--everettshen--StreetView360AtoZ/snapshots/f0b9ffb20c4dc68d4422db97b7da7b577970650e/data/426_ZqcDXUvGcihFRiWEQqD0MA_10.47043894_7.37314059.jpg,49.9004,185.82,0.093552
64_z2khf9N2rafvp7D1iI4fGw_23.84326036_121.50549555,/home/alex/Desktop/school/comp-vis/dataset/datasets--everettshen--StreetView360AtoZ/snapshots/f0b9ffb20c4dc68d4422db97b7da7b577970650e/data/64_z2khf9N2rafvp7D1iI4fGw_23.84326036_121.50549555.jpg,36.9665,104.37,0.079422
1094_r_KPCjbpT2lX-8OoFhdnwQ_45.41757879_3.28442160,/home/alex/Desktop/school/comp-vis/dataset/datasets--everettshen--StreetView360AtoZ/snapshots/f0b9ffb20c4dc68d4422db97b7da7b577970650e/data/1094_r_KPCjbpT2lX-8OoFhdnwQ_45.41757879_3.28442160.jpg,33.2631,259.15,0.053284
3122__ZjEqadvCuc3WEDgI5zmkQ_50.11227442_-120.79411734,/home/alex/Desktop/school/comp-vis/dataset/datasets--everettshen--StreetView360AtoZ/snapshots/f0b9ffb20c4dc68d4422db97b7da7b577970650e/data/3122__ZjEqadvCuc3WEDgI5zmkQ_50.11227442_-120.79411734.jpg,58.1534,332.43,0.037796
487_Vtsc44x2tJwAZBfb9FT70w_-4.52300734_121.71745184,/home/alex/Desktop/school/comp-vis/dataset/datasets--everettshen--StreetView360AtoZ/snapshots/f0b9ffb20c4dc68d4422db97b7da7b577970650e/data/487_Vtsc44x2tJwAZBfb9FT70w_-4.52300734_121.71745184.jpg,73.2963,279.67,0.046967
1121_7_HREIKqxLyexCmJgB2hxw_12.71641372_77.38228883,/home/alex/Desktop/school/comp-vis/dataset/datasets--everettshen--StreetView360AtoZ/snapshots/f0b9ffb20c4dc68d4422db97b7da7b577970650e/data/1121_7_HREIKqxLyexCmJgB2hxw_12.71641372_77.38228883.jpg,45.3325,164.79,0.154831
407_a8P4uTS3aRzlkt9Aaa7wXA_49.94322875_12.88072434,/home/alex/Desktop/school/comp-vis/dataset/datasets--everettshen--StreetView360AtoZ/snapshots/f0b9ffb20c4dc68d4422db97b7da7b577970650e/data/407_a8P4uTS3aRzlkt9Aaa7wXA_49.94322875_12.88072434.jpg,24.7615,162.39,0.02298
2321_X7-Aw98Kzg-HxVxNjP-s5g_26.51900701_76.80726194,/home/alex/Desktop/school/comp-vis/dataset/datasets--everettshen--StreetView360AtoZ/snapshots/f0b9ffb20c4dc68d4422db97b7da7b577970650e/data/2321_X7-Aw98Kzg-HxVxNjP-s5g_26.51900701_76.80726194.jpg,66.3095,231.61,0.175354
934_CbsHMcw8_ANyh2JwPV-jEA_30.11395545_-107.61626270,/home/alex/Desktop/school/comp-vis/dataset/datasets--everettshen--StreetView360AtoZ/snapshots/f0b9ffb20c4dc68d4422db97b7da7b577970650e/data/934_CbsHMcw8_ANyh2JwPV-jEA_30.11395545_-107.61626270.jpg,44.4473,36.71,0.011154
293_55h-g1VaPlQqMVsHyrukDQ_-27.40591488_-49.22097047,/home/alex/Desktop/school/comp-vis/dataset/datasets--everettshen--StreetView360AtoZ/snapshots/f0b9ffb20c4dc68d4422db97b7da7b577970650e/data/293_55h-g1VaPlQqMVsHyrukDQ_-27.40591488_-49.22097047.jpg,39.0433,386.78,0.011826
2556_-BTy1UkmiIUCIk6AG1pKSQ_31.16541768_-81.37706672,/home/alex/Desktop/school/comp-vis/dataset/datasets--everettshen--StreetView360AtoZ/snapshots/f0b9ffb20c4dc68d4422db97b7da7b577970650e/data/2556_-BTy1UkmiIUCIk6AG1pKSQ_31.16541768_-81.37706672.jpg,37.4679,298.6,0.038651
2515_8izKQnkQ9eWdkIHzAyJQWA_48.72811047_2.97512572,/home/alex/Desktop/school/comp-vis/dataset/datasets--everettshen--StreetView360AtoZ/snapshots/f0b9ffb20c4dc68d4422db97b7da7b577970650e/data/2515_8izKQnkQ9eWdkIHzAyJQWA_48.72811047_2.97512572.jpg,21.7833,457.25,0.017792
816_0Uu1P7QNLJ_cGBi-OJ0YgA_38.20092361_-84.87331142,/home/alex/Desktop/school/comp-vis/dataset/datasets--everettshen--StreetView360AtoZ/snapshots/f0b9ffb20c4dc68d4422db97b7da7b577970650e/data/816_0Uu1P7QNLJ_cGBi-OJ0YgA_38.20092361_-84.87331142.jpg,62.8799,393.93,0.091125
530_fy0L3ERUUl1k4c6EiLyK-w_-20.98287012_-55.13349109,/home/alex/Desktop/school/comp-vis/dataset/datasets--everettshen--StreetView360AtoZ/snapshots/f0b9ffb20c4dc68d4422db97b7da7b577970650e/data/530_fy0L3ERUUl1k4c6EiLyK-w_-20.98287012_-55.13349109.jpg,17.3805,393.78,0.025269
762_Yk8znLuArgD7ICYagdeOmw_54.24937307_16.01471056,/home/alex/Desktop/school/comp-vis/dataset/datasets--everettshen--StreetView360AtoZ/snapshots/f0b9ffb20c4dc68d4422db97b7da7b577970650e/data/762_Yk8znLuArgD7ICYagdeOmw_54.24937307_16.01471056.jpg,15.8973,490.54,0.016098
855_DcCESmBGrZF2i13ksvSFVw_30.31880593_-89.34762616,/home/alex/Desktop/school/comp-vis/dataset/datasets--everettshen--StreetView360AtoZ/snapshots/f0b9ffb20c4dc68d4422db97b7da7b577970650e/data/855_DcCESmBGrZF2i13ksvSFVw_30.31880593_-89.34762616.jpg,50.5687,79.0,0.05014
2103_bhHMwxQQ8cQqEZWI2mTKNg_15.83626468_74.50409843,/home/alex/Desktop/school/comp-vis/dataset/datasets--everettshen--StreetView360AtoZ/snapshots/f0b9ffb20c4dc68d4422db97b7da7b577970650e/data/2103_bhHMwxQQ8cQqEZWI2mTKNg_15.83626468_74.50409843.jpg,68.762,245.86,0.414536
3359_ytQl6nB2dzXxuCjT0T0tOQ_39.75985098_-75.29665123,/home/alex/Desktop/school/comp-vis/dataset/datasets--everettshen--StreetView360AtoZ/snapshots/f0b9ffb20c4dc68d4422db97b7da7b577970650e/data/3359_ytQl6nB2dzXxuCjT0T0tOQ_39.75985098_-75.29665123.jpg,72.9127,391.82,0.056488
457_VarU3WBVotmN8eS6_ghT8w_-19.11771897_146.86014308,/home/alex/Desktop/school/comp-vis/dataset/datasets--everettshen--StreetView360AtoZ/snapshots/f0b9ffb20c4dc68d4422db97b7da7b577970650e/data/457_VarU3WBVotmN8eS6_ghT8w_-19.11771897_146.86014308.jpg,34.83,239.56,0.094177
476_16l-e3T4oBBWTpBiGYN51Q_40.62590522_15.26803552,/home/alex/Desktop/school/comp-vis/dataset/datasets--everettshen--StreetView360AtoZ/snapshots/f0b9ffb20c4dc68d4422db97b7da7b577970650e/data/476_16l-e3T4oBBWTpBiGYN51Q_40.62590522_15.26803552.jpg,32.5826,74.34,0.037567
123_uxpCKJg-DCfefXqdOy0Yew_34.64944912_-99.33126990,/home/alex/Desktop/school/comp-vis/dataset/datasets--everettshen--StreetView360AtoZ/snapshots/f0b9ffb20c4dc68d4422db97b7da7b577970650e/data/123_uxpCKJg-DCfefXqdOy0Yew_34.64944912_-99.33126990.jpg,21.687,334.06,0.04306
298_8M7gQ7ah5cz-lPsW6ERZeA_35.25367108_135.97033623,/home/alex/Desktop/school/comp-vis/dataset/datasets--everettshen--StreetView360AtoZ/snapshots/f0b9ffb20c4dc68d4422db97b7da7b577970650e/data/298_8M7gQ7ah5cz-lPsW6ERZeA_35.25367108_135.97033623.jpg,75.1664,89.29,0.063614
1083_gBkj2Qd67-qSR_4CKVMWIw_39.39391086_-96.41358154,/home/alex/Desktop/school/comp-vis/dataset/datasets--everettshen--StreetView360AtoZ/snapshots/f0b9ffb20c4dc68d4422db97b7da7b577970650e/data/1083_gBkj2Qd67-qSR_4CKVMWIw_39.39391086_-96.41358154.jpg,7.596,270.59,0.01857
340_hQoZnELhyq_RRdDSeWkwNQ_43.55273851_-7.11719375,/home/alex/Desktop/school/comp-vis/dataset/datasets--everettshen--StreetView360AtoZ/snapshots/f0b9ffb20c4dc68d4422db97b7da7b577970650e/data/340_hQoZnELhyq_RRdDSeWkwNQ_43.55273851_-7.11719375.jpg,63.2239,479.07,0.051407
211_8hhF6bWojD86UrNW14mCUA_55.24963258_9.48765825,/home/alex/Desktop/school/comp-vis/dataset/datasets--everettshen--StreetView360AtoZ/snapshots/f0b9ffb20c4dc68d4422db97b7da7b577970650e/data/211_8hhF6bWojD86UrNW14mCUA_55.24963258_9.48765825.jpg,35.9685,303.27,0.016785
1701_Ts0Jek3w40U9p2nsTinc3g_-38.63336202_177.83270537,/home/alex/Desktop/school/comp-vis/dataset/datasets--everettshen--StreetView360AtoZ/snapshots/f0b9ffb20c4dc68d4422db97b7da7b577970650e/data/1701_Ts0Jek3w40U9p2nsTinc3g_-38.63336202_177.83270537.jpg,14.083,34.23,0.029419
647_31YJwY3R8Gh4Q2JKsQcqmQ_49.79038954_10.02475673,/home/alex/Desktop/school/comp-vis/dataset/datasets--everettshen--StreetView360AtoZ/snapshots/f0b9ffb20c4dc68d4422db97b7da7b577970650e/data/647_31YJwY3R8Gh4Q2JKsQcqmQ_49.79038954_10.02475673.jpg,82.9341,36.9,0.011978
3000_5Zh8d7ExN7K-n7lAjADT0w_-23.00592399_-49.31931988,/home/alex/Desktop/school/comp-vis/dataset/datasets--everettshen--StreetView360AtoZ/snapshots/f0b9ffb20c4dc68d4422db97b7da7b577970650e/data/3000_5Zh8d7ExN7K-n7lAjADT0w_-23.00592399_-49.31931988.jpg,19.3266,85.8,0.039215
1320_oQY00TsZ0vslefTot3KDIw_-37.53160072_174.90241123,/home/alex/Desktop/school/comp-vis/dataset/datasets--everettshen--StreetView360AtoZ/snapshots/f0b9ffb20c4dc68d4422db97b7da7b577970650e/data/1320_oQY00TsZ0vslefTot3KDIw_-37.53160072_174.90241123.jpg,45.4654,192.02,0.079086
697_s6HlIUhDpIfOq4f-Kt_aAw_51.06721616_5.41703936,/home/alex/Desktop/school/comp-vis/dataset/datasets--everettshen--StreetView360AtoZ/snapshots/f0b9ffb20c4dc68d4422db97b7da7b577970650e/data/697_s6HlIUhDpIfOq4f-Kt_aAw_51.06721616_5.41703936.jpg,56.8185,155.06,0.043671
263_WT2VudMpuij28HGCQRBB0w_53.27626216_-6.28191975,/home/alex/Desktop/school/comp-vis/dataset/datasets--everettshen--StreetView360AtoZ/snapshots/f0b9ffb20c4dc68d4422db97b7da7b577970650e/data/263_WT2VudMpuij28HGCQRBB0w_53.27626216_-6.28191975.jpg,63.8141,151.41,0.04216
1384_LkApwbvOZ_gZWJUQKFig_w_24.52173462_120.71799295,/home/alex/Desktop/school/comp-vis/dataset/datasets--everettshen--StreetView360AtoZ/snapshots/f0b9ffb20c4dc68d4422db97b7da7b577970650e/data/1384_LkApwbvOZ_gZWJUQKFig_w_24.52173462_120.71799295.jpg,67.4924,41.6,0.06604
615_ay6OwaVIDOH16vsBGyL34w_22.31872435_-103.47187728,/home/alex/Desktop/school/comp-vis/dataset/datasets--everettshen--StreetView360AtoZ/snapshots/f0b9ffb20c4dc68d4422db97b7da7b577970650e/data/615_ay6OwaVIDOH16vsBGyL34w_22.31872435_-103.47187728.jpg,79.6513,364.74,0.102005
1819_VBN4W-nksuBQaBmF15aCcA_52.29477254_45.38738020,/home/alex/Desktop/school/comp-vis/dataset/datasets--everettshen--StreetView360AtoZ/snapshots/f0b9ffb20c4dc68d4422db97b7da7b577970650e/data/1819_VBN4W-nksuBQaBmF15aCcA_52.29477254_45.38738020.jpg,56.7183,104.06,0.02861
2795_bbthAb80273g2BZQ4txmXw_67.43903272_-134.88468737,/home/alex/Desktop/school/comp-vis/dataset/datasets--everettshen--StreetView360AtoZ/snapshots/f0b9ffb20c4dc68d4422db97b7da7b577970650e/data/2795_bbthAb80273g2BZQ4txmXw_67.43903272_-134.88468737.jpg,45.5876,461.7,0.047348
2270_j3yjtbQZp7IyV7p03LrBdg_-10.43805713_-39.33323157,/home/alex/Desktop/school/comp-vis/dataset/datasets--everettshen--StreetView360AtoZ/snapshots/f0b9ffb20c4dc68d4422db97b7da7b577970650e/data/2270_j3yjtbQZp7IyV7p03LrBdg_-10.43805713_-39.33323157.jpg,33.9033,33.18,0.011765
645_i9150zEDdcV3RF31shnmXQ_38.07673225_23.82089892,/home/alex/Desktop/school/comp-vis/dataset/datasets--everettshen--StreetView360AtoZ/snapshots/f0b9ffb20c4dc68d4422db97b7da7b577970650e/data/645_i9150zEDdcV3RF31shnmXQ_38.07673225_23.82089892.jpg,39.2341,183.4,0.045288
179_GNHoM5qnEGO5Uldrot-NwQ_10.54728805_78.46543156,/home/alex/Desktop/school/comp-vis/dataset/datasets--everettshen--StreetView360AtoZ/snapshots/f0b9ffb20c4dc68d4422db97b7da7b577970650e/data/179_GNHoM5qnEGO5Uldrot-NwQ_10.54728805_78.46543156.jpg,48.995,481.57,0.064056
26_MnTelUM-2wwFrj2NYmtApA_34.12688818_-116.32609224,/home/alex/Desktop/school/comp-vis/dataset/datasets--everettshen--StreetView360AtoZ/snapshots/f0b9ffb20c4dc68d4422db97b7da7b577970650e/data/26_MnTelUM-2wwFrj2NYmtApA_34.12688818_-116.32609224.jpg,42.3595,223.26,0.012009
163_WjSVpW_iWhkWZaRTZfAfSw_51.93643877_108.06495170,/home/alex/Desktop/school/comp-vis/dataset/datasets--everettshen--StreetView360AtoZ/snapshots/f0b9ffb20c4dc68d4422db97b7da7b577970650e/data/163_WjSVpW_iWhkWZaRTZfAfSw_51.93643877_108.06495170.jpg,12.9606,278.33,0.039764
511_glWJlyieylZUE_62Msb_mA_52.37189066_-7.33435911,/home/alex/Desktop/school/comp-vis/dataset/datasets--everettshen--StreetView360AtoZ/snapshots/f0b9ffb20c4dc68d4422db97b7da7b577970650e/data/511_glWJlyieylZUE_62Msb_mA_52.37189066_-7.33435911.jpg,71.7609,374.86,0.089661
796_rUFXrZY_jEslTXjatttefA_67.54965012_30.48233550,/home/alex/Desktop/school/comp-vis/dataset/datasets--everettshen--StreetView360AtoZ/snapshots/f0b9ffb20c4dc68d4422db97b7da7b577970650e/data/796_rUFXrZY_jEslTXjatttefA_67.54965012_30.48233550.jpg,28.018,380.22,0.038269
992_sYzJpf8qIxHzlWcv9Q_Vfg_42.39226782_-75.08538693,/home/alex/Desktop/school/comp-vis/dataset/datasets--everettshen--StreetView360AtoZ/snapshots/f0b9ffb20c4dc68d4422db97b7da7b577970650e/data/992_sYzJpf8qIxHzlWcv9Q_Vfg_42.39226782_-75.08538693.jpg,23.4022,132.75,0.06366
3409_OPYDwn3871KjqEXCKPXTMQ_34.24791525_-80.58308213,/home/alex/Desktop/school/comp-vis/dataset/datasets--everettshen--StreetView360AtoZ/snapshots/f0b9ffb20c4dc68d4422db97b7da7b577970650e/data/3409_OPYDwn3871KjqEXCKPXTMQ_34.24791525_-80.58308213.jpg,30.0719,79.02,0.028992
1300_PEa9aF20ERbtBP7O5uaztA_61.13050432_9.08530749,/home/alex/Desktop/school/comp-vis/dataset/datasets--everettshen--StreetView360AtoZ/snapshots/f0b9ffb20c4dc68d4422db97b7da7b577970650e/data/1300_PEa9aF20ERbtBP7O5uaztA_61.13050432_9.08530749.jpg,21.4825,75.21,0.017929
2486_HLdh247MeKZ7aItf5yq37A_31.36482757_-116.32318087,/home/alex/Desktop/school/comp-vis/dataset/datasets--everettshen--StreetView360AtoZ/snapshots/f0b9ffb20c4dc68d4422db97b7da7b577970650e/data/2486_HLdh247MeKZ7aItf5yq37A_31.36482757_-116.32318087.jpg,38.3613,58.42,0.020401
951_gvMnLwS7idgl5_EcCoZ-zg_-11.52912719_-40.32002589,/home/alex/Desktop/school/comp-vis/dataset/datasets--everettshen--StreetView360AtoZ/snapshots/f0b9ffb20c4dc68d4422db97b7da7b577970650e/data/951_gvMnLwS7idgl5_EcCoZ-zg_-11.52912719_-40.32002589.jpg,28.2704,143.39,0.033478
3362_9TY--wT5-_vDWGXtxOif6g_-33.78253126_-61.21761197,/home/alex/Desktop/school/comp-vis/dataset/datasets--everettshen--StreetView360AtoZ/snapshots/f0b9ffb20c4dc68d4422db97b7da7b577970650e/data/3362_9TY--wT5-_vDWGXtxOif6g_-33.78253126_-61.21761197.jpg,69.4706,278.23,0.068405
2768_Pq84YzT1bejSLu2cztQwVw_44.90787594_-107.16604091,/home/alex/Desktop/school/comp-vis/dataset/datasets--everettshen--StreetView360AtoZ/snapshots/f0b9ffb20c4dc68d4422db97b7da7b577970650e/data/2768_Pq84YzT1bejSLu2cztQwVw_44.90787594_-107.16604091.jpg,42.927,65.36,0.012711
557_Uc7Avyej93dUP8j8WM7AWQ_50.54828889_4.86918575,/home/alex/Desktop/school/comp-vis/dataset/datasets--everettshen--StreetView360AtoZ/snapshots/f0b9ffb20c4dc68d4422db97b7da7b577970650e/data/557_Uc7Avyej93dUP8j8WM7AWQ_50.54828889_4.86918575.jpg,67.6627,136.8,0.025986
54_vTNUOhUNHgniXRhSLv3HbA_41.93290973_25.89972634,/home/alex/Desktop/school/comp-vis/dataset/datasets--everettshen--StreetView360AtoZ/snapshots/f0b9ffb20c4dc68d4422db97b7da7b577970650e/data/54_vTNUOhUNHgniXRhSLv3HbA_41.93290973_25.89972634.jpg,71.1166,414.72,0.034149
1165_eto_p6Ggd3DcJsNQDAuXpA_34.90915770_-110.15652891,/home/alex/Desktop/school/comp-vis/dataset/datasets--everettshen--StreetView360AtoZ/snapshots/f0b9ffb20c4dc68d4422db97b7da7b577970650e/data/1165_eto_p6Ggd3DcJsNQDAuXpA_34.90915770_-110.15652891.jpg,39.1152,442.49,0.022369
600_X7TPlfRli1C8u91Z8e5k4A_20.97420611_82.38349811,/home/alex/Desktop/school/comp-vis/dataset/datasets--everettshen--StreetView360AtoZ/snapshots/f0b9ffb20c4dc68d4422db97b7da7b577970650e/data/600_X7TPlfRli1C8u91Z8e5k4A_20.97420611_82.38349811.jpg,40.3385,217.18,0.11055
720_s5UFM46Og1-BngPAWJ-iwQ_37.38428297_-82.25512017,/home/alex/Desktop/school/comp-vis/dataset/datasets--everettshen--StreetView360AtoZ/snapshots/f0b9ffb20c4dc68d4422db97b7da7b577970650e/data/720_s5UFM46Og1-BngPAWJ-iwQ_37.38428297_-82.25512017.jpg,69.0295,283.18,0.342636
785_U-3Cn7_dOR_rhROsVjuVjA_13.91547735_121.11384572,/home/alex/Desktop/school/comp-vis/dataset/datasets--everettshen--StreetView360AtoZ/snapshots/f0b9ffb20c4dc68d4422db97b7da7b577970650e/data/785_U-3Cn7_dOR_rhROsVjuVjA_13.91547735_121.11384572.jpg,16.3488,214.71,0.012848
3009_ta82bygOUkOkhPQBa40eoA_60.53714361_-150.76588455,/home/alex/Desktop/school/comp-vis/dataset/datasets--everettshen--StreetView360AtoZ/snapshots/f0b9ffb20c4dc68d4422db97b7da7b577970650e/data/3009_ta82bygOUkOkhPQBa40eoA_60.53714361_-150.76588455.jpg,41.7046,360.19,0.016129
1538_dN_SMn8B7A6T8dFsU7vvCQ_48.61345706_12.21881481,/home/alex/Desktop/school/comp-vis/dataset/datasets--everettshen--StreetView360AtoZ/snapshots/f0b9ffb20c4dc68d4422db97b7da7b577970650e/data/1538_dN_SMn8B7A6T8dFsU7vvCQ_48.61345706_12.21881481.jpg,23.4806,273.15,0.037384
951_tFApwucqVHZDLAWrhMyhZw_37.21918545_-3.60515230,/home/alex/Desktop/school/comp-vis/dataset/datasets--everettshen--StreetView360AtoZ/snapshots/f0b9ffb20c4dc68d4422db97b7da7b577970650e/data/951_tFApwucqVHZDLAWrhMyhZw_37.21918545_-3.60515230.jpg,30.1353,271.2,0.049667
526_IySjHCeANiWc7199cDc64Q_31.88852589_-86.19801379,/home/alex/Desktop/school/comp-vis/dataset/datasets--everettshen--StreetView360AtoZ/snapshots/f0b9ffb20c4dc68d4422db97b7da7b577970650e/data/526_IySjHCeANiWc7199cDc64Q_31.88852589_-86.19801379.jpg,80.7271,262.75,0.210754
772_gt8D-YgY7yiRb4ZbaqDeKg_52.23207853_6.93953773,/home/alex/Desktop/school/comp-vis/dataset/datasets--everettshen--StreetView360AtoZ/snapshots/f0b9ffb20c4dc68d4422db97b7da7b577970650e/data/772_gt8D-YgY7yiRb4ZbaqDeKg_52.23207853_6.93953773.jpg,62.1549,334.73,0.025314
1896_KggDWj4NtaqF7DTFXa8mZA_34.01364461_-118.13733957,/home/alex/Desktop/school/comp-vis/dataset/datasets--everettshen--StreetView360AtoZ/snapshots/f0b9ffb20c4dc68d4422db97b7da7b577970650e/data/1896_KggDWj4NtaqF7DTFXa8mZA_34.01364461_-118.13733957.jpg,22.5307,145.84,0.073029
490_uoVBOYAb9VKSNjrZC-5kag_50.37448214_5.12780948,/home/alex/Desktop/school/comp-vis/dataset/datasets--everettshen--StreetView360AtoZ/snapshots/f0b9ffb20c4dc68d4422db97b7da7b577970650e/data/490_uoVBOYAb9VKSNjrZC-5kag_50.37448214_5.12780948.jpg,44.204,314.53,0.024811
411_r_hFtqD7lDkt3sD9cRAkog_34.61146478_-118.27116026,/home/alex/Desktop/school/comp-vis/dataset/datasets--everettshen--StreetView360AtoZ/snapshots/f0b9ffb20c4dc68d4422db97b7da7b577970650e/data/411_r_hFtqD7lDkt3sD9cRAkog_34.61146478_-118.27116026.jpg,18.361,302.57,0.014847
1000_vndrMkPBye9554GhnjixQg_37.86692756_-25.83342649,/home/alex/Desktop/school/comp-vis/dataset/datasets--everettshen--StreetView360AtoZ/snapshots/f0b9ffb20c4dc68d4422db97b7da7b577970650e/data/1000_vndrMkPBye9554GhnjixQg_37.86692756_-25.83342649.jpg,47.9869,227.45,0.034103
925_oSyh_rzqCtPai5cA3UTIZA_-33.83123336_20.05585748,/home/alex/Desktop/school/comp-vis/dataset/datasets--everettshen--StreetView360AtoZ/snapshots/f0b9ffb20c4dc68d4422db97b7da7b577970650e/data/925_oSyh_rzqCtPai5cA3UTIZA_-33.83123336_20.05585748.jpg,46.8803,425.72,0.139252
2019_JdFPRFz5I5l_cC9aVCd9Dg_-18.58137634_-69.49394418,/home/alex/Desktop/school/comp-vis/dataset/datasets--everettshen--StreetView360AtoZ/snapshots/f0b9ffb20c4dc68d4422db97b7da7b577970650e/data/2019_JdFPRFz5I5l_cC9aVCd9Dg_-18.58137634_-69.49394418.jpg,12.5775,221.13,0.017334
57_f4RwCDnz_Ll07D9GbvfLXA_39.30290865_-102.60372967,/home/alex/Desktop/school/comp-vis/dataset/datasets--everettshen--StreetView360AtoZ/snapshots/f0b9ffb20c4dc68d4422db97b7da7b577970650e/data/57_f4RwCDnz_Ll07D9GbvfLXA_39.30290865_-102.60372967.jpg,50.8115,306.0,0.022934
238_vIcHJa7Hqhem6BPMBXCFmA_25.44038136_81.90815293,/home/alex/Desktop/school/comp-vis/dataset/datasets--everettshen--StreetView360AtoZ/snapshots/f0b9ffb20c4dc68d4422db97b7da7b577970650e/data/238_vIcHJa7Hqhem6BPMBXCFmA_25.44038136_81.90815293.jpg,43.9054,443.17,0.103027
3192_n1D-o8LI5YK_0V3_jAWDZw_16.92023996_-99.95807002,/home/alex/Desktop/school/comp-vis/dataset/datasets--everettshen--StreetView360AtoZ/snapshots/f0b9ffb20c4dc68d4422db97b7da7b577970650e/data/3192_n1D-o8LI5YK_0V3_jAWDZw_16.92023996_-99.95807002.jpg,36.8484,88.94,0.056168
600_w1NHjkzUOredQi01sUtZKA_46.62801847_-1.31066875,/home/alex/Desktop/school/comp-vis/dataset/datasets--everettshen--StreetView360AtoZ/snapshots/f0b9ffb20c4dc68d4422db97b7da7b577970650e/data/600_w1NHjkzUOredQi01sUtZKA_46.62801847_-1.31066875.jpg,35.5842,462.74,0.086319
3059_ylQlX6IF_z8cuwLt9TaEfA_52.04910579_109.74983467,/home/alex/Desktop/school/comp-vis/dataset/datasets--everettshen--StreetView360AtoZ/snapshots/f0b9ffb20c4dc68d4422db97b7da7b577970650e/data/3059_ylQlX6IF_z8cuwLt9TaEfA_52.04910579_109.74983467.jpg,67.0635,204.83,0.014664
1721_dS_o8KcttruLa6i_O_KqvQ_-36.50471275_148.83636649,/home/alex/Desktop/school/comp-vis/dataset/datasets--everettshen--StreetView360AtoZ/snapshots/f0b9ffb20c4dc68d4422db97b7da7b577970650e/data/1721_dS_o8KcttruLa6i_O_KqvQ_-36.50471275_148.83636649.jpg,48.4548,205.78,0.085968
3268_npVnPD-E5BMuIntdXtYxIg_-34.76448773_-68.20607296,/home/alex/Desktop/school/comp-vis/dataset/datasets--everettshen--StreetView360AtoZ/snapshots/f0b9ffb20c4dc68d4422db97b7da7b577970650e/data/3268_npVnPD-E5BMuIntdXtYxIg_-34.76448773_-68.20607296.jpg,24.6,450.31,0.049606
1793_TqVqLExEfuDaLs-SkMEYkg_-30.67638702_30.50705149,/home/alex/Desktop/school/comp-vis/dataset/datasets--everettshen--StreetView360AtoZ/snapshots/f0b9ffb20c4dc68d4422db97b7da7b577970650e/data/1793_TqVqLExEfuDaLs-SkMEYkg_-30.67638702_30.50705149.jpg,36.0839,87.62,0.039505
1836_YHwbr5qixYbuksvBRKgnWQ_-7.39599694_111.07495296,/home/alex/Desktop/school/comp-vis/dataset/datasets--everettshen--StreetView360AtoZ/snapshots/f0b9ffb20c4dc68d4422db97b7da7b577970650e/data/1836_YHwbr5qixYbuksvBRKgnWQ_-7.39599694_111.07495296.jpg,54.576,312.51,0.039108
543_w_4lgrmNsFh-PcA34KxYlQ_42.01143986_-82.78142446,/home/alex/Desktop/school/comp-vis/dataset/datasets--everettshen--StreetView360AtoZ/snapshots/f0b9ffb20c4dc68d4422db97b7da7b577970650e/data/543_w_4lgrmNsFh-PcA34KxYlQ_42.01143986_-82.78142446.jpg,24.5695,321.23,0.016632
856_4qPNfgpY5-mUWLoaoNSFNA_55.51913328_9.73926906,/home/alex/Desktop/school/comp-vis/dataset/datasets--everettshen--StreetView360AtoZ/snapshots/f0b9ffb20c4dc68d4422db97b7da7b577970650e/data/856_4qPNfgpY5-mUWLoaoNSFNA_55.51913328_9.73926906.jpg,29.2412,241.67,0.062866
1963_-aDU1oYaTCRFqVPbvYwrtw_38.75043104_21.64755674,/home/alex/Desktop/school/comp-vis/dataset/datasets--everettshen--StreetView360AtoZ/snapshots/f0b9ffb20c4dc68d4422db97b7da7b577970650e/data/1963_-aDU1oYaTCRFqVPbvYwrtw_38.75043104_21.64755674.jpg,44.0056,155.42,0.02301
2053_Dx-sZEk7XwCR2zog-77SBg_53.26609238_-6.16538332,/home/alex/Desktop/school/comp-vis/dataset/datasets--everettshen--StreetView360AtoZ/snapshots/f0b9ffb20c4dc68d4422db97b7da7b577970650e/data/2053_Dx-sZEk7XwCR2zog-77SBg_53.26609238_-6.16538332.jpg,39.7787,427.04,0.060944
1742_Ba7gZUDUhP4LgYoK41aWWQ_21.48089282_74.44924713,/home/alex/Desktop/school/comp-vis/dataset/datasets--everettshen--StreetView360AtoZ/snapshots/f0b9ffb20c4dc68d4422db97b7da7b577970650e/data/1742_Ba7gZUDUhP4LgYoK41aWWQ_21.48089282_74.44924713.jpg,61.0927,234.61,0.059708
58_pLdgE36EnYfmUoRJhJORhg_45.87663848_13.34852666,/home/alex/Desktop/school/comp-vis/dataset/datasets--everettshen--StreetView360AtoZ/snapshots/f0b9ffb20c4dc68d4422db97b7da7b577970650e/data/58_pLdgE36EnYfmUoRJhJORhg_45.87663848_13.34852666.jpg,40.7683,113.79,0.032913
586_KefHVehWkVA7MOpH-Y4dCA_46.45738203_-60.46382819,/home/alex/Desktop/school/comp-vis/dataset/datasets--everettshen--StreetView360AtoZ/snapshots/f0b9ffb20c4dc68d4422db97b7da7b577970650e/data/586_KefHVehWkVA7MOpH-Y4dCA_46.45738203_-60.46382819.jpg,45.2274,474.54,0.019928
501_Rz-naEJSertxL5tnmQPt_g_12.25546686_105.53586284,/home/alex/Desktop/school/comp-vis/dataset/datasets--everettshen--StreetView360AtoZ/snapshots/f0b9ffb20c4dc68d4422db97b7da7b577970650e/data/501_Rz-naEJSertxL5tnmQPt_g_12.25546686_105.53586284.jpg,49.6411,62.97,0.120621
1023_XgIuN9KD6VBUZz3ItKDRzw_48.54252320_7.42720254,/home/alex/Desktop/school/comp-vis/dataset/datasets--everettshen--StreetView360AtoZ/snapshots/f0b9ffb20c4dc68d4422db97b7da7b577970650e/data/1023_XgIuN9KD6VBUZz3ItKDRzw_48.54252320_7.42720254.jpg,76.2775,472.95,0.044678
828_-dbBZnsgix4yWJ02ENuNrw_-36.69993376_143.16655786,/home/alex/Desktop/school/comp-vis/dataset/datasets--everettshen--StreetView360AtoZ/snapshots/f0b9ffb20c4dc68d4422db97b7da7b577970650e/data/828_-dbBZnsgix4yWJ02ENuNrw_-36.69993376_143.16655786.jpg,22.4325,406.49,0.059555
1757_40LD80QrnPGfo8BhkWImhw_-3.05091274_-59.92072953,/home/alex/Desktop/school/comp-vis/dataset/datasets--everettshen--StreetView360AtoZ/snapshots/f0b9ffb20c4dc68d4422db97b7da7b577970650e/data/1757_40LD80QrnPGfo8BhkWImhw_-3.05091274_-59.92072953.jpg,67.597,461.85,0.035828
2371_6W8tiXLsuAtn0n46d4OG2w_45.01045090_0.05080707,/home/alex/Desktop/school/comp-vis/dataset/datasets--everettshen--StreetView360AtoZ/snapshots/f0b9ffb20c4dc68d4422db97b7da7b577970650e/data/2371_6W8tiXLsuAtn0n46d4OG2w_45.01045090_0.05080707.jpg,59.8483,193.18,0.057831
2722_boQZwFVnmR6GhAwvgPeS6w_33.00588660_-93.44125974,/home/alex/Desktop/school/comp-vis/dataset/datasets--everettshen--StreetView360AtoZ/snapshots/f0b9ffb20c4dc68d4422db97b7da7b577970650e/data/2722_boQZwFVnmR6GhAwvgPeS6w_33.00588660_-93.44125974.jpg,29.784,98.81,0.054901
871_-tAD8UOnjButzHOWTgU0kA_-34.69433531_150.59850647,/home/alex/Desktop/school/comp-vis/dataset/datasets--everettshen--StreetView360AtoZ/snapshots/f0b9ffb20c4dc68d4422db97b7da7b577970650e/data/871_-tAD8UOnjButzHOWTgU0kA_-34.69433531_150.59850647.jpg,44.2252,248.39,0.033585
198_owSzj_9zi9I93ghEtPdpXw_-20.47218291_-45.95726008,/home/alex/Desktop/school/comp-vis/dataset/datasets--everettshen--StreetView360AtoZ/snapshots/f0b9ffb20c4dc68d4422db97b7da7b577970650e/data/198_owSzj_9zi9I93ghEtPdpXw_-20.47218291_-45.95726008.jpg,35.7794,312.23,0.029587
1339_23A4TI_ME7V-oRIJjKefjQ_47.38324046_2.88351439,/home/alex/Desktop/school/comp-vis/dataset/datasets--everettshen--StreetView360AtoZ/snapshots/f0b9ffb20c4dc68d4422db97b7da7b577970650e/data/1339_23A4TI_ME7V-oRIJjKefjQ_47.38324046_2.88351439.jpg,32.308,246.32,0.077087
1926_cF7_eYVMjBThGwCn2YqCOA_7.24800293_100.30602689,/home/alex/Desktop/school/comp-vis/dataset/datasets--everettshen--StreetView360AtoZ/snapshots/f0b9ffb20c4dc68d4422db97b7da7b577970650e/data/1926_cF7_eYVMjBThGwCn2YqCOA_7.24800293_100.30602689.jpg,44.984,475.97,0.031433
2967_4HaX0vNfQ3J8KAGhgEoauA_47.69474523_-116.79045138,/home/alex/Desktop/school/comp-vis/dataset/datasets--everettshen--StreetView360AtoZ/snapshots/f0b9ffb20c4dc68d4422db97b7da7b577970650e/data/2967_4HaX0vNfQ3J8KAGhgEoauA_47.69474523_-116.79045138.jpg,47.2261,197.41,0.100601
1005_TYG_n3TjOJclV8nMFJl2Yg_57.26537713_10.95331441,/home/alex/Desktop/school/comp-vis/dataset/datasets--everettshen--StreetView360AtoZ/snapshots/f0b9ffb20c4dc68d4422db97b7da7b577970650e/data/1005_TYG_n3TjOJclV8nMFJl2Yg_57.26537713_10.95331441.jpg,26.188,43.19,0.060333
2735_cm9k0s8C6U0U4cqvRKiqMw_52.74064975_-1.18774530,/home/alex/Desktop/school/comp-vis/dataset/datasets--everettshen--StreetView360AtoZ/snapshots/f0b9ffb20c4dc68d4422db97b7da7b577970650e/data/2735_cm9k0s8C6U0U4cqvRKiqMw_52.74064975_-1.18774530.jpg,15.3656,415.04,0.02832
1542_nXmNizX7wgynb5L575n_qg_48.55809974_-2.06451167,/home/alex/Desktop/school/comp-vis/dataset/datasets--everettshen--StreetView360AtoZ/snapshots/f0b9ffb20c4dc68d4422db97b7da7b577970650e/data/1542_nXmNizX7wgynb5L575n_qg_48.55809974_-2.06451167.jpg,23.2394,48.96,0.01886
677_R_zkioTyhDh2oFqZWT9zog_22.28449440_114.22318349,/home/alex/Desktop/school/comp-vis/dataset/datasets--everettshen--StreetView360AtoZ/snapshots/f0b9ffb20c4dc68d4422db97b7da7b577970650e/data/677_R_zkioTyhDh2oFqZWT9zog_22.28449440_114.22318349.jpg,69.1013,261.35,0.424255
978_O5Agp7QXvW7q8BJsz66JUA_45.91573480_12.21458986,/home/alex/Desktop/school/comp-vis/dataset/datasets--everettshen--StreetView360AtoZ/snapshots/f0b9ffb20c4dc68d4422db97b7da7b577970650e/data/978_O5Agp7QXvW7q8BJsz66JUA_45.91573480_12.21458986.jpg,68.7722,403.47,0.052078
2946_BtsgxWdK0-z6JunVFaiwTw_38.44481163_43.32331853,/home/alex/Desktop/school/comp-vis/dataset/datasets--everettshen--StreetView360AtoZ/snapshots/f0b9ffb20c4dc68d4422db97b7da7b577970650e/data/2946_BtsgxWdK0-z6JunVFaiwTw_38.44481163_43.32331853.jpg,72.2889,495.82,0.011749
1377_ObpT7pPWVqg0k9aEUnQJUA_62.78160940_6.46947171,/home/alex/Desktop/school/comp-vis/dataset/datasets--everettshen--StreetView360AtoZ/snapshots/f0b9ffb20c4dc68d4422db97b7da7b577970650e/data/1377_ObpT7pPWVqg0k9aEUnQJUA_62.78160940_6.46947171.jpg,13.1296,348.37,0.013123
2383_Cx8s-bhMwAAWYz3HecfykA_13.41566434_76.62063199,/home/alex/Desktop/school/comp-vis/dataset/datasets--everettshen--StreetView360AtoZ/snapshots/f0b9ffb20c4dc68d4422db97b7da7b577970650e/data/2383_Cx8s-bhMwAAWYz3HecfykA_13.41566434_76.62063199.jpg,80.4564,77.88,0.035568
414_clcnotNTcCgY-gZ2clWxzw_63.90811931_23.92481466,/home/alex/Desktop/school/comp-vis/dataset/datasets--everettshen--StreetView360AtoZ/snapshots/f0b9ffb20c4dc68d4422db97b7da7b577970650e/data/414_clcnotNTcCgY-gZ2clWxzw_63.90811931_23.92481466.jpg,28.8147,444.42,0.051193
267_T7cYUDDZLwNL0N8zdyZ1VQ_-11.10017090_-48.91957939,/home/alex/Desktop/school/comp-vis/dataset/datasets--everettshen--StreetView360AtoZ/snapshots/f0b9ffb20c4dc68d4422db97b7da7b577970650e/data/267_T7cYUDDZLwNL0N8zdyZ1VQ_-11.10017090_-48.91957939.jpg,36.8053,222.74,0.032089
944_8g2VFvIU7UwvAxDuuJcocA_41.10445740_-84.94379259,/home/alex/Desktop/school/comp-vis/dataset/datasets--everettshen--StreetView360AtoZ/snapshots/f0b9ffb20c4dc68d4422db97b7da7b577970650e/data/944_8g2VFvIU7UwvAxDuuJcocA_41.10445740_-84.94379259.jpg,56.4764,207.45,0.015793
472_Xo6f4M2C0P5uP-0lMRWMgQ_42.87256866_1.56450509,/home/alex/Desktop/school/comp-vis/dataset/datasets--everettshen--StreetView360AtoZ/snapshots/f0b9ffb20c4dc68d4422db97b7da7b577970650e/data/472_Xo6f4M2C0P5uP-0lMRWMgQ_42.87256866_1.56450509.jpg,35.3915,477.23,0.0495
3436_fVAbxnWsv6fMhE4s-zhbBw_10.87132616_124.48967895,/home/alex/Desktop/school/comp-vis/dataset/datasets--everettshen--StreetView360AtoZ/snapshots/f0b9ffb20c4dc68d4422db97b7da7b577970650e/data/3436_fVAbxnWsv6fMhE4s-zhbBw_10.87132616_124.48967895.jpg,72.299,49.97,0.057083
1112_Jyyzqy0IYP7ZMLHYK34zTQ_47.12813806_16.46744888,/home/alex/Desktop/school/comp-vis/dataset/datasets--everettshen--StreetView360AtoZ/snapshots/f0b9ffb20c4dc68d4422db97b7da7b577970650e/data/1112_Jyyzqy0IYP7ZMLHYK34zTQ_47.12813806_16.46744888.jpg,46.8818,23.81,0.03772
1377_g0e0R3BPIyM0jgw7Eknz9Q_-17.35345173_-52.67826615,/home/alex/Desktop/school/comp-vis/dataset/datasets--everettshen--StreetView360AtoZ/snapshots/f0b9ffb20c4dc68d4422db97b7da7b577970650e/data/1377_g0e0R3BPIyM0jgw7Eknz9Q_-17.35345173_-52.67826615.jpg,33.645,254.29,0.026154
1834_WOqtmAaGr9D7VPrVTkmz2Q_48.57537159_5.04556339,/home/alex/Desktop/school/comp-vis/dataset/datasets--everettshen--StreetView360AtoZ/snapshots/f0b9ffb20c4dc68d4422db97b7da7b577970650e/data/1834_WOqtmAaGr9D7VPrVTkmz2Q_48.57537159_5.04556339.jpg,45.2358,38.04,0.027008
2744_JJD7UYVTyIjA5kheD01p8A_-39.50794873_176.88076803,/home/alex/Desktop/school/comp-vis/dataset/datasets--everettshen--StreetView360AtoZ/snapshots/f0b9ffb20c4dc68d4422db97b7da7b577970650e/data/2744_JJD7UYVTyIjA5kheD01p8A_-39.50794873_176.88076803.jpg,40.6074,288.51,0.068527
234_YQX4uImKgeNWcDvXo4-Xhw_17.72351110_75.77344229,/home/alex/Desktop/school/comp-vis/dataset/datasets--everettshen--StreetView360AtoZ/snapshots/f0b9ffb20c4dc68d4422db97b7da7b577970650e/data/234_YQX4uImKgeNWcDvXo4-Xhw_17.72351110_75.77344229.jpg,33.7236,249.74,0.089417
2174_dFTo8l_2rxobU1ujtIy4rg_43.37066165_-121.06406153,/home/alex/Desktop/school/comp-vis/dataset/datasets--everettshen--StreetView360AtoZ/snapshots/f0b9ffb20c4dc68d4422db97b7da7b577970650e/data/2174_dFTo8l_2rxobU1ujtIy4rg_43.37066165_-121.06406153.jpg,65.1199,330.79,0.041275
771_xyGab6XEqZyHXd4ie0Bhlw_42.74493365_2.91935277,/home/alex/Desktop/school/comp-vis/dataset/datasets--everettshen--StreetView360AtoZ/snapshots/f0b9ffb20c4dc68d4422db97b7da7b577970650e/data/771_xyGab6XEqZyHXd4ie0Bhlw_42.74493365_2.91935277.jpg,69.1871,240.69,0.377335
1938_SWRw62jhofVlcs46Cmf-vw_42.89361089_-6.39189966,/home/alex/Desktop/school/comp-vis/dataset/datasets--everettshen--StreetView360AtoZ/snapshots/f0b9ffb20c4dc68d4422db97b7da7b577970650e/data/1938_SWRw62jhofVlcs46Cmf-vw_42.89361089_-6.39189966.jpg,24.1205,38.77,0.014893
2180_CyBLcDny1rl8CSFhFzPaXw_45.99191016_-95.81715734,/home/alex/Desktop/school/comp-vis/dataset/datasets--everettshen--StreetView360AtoZ/snapshots/f0b9ffb20c4dc68d4422db97b7da7b577970650e/data/2180_CyBLcDny1rl8CSFhFzPaXw_45.99191016_-95.81715734.jpg,77.2824,178.62,0.101486
2369_6YaRnPiFc0Evc_XL2quEBw_48.34719674_-100.40713440,/home/alex/Desktop/school/comp-vis/dataset/datasets--everettshen--StreetView360AtoZ/snapshots/f0b9ffb20c4dc68d4422db97b7da7b577970650e/data/2369_6YaRnPiFc0Evc_XL2quEBw_48.34719674_-100.40713440.jpg,31.4438,176.15,0.017059
656_DAD1NHlrZFrkTirMK6pGeQ_-15.22664459_-59.33523551,/home/alex/Desktop/school/comp-vis/dataset/datasets--everettshen--StreetView360AtoZ/snapshots/f0b9ffb20c4dc68d4422db97b7da7b577970650e/data/656_DAD1NHlrZFrkTirMK6pGeQ_-15.22664459_-59.33523551.jpg,53.7462,229.55,0.031967
1212_KzLlbxCMLstxNrxkialRAA_7.02611594_124.16689891,/home/alex/Desktop/school/comp-vis/dataset/datasets--everettshen--StreetView360AtoZ/snapshots/f0b9ffb20c4dc68d4422db97b7da7b577970650e/data/1212_KzLlbxCMLstxNrxkialRAA_7.02611594_124.16689891.jpg,59.2671,157.19,0.090607
1068_3sO0ZQo3sjhc0IY7lKa-EA_33.79530237_-85.26823597,/home/alex/Desktop/school/comp-vis/dataset/datasets--everettshen--StreetView360AtoZ/snapshots/f0b9ffb20c4dc68d4422db97b7da7b577970650e/data/1068_3sO0ZQo3sjhc0IY7lKa-EA_33.79530237_-85.26823597.jpg,20.2588,44.35,0.020004
2998_vgNJrjH0rvB1bj1ATA9-zA_40.99515570_23.48822394,/home/alex/Desktop/school/comp-vis/dataset/datasets--everettshen--StreetView360AtoZ/snapshots/f0b9ffb20c4dc68d4422db97b7da7b577970650e/data/2998_vgNJrjH0rvB1bj1ATA9-zA_40.99515570_23.48822394.jpg,67.9931,309.5,0.014648
2716_iRNwhCSroNshDGBAXsEq8g_42.54532322_13.62594469,/home/alex/Desktop/school/comp-vis/dataset/datasets--everettshen--StreetView360AtoZ/snapshots/f0b9ffb20c4dc68d4422db97b7da7b577970650e/data/2716_iRNwhCSroNshDGBAXsEq8g_42.54532322_13.62594469.jpg,44.9806,128.85,0.015656
3382_eZ0EfmPoBnNPIW4lxm4ndw_17.85564065_73.41802418,/home/alex/Desktop/school/comp-vis/dataset/datasets--everettshen--StreetView360AtoZ/snapshots/f0b9ffb20c4dc68d4422db97b7da7b577970650e/data/3382_eZ0EfmPoBnNPIW4lxm4ndw_17.85564065_73.41802418.jpg,39.0907,139.18,0.094177
1141_5rzlvL-w1NQJ4OJdNOyr4g_43.52383801_4.70809750,/home/alex/Desktop/school/comp-vis/dataset/datasets--everettshen--StreetView360AtoZ/snapshots/f0b9ffb20c4dc68d4422db97b7da7b577970650e/data/1141_5rzlvL-w1NQJ4OJdNOyr4g_43.52383801_4.70809750.jpg,24.6615,448.77,0.017746
2061_ie6TE6lWmifRcwU646vmLg_32.63377779_129.83343329,/home/alex/Desktop/school/comp-vis/dataset/datasets--everettshen--StreetView360AtoZ/snapshots/f0b9ffb20c4dc68d4422db97b7da7b577970650e/data/2061_ie6TE6lWmifRcwU646vmLg_32.63377779_129.83343329.jpg,18.9652,215.93,0.025803
2483_2GFovpUgC__ZvHjOdeHG3g_22.05090167_121.51247973,/home/alex/Desktop/school/comp-vis/dataset/datasets--everettshen--StreetView360AtoZ/snapshots/f0b9ffb20c4dc68d4422db97b7da7b577970650e/data/2483_2GFovpUgC__ZvHjOdeHG3g_22.05090167_121.51247973.jpg,83.8083,209.08,0.110855
2305_VzKzK2aHJLMmZPRSbJKBAg_56.00287571_-4.58383789,/home/alex/Desktop/school/comp-vis/dataset/datasets--everettshen--StreetView360AtoZ/snapshots/f0b9ffb20c4dc68d4422db97b7da7b577970650e/data/2305_VzKzK2aHJLMmZPRSbJKBAg_56.00287571_-4.58383789.jpg,25.553,325.0,0.041809
449_OxzggKWPSbH7Pt0Lflxy7A_41.05373695_0.43850235,/home/alex/Desktop/school/comp-vis/dataset/datasets--everettshen--StreetView360AtoZ/snapshots/f0b9ffb20c4dc68d4422db97b7da7b577970650e/data/449_OxzggKWPSbH7Pt0Lflxy7A_41.05373695_0.43850235.jpg,66.3311,486.54,0.032883
2975_bu_0ZCaioDm8dqKmRcJLQQ_37.57292433_-1.34145582,/home/alex/Desktop/school/comp-vis/dataset/datasets--everettshen--StreetView360AtoZ/snapshots/f0b9ffb20c4dc68d4422db97b7da7b577970650e/data/2975_bu_0ZCaioDm8dqKmRcJLQQ_37.57292433_-1.34145582.jpg,75.968,98.06,0.014053
355_MR3Cngs42qmDzuY3vFcLMg_30.49373283_-90.45786204,/home/alex/Desktop/school/comp-vis/dataset/datasets--everettshen--StreetView360AtoZ/snapshots/f0b9ffb20c4dc68d4422db97b7da7b577970650e/data/355_MR3Cngs42qmDzuY3vFcLMg_30.49373283_-90.45786204.jpg,79.0566,101.96,0.04541
852_Es-dsEBPXhishYHSNgNZew_45.95494182_22.99408579,/home/alex/Desktop/school/comp-vis/dataset/datasets--everettshen--StreetView360AtoZ/snapshots/f0b9ffb20c4dc68d4422db97b7da7b577970650e/data/852_Es-dsEBPXhishYHSNgNZew_45.95494182_22.99408579.jpg,41.4764,61.03,0.027985
160_dbQ3LG30IGjAOGWSBIH8zg_33.34826854_-89.46117982,/home/alex/Desktop/school/comp-vis/dataset/datasets--everettshen--StreetView360AtoZ/snapshots/f0b9ffb20c4dc68d4422db97b7da7b577970650e/data/160_dbQ3LG30IGjAOGWSBIH8zg_33.34826854_-89.46117982.jpg,75.3711,295.35,0.274994
813_v1U0lMefDymJVAEewvX0Ew_49.52690848_8.09611626,/home/alex/Desktop/school/comp-vis/dataset/datasets--everettshen--StreetView360AtoZ/snapshots/f0b9ffb20c4dc68d4422db97b7da7b577970650e/data/813_v1U0lMefDymJVAEewvX0Ew_49.52690848_8.09611626.jpg,13.4188,438.99,0.034592
482_QaoE3HV6d5oDgg5YguwEEg_18.17039689_73.00448043,/home/alex/Desktop/school/comp-vis/dataset/datasets--everettshen--StreetView360AtoZ/snapshots/f0b9ffb20c4dc68d4422db97b7da7b577970650e/data/482_QaoE3HV6d5oDgg5YguwEEg_18.17039689_73.00448043.jpg,52.8651,168.17,0.115646
1209_UaQXv15q6FLlaixg5m3JuA_-36.13316237_144.74906907,/home/alex/Desktop/school/comp-vis/dataset/datasets--everettshen--StreetView360AtoZ/snapshots/f0b9ffb20c4dc68d4422db97b7da7b577970650e/data/1209_UaQXv15q6FLlaixg5m3JuA_-36.13316237_144.74906907.jpg,25.3067,360.35,0.027176
297_FbCf0LCDHXnyXD4Ur1x4vw_46.97118209_-1.43341342,/home/alex/Desktop/school/comp-vis/dataset/datasets--everettshen--StreetView360AtoZ/snapshots/f0b9ffb20c4dc68d4422db97b7da7b577970650e/data/297_FbCf0LCDHXnyXD4Ur1x4vw_46.97118209_-1.43341342.jpg,36.8149,251.71,0.025925
674_SkuZHzdssHkvWZKsTjFFdA_-35.09816841_173.80011805,/home/alex/Desktop/school/comp-vis/dataset/datasets--everettshen--StreetView360AtoZ/snapshots/f0b9ffb20c4dc68d4422db97b7da7b577970650e/data/674_SkuZHzdssHkvWZKsTjFFdA_-35.09816841_173.80011805.jpg,35.6094,383.52,0.018433
2256_OnnBZmpAG2QgC0T20fdcGA_64.24484188_12.37859742,/home/alex/Desktop/school/comp-vis/dataset/datasets--everettshen--StreetView360AtoZ/snapshots/f0b9ffb20c4dc68d4422db97b7da7b577970650e/data/2256_OnnBZmpAG2QgC0T20fdcGA_64.24484188_12.37859742.jpg,50.2514,452.43,0.039261
525_zpL6xR6iKQkwFHz-Y1Kpew_14.92274044_77.17696274,/home/alex/Desktop/school/comp-vis/dataset/datasets--everettshen--StreetView360AtoZ/snapshots/f0b9ffb20c4dc68d4422db97b7da7b577970650e/data/525_zpL6xR6iKQkwFHz-Y1Kpew_14.92274044_77.17696274.jpg,20.2519,13.54,0.014496
488_-aZGqibJZkL7W7TzJir7Uw_49.14452226_5.08222011,/home/alex/Desktop/school/comp-vis/dataset/datasets--everettshen--StreetView360AtoZ/snapshots/f0b9ffb20c4dc68d4422db97b7da7b577970650e/data/488_-aZGqibJZkL7W7TzJir7Uw_49.14452226_5.08222011.jpg,39.1649,451.53,0.046631
991_ycBHMlCoILBjAlOQV53DsQ_43.03339201_-82.24946226,/home/alex/Desktop/school/comp-vis/dataset/datasets--everettshen--StreetView360AtoZ/snapshots/f0b9ffb20c4dc68d4422db97b7da7b577970650e/data/991_ycBHMlCoILBjAlOQV53DsQ_43.03339201_-82.24946226.jpg,40.612,245.92,0.026123
1038_x_T-r_jwRj5BsfkH_ILPjA_33.37121414_126.57068669,/home/alex/Desktop/school/comp-vis/dataset/datasets--everettshen--StreetView360AtoZ/snapshots/f0b9ffb20c4dc68d4422db97b7da7b577970650e/data/1038_x_T-r_jwRj5BsfkH_ILPjA_33.37121414_126.57068669.jpg,59.11,184.47,0.017532
1895_zO16q7w6UWtnH56yEQ4cWA_24.02451790_88.99271488,/home/alex/Desktop/school/comp-vis/dataset/datasets--everettshen--StreetView360AtoZ/snapshots/f0b9ffb20c4dc68d4422db97b7da7b577970650e/data/1895_zO16q7w6UWtnH56yEQ4cWA_24.02451790_88.99271488.jpg,64.0031,237.0,0.050705
107__YQL8MsPoVdY-_kOm_M0Yw_26.75064373_-106.04783781,/home/alex/Desktop/school/comp-vis/dataset/datasets--everettshen--StreetView360AtoZ/snapshots/f0b9ffb20c4dc68d4422db97b7da7b577970650e/data/107__YQL8MsPoVdY-_kOm_M0Yw_26.75064373_-106.04783781.jpg,36.8441,105.6,0.016678
552_F1avzvsoZxdRUUOlhyPoeA_39.93707535_-85.83512393,/home/alex/Desktop/school/comp-vis/dataset/datasets--everettshen--StreetView360AtoZ/snapshots/f0b9ffb20c4dc68d4422db97b7da7b577970650e/data/552_F1avzvsoZxdRUUOlhyPoeA_39.93707535_-85.83512393.jpg,35.0495,11.41,0.022369
312_S7EZGFDRZdN6KGrVjwFDQA_37.87338370_-84.57943016,/home/alex/Desktop/school/comp-vis/dataset/datasets--everettshen--StreetView360AtoZ/snapshots/f0b9ffb20c4dc68d4422db97b7da7b577970650e/data/312_S7EZGFDRZdN6KGrVjwFDQA_37.87338370_-84.57943016.jpg,63.4281,378.04,0.028946
609_a-ltQxlzxcm2KxvX19CROQ_27.63955060_-17.97881970,/home/alex/Desktop/school/comp-vis/dataset/datasets--everettshen--StreetView360AtoZ/snapshots/f0b9ffb20c4dc68d4422db97b7da7b577970650e/data/609_a-ltQxlzxcm2KxvX19CROQ_27.63955060_-17.97881970.jpg,18.2956,298.05,0.035141
1819_qI-Rld6DsolwoRUYZJjiKQ_23.16223650_90.30421781,/home/alex/Desktop/school/comp-vis/dataset/datasets--everettshen--StreetView360AtoZ/snapshots/f0b9ffb20c4dc68d4422db97b7da7b577970650e/data/1819_qI-Rld6DsolwoRUYZJjiKQ_23.16223650_90.30421781.jpg,58.6921,323.76,0.057449
1796_M7dXn3iKbOH2r78H9LF3Ag_46.91278933_-2.04147516,/home/alex/Desktop/school/comp-vis/dataset/datasets--everettshen--StreetView360AtoZ/snapshots/f0b9ffb20c4dc68d4422db97b7da7b577970650e/data/1796_M7dXn3iKbOH2r78H9LF3Ag_46.91278933_-2.04147516.jpg,24.367,492.99,0.015579
1100_O8AlN29hbqVUcZg6WBtgMQ_49.19976847_-122.78343863,/home/alex/Desktop/school/comp-vis/dataset/datasets--everettshen--StreetView360AtoZ/snapshots/f0b9ffb20c4dc68d4422db97b7da7b577970650e/data/1100_O8AlN29hbqVUcZg6WBtgMQ_49.19976847_-122.78343863.jpg,59.3024,151.81,0.057739
626_UGWbUjg3AHw4DnoBpn7FIg_14.74836293_-17.23376939,/home/alex/Desktop/school/comp-vis/dataset/datasets--everettshen--StreetView360AtoZ/snapshots/f0b9ffb20c4dc68d4422db97b7da7b577970650e/data/626_UGWbUjg3AHw4DnoBpn7FIg_14.74836293_-17.23376939.jpg,52.4155,312.87,0.038391
2933_8jVSiWpJXGTdO6y9LVqUPQ_47.46653207_16.58247576,/home/alex/Desktop/school/comp-vis/dataset/datasets--everettshen--StreetView360AtoZ/snapshots/f0b9ffb20c4dc68d4422db97b7da7b577970650e/data/2933_8jVSiWpJXGTdO6y9LVqUPQ_47.46653207_16.58247576.jpg,26.6847,245.12,0.028824
3034_aXFA5_Z1w8bZK-WWIY6JCw_46.30151297_-98.94812128,/home/alex/Desktop/school/comp-vis/dataset/datasets--everettshen--StreetView360AtoZ/snapshots/f0b9ffb20c4dc68d4422db97b7da7b577970650e/data/3034_aXFA5_Z1w8bZK-WWIY6JCw_46.30151297_-98.94812128.jpg,24.6785,114.67,0.058914
1586_UARcj1ckV_fhsZYDCoP-gA_44.25924810_7.38251087,/home/alex/Desktop/school/comp-vis/dataset/datasets--everettshen--StreetView360AtoZ/snapshots/f0b9ffb20c4dc68d4422db97b7da7b577970650e/data/1586_UARcj1ckV_fhsZYDCoP-gA_44.25924810_7.38251087.jpg,60.7155,73.25,0.042923
1644_0RSIUbuDyduv3qNOYUPTtg_47.91084783_15.93593538,/home/alex/Desktop/school/comp-vis/dataset/datasets--everettshen--StreetView360AtoZ/snapshots/f0b9ffb20c4dc68d4422db97b7da7b577970650e/data/1644_0RSIUbuDyduv3qNOYUPTtg_47.91084783_15.93593538.jpg,24.812,184.78,0.025436
1546_kcAbVnDnkp70H41SbrYVhw_42.53313666_-8.76716817,/home/alex/Desktop/school/comp-vis/dataset/datasets--everettshen--StreetView360AtoZ/snapshots/f0b9ffb20c4dc68d4422db97b7da7b577970650e/data/1546_kcAbVnDnkp70H41SbrYVhw_42.53313666_-8.76716817.jpg,56.705,95.81,0.042313
1196_X3JThfqriruK-2ZeiCPVvA_59.88349374_11.56394686,/home/alex/Desktop/school/comp-vis/dataset/datasets--everettshen--StreetView360AtoZ/snapshots/f0b9ffb20c4dc68d4422db97b7da7b577970650e/data/1196_X3JThfqriruK-2ZeiCPVvA_59.88349374_11.56394686.jpg,49.0923,451.18,0.010818
3428_PULEBbNgB_nrWLYAcryDWA_38.97146856_-91.13118671,/home/alex/Desktop/school/comp-vis/dataset/datasets--everettshen--StreetView360AtoZ/snapshots/f0b9ffb20c4dc68d4422db97b7da7b577970650e/data/3428_PULEBbNgB_nrWLYAcryDWA_38.97146856_-91.13118671.jpg,19.1912,180.3,0.026001
2838_hM8GYf-JVmvr0QzrYeTl6w_50.39442058_80.22286215,/home/alex/Desktop/school/comp-vis/dataset/datasets--everettshen--StreetView360AtoZ/snapshots/f0b9ffb20c4dc68d4422db97b7da7b577970650e/data/2838_hM8GYf-JVmvr0QzrYeTl6w_50.39442058_80.22286215.jpg,49.4728,327.42,0.030457
820_IeZ_7nTAB_OA53DuuocXYA_6.27334890_124.15746066,/home/alex/Desktop/school/comp-vis/dataset/datasets--everettshen--StreetView360AtoZ/snapshots/f0b9ffb20c4dc68d4422db97b7da7b577970650e/data/820_IeZ_7nTAB_OA53DuuocXYA_6.27334890_124.15746066.jpg,66.8021,346.7,0.050308
50_6x7Clq-50I2N797VsFlbWg_-42.04987776_171.36623888,/home/alex/Desktop/school/comp-vis/dataset/datasets--everettshen--StreetView360AtoZ/snapshots/f0b9ffb20c4dc68d4422db97b7da7b577970650e/data/50_6x7Clq-50I2N797VsFlbWg_-42.04987776_171.36623888.jpg,63.8556,475.01,0.034683
2822_RfylcoBv5PnvFRJRLCD2iA_-17.02944866_128.21092841,/home/alex/Desktop/school/comp-vis/dataset/datasets--everettshen--StreetView360AtoZ/snapshots/f0b9ffb20c4dc68d4422db97b7da7b577970650e/data/2822_RfylcoBv5PnvFRJRLCD2iA_-17.02944866_128.21092841.jpg,67.5107,89.36,0.159241
452_i6GTiip0B6js8c17a72rww_38.97665313_-85.10236226,/home/alex/Desktop/school/comp-vis/dataset/datasets--everettshen--StreetView360AtoZ/snapshots/f0b9ffb20c4dc68d4422db97b7da7b577970650e/data/452_i6GTiip0B6js8c17a72rww_38.97665313_-85.10236226.jpg,20.6818,205.1,0.055679
2173_pJILL1UfR2vlBJ8z-6jFNQ_-29.57219949_151.86657262,/home/alex/Desktop/school/comp-vis/dataset/datasets--everettshen--StreetView360AtoZ/snapshots/f0b9ffb20c4dc68d4422db97b7da7b577970650e/data/2173_pJILL1UfR2vlBJ8z-6jFNQ_-29.57219949_151.86657262.jpg,78.6678,233.61,0.224899
772_tUcWwiNn8BS_gCO_y_aRnw_55.02256781_15.05711596,/home/alex/Desktop/school/comp-vis/dataset/datasets--everettshen--StreetView360AtoZ/snapshots/f0b9ffb20c4dc68d4422db97b7da7b577970650e/data/772_tUcWwiNn8BS_gCO_y_aRnw_55.02256781_15.05711596.jpg,18.1388,146.01,0.023636
21_d-888Dufg5Tv1B7QFG9l1A_44.49255545_9.67351890,/home/alex/Desktop/school/comp-vis/dataset/datasets--everettshen--StreetView360AtoZ/snapshots/f0b9ffb20c4dc68d4422db97b7da7b577970650e/data/21_d-888Dufg5Tv1B7QFG9l1A_44.49255545_9.67351890.jpg,58.112,81.18,0.018875
941_DEhEiUPuprS5wj7xB2iL4w_43.92381828_11.03576837,/home/alex/Desktop/school/comp-vis/dataset/datasets--everettshen--StreetView360AtoZ/snapshots/f0b9ffb20c4dc68d4422db97b7da7b577970650e/data/941_DEhEiUPuprS5wj7xB2iL4w_43.92381828_11.03576837.jpg,18.634,154.98,0.04187
1810_TZ76NEbPiNqZheXujjXvNQ_-37.77822100_175.11067891,/home/alex/Desktop/school/comp-vis/dataset/datasets--everettshen--StreetView360AtoZ/snapshots/f0b9ffb20c4dc68d4422db97b7da7b577970650e/data/1810_TZ76NEbPiNqZheXujjXvNQ_-37.77822100_175.11067891.jpg,20.8683,276.29,0.063278
679_Llt2bRJHg3MeGr5i1zIXaQ_28.70566538_77.46518857,/home/alex/Desktop/school/comp-vis/dataset/datasets--everettshen--StreetView360AtoZ/snapshots/f0b9ffb20c4dc68d4422db97b7da7b577970650e/data/679_Llt2bRJHg3MeGr5i1zIXaQ_28.70566538_77.46518857.jpg,29.4137,362.71,0.086456
621_arCq_tVkvBedGwZ8d2g8Sw_56.29364224_9.36056095,/home/alex/Desktop/school/comp-vis/dataset/datasets--everettshen--StreetView360AtoZ/snapshots/f0b9ffb20c4dc68d4422db97b7da7b577970650e/data/621_arCq_tVkvBedGwZ8d2g8Sw_56.29364224_9.36056095.jpg,44.7055,254.46,0.053467
851_quvjYewp1lysK0g5CdgZ-Q_44.88992762_-96.85172593,/home/alex/Desktop/school/comp-vis/dataset/datasets--everettshen--StreetView360AtoZ/snapshots/f0b9ffb20c4dc68d4422db97b7da7b577970650e/data/851_quvjYewp1lysK0g5CdgZ-Q_44.88992762_-96.85172593.jpg,11.904,294.14,0.052185
1203_JjofxCXBEuKXk1Ysqd_D3Q_27.22506962_-98.14217248,/home/alex/Desktop/school/comp-vis/dataset/datasets--everettshen--StreetView360AtoZ/snapshots/f0b9ffb20c4dc68d4422db97b7da7b577970650e/data/1203_JjofxCXBEuKXk1Ysqd_D3Q_27.22506962_-98.14217248.jpg,73.0804,324.72,0.011261
671_VrCN1BwXwQfGVFruACfHUg_32.38354646_-82.99177377,/home/alex/Desktop/school/comp-vis/dataset/datasets--everettshen--StreetView360AtoZ/snapshots/f0b9ffb20c4dc68d4422db97b7da7b577970650e/data/671_VrCN1BwXwQfGVFruACfHUg_32.38354646_-82.99177377.jpg,72.0424,151.48,0.024139
2480_sPqEnhAFC2SG45O4i6vpMw_34.04196421_-117.36319529,/home/alex/Desktop/school/comp-vis/dataset/datasets--everettshen--StreetView360AtoZ/snapshots/f0b9ffb20c4dc68d4422db97b7da7b577970650e/data/2480_sPqEnhAFC2SG45O4i6vpMw_34.04196421_-117.36319529.jpg,32.1789,22.13,0.04068
6_unGEQTC63IoEBFLnMlSxDg_35.39781307_-97.53900798,/home/alex/Desktop/school/comp-vis/dataset/datasets--everettshen--StreetView360AtoZ/snapshots/f0b9ffb20c4dc68d4422db97b7da7b577970650e/data/6_unGEQTC63IoEBFLnMlSxDg_35.39781307_-97.53900798.jpg,16.0069,47.8,0.042389
1548_VL6gx03qs8MTJ53zGbrH7Q_-3.49136131_-45.25093249,/home/alex/Desktop/school/comp-vis/dataset/datasets--everettshen--StreetView360AtoZ/snapshots/f0b9ffb20c4dc68d4422db97b7da7b577970650e/data/1548_VL6gx03qs8MTJ53zGbrH7Q_-3.49136131_-45.25093249.jpg,75.3771,217.98,0.052109
78_Xl4wkUdRWBvKMeJsybic9g_55.03743356_10.55410992,/home/alex/Desktop/school/comp-vis/dataset/datasets--everettshen--StreetView360AtoZ/snapshots/f0b9ffb20c4dc68d4422db97b7da7b577970650e/data/78_Xl4wkUdRWBvKMeJsybic9g_55.03743356_10.55410992.jpg,36.6123,354.84,0.022263
865_ZnJnNi11cKCfXQuR2gCzBQ_23.17053355_90.33362158,/home/alex/Desktop/school/comp-vis/dataset/datasets--everettshen--StreetView360AtoZ/snapshots/f0b9ffb20c4dc68d4422db97b7da7b577970650e/data/865_ZnJnNi11cKCfXQuR2gCzBQ_23.17053355_90.33362158.jpg,53.8791,131.88,0.023834
1354_JRlvdT363imbnXDPqIJGjw_26.16541366_-97.72092094,/home/alex/Desktop/school/comp-vis/dataset/datasets--everettshen--StreetView360AtoZ/snapshots/f0b9ffb20c4dc68d4422db97b7da7b577970650e/data/1354_JRlvdT363imbnXDPqIJGjw_26.16541366_-97.72092094.jpg,81.8034,256.91,0.034241
1091_9XDp5bNuitf20EujLOIlkA_47.38308882_18.86622201,/home/alex/Desktop/school/comp-vis/dataset/datasets--everettshen--StreetView360AtoZ/snapshots/f0b9ffb20c4dc68d4422db97b7da7b577970650e/data/1091_9XDp5bNuitf20EujLOIlkA_47.38308882_18.86622201.jpg,59.5905,115.52,0.045273
1228_ZPPNN2f5sC37a-s2bek_HQ_50.05232400_21.41484575,/home/alex/Desktop/school/comp-vis/dataset/datasets--everettshen--StreetView360AtoZ/snapshots/f0b9ffb20c4dc68d4422db97b7da7b577970650e/data/1228_ZPPNN2f5sC37a-s2bek_HQ_50.05232400_21.41484575.jpg,49.2593,429.34,0.01355
639_6x_lwAUk1BYIbV9PXNdCpQ_20.57808562_79.86360623,/home/alex/Desktop/school/comp-vis/dataset/datasets--everettshen--StreetView360AtoZ/snapshots/f0b9ffb20c4dc68d4422db97b7da7b577970650e/data/639_6x_lwAUk1BYIbV9PXNdCpQ_20.57808562_79.86360623.jpg,45.4294,368.75,0.13887
3213_kFptukmOqu-9nA0a8b75Kg_24.10856796_74.03942903,/home/alex/Desktop/school/comp-vis/dataset/datasets--everettshen--StreetView360AtoZ/snapshots/f0b9ffb20c4dc68d4422db97b7da7b577970650e/data/3213_kFptukmOqu-9nA0a8b75Kg_24.10856796_74.03942903.jpg,19.9202,493.57,0.025772
2478_GwG15FhXvx8NbpWmkMo-6Q_52.85667144_44.54237564,/home/alex/Desktop/school/comp-vis/dataset/datasets--everettshen--StreetView360AtoZ/snapshots/f0b9ffb20c4dc68d4422db97b7da7b577970650e/data/2478_GwG15FhXvx8NbpWmkMo-6Q_52.85667144_44.54237564.jpg,78.9368,157.22,0.078949
210_79Xuab-KvGwHctbORHS-9A_-23.36914823_150.49370448,/home/alex/Desktop/school/comp-vis/dataset/datasets--everettshen--StreetView360AtoZ/snapshots/f0b9ffb20c4dc68d4422db97b7da7b577970650e/data/210_79Xuab-KvGwHctbORHS-9A_-23.36914823_150.49370448.jpg,69.8266,198.83,0.054337
722_zElMGChc4e7Utn2wTGbM3A_37.42997591_24.94454052,/home/alex/Desktop/school/comp-vis/dataset/datasets--everettshen--StreetView360AtoZ/snapshots/f0b9ffb20c4dc68d4422db97b7da7b577970650e/data/722_zElMGChc4e7Utn2wTGbM3A_37.42997591_24.94454052.jpg,33.6103,352.78,0.038086
199_UoN_cdZ1Z9ncvZX3KbG8eg_2.21875745_102.45438578,/home/alex/Desktop/school/comp-vis/dataset/datasets--everettshen--StreetView360AtoZ/snapshots/f0b9ffb20c4dc68d4422db97b7da7b577970650e/data/199_UoN_cdZ1Z9ncvZX3KbG8eg_2.21875745_102.45438578.jpg,42.4625,107.83,0.024704
2812_oVUCjByUgxQZCwOWL8vHog_58.28343210_7.35432939,/home/alex/Desktop/school/comp-vis/dataset/datasets--everettshen--StreetView360AtoZ/snapshots/f0b9ffb20c4dc68d4422db97b7da7b577970650e/data/2812_oVUCjByUgxQZCwOWL8vHog_58.28343210_7.35432939.jpg,45.772,286.38,0.027145
2572_GJFntjHeU2-iLYkkUlNTeQ_51.94318777_-108.61245271,/home/alex/Desktop/school/comp-vis/dataset/datasets--everettshen--StreetView360AtoZ/snapshots/f0b9ffb20c4dc68d4422db97b7da7b577970650e/data/2572_GJFntjHeU2-iLYkkUlNTeQ_51.94318777_-108.61245271.jpg,61.4931,450.43,0.011032
2684_qXZju-b9IlA-HBIQPqmg9w_18.07148824_75.70049576,/home/alex/Desktop/school/comp-vis/dataset/datasets--everettshen--StreetView360AtoZ/snapshots/f0b9ffb20c4dc68d4422db97b7da7b577970650e/data/2684_qXZju-b9IlA-HBIQPqmg9w_18.07148824_75.70049576.jpg,46.4734,277.09,0.1427
1316_MutMMJKpJ_XNvzs7N7AzeQ_34.37554817_-101.57497828,/home/alex/Desktop/school/comp-vis/dataset/datasets--everettshen--StreetView360AtoZ/snapshots/f0b9ffb20c4dc68d4422db97b7da7b577970650e/data/1316_MutMMJKpJ_XNvzs7N7AzeQ_34.37554817_-101.57497828.jpg,17.0151,83.55,0.037506
1443_R2N86C1Nisbk6L9rxFzsxw_41.43098096_-96.76676386,/home/alex/Desktop/school/comp-vis/dataset/datasets--everettshen--StreetView360AtoZ/snapshots/f0b9ffb20c4dc68d4422db97b7da7b577970650e/data/1443_R2N86C1Nisbk6L9rxFzsxw_41.43098096_-96.76676386.jpg,31.7887,410.65,0.085388
1513_P9F__3vL7XkDedDMlT_lXg_34.04377860_-93.68895727,/home/alex/Desktop/school/comp-vis/dataset/datasets--everettshen--StreetView360AtoZ/snapshots/f0b9ffb20c4dc68d4422db97b7da7b577970650e/data/1513_P9F__3vL7XkDedDMlT_lXg_34.04377860_-93.68895727.jpg,30.2203,418.22,0.045517
496_Gfdb3XlF4gipqYgf3SjugA_46.43371518_-81.14955977,/home/alex/Desktop/school/comp-vis/dataset/datasets--everettshen--StreetView360AtoZ/snapshots/f0b9ffb20c4dc68d4422db97b7da7b577970650e/data/496_Gfdb3XlF4gipqYgf3SjugA_46.43371518_-81.14955977.jpg,66.9606,241.6,0.031631
1367_tLPso3oal5JvuGeftPrd6g_45.66299016_11.79320870,/home/alex/Desktop/school/comp-vis/dataset/datasets--everettshen--StreetView360AtoZ/snapshots/f0b9ffb20c4dc68d4422db97b7da7b577970650e/data/1367_tLPso3oal5JvuGeftPrd6g_45.66299016_11.79320870.jpg,62.4414,80.35,0.029053
1381_zPTwhSlCkr2jgUoCPg0nIA_7.99126996_80.48419946,/home/alex/Desktop/school/comp-vis/dataset/datasets--everettshen--StreetView360AtoZ/snapshots/f0b9ffb20c4dc68d4422db97b7da7b577970650e/data/1381_zPTwhSlCkr2jgUoCPg0nIA_7.99126996_80.48419946.jpg,74.3097,403.46,0.09111
475_dLW_-d2W93uabibxbvQsPg_39.59382664_-3.04176164,/home/alex/Desktop/school/comp-vis/dataset/datasets--everettshen--StreetView360AtoZ/snapshots/f0b9ffb20c4dc68d4422db97b7da7b577970650e/data/475_dLW_-d2W93uabibxbvQsPg_39.59382664_-3.04176164.jpg,35.6916,457.81,0.045441
1890_pFOFUqghdptwO6uersI3OQ_11.41020105_105.59691111,/home/alex/Desktop/school/comp-vis/dataset/datasets--everettshen--StreetView360AtoZ/snapshots/f0b9ffb20c4dc68d4422db97b7da7b577970650e/data/1890_pFOFUqghdptwO6uersI3OQ_11.41020105_105.59691111.jpg,26.2624,216.61,0.018143
2286_Eg_gzMZT-V9bWL6QjEmyJA_26.51123254_93.95991189,/home/alex/Desktop/school/comp-vis/dataset/datasets--everettshen--StreetView360AtoZ/snapshots/f0b9ffb20c4dc68d4422db97b7da7b577970650e/data/2286_Eg_gzMZT-V9bWL6QjEmyJA_26.51123254_93.95991189.jpg,45.4956,147.5,0.135895
544_r7Rn57_oh6zFYPSFY_PBUQ_69.29090928_19.96359914,/home/alex/Desktop/school/comp-vis/dataset/datasets--everettshen--StreetView360AtoZ/snapshots/f0b9ffb20c4dc68d4422db97b7da7b577970650e/data/544_r7Rn57_oh6zFYPSFY_PBUQ_69.29090928_19.96359914.jpg,51.8011,53.3,0.011826
367_WIG9qOyhrrKvhha7HonAMg_58.98613487_14.09647357,/home/alex/Desktop/school/comp-vis/dataset/datasets--everettshen--StreetView360AtoZ/snapshots/f0b9ffb20c4dc68d4422db97b7da7b577970650e/data/367_WIG9qOyhrrKvhha7HonAMg_58.98613487_14.09647357.jpg,19.0581,174.66,0.02124
1126_1U-BfES7ab1-rK-G8bP6hA_45.36067655_7.64603653,/home/alex/Desktop/school/comp-vis/dataset/datasets--everettshen--StreetView360AtoZ/snapshots/f0b9ffb20c4dc68d4422db97b7da7b577970650e/data/1126_1U-BfES7ab1-rK-G8bP6hA_45.36067655_7.64603653.jpg,45.0359,343.54,0.010284
239_gTnJ5KPiXG0axrGXZnrPvw_61.38321467_11.62606454,/home/alex/Desktop/school/comp-vis/dataset/datasets--everettshen--StreetView360AtoZ/snapshots/f0b9ffb20c4dc68d4422db97b7da7b577970650e/data/239_gTnJ5KPiXG0axrGXZnrPvw_61.38321467_11.62606454.jpg,30.0704,228.38,0.033783
2165_jsmXUrUqOM7RRdVVc6k9Cg_44.88551176_-89.25432393,/home/alex/Desktop/school/comp-vis/dataset/datasets--everettshen--StreetView360AtoZ/snapshots/f0b9ffb20c4dc68d4422db97b7da7b577970650e/data/2165_jsmXUrUqOM7RRdVVc6k9Cg_44.88551176_-89.25432393.jpg,17.8472,348.01,0.080521
466_Y9gJ_5fY1zFsbstcShg2yQ_-18.22486107_127.66642637,/home/alex/Desktop/school/comp-vis/dataset/datasets--everettshen--StreetView360AtoZ/snapshots/f0b9ffb20c4dc68d4422db97b7da7b577970650e/data/466_Y9gJ_5fY1zFsbstcShg2yQ_-18.22486107_127.66642637.jpg,76.9177,286.41,0.18541
150_YnmG2hm9tILSR8mDch3N7A_26.54954609_80.63316950,/home/alex/Desktop/school/comp-vis/dataset/datasets--everettshen--StreetView360AtoZ/snapshots/f0b9ffb20c4dc68d4422db97b7da7b577970650e/data/150_YnmG2hm9tILSR8mDch3N7A_26.54954609_80.63316950.jpg,57.5644,370.32,0.074982
139_tW6R4_habY0nV6kMLld4ig_41.31412594_2.01448861,/home/alex/Desktop/school/comp-vis/dataset/datasets--everettshen--StreetView360AtoZ/snapshots/f0b9ffb20c4dc68d4422db97b7da7b577970650e/data/139_tW6R4_habY0nV6kMLld4ig_41.31412594_2.01448861.jpg,46.8593,429.2,0.048615
2747_v7hI8sU8XFDwJE_1dGQeNQ_67.96646134_23.66628199,/home/alex/Desktop/school/comp-vis/dataset/datasets--everettshen--StreetView360AtoZ/snapshots/f0b9ffb20c4dc68d4422db97b7da7b577970650e/data/2747_v7hI8sU8XFDwJE_1dGQeNQ_67.96646134_23.66628199.jpg,43.7698,41.8,0.084686
643_BlBt_YjAhU-PE0HT8hEUOw_44.52384073_10.73041250,/home/alex/Desktop/school/comp-vis/dataset/datasets--everettshen--StreetView360AtoZ/snapshots/f0b9ffb20c4dc68d4422db97b7da7b577970650e/data/643_BlBt_YjAhU-PE0HT8hEUOw_44.52384073_10.73041250.jpg,13.9148,301.88,0.013947
971_hg4xgUsuw6-mpjX80M1QlA_-36.76453439_174.74826285,/home/alex/Desktop/school/comp-vis/dataset/datasets--everettshen--StreetView360AtoZ/snapshots/f0b9ffb20c4dc68d4422db97b7da7b577970650e/data/971_hg4xgUsuw6-mpjX80M1QlA_-36.76453439_174.74826285.jpg,57.7108,89.37,0.045166
718_eR-G-gp5vSA8do6ysQwuaw_17.76892762_-96.95876423,/home/alex/Desktop/school/comp-vis/dataset/datasets--everettshen--StreetView360AtoZ/snapshots/f0b9ffb20c4dc68d4422db97b7da7b577970650e/data/718_eR-G-gp5vSA8do6ysQwuaw_17.76892762_-96.95876423.jpg,51.1382,394.85,0.010651
1929_YrvwlhEK3St3ImxncEWysw_44.89495256_-98.10014838,/home/alex/Desktop/school/comp-vis/dataset/datasets--everettshen--StreetView360AtoZ/snapshots/f0b9ffb20c4dc68d4422db97b7da7b577970650e/data/1929_YrvwlhEK3St3ImxncEWysw_44.89495256_-98.10014838.jpg,32.8986,458.44,0.058258
284_XYpKmm12no26drELbop7wQ_35.33915097_24.62066164,/home/alex/Desktop/school/comp-vis/dataset/datasets--everettshen--StreetView360AtoZ/snapshots/f0b9ffb20c4dc68d4422db97b7da7b577970650e/data/284_XYpKmm12no26drELbop7wQ_35.33915097_24.62066164.jpg,45.8768,478.85,0.057281
947_gGaMWz_-S8PSxxXRpUbrKg_50.57430296_5.80707915,/home/alex/Desktop/school/comp-vis/dataset/datasets--everettshen--StreetView360AtoZ/snapshots/f0b9ffb20c4dc68d4422db97b7da7b577970650e/data/947_gGaMWz_-S8PSxxXRpUbrKg_50.57430296_5.80707915.jpg,14.9172,247.72,0.027466
1165_qx7IMdSvZhvb_AbkuQxgvw_60.14677229_24.41572684,/home/alex/Desktop/school/comp-vis/dataset/datasets--everettshen--StreetView360AtoZ/snapshots/f0b9ffb20c4dc68d4422db97b7da7b577970650e/data/1165_qx7IMdSvZhvb_AbkuQxgvw_60.14677229_24.41572684.jpg,43.7045,252.85,0.048218
1961_3flrdG77cL6tRpsGiZ_m9w_40.37337149_-74.08701441,/home/alex/Desktop/school/comp-vis/dataset/datasets--everettshen--StreetView360AtoZ/snapshots/f0b9ffb20c4dc68d4422db97b7da7b577970650e/data/1961_3flrdG77cL6tRpsGiZ_m9w_40.37337149_-74.08701441.jpg,67.2998,170.69,0.34201
1105_VD7bNB5Hj5LbIGNN4jNf8Q_52.16414997_9.91251271,/home/alex/Desktop/school/comp-vis/dataset/datasets--everettshen--StreetView360AtoZ/snapshots/f0b9ffb20c4dc68d4422db97b7da7b577970650e/data/1105_VD7bNB5Hj5LbIGNN4jNf8Q_52.16414997_9.91251271.jpg,37.7137,164.22,0.026367
2668_LTy_-AOLwR58z-z2--cw3w_43.80535520_4.66045450,/home/alex/Desktop/school/comp-vis/dataset/datasets--everettshen--StreetView360AtoZ/snapshots/f0b9ffb20c4dc68d4422db97b7da7b577970650e/data/2668_LTy_-AOLwR58z-z2--cw3w_43.80535520_4.66045450.jpg,39.5363,51.27,0.033554
693_q-ilU0pePBDI-TM4ndgQCg_-25.95644858_28.22079319,/home/alex/Desktop/school/comp-vis/dataset/datasets--everettshen--StreetView360AtoZ/snapshots/f0b9ffb20c4dc68d4422db97b7da7b577970650e/data/693_q-ilU0pePBDI-TM4ndgQCg_-25.95644858_28.22079319.jpg,72.8578,261.89,0.112808
2550_CDu45PFdqz0qxthGMwAjVw_48.24073861_14.52603636,/home/alex/Desktop/school/comp-vis/dataset/datasets--everettshen--StreetView360AtoZ/snapshots/f0b9ffb20c4dc68d4422db97b7da7b577970650e/data/2550_CDu45PFdqz0qxthGMwAjVw_48.24073861_14.52603636.jpg,42.6163,106.89,0.040619
1390_C3L_AYdZmCfMd7IDltFG0Q_44.54308225_-94.36632114,/home/alex/Desktop/school/comp-vis/dataset/datasets--everettshen--StreetView360AtoZ/snapshots/f0b9ffb20c4dc68d4422db97b7da7b577970650e/data/1390_C3L_AYdZmCfMd7IDltFG0Q_44.54308225_-94.36632114.jpg,28.6522,42.28,0.034378
2791_Q_kP0TqkPPzZwN819BAbdw_55.31648371_-3.41611946,/home/alex/Desktop/school/comp-vis/dataset/datasets--everettshen--StreetView360AtoZ/snapshots/f0b9ffb20c4dc68d4422db97b7da7b577970650e/data/2791_Q_kP0TqkPPzZwN819BAbdw_55.31648371_-3.41611946.jpg,40.6049,382.91,0.143341
330_IHC25HmTWRf5bmvqcyzLkA_17.37669943_75.14881149,/home/alex/Desktop/school/comp-vis/dataset/datasets--everettshen--StreetView360AtoZ/snapshots/f0b9ffb20c4dc68d4422db97b7da7b577970650e/data/330_IHC25HmTWRf5bmvqcyzLkA_17.37669943_75.14881149.jpg,37.8634,463.85,0.142822
753_vVkslGJ1tY-YvymBYAwJYw_48.31665125_8.91592944,/home/alex/Desktop/school/comp-vis/dataset/datasets--everettshen--StreetView360AtoZ/snapshots/f0b9ffb20c4dc68d4422db97b7da7b577970650e/data/753_vVkslGJ1tY-YvymBYAwJYw_48.31665125_8.91592944.jpg,71.9496,82.49,0.044632
1510_58rFrFwIygPzeY4X5VB3Rw_-34.89996395_-57.93370589,/home/alex/Desktop/school/comp-vis/dataset/datasets--everettshen--StreetView360AtoZ/snapshots/f0b9ffb20c4dc68d4422db97b7da7b577970650e/data/1510_58rFrFwIygPzeY4X5VB3Rw_-34.89996395_-57.93370589.jpg,52.5601,441.5,0.043488
2632_6RIWaI4jxKGnmXZ4XuKi7w_50.38322173_-101.70082994,/home/alex/Desktop/school/comp-vis/dataset/datasets--everettshen--StreetView360AtoZ/snapshots/f0b9ffb20c4dc68d4422db97b7da7b577970650e/data/2632_6RIWaI4jxKGnmXZ4XuKi7w_50.38322173_-101.70082994.jpg,51.74,235.41,0.01004
2566_ajBX5yjh5HJYvl-DHsu6gg_46.88455508_-60.50599556,/home/alex/Desktop/school/comp-vis/dataset/datasets--everettshen--StreetView360AtoZ/snapshots/f0b9ffb20c4dc68d4422db97b7da7b577970650e/data/2566_ajBX5yjh5HJYvl-DHsu6gg_46.88455508_-60.50599556.jpg,50.2356,187.2,0.019302
760_QUJnueLWixa0Bma9sUKbzg_45.12490558_-71.46057106,/home/alex/Desktop/school/comp-vis/dataset/datasets--everettshen--StreetView360AtoZ/snapshots/f0b9ffb20c4dc68d4422db97b7da7b577970650e/data/760_QUJnueLWixa0Bma9sUKbzg_45.12490558_-71.46057106.jpg,45.7714,187.61,0.036743
1927_zlshxYZsYpzxPZYvZH_rlA_42.69003701_-73.86590450,/home/alex/Desktop/school/comp-vis/dataset/datasets--everettshen--StreetView360AtoZ/snapshots/f0b9ffb20c4dc68d4422db97b7da7b577970650e/data/1927_zlshxYZsYpzxPZYvZH_rlA_42.69003701_-73.86590450.jpg,31.2918,412.9,0.012268
3029_Wf4fpPWrI_rtIxb45ICC6g_51.34941411_9.56052591,/home/alex/Desktop/school/comp-vis/dataset/datasets--everettshen--StreetView360AtoZ/snapshots/f0b9ffb20c4dc68d4422db97b7da7b577970650e/data/3029_Wf4fpPWrI_rtIxb45ICC6g_51.34941411_9.56052591.jpg,20.2449,276.83,0.032211
2657_EcxLN-ywezNDtB_jBSpKpg_-34.27621195_137.87252572,/home/alex/Desktop/school/comp-vis/dataset/datasets--everettshen--StreetView360AtoZ/snapshots/f0b9ffb20c4dc68d4422db97b7da7b577970650e/data/2657_EcxLN-ywezNDtB_jBSpKpg_-34.27621195_137.87252572.jpg,10.5705,277.46,0.030258
907_Ns8PhO4kM97VlZzMqdx1EA_21.83943728_87.21909340,/home/alex/Desktop/school/comp-vis/dataset/datasets--everettshen--StreetView360AtoZ/snapshots/f0b9ffb20c4dc68d4422db97b7da7b577970650e/data/907_Ns8PhO4kM97VlZzMqdx1EA_21.83943728_87.21909340.jpg,42.3201,456.93,0.027847
1547_iK0yc36bhMBSBCcvNHlXaA_34.03507769_-101.69652703,/home/alex/Desktop/school/comp-vis/dataset/datasets--everettshen--StreetView360AtoZ/snapshots/f0b9ffb20c4dc68d4422db97b7da7b577970650e/data/1547_iK0yc36bhMBSBCcvNHlXaA_34.03507769_-101.69652703.jpg,14.7827,458.36,0.039368
1302_ouWR5wTa8LslITOpiDYfJA_50.67610420_-120.24725566,/home/alex/Desktop/school/comp-vis/dataset/datasets--everettshen--StreetView360AtoZ/snapshots/f0b9ffb20c4dc68d4422db97b7da7b577970650e/data/1302_ouWR5wTa8LslITOpiDYfJA_50.67610420_-120.24725566.jpg,61.5985,132.33,0.039536
2466_iOYlLrB3b08hy0BwII1_eA_42.10307616_-75.37523445,/home/alex/Desktop/school/comp-vis/dataset/datasets--everettshen--StreetView360AtoZ/snapshots/f0b9ffb20c4dc68d4422db97b7da7b577970650e/data/2466_iOYlLrB3b08hy0BwII1_eA_42.10307616_-75.37523445.jpg,45.5334,435.75,0.097885
2502_e1FFf1zQFwZAIbrUG-mECw_44.00283874_4.92726324,/home/alex/Desktop/school/comp-vis/dataset/datasets--everettshen--StreetView360AtoZ/snapshots/f0b9ffb20c4dc68d4422db97b7da7b577970650e/data/2502_e1FFf1zQFwZAIbrUG-mECw_44.00283874_4.92726324.jpg,24.7139,487.23,0.01239
193_GDhgktiViQf36EaMG2r2nA_41.94013943_15.06378149,/home/alex/Desktop/school/comp-vis/dataset/datasets--everettshen--StreetView360AtoZ/snapshots/f0b9ffb20c4dc68d4422db97b7da7b577970650e/data/193_GDhgktiViQf36EaMG2r2nA_41.94013943_15.06378149.jpg,26.374,100.0,0.016907
245_MOqRPACLLgfjd3FgrGlQfQ_-32.74110184_115.87452018,/home/alex/Desktop/school/comp-vis/dataset/datasets--everettshen--StreetView360AtoZ/snapshots/f0b9ffb20c4dc68d4422db97b7da7b577970650e/data/245_MOqRPACLLgfjd3FgrGlQfQ_-32.74110184_115.87452018.jpg,26.1273,286.81,0.026596
1408_0RUs6dOJIEGTvM_0c7jGHg_46.07693519_2.07899889,/home/alex/Desktop/school/comp-vis/dataset/datasets--everettshen--StreetView360AtoZ/snapshots/f0b9ffb20c4dc68d4422db97b7da7b577970650e/data/1408_0RUs6dOJIEGTvM_0c7jGHg_46.07693519_2.07899889.jpg,53.2965,319.43,0.041458
914_g2hiiA_EEn3t8CWDr3nDFA_18.77095102_83.41887834,/home/alex/Desktop/school/comp-vis/dataset/datasets--everettshen--StreetView360AtoZ/snapshots/f0b9ffb20c4dc68d4422db97b7da7b577970650e/data/914_g2hiiA_EEn3t8CWDr3nDFA_18.77095102_83.41887834.jpg,77.8693,210.29,0.18428
496_-0_SxMYASGBdeOmC9PtYog_45.80436971_-96.49916036,/home/alex/Desktop/school/comp-vis/dataset/datasets--everettshen--StreetView360AtoZ/snapshots/f0b9ffb20c4dc68d4422db97b7da7b577970650e/data/496_-0_SxMYASGBdeOmC9PtYog_45.80436971_-96.49916036.jpg,22.2566,420.14,0.030869
533_g_iCWNHbk5226UT6Ho40Xw_66.38993044_23.65728010,/home/alex/Desktop/school/comp-vis/dataset/datasets--everettshen--StreetView360AtoZ/snapshots/f0b9ffb20c4dc68d4422db97b7da7b577970650e/data/533_g_iCWNHbk5226UT6Ho40Xw_66.38993044_23.65728010.jpg,36.38,456.03,0.018585
3111_abM3XUko7mtjhxK6Jr6i5w_44.53123750_-74.03452849,/home/alex/Desktop/school/comp-vis/dataset/datasets--everettshen--StreetView360AtoZ/snapshots/f0b9ffb20c4dc68d4422db97b7da7b577970650e/data/3111_abM3XUko7mtjhxK6Jr6i5w_44.53123750_-74.03452849.jpg,60.0047,479.1,0.016281
3149_jbfqiY8yIEabaPHH6rHQew_48.28969441_1.18495572,/home/alex/Desktop/school/comp-vis/dataset/datasets--everettshen--StreetView360AtoZ/snapshots/f0b9ffb20c4dc68d4422db97b7da7b577970650e/data/3149_jbfqiY8yIEabaPHH6rHQew_48.28969441_1.18495572.jpg,42.1329,332.01,0.058609
228_XW9tB-Bc88sOh_tmA_OXHg_32.71955266_-84.01039032,/home/alex/Desktop/school/comp-vis/dataset/datasets--everettshen--StreetView360AtoZ/snapshots/f0b9ffb20c4dc68d4422db97b7da7b577970650e/data/228_XW9tB-Bc88sOh_tmA_OXHg_32.71955266_-84.01039032.jpg,54.799,330.75,0.128052
2267_kC_VDb5ckgJdGMJuUgy06Q_33.29601225_-93.23592283,/home/alex/Desktop/school/comp-vis/dataset/datasets--everettshen--StreetView360AtoZ/snapshots/f0b9ffb20c4dc68d4422db97b7da7b577970650e/data/2267_kC_VDb5ckgJdGMJuUgy06Q_33.29601225_-93.23592283.jpg,71.6056,363.94,0.045349
84_THQhj9xDxZjBWQSu0jA__w_38.69117654_-91.72262103,/home/alex/Desktop/school/comp-vis/dataset/datasets--everettshen--StreetView360AtoZ/snapshots/f0b9ffb20c4dc68d4422db97b7da7b577970650e/data/84_THQhj9xDxZjBWQSu0jA__w_38.69117654_-91.72262103.jpg,21.4721,250.05,0.047165
1277_oyW9_aVqcQNwvp2cSxwFkA_-33.66309402_115.28427076,/home/alex/Desktop/school/comp-vis/dataset/datasets--everettshen--StreetView360AtoZ/snapshots/f0b9ffb20c4dc68d4422db97b7da7b577970650e/data/1277_oyW9_aVqcQNwvp2cSxwFkA_-33.66309402_115.28427076.jpg,11.2125,302.56,0.045258
1730_FIB0VxhUrzgnajBve56qTg_-22.21747507_-51.64077177,/home/alex/Desktop/school/comp-vis/dataset/datasets--everettshen--StreetView360AtoZ/snapshots/f0b9ffb20c4dc68d4422db97b7da7b577970650e/data/1730_FIB0VxhUrzgnajBve56qTg_-22.21747507_-51.64077177.jpg,52.1337,32.02,0.011597
679_n1Slji05mpNMHZmhEF8dwA_61.09962423_50.33244900,/home/alex/Desktop/school/comp-vis/dataset/datasets--everettshen--StreetView360AtoZ/snapshots/f0b9ffb20c4dc68d4422db97b7da7b577970650e/data/679_n1Slji05mpNMHZmhEF8dwA_61.09962423_50.33244900.jpg,14.9004,118.28,0.026794
1466_64TMLZ5xo0eM3KRKIzg3xg_59.29178674_5.22778603,/home/alex/Desktop/school/comp-vis/dataset/datasets--everettshen--StreetView360AtoZ/snapshots/f0b9ffb20c4dc68d4422db97b7da7b577970650e/data/1466_64TMLZ5xo0eM3KRKIzg3xg_59.29178674_5.22778603.jpg,31.6371,430.95,0.04718
1566_GmCfqrOfjdD5DhZCtbX-9w_-25.64057052_27.21671329,/home/alex/Desktop/school/comp-vis/dataset/datasets--everettshen--StreetView360AtoZ/snapshots/f0b9ffb20c4dc68d4422db97b7da7b577970650e/data/1566_GmCfqrOfjdD5DhZCtbX-9w_-25.64057052_27.21671329.jpg,80.4004,263.83,0.173431
1221_mYCX1OQKTysZ_xLEOlbc7A_70.12289117_22.98323549,/home/alex/Desktop/school/comp-vis/dataset/datasets--everettshen--StreetView360AtoZ/snapshots/f0b9ffb20c4dc68d4422db97b7da7b577970650e/data/1221_mYCX1OQKTysZ_xLEOlbc7A_70.12289117_22.98323549.jpg,34.0178,45.75,0.049744
659_tlD-oRk_xBkAAAQXIFTAgA_15.10061082_145.64428928,/home/alex/Desktop/school/comp-vis/dataset/datasets--everettshen--StreetView360AtoZ/snapshots/f0b9ffb20c4dc68d4422db97b7da7b577970650e/data/659_tlD-oRk_xBkAAAQXIFTAgA_15.10061082_145.64428928.jpg,76.8732,318.57,0.019226
2618_RBP9U9xyO31PlT6qKZisCQ_59.24165369_-125.98102559,/home/alex/Desktop/school/comp-vis/dataset/datasets--everettshen--StreetView360AtoZ/snapshots/f0b9ffb20c4dc68d4422db97b7da7b577970650e/data/2618_RBP9U9xyO31PlT6qKZisCQ_59.24165369_-125.98102559.jpg,18.6298,207.71,0.01265
1623_X5bF-DL1GtTtm5hQz_ftLw_16.23847679_-97.27961997,/home/alex/Desktop/school/comp-vis/dataset/datasets--everettshen--StreetView360AtoZ/snapshots/f0b9ffb20c4dc68d4422db97b7da7b577970650e/data/1623_X5bF-DL1GtTtm5hQz_ftLw_16.23847679_-97.27961997.jpg,81.8087,223.26,0.123062
486_VD_8Ai07mPGs5XMpFonnxQ_36.99657134_-76.57422490,/home/alex/Desktop/school/comp-vis/dataset/datasets--everettshen--StreetView360AtoZ/snapshots/f0b9ffb20c4dc68d4422db97b7da7b577970650e/data/486_VD_8Ai07mPGs5XMpFonnxQ_36.99657134_-76.57422490.jpg,57.1593,412.9,0.012726
443_OsiYA-jjBUN81rF2FjSMaA_10.47094738_7.44681017,/home/alex/Desktop/school/comp-vis/dataset/datasets--everettshen--StreetView360AtoZ/snapshots/f0b9ffb20c4dc68d4422db97b7da7b577970650e/data/443_OsiYA-jjBUN81rF2FjSMaA_10.47094738_7.44681017.jpg,26.5455,41.71,0.081284
2105_P36qNllTX_1J0vJOnlo9Ew_37.75741039_-83.12153310,/home/alex/Desktop/school/comp-vis/dataset/datasets--everettshen--StreetView360AtoZ/snapshots/f0b9ffb20c4dc68d4422db97b7da7b577970650e/data/2105_P36qNllTX_1J0vJOnlo9Ew_37.75741039_-83.12153310.jpg,23.0011,361.99,0.038788
1493_PBfrScW93Ig8EteTaTI8IA_23.21391040_120.12035802,/home/alex/Desktop/school/comp-vis/dataset/datasets--everettshen--StreetView360AtoZ/snapshots/f0b9ffb20c4dc68d4422db97b7da7b577970650e/data/1493_PBfrScW93Ig8EteTaTI8IA_23.21391040_120.12035802.jpg,70.1854,371.95,0.047119
105_aWtEjg9kEq3URnQOuUIopQ_49.48275465_5.95202990,/home/alex/Desktop/school/comp-vis/dataset/datasets--everettshen--StreetView360AtoZ/snapshots/f0b9ffb20c4dc68d4422db97b7da7b577970650e/data/105_aWtEjg9kEq3URnQOuUIopQ_49.48275465_5.95202990.jpg,39.515,122.37,0.02037
837_6kUvGV5isBaZJdZo2LN4jA_40.34869365_33.98898036,/home/alex/Desktop/school/comp-vis/dataset/datasets--everettshen--StreetView360AtoZ/snapshots/f0b9ffb20c4dc68d4422db97b7da7b577970650e/data/837_6kUvGV5isBaZJdZo2LN4jA_40.34869365_33.98898036.jpg,84.423,83.64,0.02211
766_unIBYjHkGQRcAkNeLyBguw_50.59991817_-108.41836252,/home/alex/Desktop/school/comp-vis/dataset/datasets--everettshen--StreetView360AtoZ/snapshots/f0b9ffb20c4dc68d4422db97b7da7b577970650e/data/766_unIBYjHkGQRcAkNeLyBguw_50.59991817_-108.41836252.jpg,21.0016,468.21,0.02771
1726_8uzLxTROEZQjs_Fo_VmqYQ_18.08420960_-94.91745976,/home/alex/Desktop/school/comp-vis/dataset/datasets--everettshen--StreetView360AtoZ/snapshots/f0b9ffb20c4dc68d4422db97b7da7b577970650e/data/1726_8uzLxTROEZQjs_Fo_VmqYQ_18.08420960_-94.91745976.jpg,52.6818,411.61,0.010513
2769_plipiviXhKT29YCqBD43uw_44.10219742_3.08729139,/home/alex/Desktop/school/comp-vis/dataset/datasets--everettshen--StreetView360AtoZ/snapshots/f0b9ffb20c4dc68d4422db97b7da7b577970650e/data/2769_plipiviXhKT29YCqBD43uw_44.10219742_3.08729139.jpg,23.8712,162.54,0.016525
365_lUpi4xZL-9ZuRutT94jCVA_15.15260292_120.92408313,/home/alex/Desktop/school/comp-vis/dataset/datasets--everettshen--StreetView360AtoZ/snapshots/f0b9ffb20c4dc68d4422db97b7da7b577970650e/data/365_lUpi4xZL-9ZuRutT94jCVA_15.15260292_120.92408313.jpg,57.8928,94.26,0.01268
3239_PU91B1SVyP85ww-f1yx7-Q_10.53102546_103.72808874,/home/alex/Desktop/school/comp-vis/dataset/datasets--everettshen--StreetView360AtoZ/snapshots/f0b9ffb20c4dc68d4422db97b7da7b577970650e/data/3239_PU91B1SVyP85ww-f1yx7-Q_10.53102546_103.72808874.jpg,25.4104,104.65,0.127045
2082_eZVF20PO1zm5TJDoGnEomg_39.51124939_-96.07648340,/home/alex/Desktop/school/comp-vis/dataset/datasets--everettshen--StreetView360AtoZ/snapshots/f0b9ffb20c4dc68d4422db97b7da7b577970650e/data/2082_eZVF20PO1zm5TJDoGnEomg_39.51124939_-96.07648340.jpg,59.073,49.52,0.083572
1476_xJ9ANv5X6opm2oHbL3UI9w_16.51123597_104.69294902,/home/alex/Desktop/school/comp-vis/dataset/datasets--everettshen--StreetView360AtoZ/snapshots/f0b9ffb20c4dc68d4422db97b7da7b577970650e/data/1476_xJ9ANv5X6opm2oHbL3UI9w_16.51123597_104.69294902.jpg,52.028,65.51,0.010544
18_8p5pfQvMxfp2YRixqDjb5Q_16.47841859_80.97471539,/home/alex/Desktop/school/comp-vis/dataset/datasets--everettshen--StreetView360AtoZ/snapshots/f0b9ffb20c4dc68d4422db97b7da7b577970650e/data/18_8p5pfQvMxfp2YRixqDjb5Q_16.47841859_80.97471539.jpg,45.5831,251.59,0.024094
622_mBd1HS9_Zhg90hEqMhDG-Q_-5.98974024_107.06819600,/home/alex/Desktop/school/comp-vis/dataset/datasets--everettshen--StreetView360AtoZ/snapshots/f0b9ffb20c4dc68d4422db97b7da7b577970650e/data/622_mBd1HS9_Zhg90hEqMhDG-Q_-5.98974024_107.06819600.jpg,55.7234,34.07,0.072891
3406_BX4H70SmklJnCQzzA84g2g_35.48289411_135.35018307,/home/alex/Desktop/school/comp-vis/dataset/datasets--everettshen--StreetView360AtoZ/snapshots/f0b9ffb20c4dc68d4422db97b7da7b577970650e/data/3406_BX4H70SmklJnCQzzA84g2g_35.48289411_135.35018307.jpg,73.4152,182.43,0.063751
3002_2h8CxhSlND_GO85NxOrvbg_30.32692576_78.03461140,/home/alex/Desktop/school/comp-vis/dataset/datasets--everettshen--StreetView360AtoZ/snapshots/f0b9ffb20c4dc68d4422db97b7da7b577970650e/data/3002_2h8CxhSlND_GO85NxOrvbg_30.32692576_78.03461140.jpg,70.1407,231.85,0.351578
2904_xGQx-C15E1EM3Hy3VsfMRQ_-13.64115723_-41.84351502,/home/alex/Desktop/school/comp-vis/dataset/datasets--everettshen--StreetView360AtoZ/snapshots/f0b9ffb20c4dc68d4422db97b7da7b577970650e/data/2904_xGQx-C15E1EM3Hy3VsfMRQ_-13.64115723_-41.84351502.jpg,39.3865,431.34,0.028503
784__eYieXQrgr29LjS9L2ZcDw_43.40972466_-72.84269615,/home/alex/Desktop/school/comp-vis/dataset/datasets--everettshen--StreetView360AtoZ/snapshots/f0b9ffb20c4dc68d4422db97b7da7b577970650e/data/784__eYieXQrgr29LjS9L2ZcDw_43.40972466_-72.84269615.jpg,40.3737,78.34,0.014725
3057_y3zuqg7jcifFC1dKJes3Ww_46.43859861_16.73302486,/home/alex/Desktop/school/comp-vis/dataset/datasets--everettshen--StreetView360AtoZ/snapshots/f0b9ffb20c4dc68d4422db97b7da7b577970650e/data/3057_y3zuqg7jcifFC1dKJes3Ww_46.43859861_16.73302486.jpg,34.7023,405.27,0.049881
2896_ojc_88QRDQQSPQ7ZXjyqLQ_46.72280328_-92.46158360,/home/alex/Desktop/school/comp-vis/dataset/datasets--everettshen--StreetView360AtoZ/snapshots/f0b9ffb20c4dc68d4422db97b7da7b577970650e/data/2896_ojc_88QRDQQSPQ7ZXjyqLQ_46.72280328_-92.46158360.jpg,42.1008,300.47,0.010727
2937_DXhWj5KnVAFVbuLPYd4O3w_18.64970710_-90.26773301,/home/alex/Desktop/school/comp-vis/dataset/datasets--everettshen--StreetView360AtoZ/snapshots/f0b9ffb20c4dc68d4422db97b7da7b577970650e/data/2937_DXhWj5KnVAFVbuLPYd4O3w_18.64970710_-90.26773301.jpg,13.0051,23.66,0.01564
434_7mwRfpf--eCkeVuk4a9iWQ_51.25788288_5.07066319,/home/alex/Desktop/school/comp-vis/dataset/datasets--everettshen--StreetView360AtoZ/snapshots/f0b9ffb20c4dc68d4422db97b7da7b577970650e/data/434_7mwRfpf--eCkeVuk4a9iWQ_51.25788288_5.07066319.jpg,39.142,429.15,0.041595
179_zEVvxXocszMlNZmQ5eWoPQ_39.58831756_-89.78733160,/home/alex/Desktop/school/comp-vis/dataset/datasets--everettshen--StreetView360AtoZ/snapshots/f0b9ffb20c4dc68d4422db97b7da7b577970650e/data/179_zEVvxXocszMlNZmQ5eWoPQ_39.58831756_-89.78733160.jpg,57.834,107.47,0.010132
2206_P2yfEIMa1fy8gVB8a9dZQg_16.91667243_121.65044003,/home/alex/Desktop/school/comp-vis/dataset/datasets--everettshen--StreetView360AtoZ/snapshots/f0b9ffb20c4dc68d4422db97b7da7b577970650e/data/2206_P2yfEIMa1fy8gVB8a9dZQg_16.91667243_121.65044003.jpg,70.7721,185.18,0.069046
149_jDUdqqcbJJiR2vdvlVVE1A_45.70496028_9.72379547,/home/alex/Desktop/school/comp-vis/dataset/datasets--everettshen--StreetView360AtoZ/snapshots/f0b9ffb20c4dc68d4422db97b7da7b577970650e/data/149_jDUdqqcbJJiR2vdvlVVE1A_45.70496028_9.72379547.jpg,26.8543,404.55,0.038895
1724_DgaV7X53PGa0cEq8em0JfA_40.30408184_-73.99235308,/home/alex/Desktop/school/comp-vis/dataset/datasets--everettshen--StreetView360AtoZ/snapshots/f0b9ffb20c4dc68d4422db97b7da7b577970650e/data/1724_DgaV7X53PGa0cEq8em0JfA_40.30408184_-73.99235308.jpg,58.6725,442.77,0.139709
66_tU1l3tjobI8AMMo068AEfg_37.12823230_-7.64941254,/home/alex/Desktop/school/comp-vis/dataset/datasets--everettshen--StreetView360AtoZ/snapshots/f0b9ffb20c4dc68d4422db97b7da7b577970650e/data/66_tU1l3tjobI8AMMo068AEfg_37.12823230_-7.64941254.jpg,43.1968,17.75,0.015411
1762_LhDcp9F7Pu3QO8-CcPuPhQ_48.93025081_15.23940459,/home/alex/Desktop/school/comp-vis/dataset/datasets--everettshen--StreetView360AtoZ/snapshots/f0b9ffb20c4dc68d4422db97b7da7b577970650e/data/1762_LhDcp9F7Pu3QO8-CcPuPhQ_48.93025081_15.23940459.jpg,34.7877,500.61,0.012009
593_Tgre8oGY_4jIVk2Hanrr3g_47.73212404_4.03503335,/home/alex/Desktop/school/comp-vis/dataset/datasets--everettshen--StreetView360AtoZ/snapshots/f0b9ffb20c4dc68d4422db97b7da7b577970650e/data/593_Tgre8oGY_4jIVk2Hanrr3g_47.73212404_4.03503335.jpg,25.3959,209.43,0.014572
2264_xnrCN6YNKwkay4v4cv0faw_37.14723305_-90.17940383,/home/alex/Desktop/school/comp-vis/dataset/datasets--everettshen--StreetView360AtoZ/snapshots/f0b9ffb20c4dc68d4422db97b7da7b577970650e/data/2264_xnrCN6YNKwkay4v4cv0faw_37.14723305_-90.17940383.jpg,40.8754,433.41,0.072311
698_ad7C_n8-rEtzT4wImW_ZFg_44.39876514_-1.12739085,/home/alex/Desktop/school/comp-vis/dataset/datasets--everettshen--StreetView360AtoZ/snapshots/f0b9ffb20c4dc68d4422db97b7da7b577970650e/data/698_ad7C_n8-rEtzT4wImW_ZFg_44.39876514_-1.12739085.jpg,29.849,429.75,0.062347
532_nwcEb8wbl6mBNUlyxR9g1g_52.26906958_-2.15051673,/home/alex/Desktop/school/comp-vis/dataset/datasets--everettshen--StreetView360AtoZ/snapshots/f0b9ffb20c4dc68d4422db97b7da7b577970650e/data/532_nwcEb8wbl6mBNUlyxR9g1g_52.26906958_-2.15051673.jpg,49.3996,454.38,0.090851
1348_8QNZBAaH-9zuEMRmYSM6og_49.99950489_6.01666453,/home/alex/Desktop/school/comp-vis/dataset/datasets--everettshen--StreetView360AtoZ/snapshots/f0b9ffb20c4dc68d4422db97b7da7b577970650e/data/1348_8QNZBAaH-9zuEMRmYSM6og_49.99950489_6.01666453.jpg,23.3378,340.6,0.037689
1479_8O8heKbg2-4N1Ewdl0Kfxw_52.58349782_38.37787470,/home/alex/Desktop/school/comp-vis/dataset/datasets--everettshen--StreetView360AtoZ/snapshots/f0b9ffb20c4dc68d4422db97b7da7b577970650e/data/1479_8O8heKbg2-4N1Ewdl0Kfxw_52.58349782_38.37787470.jpg,46.762,430.67,0.029083
629_3jjdrrIS5YdCdk7M6i08mA_45.03325601_2.54362159,/home/alex/Desktop/school/comp-vis/dataset/datasets--everettshen--StreetView360AtoZ/snapshots/f0b9ffb20c4dc68d4422db97b7da7b577970650e/data/629_3jjdrrIS5YdCdk7M6i08mA_45.03325601_2.54362159.jpg,42.8868,410.27,0.016907
122_jeQCjwQ6fANrK-O-ABH_CQ_36.71148134_-77.56450799,/home/alex/Desktop/school/comp-vis/dataset/datasets--everettshen--StreetView360AtoZ/snapshots/f0b9ffb20c4dc68d4422db97b7da7b577970650e/data/122_jeQCjwQ6fANrK-O-ABH_CQ_36.71148134_-77.56450799.jpg,79.2837,233.35,0.224442
1675_HpqPl68DD1rIvMpOpX0tOw_56.29780491_9.66763558,/home/alex/Desktop/school/comp-vis/dataset/datasets--everettshen--StreetView360AtoZ/snapshots/f0b9ffb20c4dc68d4422db97b7da7b577970650e/data/1675_HpqPl68DD1rIvMpOpX0tOw_56.29780491_9.66763558.jpg,25.0965,149.58,0.036331
486_V5EfRozQitZoYw_FwiVr4A_-11.89038519_-49.16126131,/home/alex/Desktop/school/comp-vis/dataset/datasets--everettshen--StreetView360AtoZ/snapshots/f0b9ffb20c4dc68d4422db97b7da7b577970650e/data/486_V5EfRozQitZoYw_FwiVr4A_-11.89038519_-49.16126131.jpg,71.8326,268.02,0.016586
3064_brzO7czIwQFlQ_1G8ccAXg_22.96079073_75.54518765,/home/alex/Desktop/school/comp-vis/dataset/datasets--everettshen--StreetView360AtoZ/snapshots/f0b9ffb20c4dc68d4422db97b7da7b577970650e/data/3064_brzO7czIwQFlQ_1G8ccAXg_22.96079073_75.54518765.jpg,46.9697,446.73,0.075394
3155_CLDkUiTqb1rBAHgTpTMmdQ_18.73768641_78.46234108,/home/alex/Desktop/school/comp-vis/dataset/datasets--everettshen--StreetView360AtoZ/snapshots/f0b9ffb20c4dc68d4422db97b7da7b577970650e/data/3155_CLDkUiTqb1rBAHgTpTMmdQ_18.73768641_78.46234108.jpg,66.2167,304.18,0.201385
1221_p5aTmHsjlZREYbpyKykCMw_35.35191669_24.43430340,/home/alex/Desktop/school/comp-vis/dataset/datasets--everettshen--StreetView360AtoZ/snapshots/f0b9ffb20c4dc68d4422db97b7da7b577970650e/data/1221_p5aTmHsjlZREYbpyKykCMw_35.35191669_24.43430340.jpg,45.6965,207.19,0.031372
782_cZaLzoXQGu0wWg_Eto5gqg_40.62557267_-4.96982655,/home/alex/Desktop/school/comp-vis/dataset/datasets--everettshen--StreetView360AtoZ/snapshots/f0b9ffb20c4dc68d4422db97b7da7b577970650e/data/782_cZaLzoXQGu0wWg_Eto5gqg_40.62557267_-4.96982655.jpg,46.2918,186.56,0.063065
562_TigTjlk1rZQuW6aG-zDyhg_34.34723125_-85.57966160,/home/alex/Desktop/school/comp-vis/dataset/datasets--everettshen--StreetView360AtoZ/snapshots/f0b9ffb20c4dc68d4422db97b7da7b577970650e/data/562_TigTjlk1rZQuW6aG-zDyhg_34.34723125_-85.57966160.jpg,81.2721,269.53,0.133942
294_sBhjiuPnpZQx30c-HPkBsg_54.97610116_12.33728089,/home/alex/Desktop/school/comp-vis/dataset/datasets--everettshen--StreetView360AtoZ/snapshots/f0b9ffb20c4dc68d4422db97b7da7b577970650e/data/294_sBhjiuPnpZQx30c-HPkBsg_54.97610116_12.33728089.jpg,18.7703,195.4,0.030334
259_Ob2XC_JEb8sUI3MhCncmqw_32.13518217_-89.40268513,/home/alex/Desktop/school/comp-vis/dataset/datasets--everettshen--StreetView360AtoZ/snapshots/f0b9ffb20c4dc68d4422db97b7da7b577970650e/data/259_Ob2XC_JEb8sUI3MhCncmqw_32.13518217_-89.40268513.jpg,62.3655,181.24,0.032852
2861_rMxL9Po7CDEZvu0uoUqnpA_51.18889393_21.10010790,/home/alex/Desktop/school/comp-vis/dataset/datasets--everettshen--StreetView360AtoZ/snapshots/f0b9ffb20c4dc68d4422db97b7da7b577970650e/data/2861_rMxL9Po7CDEZvu0uoUqnpA_51.18889393_21.10010790.jpg,42.836,380.69,0.015381
2719_zKflXzFWIVusvdMUagAH0Q_31.58558236_-102.88991076,/home/alex/Desktop/school/comp-vis/dataset/datasets--everettshen--StreetView360AtoZ/snapshots/f0b9ffb20c4dc68d4422db97b7da7b577970650e/data/2719_zKflXzFWIVusvdMUagAH0Q_31.58558236_-102.88991076.jpg,39.7344,24.89,0.025009
974_cNkHWQ8iE5MVpZBQNDXsPA_43.57967722_7.05353074,/home/alex/Desktop/school/comp-vis/dataset/datasets--everettshen--StreetView360AtoZ/snapshots/f0b9ffb20c4dc68d4422db97b7da7b577970650e/data/974_cNkHWQ8iE5MVpZBQNDXsPA_43.57967722_7.05353074.jpg,23.9985,195.42,0.010132
2645_JI0BIkpjF4XNrh1L9MdF8A_46.76370546_1.82511267,/home/alex/Desktop/school/comp-vis/dataset/datasets--everettshen--StreetView360AtoZ/snapshots/f0b9ffb20c4dc68d4422db97b7da7b577970650e/data/2645_JI0BIkpjF4XNrh1L9MdF8A_46.76370546_1.82511267.jpg,50.4182,353.25,0.031769
2251_9TfYTzuQMBfvqiQpxy5Gdg_23.52980768_89.31666535,/home/alex/Desktop/school/comp-vis/dataset/datasets--everettshen--StreetView360AtoZ/snapshots/f0b9ffb20c4dc68d4422db97b7da7b577970650e/data/2251_9TfYTzuQMBfvqiQpxy5Gdg_23.52980768_89.31666535.jpg,63.4832,347.59,0.04953
53_WXcrJS1YMm0DwzrT8zUeng_34.69219419_135.55571034,/home/alex/Desktop/school/comp-vis/dataset/datasets--everettshen--StreetView360AtoZ/snapshots/f0b9ffb20c4dc68d4422db97b7da7b577970650e/data/53_WXcrJS1YMm0DwzrT8zUeng_34.69219419_135.55571034.jpg,48.6944,359.97,0.037796
1206_Dit_nwzSHiV5ht8OJeewoQ_55.44818906_55.01795739,/home/alex/Desktop/school/comp-vis/dataset/datasets--everettshen--StreetView360AtoZ/snapshots/f0b9ffb20c4dc68d4422db97b7da7b577970650e/data/1206_Dit_nwzSHiV5ht8OJeewoQ_55.44818906_55.01795739.jpg,27.0776,421.96,0.04538
2352_SXXjIzuaFeZq8swXvvKDcQ_-32.73596475_151.58961567,/home/alex/Desktop/school/comp-vis/dataset/datasets--everettshen--StreetView360AtoZ/snapshots/f0b9ffb20c4dc68d4422db97b7da7b577970650e/data/2352_SXXjIzuaFeZq8swXvvKDcQ_-32.73596475_151.58961567.jpg,82.5862,275.57,0.152496
730_wZz5FCiT5-7DpXD_XwWo1Q_37.35789723_13.84926360,/home/alex/Desktop/school/comp-vis/dataset/datasets--everettshen--StreetView360AtoZ/snapshots/f0b9ffb20c4dc68d4422db97b7da7b577970650e/data/730_wZz5FCiT5-7DpXD_XwWo1Q_37.35789723_13.84926360.jpg,47.5641,39.89,0.040405
2836_04pXoFoi6KNvg_HaIAvqEw_37.04026753_-99.98641588,/home/alex/Desktop/school/comp-vis/dataset/datasets--everettshen--StreetView360AtoZ/snapshots/f0b9ffb20c4dc68d4422db97b7da7b577970650e/data/2836_04pXoFoi6KNvg_HaIAvqEw_37.04026753_-99.98641588.jpg,78.0164,298.2,0.164017
80_wnAURrzVfQiEb1zK2vRyMg_-11.58147368_-50.93064115,/home/alex/Desktop/school/comp-vis/dataset/datasets--everettshen--StreetView360AtoZ/snapshots/f0b9ffb20c4dc68d4422db97b7da7b577970650e/data/80_wnAURrzVfQiEb1zK2vRyMg_-11.58147368_-50.93064115.jpg,53.7728,109.38,0.039017
585_pCiBjACQsv9j9fwMm2vmSQ_49.10618101_-118.46627381,/home/alex/Desktop/school/comp-vis/dataset/datasets--everettshen--StreetView360AtoZ/snapshots/f0b9ffb20c4dc68d4422db97b7da7b577970650e/data/585_pCiBjACQsv9j9fwMm2vmSQ_49.10618101_-118.46627381.jpg,42.4732,29.43,0.020035
105_VwWiqJdHcZXPbCgh9A638g_50.72605973_-3.91284941,/home/alex/Desktop/school/comp-vis/dataset/datasets--everettshen--StreetView360AtoZ/snapshots/f0b9ffb20c4dc68d4422db97b7da7b577970650e/data/105_VwWiqJdHcZXPbCgh9A638g_50.72605973_-3.91284941.jpg,29.4807,337.5,0.062973
157_txLOmhc3IWl9hoAiY0_e8A_51.24154422_-2.36334769,/home/alex/Desktop/school/comp-vis/dataset/datasets--everettshen--StreetView360AtoZ/snapshots/f0b9ffb20c4dc68d4422db97b7da7b577970650e/data/157_txLOmhc3IWl9hoAiY0_e8A_51.24154422_-2.36334769.jpg,51.5546,163.02,0.051178
1368__D4xUCbK8Lq8oMUtzOI91g_43.23528918_-102.47094148,/home/alex/Desktop/school/comp-vis/dataset/datasets--everettshen--StreetView360AtoZ/snapshots/f0b9ffb20c4dc68d4422db97b7da7b577970650e/data/1368__D4xUCbK8Lq8oMUtzOI91g_43.23528918_-102.47094148.jpg,33.6843,175.74,0.026199
640_APtNDTBIg2OWEBn4FOXjag_40.16795776_9.17766210,/home/alex/Desktop/school/comp-vis/dataset/datasets--everettshen--StreetView360AtoZ/snapshots/f0b9ffb20c4dc68d4422db97b7da7b577970650e/data/640_APtNDTBIg2OWEBn4FOXjag_40.16795776_9.17766210.jpg,71.5358,283.94,0.283539
2778_QRkhBitIq8UVzVzr4ZSCvw_48.67246269_9.98675121,/home/alex/Desktop/school/comp-vis/dataset/datasets--everettshen--StreetView360AtoZ/snapshots/f0b9ffb20c4dc68d4422db97b7da7b577970650e/data/2778_QRkhBitIq8UVzVzr4ZSCvw_48.67246269_9.98675121.jpg,54.902,196.04,0.011703
2035_l-zCSj98QVRNx_exv3d1Bw_34.87470475_-98.22129310,/home/alex/Desktop/school/comp-vis/dataset/datasets--everettshen--StreetView360AtoZ/snapshots/f0b9ffb20c4dc68d4422db97b7da7b577970650e/data/2035_l-zCSj98QVRNx_exv3d1Bw_34.87470475_-98.22129310.jpg,5.3729,230.19,0.025543
475_3Wmu8gbbRnJ1xlkiZL8Raw_50.26666947_-64.84801140,/home/alex/Desktop/school/comp-vis/dataset/datasets--everettshen--StreetView360AtoZ/snapshots/f0b9ffb20c4dc68d4422db97b7da7b577970650e/data/475_3Wmu8gbbRnJ1xlkiZL8Raw_50.26666947_-64.84801140.jpg,30.7064,472.22,0.031433
1629_YAgD8ipIQxcA_wlcwqCK9g_41.40979730_14.61865224,/home/alex/Desktop/school/comp-vis/dataset/datasets--everettshen--StreetView360AtoZ/snapshots/f0b9ffb20c4dc68d4422db97b7da7b577970650e/data/1629_YAgD8ipIQxcA_wlcwqCK9g_41.40979730_14.61865224.jpg,29.7479,376.79,0.050629
2786_1iU_wwxNjKHUBpthR8dKbw_54.72959750_-1.48072823,/home/alex/Desktop/school/comp-vis/dataset/datasets--everettshen--StreetView360AtoZ/snapshots/f0b9ffb20c4dc68d4422db97b7da7b577970650e/data/2786_1iU_wwxNjKHUBpthR8dKbw_54.72959750_-1.48072823.jpg,45.4329,204.27,0.020187
1253_2Lgv2QFtXRl3b8rUWDgZ4g_41.80892584_-7.33620749,/home/alex/Desktop/school/comp-vis/dataset/datasets--everettshen--StreetView360AtoZ/snapshots/f0b9ffb20c4dc68d4422db97b7da7b577970650e/data/1253_2Lgv2QFtXRl3b8rUWDgZ4g_41.80892584_-7.33620749.jpg,59.5779,135.61,0.011368
962_6Wn7OPSi7jKXh4vL_gYnng_9.01232043_-79.48804053,/home/alex/Desktop/school/comp-vis/dataset/datasets--everettshen--StreetView360AtoZ/snapshots/f0b9ffb20c4dc68d4422db97b7da7b577970650e/data/962_6Wn7OPSi7jKXh4vL_gYnng_9.01232043_-79.48804053.jpg,87.2173,440.87,0.012207
1395_jUoCAG00yyswflMXVwFfjA_39.50621485_-118.85205845,/home/alex/Desktop/school/comp-vis/dataset/datasets--everettshen--StreetView360AtoZ/snapshots/f0b9ffb20c4dc68d4422db97b7da7b577970650e/data/1395_jUoCAG00yyswflMXVwFfjA_39.50621485_-118.85205845.jpg,24.3618,172.69,0.018555
2161_EBJ3ZViBBT_8kowQhdg17g_22.05609399_73.83175555,/home/alex/Desktop/school/comp-vis/dataset/datasets--everettshen--StreetView360AtoZ/snapshots/f0b9ffb20c4dc68d4422db97b7da7b577970650e/data/2161_EBJ3ZViBBT_8kowQhdg17g_22.05609399_73.83175555.jpg,42.4191,411.47,0.154816
2544_eLqgzcXxAdjYyuS-MG86kA_43.38701504_-95.12733780,/home/alex/Desktop/school/comp-vis/dataset/datasets--everettshen--StreetView360AtoZ/snapshots/f0b9ffb20c4dc68d4422db97b7da7b577970650e/data/2544_eLqgzcXxAdjYyuS-MG86kA_43.38701504_-95.12733780.jpg,46.5756,227.17,0.019592
2851_TmP5sU-2Dd3d_g2gV_XQjw_-25.99957212_-49.04704699,/home/alex/Desktop/school/comp-vis/dataset/datasets--everettshen--StreetView360AtoZ/snapshots/f0b9ffb20c4dc68d4422db97b7da7b577970650e/data/2851_TmP5sU-2Dd3d_g2gV_XQjw_-25.99957212_-49.04704699.jpg,82.8397,217.43,0.13974
3430_J5ixaYFQpWEdX111QzIgow_21.34227586_71.30650692,/home/alex/Desktop/school/comp-vis/dataset/datasets--everettshen--StreetView360AtoZ/snapshots/f0b9ffb20c4dc68d4422db97b7da7b577970650e/data/3430_J5ixaYFQpWEdX111QzIgow_21.34227586_71.30650692.jpg,68.0815,391.01,0.023651
1673_dt1KKKVDaO4ND4jBrsN9yw_48.17047822_12.14950139,/home/alex/Desktop/school/comp-vis/dataset/datasets--everettshen--StreetView360AtoZ/snapshots/f0b9ffb20c4dc68d4422db97b7da7b577970650e/data/1673_dt1KKKVDaO4ND4jBrsN9yw_48.17047822_12.14950139.jpg,72.5456,61.09,0.033508
381_8XVzu6PLrU3BrnOpHZTwdg_40.00704994_18.42568553,/home/alex/Desktop/school/comp-vis/dataset/datasets--everettshen--StreetView360AtoZ/snapshots/f0b9ffb20c4dc68d4422db97b7da7b577970650e/data/381_8XVzu6PLrU3BrnOpHZTwdg_40.00704994_18.42568553.jpg,71.2442,314.11,0.038986
3101_oSyh_rzqCtPai5cA3UTIZA_-33.83123336_20.05585748,/home/alex/Desktop/school/comp-vis/dataset/datasets--everettshen--StreetView360AtoZ/snapshots/f0b9ffb20c4dc68d4422db97b7da7b577970650e/data/3101_oSyh_rzqCtPai5cA3UTIZA_-33.83123336_20.05585748.jpg,46.8803,425.72,0.139252
3031_i-d2lQxiJ7PtCEBpqo33pA_53.13332417_6.55013276,/home/alex/Desktop/school/comp-vis/dataset/datasets--everettshen--StreetView360AtoZ/snapshots/f0b9ffb20c4dc68d4422db97b7da7b577970650e/data/3031_i-d2lQxiJ7PtCEBpqo33pA_53.13332417_6.55013276.jpg,47.7374,93.45,0.058731
3344_Iq_Uq8rRXGSD83KcDkqFKQ_26.08053046_71.78439903,/home/alex/Desktop/school/comp-vis/dataset/datasets--everettshen--StreetView360AtoZ/snapshots/f0b9ffb20c4dc68d4422db97b7da7b577970650e/data/3344_Iq_Uq8rRXGSD83KcDkqFKQ_26.08053046_71.78439903.jpg,50.6503,316.87,0.10788
3197_6Zur2oG-51-XaXkOwavRaw_46.17243272_10.09259855,/home/alex/Desktop/school/comp-vis/dataset/datasets--everettshen--StreetView360AtoZ/snapshots/f0b9ffb20c4dc68d4422db97b7da7b577970650e/data/3197_6Zur2oG-51-XaXkOwavRaw_46.17243272_10.09259855.jpg,45.7621,145.4,0.07962
1404_K-4-uITuEeMn6P9XVwCJGA_39.34069923_-76.50554775,/home/alex/Desktop/school/comp-vis/dataset/datasets--everettshen--StreetView360AtoZ/snapshots/f0b9ffb20c4dc68d4422db97b7da7b577970650e/data/1404_K-4-uITuEeMn6P9XVwCJGA_39.34069923_-76.50554775.jpg,29.9504,82.26,0.081879
164_79hyeUhOhwmd-I3pXV84YQ_61.55522858_9.94070428,/home/alex/Desktop/school/comp-vis/dataset/datasets--everettshen--StreetView360AtoZ/snapshots/f0b9ffb20c4dc68d4422db97b7da7b577970650e/data/164_79hyeUhOhwmd-I3pXV84YQ_61.55522858_9.94070428.jpg,28.4411,479.59,0.015533
757_p57eH32nxFNbr3fzGzMIeQ_31.51841699_74.79554516,/home/alex/Desktop/school/comp-vis/dataset/datasets--everettshen--StreetView360AtoZ/snapshots/f0b9ffb20c4dc68d4422db97b7da7b577970650e/data/757_p57eH32nxFNbr3fzGzMIeQ_31.51841699_74.79554516.jpg,69.1771,34.41,0.012711
2918_VNmE-mDPAZs_89C3F_Jm0Q_33.25181722_-95.37645232,/home/alex/Desktop/school/comp-vis/dataset/datasets--everettshen--StreetView360AtoZ/snapshots/f0b9ffb20c4dc68d4422db97b7da7b577970650e/data/2918_VNmE-mDPAZs_89C3F_Jm0Q_33.25181722_-95.37645232.jpg,35.0918,136.56,0.100952
2196_JeU4agYA7_LwEVliivRe5w_24.09673691_-110.38723112,/home/alex/Desktop/school/comp-vis/dataset/datasets--everettshen--StreetView360AtoZ/snapshots/f0b9ffb20c4dc68d4422db97b7da7b577970650e/data/2196_JeU4agYA7_LwEVliivRe5w_24.09673691_-110.38723112.jpg,82.4042,125.49,0.026047
2280_Qw0AjU9i_QVLK8CiAuTx-A_-33.60856044_25.92255693,/home/alex/Desktop/school/comp-vis/dataset/datasets--everettshen--StreetView360AtoZ/snapshots/f0b9ffb20c4dc68d4422db97b7da7b577970650e/data/2280_Qw0AjU9i_QVLK8CiAuTx-A_-33.60856044_25.92255693.jpg,75.5689,402.31,0.035553
481_iJ1atiA3-FMccFaT9uwcrQ_45.93325543_8.56776310,/home/alex/Desktop/school/comp-vis/dataset/datasets--everettshen--StreetView360AtoZ/snapshots/f0b9ffb20c4dc68d4422db97b7da7b577970650e/data/481_iJ1atiA3-FMccFaT9uwcrQ_45.93325543_8.56776310.jpg,21.8886,405.08,0.010071
1334_r_KPCjbpT2lX-8OoFhdnwQ_45.41757879_3.28442160,/home/alex/Desktop/school/comp-vis/dataset/datasets--everettshen--StreetView360AtoZ/snapshots/f0b9ffb20c4dc68d4422db97b7da7b577970650e/data/1334_r_KPCjbpT2lX-8OoFhdnwQ_45.41757879_3.28442160.jpg,33.2631,259.15,0.053284
1914_TmH6iDogP8altKkBATFp9w_40.81222838_-73.96097443,/home/alex/Desktop/school/comp-vis/dataset/datasets--everettshen--StreetView360AtoZ/snapshots/f0b9ffb20c4dc68d4422db97b7da7b577970650e/data/1914_TmH6iDogP8altKkBATFp9w_40.81222838_-73.96097443.jpg,47.1982,90.31,0.06662
1746_MOLx4cIEGMOwJZost9tuNQ_41.19276244_-2.70682392,/home/alex/Desktop/school/comp-vis/dataset/datasets--everettshen--StreetView360AtoZ/snapshots/f0b9ffb20c4dc68d4422db97b7da7b577970650e/data/1746_MOLx4cIEGMOwJZost9tuNQ_41.19276244_-2.70682392.jpg,39.6108,198.25,0.051849
779_czcKi5ljPARQSvIkZOFyTA_50.88942465_13.81127253,/home/alex/Desktop/school/comp-vis/dataset/datasets--everettshen--StreetView360AtoZ/snapshots/f0b9ffb20c4dc68d4422db97b7da7b577970650e/data/779_czcKi5ljPARQSvIkZOFyTA_50.88942465_13.81127253.jpg,49.1539,449.85,0.03331
1464_Ik9DiMCMQL2aB0jSCJUh7A_21.96606143_-103.35897014,/home/alex/Desktop/school/comp-vis/dataset/datasets--everettshen--StreetView360AtoZ/snapshots/f0b9ffb20c4dc68d4422db97b7da7b577970650e/data/1464_Ik9DiMCMQL2aB0jSCJUh7A_21.96606143_-103.35897014.jpg,83.9425,166.04,0.084839
1327_TseWta_X7IzjdAsMzD5LvA_-34.74241816_138.70884081,/home/alex/Desktop/school/comp-vis/dataset/datasets--everettshen--StreetView360AtoZ/snapshots/f0b9ffb20c4dc68d4422db97b7da7b577970650e/data/1327_TseWta_X7IzjdAsMzD5LvA_-34.74241816_138.70884081.jpg,52.8712,278.43,0.020889
1650_FJbokGeF7TZRtOl5mqXIiQ_-39.43323230_174.08374535,/home/alex/Desktop/school/comp-vis/dataset/datasets--everettshen--StreetView360AtoZ/snapshots/f0b9ffb20c4dc68d4422db97b7da7b577970650e/data/1650_FJbokGeF7TZRtOl5mqXIiQ_-39.43323230_174.08374535.jpg,10.0636,474.2,0.030197
1118_E2UrzH03lMWowuiNOBO_wQ_45.47302606_12.10198859,/home/alex/Desktop/school/comp-vis/dataset/datasets--everettshen--StreetView360AtoZ/snapshots/f0b9ffb20c4dc68d4422db97b7da7b577970650e/data/1118_E2UrzH03lMWowuiNOBO_wQ_45.47302606_12.10198859.jpg,80.1085,441.27,0.045105
101_YGPjakBVAVG3XrdV3U71tw_43.65983229_-90.80027294,/home/alex/Desktop/school/comp-vis/dataset/datasets--everettshen--StreetView360AtoZ/snapshots/f0b9ffb20c4dc68d4422db97b7da7b577970650e/data/101_YGPjakBVAVG3XrdV3U71tw_43.65983229_-90.80027294.jpg,38.1629,429.63,0.129791
2733_BQT5Y-xMsckd881Iu1JEWg_50.01654105_20.88243172,/home/alex/Desktop/school/comp-vis/dataset/datasets--everettshen--StreetView360AtoZ/snapshots/f0b9ffb20c4dc68d4422db97b7da7b577970650e/data/2733_BQT5Y-xMsckd881Iu1JEWg_50.01654105_20.88243172.jpg,17.2828,229.94,0.012497
407_d1fL1hvgDZRmOUzcE7CV_w_23.08958700_120.31823519,/home/alex/Desktop/school/comp-vis/dataset/datasets--everettshen--StreetView360AtoZ/snapshots/f0b9ffb20c4dc68d4422db97b7da7b577970650e/data/407_d1fL1hvgDZRmOUzcE7CV_w_23.08958700_120.31823519.jpg,49.4822,399.55,0.014664
1688_GrCrbNZ3UeyQEj-W9mbgPw_43.53793105_-5.66201100,/home/alex/Desktop/school/comp-vis/dataset/datasets--everettshen--StreetView360AtoZ/snapshots/f0b9ffb20c4dc68d4422db97b7da7b577970650e/data/1688_GrCrbNZ3UeyQEj-W9mbgPw_43.53793105_-5.66201100.jpg,29.5827,350.86,0.014511
395_npo9ssh6UPbrGnAVqc-ILg_41.61091130_14.06980096,/home/alex/Desktop/school/comp-vis/dataset/datasets--everettshen--StreetView360AtoZ/snapshots/f0b9ffb20c4dc68d4422db97b7da7b577970650e/data/395_npo9ssh6UPbrGnAVqc-ILg_41.61091130_14.06980096.jpg,55.5468,98.62,0.024261
539_vn3NDAIpOJnyVBpVfyrRtA_-40.76033006_145.29599498,/home/alex/Desktop/school/comp-vis/dataset/datasets--everettshen--StreetView360AtoZ/snapshots/f0b9ffb20c4dc68d4422db97b7da7b577970650e/data/539_vn3NDAIpOJnyVBpVfyrRtA_-40.76033006_145.29599498.jpg,41.9086,383.34,0.022385
616_FUqC-utRzEQjeQRpa1I2RA_51.98641826_21.58672484,/home/alex/Desktop/school/comp-vis/dataset/datasets--everettshen--StreetView360AtoZ/snapshots/f0b9ffb20c4dc68d4422db97b7da7b577970650e/data/616_FUqC-utRzEQjeQRpa1I2RA_51.98641826_21.58672484.jpg,30.801,347.68,0.030472
446_XIj0qbu_IDyH4xYGEpoSKA_35.29368480_-2.93832142,/home/alex/Desktop/school/comp-vis/dataset/datasets--everettshen--StreetView360AtoZ/snapshots/f0b9ffb20c4dc68d4422db97b7da7b577970650e/data/446_XIj0qbu_IDyH4xYGEpoSKA_35.29368480_-2.93832142.jpg,54.7813,240.9,0.06604
1607_G3NGT21936XhKIk7qQFKyQ_16.48926853_78.41216365,/home/alex/Desktop/school/comp-vis/dataset/datasets--everettshen--StreetView360AtoZ/snapshots/f0b9ffb20c4dc68d4422db97b7da7b577970650e/data/1607_G3NGT21936XhKIk7qQFKyQ_16.48926853_78.41216365.jpg,36.8855,319.4,0.099686
634_yaq2Aj9kHF_M_RL1YhMmgw_44.87125864_8.08921107,/home/alex/Desktop/school/comp-vis/dataset/datasets--everettshen--StreetView360AtoZ/snapshots/f0b9ffb20c4dc68d4422db97b7da7b577970650e/data/634_yaq2Aj9kHF_M_RL1YhMmgw_44.87125864_8.08921107.jpg,37.7679,197.89,0.02301
583_fV7ptxGJVALYIz8m_Xw6Hg_32.74443917_-81.16708449,/home/alex/Desktop/school/comp-vis/dataset/datasets--everettshen--StreetView360AtoZ/snapshots/f0b9ffb20c4dc68d4422db97b7da7b577970650e/data/583_fV7ptxGJVALYIz8m_Xw6Hg_32.74443917_-81.16708449.jpg,26.7204,417.17,0.06105
811_anlpAIc_89vjpk2kyw1Rgw_-28.69984323_24.71657645,/home/alex/Desktop/school/comp-vis/dataset/datasets--everettshen--StreetView360AtoZ/snapshots/f0b9ffb20c4dc68d4422db97b7da7b577970650e/data/811_anlpAIc_89vjpk2kyw1Rgw_-28.69984323_24.71657645.jpg,44.6364,185.76,0.01033
407_xZzbak05lw9KkQ1Qlkq0fg_-17.77219552_-42.67616132,/home/alex/Desktop/school/comp-vis/dataset/datasets--everettshen--StreetView360AtoZ/snapshots/f0b9ffb20c4dc68d4422db97b7da7b577970650e/data/407_xZzbak05lw9KkQ1Qlkq0fg_-17.77219552_-42.67616132.jpg,60.4825,47.22,0.012222
742_2oAvvjnnYjxcYZ1_6QvuMg_45.37774853_-89.19484232,/home/alex/Desktop/school/comp-vis/dataset/datasets--everettshen--StreetView360AtoZ/snapshots/f0b9ffb20c4dc68d4422db97b7da7b577970650e/data/742_2oAvvjnnYjxcYZ1_6QvuMg_45.37774853_-89.19484232.jpg,29.0071,62.96,0.016083
550_axFwqKIhfsH22GUsd_sx2A_45.59671228_-75.01052466,/home/alex/Desktop/school/comp-vis/dataset/datasets--everettshen--StreetView360AtoZ/snapshots/f0b9ffb20c4dc68d4422db97b7da7b577970650e/data/550_axFwqKIhfsH22GUsd_sx2A_45.59671228_-75.01052466.jpg,49.4286,335.33,0.056107
1736_7F6nk8G2UCD84Zo5mW0teQ_33.09722666_-85.52452062,/home/alex/Desktop/school/comp-vis/dataset/datasets--everettshen--StreetView360AtoZ/snapshots/f0b9ffb20c4dc68d4422db97b7da7b577970650e/data/1736_7F6nk8G2UCD84Zo5mW0teQ_33.09722666_-85.52452062.jpg,30.9388,80.1,0.074265
1401_QqbwNcmXz0PDtJPghCs5BA_59.36043876_13.93122657,/home/alex/Desktop/school/comp-vis/dataset/datasets--everettshen--StreetView360AtoZ/snapshots/f0b9ffb20c4dc68d4422db97b7da7b577970650e/data/1401_QqbwNcmXz0PDtJPghCs5BA_59.36043876_13.93122657.jpg,17.2794,214.0,0.026703
909_BNHT2ioRjAifbAH0-c4P0g_55.59785644_8.39444022,/home/alex/Desktop/school/comp-vis/dataset/datasets--everettshen--StreetView360AtoZ/snapshots/f0b9ffb20c4dc68d4422db97b7da7b577970650e/data/909_BNHT2ioRjAifbAH0-c4P0g_55.59785644_8.39444022.jpg,27.8428,17.09,0.026093
806_F_aT1tCq-PPptt2d1mceaQ_46.86900521_1.72111743,/home/alex/Desktop/school/comp-vis/dataset/datasets--everettshen--StreetView360AtoZ/snapshots/f0b9ffb20c4dc68d4422db97b7da7b577970650e/data/806_F_aT1tCq-PPptt2d1mceaQ_46.86900521_1.72111743.jpg,27.3719,40.9,0.023254
1263_vTNUOhUNHgniXRhSLv3HbA_41.93290973_25.89972634,/home/alex/Desktop/school/comp-vis/dataset/datasets--everettshen--StreetView360AtoZ/snapshots/f0b9ffb20c4dc68d4422db97b7da7b577970650e/data/1263_vTNUOhUNHgniXRhSLv3HbA_41.93290973_25.89972634.jpg,71.1166,414.72,0.034149
1704_iX8gYLarDtBO9nyu28GnPA_39.33154400_21.68802237,/home/alex/Desktop/school/comp-vis/dataset/datasets--everettshen--StreetView360AtoZ/snapshots/f0b9ffb20c4dc68d4422db97b7da7b577970650e/data/1704_iX8gYLarDtBO9nyu28GnPA_39.33154400_21.68802237.jpg,22.6651,436.65,0.015961
2701_zWQsVtC-CyDb08ZCKZHclg_37.34885085_-120.97957218,/home/alex/Desktop/school/comp-vis/dataset/datasets--everettshen--StreetView360AtoZ/snapshots/f0b9ffb20c4dc68d4422db97b7da7b577970650e/data/2701_zWQsVtC-CyDb08ZCKZHclg_37.34885085_-120.97957218.jpg,47.6549,90.01,0.02388
37_UvgeLp63gy84MkbgdvIk6g_48.21816638_-101.28420131,/home/alex/Desktop/school/comp-vis/dataset/datasets--everettshen--StreetView360AtoZ/snapshots/f0b9ffb20c4dc68d4422db97b7da7b577970650e/data/37_UvgeLp63gy84MkbgdvIk6g_48.21816638_-101.28420131.jpg,73.2244,302.31,0.014114
541_SF6tJyEjD_HxNxMBt12RsA_45.11549961_-123.31623420,/home/alex/Desktop/school/comp-vis/dataset/datasets--everettshen--StreetView360AtoZ/snapshots/f0b9ffb20c4dc68d4422db97b7da7b577970650e/data/541_SF6tJyEjD_HxNxMBt12RsA_45.11549961_-123.31623420.jpg,18.2156,97.35,0.086426
2087_EJXgkJzlhITATN_rmWCU7Q_37.74472455_38.26780112,/home/alex/Desktop/school/comp-vis/dataset/datasets--everettshen--StreetView360AtoZ/snapshots/f0b9ffb20c4dc68d4422db97b7da7b577970650e/data/2087_EJXgkJzlhITATN_rmWCU7Q_37.74472455_38.26780112.jpg,14.1615,471.03,0.026199
1158_pj2Vb4lppU-zEB8K1VWgWg_34.88257605_-82.27213064,/home/alex/Desktop/school/comp-vis/dataset/datasets--everettshen--StreetView360AtoZ/snapshots/f0b9ffb20c4dc68d4422db97b7da7b577970650e/data/1158_pj2Vb4lppU-zEB8K1VWgWg_34.88257605_-82.27213064.jpg,31.4435,344.46,0.031891
3219_LUepb3Ueu_wzn66-xozhsA_45.62152181_-70.08636471,/home/alex/Desktop/school/comp-vis/dataset/datasets--everettshen--StreetView360AtoZ/snapshots/f0b9ffb20c4dc68d4422db97b7da7b577970650e/data/3219_LUepb3Ueu_wzn66-xozhsA_45.62152181_-70.08636471.jpg,39.4202,303.91,0.024475
1185_uKVgeJVe-QqXRHZoboCp7w_-29.92013553_30.96470007,/home/alex/Desktop/school/comp-vis/dataset/datasets--everettshen--StreetView360AtoZ/snapshots/f0b9ffb20c4dc68d4422db97b7da7b577970650e/data/1185_uKVgeJVe-QqXRHZoboCp7w_-29.92013553_30.96470007.jpg,65.4091,134.29,0.016464
165_qx7IMdSvZhvb_AbkuQxgvw_60.14677229_24.41572684,/home/alex/Desktop/school/comp-vis/dataset/datasets--everettshen--StreetView360AtoZ/snapshots/f0b9ffb20c4dc68d4422db97b7da7b577970650e/data/165_qx7IMdSvZhvb_AbkuQxgvw_60.14677229_24.41572684.jpg,43.7045,252.85,0.048218
292_R6mnFKXofkWuE_qiq3hNaQ_3.21654641_101.71636883,/home/alex/Desktop/school/comp-vis/dataset/datasets--everettshen--StreetView360AtoZ/snapshots/f0b9ffb20c4dc68d4422db97b7da7b577970650e/data/292_R6mnFKXofkWuE_qiq3hNaQ_3.21654641_101.71636883.jpg,67.7823,169.8,0.089401
638_nQVzGCH5zdPw3MgM5vVXtQ_63.42590531_10.39610904,/home/alex/Desktop/school/comp-vis/dataset/datasets--everettshen--StreetView360AtoZ/snapshots/f0b9ffb20c4dc68d4422db97b7da7b577970650e/data/638_nQVzGCH5zdPw3MgM5vVXtQ_63.42590531_10.39610904.jpg,25.9956,304.07,0.014191
580_g4T2o1Tpxk7ehHZFCzhnAA_38.24672261_-97.34602102,/home/alex/Desktop/school/comp-vis/dataset/datasets--everettshen--StreetView360AtoZ/snapshots/f0b9ffb20c4dc68d4422db97b7da7b577970650e/data/580_g4T2o1Tpxk7ehHZFCzhnAA_38.24672261_-97.34602102.jpg,37.8214,306.53,0.101517
2843_K-4-uITuEeMn6P9XVwCJGA_39.34069923_-76.50554775,/home/alex/Desktop/school/comp-vis/dataset/datasets--everettshen--StreetView360AtoZ/snapshots/f0b9ffb20c4dc68d4422db97b7da7b577970650e/data/2843_K-4-uITuEeMn6P9XVwCJGA_39.34069923_-76.50554775.jpg,29.9504,82.26,0.081879
781_GQGqprB9Im_kal0M12jhRQ_47.92413721_-3.47746522,/home/alex/Desktop/school/comp-vis/dataset/datasets--everettshen--StreetView360AtoZ/snapshots/f0b9ffb20c4dc68d4422db97b7da7b577970650e/data/781_GQGqprB9Im_kal0M12jhRQ_47.92413721_-3.47746522.jpg,32.9547,40.8,0.068115
615_TIfRG6fNjAgQ7QmtZsxaYQ_58.08340976_13.51634610,/home/alex/Desktop/school/comp-vis/dataset/datasets--everettshen--StreetView360AtoZ/snapshots/f0b9ffb20c4dc68d4422db97b7da7b577970650e/data/615_TIfRG6fNjAgQ7QmtZsxaYQ_58.08340976_13.51634610.jpg,35.164,440.13,0.04895
668_2AhqCCCQ2qw3ihoY4UnlCw_53.74344630_-7.92353229,/home/alex/Desktop/school/comp-vis/dataset/datasets--everettshen--StreetView360AtoZ/snapshots/f0b9ffb20c4dc68d4422db97b7da7b577970650e/data/668_2AhqCCCQ2qw3ihoY4UnlCw_53.74344630_-7.92353229.jpg,47.5869,272.8,0.031433
1805_tFz_0ckDK4IUTdJtMkOGbw_36.86670707_-80.41561869,/home/alex/Desktop/school/comp-vis/dataset/datasets--everettshen--StreetView360AtoZ/snapshots/f0b9ffb20c4dc68d4422db97b7da7b577970650e/data/1805_tFz_0ckDK4IUTdJtMkOGbw_36.86670707_-80.41561869.jpg,48.3492,486.76,0.057327
2451_cIFRsdN3qS9AdnvR8e019A_26.11011365_-103.42695927,/home/alex/Desktop/school/comp-vis/dataset/datasets--everettshen--StreetView360AtoZ/snapshots/f0b9ffb20c4dc68d4422db97b7da7b577970650e/data/2451_cIFRsdN3qS9AdnvR8e019A_26.11011365_-103.42695927.jpg,50.4014,111.4,0.040176
1788_iUE2vpKsk8R5-aVM4_2oOw_13.34984864_77.45320188,/home/alex/Desktop/school/comp-vis/dataset/datasets--everettshen--StreetView360AtoZ/snapshots/f0b9ffb20c4dc68d4422db97b7da7b577970650e/data/1788_iUE2vpKsk8R5-aVM4_2oOw_13.34984864_77.45320188.jpg,36.3753,459.49,0.109726
1220_c3eSFrjC94dRQpm4cleKFg_19.10792358_77.49288234,/home/alex/Desktop/school/comp-vis/dataset/datasets--everettshen--StreetView360AtoZ/snapshots/f0b9ffb20c4dc68d4422db97b7da7b577970650e/data/1220_c3eSFrjC94dRQpm4cleKFg_19.10792358_77.49288234.jpg,43.1196,298.21,0.226898
809_d8XVfdPl4cJZsRtZPpveUA_44.51675778_6.01731845,/home/alex/Desktop/school/comp-vis/dataset/datasets--everettshen--StreetView360AtoZ/snapshots/f0b9ffb20c4dc68d4422db97b7da7b577970650e/data/809_d8XVfdPl4cJZsRtZPpveUA_44.51675778_6.01731845.jpg,35.4418,175.32,0.029175
1079_p1Wji9c5LsB5z7SAWR-KMQ_46.55672763_18.59001592,/home/alex/Desktop/school/comp-vis/dataset/datasets--everettshen--StreetView360AtoZ/snapshots/f0b9ffb20c4dc68d4422db97b7da7b577970650e/data/1079_p1Wji9c5LsB5z7SAWR-KMQ_46.55672763_18.59001592.jpg,23.2968,472.65,0.01683
2850_mbj5OHLOjEStFJMehRKryg_51.59603889_16.04563145,/home/alex/Desktop/school/comp-vis/dataset/datasets--everettshen--StreetView360AtoZ/snapshots/f0b9ffb20c4dc68d4422db97b7da7b577970650e/data/2850_mbj5OHLOjEStFJMehRKryg_51.59603889_16.04563145.jpg,21.6919,484.49,0.023605
960_LTS8_Z7xSLfkMeZGZUGr8g_55.07346497_8.93171251,/home/alex/Desktop/school/comp-vis/dataset/datasets--everettshen--StreetView360AtoZ/snapshots/f0b9ffb20c4dc68d4422db97b7da7b577970650e/data/960_LTS8_Z7xSLfkMeZGZUGr8g_55.07346497_8.93171251.jpg,29.2878,70.44,0.051331
537_MsEGbK_s7qLuUupvgm2LhA_-34.20942779_142.20237323,/home/alex/Desktop/school/comp-vis/dataset/datasets--everettshen--StreetView360AtoZ/snapshots/f0b9ffb20c4dc68d4422db97b7da7b577970650e/data/537_MsEGbK_s7qLuUupvgm2LhA_-34.20942779_142.20237323.jpg,25.6115,176.31,0.052719
3292_kv23EDunkiOKUkut_CuCnw_37.14183186_-78.54369800,/home/alex/Desktop/school/comp-vis/dataset/datasets--everettshen--StreetView360AtoZ/snapshots/f0b9ffb20c4dc68d4422db97b7da7b577970650e/data/3292_kv23EDunkiOKUkut_CuCnw_37.14183186_-78.54369800.jpg,83.7083,218.48,0.1138
929_DEtQqOGmFjhRSAEKxZSYbw_47.46633892_-121.75004674,/home/alex/Desktop/school/comp-vis/dataset/datasets--everettshen--StreetView360AtoZ/snapshots/f0b9ffb20c4dc68d4422db97b7da7b577970650e/data/929_DEtQqOGmFjhRSAEKxZSYbw_47.46633892_-121.75004674.jpg,44.5678,122.12,0.023758
778_-1Do2qRUhozYCarTx9OAbA_31.71179342_75.65501293,/home/alex/Desktop/school/comp-vis/dataset/datasets--everettshen--StreetView360AtoZ/snapshots/f0b9ffb20c4dc68d4422db97b7da7b577970650e/data/778_-1Do2qRUhozYCarTx9OAbA_31.71179342_75.65501293.jpg,44.8719,102.96,0.203262
1475_gt8D-YgY7yiRb4ZbaqDeKg_52.23207853_6.93953773,/home/alex/Desktop/school/comp-vis/dataset/datasets--everettshen--StreetView360AtoZ/snapshots/f0b9ffb20c4dc68d4422db97b7da7b577970650e/data/1475_gt8D-YgY7yiRb4ZbaqDeKg_52.23207853_6.93953773.jpg,62.1549,334.73,0.025314
1759_qtXOIOxr-R32TqktHJT0SA_25.93168163_85.03840567,/home/alex/Desktop/school/comp-vis/dataset/datasets--everettshen--StreetView360AtoZ/snapshots/f0b9ffb20c4dc68d4422db97b7da7b577970650e/data/1759_qtXOIOxr-R32TqktHJT0SA_25.93168163_85.03840567.jpg,47.754,44.26,0.097366
2770_raae8Yt9RO994Rt5N_n20Q_42.82979729_-103.00342987,/home/alex/Desktop/school/comp-vis/dataset/datasets--everettshen--StreetView360AtoZ/snapshots/f0b9ffb20c4dc68d4422db97b7da7b577970650e/data/2770_raae8Yt9RO994Rt5N_n20Q_42.82979729_-103.00342987.jpg,16.4643,121.25,0.015915
3118_p3Gv3z77xRfCtIsiOjFUww_23.07967791_80.05771630,/home/alex/Desktop/school/comp-vis/dataset/datasets--everettshen--StreetView360AtoZ/snapshots/f0b9ffb20c4dc68d4422db97b7da7b577970650e/data/3118_p3Gv3z77xRfCtIsiOjFUww_23.07967791_80.05771630.jpg,72.7386,332.38,0.271194
534_oDWlHnGQRz8atSqFnQvskQ_-33.39630937_25.54701243,/home/alex/Desktop/school/comp-vis/dataset/datasets--everettshen--StreetView360AtoZ/snapshots/f0b9ffb20c4dc68d4422db97b7da7b577970650e/data/534_oDWlHnGQRz8atSqFnQvskQ_-33.39630937_25.54701243.jpg,36.7021,359.64,0.010101
1628_dzIJbiB9pNaRyDxmFUr7MA_40.57291557_16.86596774,/home/alex/Desktop/school/comp-vis/dataset/datasets--everettshen--StreetView360AtoZ/snapshots/f0b9ffb20c4dc68d4422db97b7da7b577970650e/data/1628_dzIJbiB9pNaRyDxmFUr7MA_40.57291557_16.86596774.jpg,64.3527,476.41,0.014481
1525_wJw5IyFvmWaoJywgb7y_Vw_11.45841733_77.61743441,/home/alex/Desktop/school/comp-vis/dataset/datasets--everettshen--StreetView360AtoZ/snapshots/f0b9ffb20c4dc68d4422db97b7da7b577970650e/data/1525_wJw5IyFvmWaoJywgb7y_Vw_11.45841733_77.61743441.jpg,50.6497,406.73,0.081329
2348_8JolQhKmyjouCbLe8VBmKQ_59.27252539_18.28444700,/home/alex/Desktop/school/comp-vis/dataset/datasets--everettshen--StreetView360AtoZ/snapshots/f0b9ffb20c4dc68d4422db97b7da7b577970650e/data/2348_8JolQhKmyjouCbLe8VBmKQ_59.27252539_18.28444700.jpg,39.5455,249.93,0.048096
420_PfV4fnRkLN9fOS0iYgCOtg_32.58318975_-93.26024140,/home/alex/Desktop/school/comp-vis/dataset/datasets--everettshen--StreetView360AtoZ/snapshots/f0b9ffb20c4dc68d4422db97b7da7b577970650e/data/420_PfV4fnRkLN9fOS0iYgCOtg_32.58318975_-93.26024140.jpg,37.8003,166.65,0.060913
1305_uRxe241EBeD-T5JkhNstbw_51.44957816_5.51923614,/home/alex/Desktop/school/comp-vis/dataset/datasets--everettshen--StreetView360AtoZ/snapshots/f0b9ffb20c4dc68d4422db97b7da7b577970650e/data/1305_uRxe241EBeD-T5JkhNstbw_51.44957816_5.51923614.jpg,44.4404,164.23,0.041901
1943_uDHlzHA93iGrNfEglfG0EA_-15.48373153_-70.16708600,/home/alex/Desktop/school/comp-vis/dataset/datasets--everettshen--StreetView360AtoZ/snapshots/f0b9ffb20c4dc68d4422db97b7da7b577970650e/data/1943_uDHlzHA93iGrNfEglfG0EA_-15.48373153_-70.16708600.jpg,14.3909,40.56,0.049896
1583_8Bc0aHM9FxSUQAqxKqInqA_45.55761462_10.04963139,/home/alex/Desktop/school/comp-vis/dataset/datasets--everettshen--StreetView360AtoZ/snapshots/f0b9ffb20c4dc68d4422db97b7da7b577970650e/data/1583_8Bc0aHM9FxSUQAqxKqInqA_45.55761462_10.04963139.jpg,22.6018,133.03,0.035446
26_3avPxqBXPJb-QVKmuG9jKA_-42.31815138_173.74408487,/home/alex/Desktop/school/comp-vis/dataset/datasets--everettshen--StreetView360AtoZ/snapshots/f0b9ffb20c4dc68d4422db97b7da7b577970650e/data/26_3avPxqBXPJb-QVKmuG9jKA_-42.31815138_173.74408487.jpg,9.0426,364.33,0.04155
2200_Tz_V87D2ij6V1waduEW3jw_28.23514664_80.86098173,/home/alex/Desktop/school/comp-vis/dataset/datasets--everettshen--StreetView360AtoZ/snapshots/f0b9ffb20c4dc68d4422db97b7da7b577970650e/data/2200_Tz_V87D2ij6V1waduEW3jw_28.23514664_80.86098173.jpg,71.2403,293.75,0.277756
2990_R7mtaYtK5HRt1WLewN4INg_41.80656869_-96.47867660,/home/alex/Desktop/school/comp-vis/dataset/datasets--everettshen--StreetView360AtoZ/snapshots/f0b9ffb20c4dc68d4422db97b7da7b577970650e/data/2990_R7mtaYtK5HRt1WLewN4INg_41.80656869_-96.47867660.jpg,13.4779,270.43,0.0439
585_q-ilU0pePBDI-TM4ndgQCg_-25.95644858_28.22079319,/home/alex/Desktop/school/comp-vis/dataset/datasets--everettshen--StreetView360AtoZ/snapshots/f0b9ffb20c4dc68d4422db97b7da7b577970650e/data/585_q-ilU0pePBDI-TM4ndgQCg_-25.95644858_28.22079319.jpg,72.8578,261.89,0.112808
814_vRlqH6Ho0F62Ygbp6aC-Bg_56.65187132_74.05053571,/home/alex/Desktop/school/comp-vis/dataset/datasets--everettshen--StreetView360AtoZ/snapshots/f0b9ffb20c4dc68d4422db97b7da7b577970650e/data/814_vRlqH6Ho0F62Ygbp6aC-Bg_56.65187132_74.05053571.jpg,49.601,275.59,0.010818
227_xFGg4sx9csuLS5nUhY6FpQ_-37.25297423_-73.23541893,/home/alex/Desktop/school/comp-vis/dataset/datasets--everettshen--StreetView360AtoZ/snapshots/f0b9ffb20c4dc68d4422db97b7da7b577970650e/data/227_xFGg4sx9csuLS5nUhY6FpQ_-37.25297423_-73.23541893.jpg,65.3773,91.05,0.01886
1684_sRFN_Ak3bIUXoBRy1EovEg_9.07981458_99.31235484,/home/alex/Desktop/school/comp-vis/dataset/datasets--everettshen--StreetView360AtoZ/snapshots/f0b9ffb20c4dc68d4422db97b7da7b577970650e/data/1684_sRFN_Ak3bIUXoBRy1EovEg_9.07981458_99.31235484.jpg,55.487,74.96,0.036163
35_rfWawhTaaXzFE7zOdQ0ouA_18.32630424_78.33462322,/home/alex/Desktop/school/comp-vis/dataset/datasets--everettshen--StreetView360AtoZ/snapshots/f0b9ffb20c4dc68d4422db97b7da7b577970650e/data/35_rfWawhTaaXzFE7zOdQ0ouA_18.32630424_78.33462322.jpg,66.0347,469.22,0.061554
2872_VejesG-JQw8weUYIcY7qtg_37.79846396_-121.05254068,/home/alex/Desktop/school/comp-vis/dataset/datasets--everettshen--StreetView360AtoZ/snapshots/f0b9ffb20c4dc68d4422db97b7da7b577970650e/data/2872_VejesG-JQw8weUYIcY7qtg_37.79846396_-121.05254068.jpg,23.0071,303.11,0.04837
1807_RHWfYSBXKGys9MZIAkeUxA_68.77260243_16.17119755,/home/alex/Desktop/school/comp-vis/dataset/datasets--everettshen--StreetView360AtoZ/snapshots/f0b9ffb20c4dc68d4422db97b7da7b577970650e/data/1807_RHWfYSBXKGys9MZIAkeUxA_68.77260243_16.17119755.jpg,28.0241,333.85,0.035507
1446_1OF1OCc918wBRE2oq-LGug_49.13385152_-96.56165337,/home/alex/Desktop/school/comp-vis/dataset/datasets--everettshen--StreetView360AtoZ/snapshots/f0b9ffb20c4dc68d4422db97b7da7b577970650e/data/1446_1OF1OCc918wBRE2oq-LGug_49.13385152_-96.56165337.jpg,48.3468,167.76,0.010559
348_JI2lhHUymGlHeY1JjlNETg_2.94970183_101.43337822,/home/alex/Desktop/school/comp-vis/dataset/datasets--everettshen--StreetView360AtoZ/snapshots/f0b9ffb20c4dc68d4422db97b7da7b577970650e/data/348_JI2lhHUymGlHeY1JjlNETg_2.94970183_101.43337822.jpg,72.8547,55.35,0.010345
648_o7Ab7xi4iaKed9RN60tOGg_40.26390780_-8.27525654,/home/alex/Desktop/school/comp-vis/dataset/datasets--everettshen--StreetView360AtoZ/snapshots/f0b9ffb20c4dc68d4422db97b7da7b577970650e/data/648_o7Ab7xi4iaKed9RN60tOGg_40.26390780_-8.27525654.jpg,36.9096,96.17,0.012939
307_OhQKPK9RcGstb3w8ZqaIcg_43.52669274_-71.46906941,/home/alex/Desktop/school/comp-vis/dataset/datasets--everettshen--StreetView360AtoZ/snapshots/f0b9ffb20c4dc68d4422db97b7da7b577970650e/data/307_OhQKPK9RcGstb3w8ZqaIcg_43.52669274_-71.46906941.jpg,33.446,64.63,0.051651
217_bH7n1A9QwM0L2EzOtiymoA_23.94850155_121.50692243,/home/alex/Desktop/school/comp-vis/dataset/datasets--everettshen--StreetView360AtoZ/snapshots/f0b9ffb20c4dc68d4422db97b7da7b577970650e/data/217_bH7n1A9QwM0L2EzOtiymoA_23.94850155_121.50692243.jpg,81.6709,238.56,0.124603
97_MOLx4cIEGMOwJZost9tuNQ_41.19276244_-2.70682392,/home/alex/Desktop/school/comp-vis/dataset/datasets--everettshen--StreetView360AtoZ/snapshots/f0b9ffb20c4dc68d4422db97b7da7b577970650e/data/97_MOLx4cIEGMOwJZost9tuNQ_41.19276244_-2.70682392.jpg,39.6108,198.25,0.051849
2607_UuSBeoHsj0Xk_XgvgAgb1w_40.61243979_-83.21688549,/home/alex/Desktop/school/comp-vis/dataset/datasets--everettshen--StreetView360AtoZ/snapshots/f0b9ffb20c4dc68d4422db97b7da7b577970650e/data/2607_UuSBeoHsj0Xk_XgvgAgb1w_40.61243979_-83.21688549.jpg,20.4903,168.05,0.048782
1679_T6gbnR3FyAizZ7L5Ipngsg_48.54956821_14.13298364,/home/alex/Desktop/school/comp-vis/dataset/datasets--everettshen--StreetView360AtoZ/snapshots/f0b9ffb20c4dc68d4422db97b7da7b577970650e/data/1679_T6gbnR3FyAizZ7L5Ipngsg_48.54956821_14.13298364.jpg,31.7396,480.66,0.020157
700_SE2yt2kpsZhdbEZ8t3KixQ_39.44988261_-2.67410307,/home/alex/Desktop/school/comp-vis/dataset/datasets--everettshen--StreetView360AtoZ/snapshots/f0b9ffb20c4dc68d4422db97b7da7b577970650e/data/700_SE2yt2kpsZhdbEZ8t3KixQ_39.44988261_-2.67410307.jpg,61.1878,76.78,0.010925
1267_wF5Q4mc1F_llC_4S0_wdBQ_13.68221102_103.17484667,/home/alex/Desktop/school/comp-vis/dataset/datasets--everettshen--StreetView360AtoZ/snapshots/f0b9ffb20c4dc68d4422db97b7da7b577970650e/data/1267_wF5Q4mc1F_llC_4S0_wdBQ_13.68221102_103.17484667.jpg,53.7626,412.54,0.162308
1751_oKkHescX1XDEL11hTa_1Xg_-34.43000263_150.23531513,/home/alex/Desktop/school/comp-vis/dataset/datasets--everettshen--StreetView360AtoZ/snapshots/f0b9ffb20c4dc68d4422db97b7da7b577970650e/data/1751_oKkHescX1XDEL11hTa_1Xg_-34.43000263_150.23531513.jpg,26.9766,448.45,0.034668
3237_R1xph-b8KhJx_4RPZTFrvw_41.26742789_16.41785801,/home/alex/Desktop/school/comp-vis/dataset/datasets--everettshen--StreetView360AtoZ/snapshots/f0b9ffb20c4dc68d4422db97b7da7b577970650e/data/3237_R1xph-b8KhJx_4RPZTFrvw_41.26742789_16.41785801.jpg,17.602,433.84,0.014313
3311_iU4nZOd1kSdKFH6AJJ-aJw_50.94452971_5.10714195,/home/alex/Desktop/school/comp-vis/dataset/datasets--everettshen--StreetView360AtoZ/snapshots/f0b9ffb20c4dc68d4422db97b7da7b577970650e/data/3311_iU4nZOd1kSdKFH6AJJ-aJw_50.94452971_5.10714195.jpg,35.8024,278.93,0.026932
284_S8kWhapu830QsW-utfWskA_31.59311020_-99.42427668,/home/alex/Desktop/school/comp-vis/dataset/datasets--everettshen--StreetView360AtoZ/snapshots/f0b9ffb20c4dc68d4422db97b7da7b577970650e/data/284_S8kWhapu830QsW-utfWskA_31.59311020_-99.42427668.jpg,22.3825,432.01,0.041519
1163_cFIhk4ZK498b50e8Aupqug_36.93454464_-121.76735283,/home/alex/Desktop/school/comp-vis/dataset/datasets--everettshen--StreetView360AtoZ/snapshots/f0b9ffb20c4dc68d4422db97b7da7b577970650e/data/1163_cFIhk4ZK498b50e8Aupqug_36.93454464_-121.76735283.jpg,32.0546,62.02,0.075302
985_u-MIEgvtgA4ywFEp593Zgw_12.58309686_-81.70644150,/home/alex/Desktop/school/comp-vis/dataset/datasets--everettshen--StreetView360AtoZ/snapshots/f0b9ffb20c4dc68d4422db97b7da7b577970650e/data/985_u-MIEgvtgA4ywFEp593Zgw_12.58309686_-81.70644150.jpg,64.6872,160.25,0.047089
260_ne62pRxrCfVYCQL-4r8ZjQ_40.19677192_-92.54423840,/home/alex/Desktop/school/comp-vis/dataset/datasets--everettshen--StreetView360AtoZ/snapshots/f0b9ffb20c4dc68d4422db97b7da7b577970650e/data/260_ne62pRxrCfVYCQL-4r8ZjQ_40.19677192_-92.54423840.jpg,29.9968,419.67,0.030609
1876_tLPso3oal5JvuGeftPrd6g_45.66299016_11.79320870,/home/alex/Desktop/school/comp-vis/dataset/datasets--everettshen--StreetView360AtoZ/snapshots/f0b9ffb20c4dc68d4422db97b7da7b577970650e/data/1876_tLPso3oal5JvuGeftPrd6g_45.66299016_11.79320870.jpg,62.4414,80.35,0.029053
2079_PHMG5nYcW4nc10quERNwCg_39.10836811_-89.81640719,/home/alex/Desktop/school/comp-vis/dataset/datasets--everettshen--StreetView360AtoZ/snapshots/f0b9ffb20c4dc68d4422db97b7da7b577970650e/data/2079_PHMG5nYcW4nc10quERNwCg_39.10836811_-89.81640719.jpg,35.6352,196.44,0.01973
455_BKAuCRSDm7UVKoyxX-vMtA_44.66338410_-103.85589518,/home/alex/Desktop/school/comp-vis/dataset/datasets--everettshen--StreetView360AtoZ/snapshots/f0b9ffb20c4dc68d4422db97b7da7b577970650e/data/455_BKAuCRSDm7UVKoyxX-vMtA_44.66338410_-103.85589518.jpg,18.1222,182.48,0.021057
2529_flTEX54MMeHu9HUsYqfQmg_-2.41910690_-48.15215580,/home/alex/Desktop/school/comp-vis/dataset/datasets--everettshen--StreetView360AtoZ/snapshots/f0b9ffb20c4dc68d4422db97b7da7b577970650e/data/2529_flTEX54MMeHu9HUsYqfQmg_-2.41910690_-48.15215580.jpg,80.852,157.23,0.083206
1481_Ex4ZevM3iXG5XF-mT0KLIQ_35.15144519_139.64568359,/home/alex/Desktop/school/comp-vis/dataset/datasets--everettshen--StreetView360AtoZ/snapshots/f0b9ffb20c4dc68d4422db97b7da7b577970650e/data/1481_Ex4ZevM3iXG5XF-mT0KLIQ_35.15144519_139.64568359.jpg,88.8742,231.12,0.030807
2748__IZDkK95e7QCsThTcy_P6A_43.64604140_4.03936755,/home/alex/Desktop/school/comp-vis/dataset/datasets--everettshen--StreetView360AtoZ/snapshots/f0b9ffb20c4dc68d4422db97b7da7b577970650e/data/2748__IZDkK95e7QCsThTcy_P6A_43.64604140_4.03936755.jpg,16.994,99.74,0.01683
540_PUGyy4G-xgd5BHthWH7HSA_-33.55618956_26.98201484,/home/alex/Desktop/school/comp-vis/dataset/datasets--everettshen--StreetView360AtoZ/snapshots/f0b9ffb20c4dc68d4422db97b7da7b577970650e/data/540_PUGyy4G-xgd5BHthWH7HSA_-33.55618956_26.98201484.jpg,38.0173,432.86,0.020721
3068_sjUvmBZ50zG1RNIh_n70tA_39.98201020_-83.32469218,/home/alex/Desktop/school/comp-vis/dataset/datasets--everettshen--StreetView360AtoZ/snapshots/f0b9ffb20c4dc68d4422db97b7da7b577970650e/data/3068_sjUvmBZ50zG1RNIh_n70tA_39.98201020_-83.32469218.jpg,31.6824,404.46,0.013916
343_hxGtxmo4tgS15fmd40eL8Q_45.98823952_27.21573487,/home/alex/Desktop/school/comp-vis/dataset/datasets--everettshen--StreetView360AtoZ/snapshots/f0b9ffb20c4dc68d4422db97b7da7b577970650e/data/343_hxGtxmo4tgS15fmd40eL8Q_45.98823952_27.21573487.jpg,61.9707,36.47,0.018143
2846_F0SagkHBK_WjL7aexiGfxQ_25.50564968_72.20192188,/home/alex/Desktop/school/comp-vis/dataset/datasets--everettshen--StreetView360AtoZ/snapshots/f0b9ffb20c4dc68d4422db97b7da7b577970650e/data/2846_F0SagkHBK_WjL7aexiGfxQ_25.50564968_72.20192188.jpg,28.6859,235.64,0.084076
1058_3QFl30hRhfTn-DJUE8-blQ_-37.77636864_144.94594390,/home/alex/Desktop/school/comp-vis/dataset/datasets--everettshen--StreetView360AtoZ/snapshots/f0b9ffb20c4dc68d4422db97b7da7b577970650e/data/1058_3QFl30hRhfTn-DJUE8-blQ_-37.77636864_144.94594390.jpg,78.1859,331.06,0.179031
1370_BwJD0R2aMGCfSfSgixTjXw_41.79563817_-71.08978252,/home/alex/Desktop/school/comp-vis/dataset/datasets--everettshen--StreetView360AtoZ/snapshots/f0b9ffb20c4dc68d4422db97b7da7b577970650e/data/1370_BwJD0R2aMGCfSfSgixTjXw_41.79563817_-71.08978252.jpg,28.6643,15.81,0.017975
2354_osEAU_er9oB3K5J5IGm4GA_46.48336733_10.26666665,/home/alex/Desktop/school/comp-vis/dataset/datasets--everettshen--StreetView360AtoZ/snapshots/f0b9ffb20c4dc68d4422db97b7da7b577970650e/data/2354_osEAU_er9oB3K5J5IGm4GA_46.48336733_10.26666665.jpg,69.1783,426.43,0.038559
2605_47rTPAChoNXhDbSocj3aOQ_38.48457266_-83.38738683,/home/alex/Desktop/school/comp-vis/dataset/datasets--everettshen--StreetView360AtoZ/snapshots/f0b9ffb20c4dc68d4422db97b7da7b577970650e/data/2605_47rTPAChoNXhDbSocj3aOQ_38.48457266_-83.38738683.jpg,72.3367,338.05,0.215393
69_2RC9j7jVHJCUjcvIl_rEGQ_43.19804970_27.82288393,/home/alex/Desktop/school/comp-vis/dataset/datasets--everettshen--StreetView360AtoZ/snapshots/f0b9ffb20c4dc68d4422db97b7da7b577970650e/data/69_2RC9j7jVHJCUjcvIl_rEGQ_43.19804970_27.82288393.jpg,64.0506,379.52,0.0159
581_6l5X5ptao3SGdZd7DwcIuw_48.94468935_-57.91610877,/home/alex/Desktop/school/comp-vis/dataset/datasets--everettshen--StreetView360AtoZ/snapshots/f0b9ffb20c4dc68d4422db97b7da7b577970650e/data/581_6l5X5ptao3SGdZd7DwcIuw_48.94468935_-57.91610877.jpg,36.8616,138.92,0.011078
3381_cFljSeR9aD0yQFdR9xEWZg_9.65672893_6.04393004,/home/alex/Desktop/school/comp-vis/dataset/datasets--everettshen--StreetView360AtoZ/snapshots/f0b9ffb20c4dc68d4422db97b7da7b577970650e/data/3381_cFljSeR9aD0yQFdR9xEWZg_9.65672893_6.04393004.jpg,39.9109,400.54,0.078384
864_3iY6neFQ8lDIE-DKCgg9hA_54.82749084_23.84653462,/home/alex/Desktop/school/comp-vis/dataset/datasets--everettshen--StreetView360AtoZ/snapshots/f0b9ffb20c4dc68d4422db97b7da7b577970650e/data/864_3iY6neFQ8lDIE-DKCgg9hA_54.82749084_23.84653462.jpg,51.4019,467.45,0.024292
450_KnD7M_yWIFuI_rNiELFzew_43.29967772_24.35044485,/home/alex/Desktop/school/comp-vis/dataset/datasets--everettshen--StreetView360AtoZ/snapshots/f0b9ffb20c4dc68d4422db97b7da7b577970650e/data/450_KnD7M_yWIFuI_rNiELFzew_43.29967772_24.35044485.jpg,30.4071,170.73,0.014847
802_-6idsQ3ebaAyHsY4DhVcVg_7.60022841_4.76729608,/home/alex/Desktop/school/comp-vis/dataset/datasets--everettshen--StreetView360AtoZ/snapshots/f0b9ffb20c4dc68d4422db97b7da7b577970650e/data/802_-6idsQ3ebaAyHsY4DhVcVg_7.60022841_4.76729608.jpg,72.7667,315.22,0.052643
1561_7iHiBzWjzbEOmm40exU1wg_47.98336985_-58.96549820,/home/alex/Desktop/school/comp-vis/dataset/datasets--everettshen--StreetView360AtoZ/snapshots/f0b9ffb20c4dc68d4422db97b7da7b577970650e/data/1561_7iHiBzWjzbEOmm40exU1wg_47.98336985_-58.96549820.jpg,60.2554,462.93,0.046494
282_2RwKQbRSLnSsjFEZ1l-xUg_50.69795163_2.26051024,/home/alex/Desktop/school/comp-vis/dataset/datasets--everettshen--StreetView360AtoZ/snapshots/f0b9ffb20c4dc68d4422db97b7da7b577970650e/data/282_2RwKQbRSLnSsjFEZ1l-xUg_50.69795163_2.26051024.jpg,55.8251,423.1,0.045105
1918_0J6YVnqsAFjQEjt-JtNJ8A_37.91445655_-3.00372515,/home/alex/Desktop/school/comp-vis/dataset/datasets--everettshen--StreetView360AtoZ/snapshots/f0b9ffb20c4dc68d4422db97b7da7b577970650e/data/1918_0J6YVnqsAFjQEjt-JtNJ8A_37.91445655_-3.00372515.jpg,61.6163,11.57,0.011978
1191_dSA5QJwEaTMV-GttWpUwng_42.81632935_-1.64369831,/home/alex/Desktop/school/comp-vis/dataset/datasets--everettshen--StreetView360AtoZ/snapshots/f0b9ffb20c4dc68d4422db97b7da7b577970650e/data/1191_dSA5QJwEaTMV-GttWpUwng_42.81632935_-1.64369831.jpg,73.3711,264.7,0.186523
61_IhScUVOxyPZ5gkz0840m_A_26.11888211_86.31124506,/home/alex/Desktop/school/comp-vis/dataset/datasets--everettshen--StreetView360AtoZ/snapshots/f0b9ffb20c4dc68d4422db97b7da7b577970650e/data/61_IhScUVOxyPZ5gkz0840m_A_26.11888211_86.31124506.jpg,67.0691,286.44,0.374283
2584_DpI-nT7CaamgN5tM2MAq1A_39.68137392_-88.19584437,/home/alex/Desktop/school/comp-vis/dataset/datasets--everettshen--StreetView360AtoZ/snapshots/f0b9ffb20c4dc68d4422db97b7da7b577970650e/data/2584_DpI-nT7CaamgN5tM2MAq1A_39.68137392_-88.19584437.jpg,38.922,266.59,0.070633
627_5RiadX1OZ01BD5iPtvuI7w_-18.54388338_-53.12908358,/home/alex/Desktop/school/comp-vis/dataset/datasets--everettshen--StreetView360AtoZ/snapshots/f0b9ffb20c4dc68d4422db97b7da7b577970650e/data/627_5RiadX1OZ01BD5iPtvuI7w_-18.54388338_-53.12908358.jpg,16.2379,482.02,0.012543
1916_v1Gq-loqo1zmUzubuAEkNw_15.39868815_75.68281388,/home/alex/Desktop/school/comp-vis/dataset/datasets--everettshen--StreetView360AtoZ/snapshots/f0b9ffb20c4dc68d4422db97b7da7b577970650e/data/1916_v1Gq-loqo1zmUzubuAEkNw_15.39868815_75.68281388.jpg,30.3567,63.1,0.096344
188_F2_mL3hUrF-hF6QT1bp13A_38.67787661_-89.10494284,/home/alex/Desktop/school/comp-vis/dataset/datasets--everettshen--StreetView360AtoZ/snapshots/f0b9ffb20c4dc68d4422db97b7da7b577970650e/data/188_F2_mL3hUrF-hF6QT1bp13A_38.67787661_-89.10494284.jpg,63.1172,358.11,0.034805
2799_rpVT0TWZRIKcss4SeFPp1Q_37.99768168_-100.86116455,/home/alex/Desktop/school/comp-vis/dataset/datasets--everettshen--StreetView360AtoZ/snapshots/f0b9ffb20c4dc68d4422db97b7da7b577970650e/data/2799_rpVT0TWZRIKcss4SeFPp1Q_37.99768168_-100.86116455.jpg,30.8492,396.46,0.100586
807_Mj569BVfDVvvf7dMkHsArA_44.03515559_-69.53686675,/home/alex/Desktop/school/comp-vis/dataset/datasets--everettshen--StreetView360AtoZ/snapshots/f0b9ffb20c4dc68d4422db97b7da7b577970650e/data/807_Mj569BVfDVvvf7dMkHsArA_44.03515559_-69.53686675.jpg,18.7298,179.86,0.044235
2552_BJt4JMvEb1_bO7Pf9_00-A_31.69755338_-90.62333833,/home/alex/Desktop/school/comp-vis/dataset/datasets--everettshen--StreetView360AtoZ/snapshots/f0b9ffb20c4dc68d4422db97b7da7b577970650e/data/2552_BJt4JMvEb1_bO7Pf9_00-A_31.69755338_-90.62333833.jpg,86.1273,82.69,0.015198
1273_WHYA80oOhpDACovvbt6Hxw_19.53205090_-99.22602701,/home/alex/Desktop/school/comp-vis/dataset/datasets--everettshen--StreetView360AtoZ/snapshots/f0b9ffb20c4dc68d4422db97b7da7b577970650e/data/1273_WHYA80oOhpDACovvbt6Hxw_19.53205090_-99.22602701.jpg,67.447,143.37,0.172531
2380_LpGz63j6OUujOGsIp-Jp4w_33.20897952_35.57804177,/home/alex/Desktop/school/comp-vis/dataset/datasets--everettshen--StreetView360AtoZ/snapshots/f0b9ffb20c4dc68d4422db97b7da7b577970650e/data/2380_LpGz63j6OUujOGsIp-Jp4w_33.20897952_35.57804177.jpg,56.2263,109.35,0.014206
1369_LSi6g9-LV8M0Xx6a9Nkgcw_22.27768547_114.22858002,/home/alex/Desktop/school/comp-vis/dataset/datasets--everettshen--StreetView360AtoZ/snapshots/f0b9ffb20c4dc68d4422db97b7da7b577970650e/data/1369_LSi6g9-LV8M0Xx6a9Nkgcw_22.27768547_114.22858002.jpg,75.718,192.02,0.209976
206_DvSeA01J-U70bfqM45auNQ_32.84645376_-83.63719659,/home/alex/Desktop/school/comp-vis/dataset/datasets--everettshen--StreetView360AtoZ/snapshots/f0b9ffb20c4dc68d4422db97b7da7b577970650e/data/206_DvSeA01J-U70bfqM45auNQ_32.84645376_-83.63719659.jpg,29.1699,300.51,0.092545
732_o2mukJgZj3nTAbuC0hoeSA_44.13410730_-113.90440856,/home/alex/Desktop/school/comp-vis/dataset/datasets--everettshen--StreetView360AtoZ/snapshots/f0b9ffb20c4dc68d4422db97b7da7b577970650e/data/732_o2mukJgZj3nTAbuC0hoeSA_44.13410730_-113.90440856.jpg,19.5652,16.41,0.017883
447_6kg5SG0QemDgk5HcBiLzHQ_42.51272871_-92.25486749,/home/alex/Desktop/school/comp-vis/dataset/datasets--everettshen--StreetView360AtoZ/snapshots/f0b9ffb20c4dc68d4422db97b7da7b577970650e/data/447_6kg5SG0QemDgk5HcBiLzHQ_42.51272871_-92.25486749.jpg,33.3167,242.25,0.027756
808__EcECzPghCXjAzbQkcR56A_39.93389886_-120.89800764,/home/alex/Desktop/school/comp-vis/dataset/datasets--everettshen--StreetView360AtoZ/snapshots/f0b9ffb20c4dc68d4422db97b7da7b577970650e/data/808__EcECzPghCXjAzbQkcR56A_39.93389886_-120.89800764.jpg,31.3326,408.41,0.012314
649_pNREEX9tfs4fDYhv3KVtcA_37.91150039_-97.42326445,/home/alex/Desktop/school/comp-vis/dataset/datasets--everettshen--StreetView360AtoZ/snapshots/f0b9ffb20c4dc68d4422db97b7da7b577970650e/data/649_pNREEX9tfs4fDYhv3KVtcA_37.91150039_-97.42326445.jpg,31.172,120.06,0.062714
541_B_jtJ_kFyN4qdaLdZchLgw_-13.54181025_-58.82024468,/home/alex/Desktop/school/comp-vis/dataset/datasets--everettshen--StreetView360AtoZ/snapshots/f0b9ffb20c4dc68d4422db97b7da7b577970650e/data/541_B_jtJ_kFyN4qdaLdZchLgw_-13.54181025_-58.82024468.jpg,62.2051,197.21,0.020447
2705_7OampA24k1aTDdCL-pEYOQ_25.98322562_87.50390505,/home/alex/Desktop/school/comp-vis/dataset/datasets--everettshen--StreetView360AtoZ/snapshots/f0b9ffb20c4dc68d4422db97b7da7b577970650e/data/2705_7OampA24k1aTDdCL-pEYOQ_25.98322562_87.50390505.jpg,35.8495,57.87,0.145004
2689_EuZ1WsOIBpLYvStgN9e6CA_34.77350689_-88.92460089,/home/alex/Desktop/school/comp-vis/dataset/datasets--everettshen--StreetView360AtoZ/snapshots/f0b9ffb20c4dc68d4422db97b7da7b577970650e/data/2689_EuZ1WsOIBpLYvStgN9e6CA_34.77350689_-88.92460089.jpg,56.8942,199.51,0.01059
677_E0dkGcSrCA9UDHfJitZ6Mg_49.08297217_6.63988666,/home/alex/Desktop/school/comp-vis/dataset/datasets--everettshen--StreetView360AtoZ/snapshots/f0b9ffb20c4dc68d4422db97b7da7b577970650e/data/677_E0dkGcSrCA9UDHfJitZ6Mg_49.08297217_6.63988666.jpg,25.4449,25.28,0.038818
795_jLzM4lrUjmxYaFfFsq_KHQ_35.67937090_-81.24355363,/home/alex/Desktop/school/comp-vis/dataset/datasets--everettshen--StreetView360AtoZ/snapshots/f0b9ffb20c4dc68d4422db97b7da7b577970650e/data/795_jLzM4lrUjmxYaFfFsq_KHQ_35.67937090_-81.24355363.jpg,62.0801,379.94,0.030869
3402_hcOv5KXgFvLTrcMmSz7czw_51.39988414_12.04618518,/home/alex/Desktop/school/comp-vis/dataset/datasets--everettshen--StreetView360AtoZ/snapshots/f0b9ffb20c4dc68d4422db97b7da7b577970650e/data/3402_hcOv5KXgFvLTrcMmSz7czw_51.39988414_12.04618518.jpg,41.4703,297.76,0.01796
1824_dogRSz0DNnoaqLV3qoST1w_53.32617356_-3.40191112,/home/alex/Desktop/school/comp-vis/dataset/datasets--everettshen--StreetView360AtoZ/snapshots/f0b9ffb20c4dc68d4422db97b7da7b577970650e/data/1824_dogRSz0DNnoaqLV3qoST1w_53.32617356_-3.40191112.jpg,56.271,324.91,0.019073
2968_B1psdsCc7WN2nFEWbM6yRg_39.53315564_-84.09013694,/home/alex/Desktop/school/comp-vis/dataset/datasets--everettshen--StreetView360AtoZ/snapshots/f0b9ffb20c4dc68d4422db97b7da7b577970650e/data/2968_B1psdsCc7WN2nFEWbM6yRg_39.53315564_-84.09013694.jpg,18.8541,168.15,0.056961
166_C-P3dXLq9QusZ01F43vIyg_37.29342756_-79.85261976,/home/alex/Desktop/school/comp-vis/dataset/datasets--everettshen--StreetView360AtoZ/snapshots/f0b9ffb20c4dc68d4422db97b7da7b577970650e/data/166_C-P3dXLq9QusZ01F43vIyg_37.29342756_-79.85261976.jpg,62.2328,214.99,0.060608
1321_wCxpj5TJtfAgf2zefJBDNg_42.99634060_-2.98160734,/home/alex/Desktop/school/comp-vis/dataset/datasets--everettshen--StreetView360AtoZ/snapshots/f0b9ffb20c4dc68d4422db97b7da7b577970650e/data/1321_wCxpj5TJtfAgf2zefJBDNg_42.99634060_-2.98160734.jpg,23.61,231.35,0.055374
1062_rdhqnVKSRnTUD2sRpN3FRw_55.88096379_9.74757842,/home/alex/Desktop/school/comp-vis/dataset/datasets--everettshen--StreetView360AtoZ/snapshots/f0b9ffb20c4dc68d4422db97b7da7b577970650e/data/1062_rdhqnVKSRnTUD2sRpN3FRw_55.88096379_9.74757842.jpg,26.2645,252.22,0.04213
500_Xy2QqHOxbFnaxq0E3jmUwg_35.85265475_139.41191052,/home/alex/Desktop/school/comp-vis/dataset/datasets--everettshen--StreetView360AtoZ/snapshots/f0b9ffb20c4dc68d4422db97b7da7b577970650e/data/500_Xy2QqHOxbFnaxq0E3jmUwg_35.85265475_139.41191052.jpg,47.7934,260.37,0.056244
1615_mC0UafQaIzv1qCmYMccwaQ_40.86162248_-99.98636171,/home/alex/Desktop/school/comp-vis/dataset/datasets--everettshen--StreetView360AtoZ/snapshots/f0b9ffb20c4dc68d4422db97b7da7b577970650e/data/1615_mC0UafQaIzv1qCmYMccwaQ_40.86162248_-99.98636171.jpg,46.7692,327.27,0.01796
2576_nrB5eL6uBdrXglEU0LXeAg_40.21454219_-84.35643957,/home/alex/Desktop/school/comp-vis/dataset/datasets--everettshen--StreetView360AtoZ/snapshots/f0b9ffb20c4dc68d4422db97b7da7b577970650e/data/2576_nrB5eL6uBdrXglEU0LXeAg_40.21454219_-84.35643957.jpg,19.0532,441.05,0.059952
879_FrOrmwjvFbDriJWc13jHXg_32.02096361_-85.08568087,/home/alex/Desktop/school/comp-vis/dataset/datasets--everettshen--StreetView360AtoZ/snapshots/f0b9ffb20c4dc68d4422db97b7da7b577970650e/data/879_FrOrmwjvFbDriJWc13jHXg_32.02096361_-85.08568087.jpg,77.8461,225.69,0.023529
892_REQCd42lQQT6lKIPqHkM7A_53.58159647_15.54152584,/home/alex/Desktop/school/comp-vis/dataset/datasets--everettshen--StreetView360AtoZ/snapshots/f0b9ffb20c4dc68d4422db97b7da7b577970650e/data/892_REQCd42lQQT6lKIPqHkM7A_53.58159647_15.54152584.jpg,55.5121,194.07,0.021362
917_3ynWbcZyppuUprbkYLDYZQ_20.60134894_-103.78400555,/home/alex/Desktop/school/comp-vis/dataset/datasets--everettshen--StreetView360AtoZ/snapshots/f0b9ffb20c4dc68d4422db97b7da7b577970650e/data/917_3ynWbcZyppuUprbkYLDYZQ_20.60134894_-103.78400555.jpg,68.7109,447.84,0.016312
2540_VCGhGtsoWSoNk3Of_nOUOQ_39.54304643_8.63334690,/home/alex/Desktop/school/comp-vis/dataset/datasets--everettshen--StreetView360AtoZ/snapshots/f0b9ffb20c4dc68d4422db97b7da7b577970650e/data/2540_VCGhGtsoWSoNk3Of_nOUOQ_39.54304643_8.63334690.jpg,47.1963,81.14,0.038956
1893_P9kgFdvRjkMLaIDWkOXcKQ_38.68303533_-112.14894598,/home/alex/Desktop/school/comp-vis/dataset/datasets--everettshen--StreetView360AtoZ/snapshots/f0b9ffb20c4dc68d4422db97b7da7b577970650e/data/1893_P9kgFdvRjkMLaIDWkOXcKQ_38.68303533_-112.14894598.jpg,45.5211,179.45,0.028381
766_1egUYQaa-7_n4yv0WLDVxw_50.90003122_-101.90099001,/home/alex/Desktop/school/comp-vis/dataset/datasets--everettshen--StreetView360AtoZ/snapshots/f0b9ffb20c4dc68d4422db97b7da7b577970650e/data/766_1egUYQaa-7_n4yv0WLDVxw_50.90003122_-101.90099001.jpg,38.3722,372.14,0.028671
3288_rdhqnVKSRnTUD2sRpN3FRw_55.88096379_9.74757842,/home/alex/Desktop/school/comp-vis/dataset/datasets--everettshen--StreetView360AtoZ/snapshots/f0b9ffb20c4dc68d4422db97b7da7b577970650e/data/3288_rdhqnVKSRnTUD2sRpN3FRw_55.88096379_9.74757842.jpg,26.2645,252.22,0.04213
295_cJH2yP0MF2MEL9r548wKhA_43.95406859_5.83485813,/home/alex/Desktop/school/comp-vis/dataset/datasets--everettshen--StreetView360AtoZ/snapshots/f0b9ffb20c4dc68d4422db97b7da7b577970650e/data/295_cJH2yP0MF2MEL9r548wKhA_43.95406859_5.83485813.jpg,79.6261,240.94,0.09166
316_hdQdosmbs60sKWBiNU1O3w_60.36018037_6.62997027,/home/alex/Desktop/school/comp-vis/dataset/datasets--everettshen--StreetView360AtoZ/snapshots/f0b9ffb20c4dc68d4422db97b7da7b577970650e/data/316_hdQdosmbs60sKWBiNU1O3w_60.36018037_6.62997027.jpg,28.4349,130.53,0.05365
1077_GuPYpk7fmw3Amp1zETRhIA_43.29234167_141.84510726,/home/alex/Desktop/school/comp-vis/dataset/datasets--everettshen--StreetView360AtoZ/snapshots/f0b9ffb20c4dc68d4422db97b7da7b577970650e/data/1077_GuPYpk7fmw3Amp1zETRhIA_43.29234167_141.84510726.jpg,37.366,219.46,0.015121
1086_ZwikUNFVkGg2cWjCSlPH0w_19.10942845_-98.18299057,/home/alex/Desktop/school/comp-vis/dataset/datasets--everettshen--StreetView360AtoZ/snapshots/f0b9ffb20c4dc68d4422db97b7da7b577970650e/data/1086_ZwikUNFVkGg2cWjCSlPH0w_19.10942845_-98.18299057.jpg,36.6996,481.99,0.039688
3252_E79DWvT1ELOcg_6eWb4pdw_52.50393610_-3.97880861,/home/alex/Desktop/school/comp-vis/dataset/datasets--everettshen--StreetView360AtoZ/snapshots/f0b9ffb20c4dc68d4422db97b7da7b577970650e/data/3252_E79DWvT1ELOcg_6eWb4pdw_52.50393610_-3.97880861.jpg,26.9194,26.75,0.0242
539_RfVLDCPG1qybcXfyg819sQ_-7.94498168_114.41682488,/home/alex/Desktop/school/comp-vis/dataset/datasets--everettshen--StreetView360AtoZ/snapshots/f0b9ffb20c4dc68d4422db97b7da7b577970650e/data/539_RfVLDCPG1qybcXfyg819sQ_-7.94498168_114.41682488.jpg,73.2735,481.53,0.021912
1911_etRN24veXAkVaqoXSNJ7vQ_34.45622700_135.38942462,/home/alex/Desktop/school/comp-vis/dataset/datasets--everettshen--StreetView360AtoZ/snapshots/f0b9ffb20c4dc68d4422db97b7da7b577970650e/data/1911_etRN24veXAkVaqoXSNJ7vQ_34.45622700_135.38942462.jpg,49.3489,443.33,0.034531
658_uZ4Ujr-7P9sp5md2is7V3w_33.27234831_-95.58449387,/home/alex/Desktop/school/comp-vis/dataset/datasets--everettshen--StreetView360AtoZ/snapshots/f0b9ffb20c4dc68d4422db97b7da7b577970650e/data/658_uZ4Ujr-7P9sp5md2is7V3w_33.27234831_-95.58449387.jpg,80.6873,206.17,0.167923
3071_xtYxDEb__jwKM30BNsz6kA_60.81425356_23.64287251,/home/alex/Desktop/school/comp-vis/dataset/datasets--everettshen--StreetView360AtoZ/snapshots/f0b9ffb20c4dc68d4422db97b7da7b577970650e/data/3071_xtYxDEb__jwKM30BNsz6kA_60.81425356_23.64287251.jpg,27.4386,41.99,0.042328
459_Ia-dvecAu0jgP18Y8g6JXw_33.04889636_-95.71256820,/home/alex/Desktop/school/comp-vis/dataset/datasets--everettshen--StreetView360AtoZ/snapshots/f0b9ffb20c4dc68d4422db97b7da7b577970650e/data/459_Ia-dvecAu0jgP18Y8g6JXw_33.04889636_-95.71256820.jpg,39.3732,301.65,0.029221
177_L1pYRkpIX2yxkVRhdSL_0g_38.47303642_-99.44265430,/home/alex/Desktop/school/comp-vis/dataset/datasets--everettshen--StreetView360AtoZ/snapshots/f0b9ffb20c4dc68d4422db97b7da7b577970650e/data/177_L1pYRkpIX2yxkVRhdSL_0g_38.47303642_-99.44265430.jpg,77.0277,434.25,0.082855
731_L1H6MtcWhYoT9jem3gHJFA_42.26071002_3.10460779,/home/alex/Desktop/school/comp-vis/dataset/datasets--everettshen--StreetView360AtoZ/snapshots/f0b9ffb20c4dc68d4422db97b7da7b577970650e/data/731_L1H6MtcWhYoT9jem3gHJFA_42.26071002_3.10460779.jpg,30.9578,150.75,0.024033
215_-k7FWq4lwaxtiLUcy5OtHQ_26.93105146_78.55788384,/home/alex/Desktop/school/comp-vis/dataset/datasets--everettshen--StreetView360AtoZ/snapshots/f0b9ffb20c4dc68d4422db97b7da7b577970650e/data/215_-k7FWq4lwaxtiLUcy5OtHQ_26.93105146_78.55788384.jpg,45.8157,106.39,0.109283
2889_vFXixKcgwBCjloe_G8JZKQ_42.06713397_-79.96875879,/home/alex/Desktop/school/comp-vis/dataset/datasets--everettshen--StreetView360AtoZ/snapshots/f0b9ffb20c4dc68d4422db97b7da7b577970650e/data/2889_vFXixKcgwBCjloe_G8JZKQ_42.06713397_-79.96875879.jpg,47.3849,307.4,0.090363
1564_ZQuG-T3Poctvmj-u0Mpj5A_34.65790357_-102.72458628,/home/alex/Desktop/school/comp-vis/dataset/datasets--everettshen--StreetView360AtoZ/snapshots/f0b9ffb20c4dc68d4422db97b7da7b577970650e/data/1564_ZQuG-T3Poctvmj-u0Mpj5A_34.65790357_-102.72458628.jpg,18.9827,50.82,0.046005
1222_6BdjSEvPF1chyUEMm3Ayjw_62.03407702_14.36568932,/home/alex/Desktop/school/comp-vis/dataset/datasets--everettshen--StreetView360AtoZ/snapshots/f0b9ffb20c4dc68d4422db97b7da7b577970650e/data/1222_6BdjSEvPF1chyUEMm3Ayjw_62.03407702_14.36568932.jpg,58.8157,250.49,0.064316
226_LjsxjYHOXQSmCEG3gbyl0A_31.79686890_-88.23749968,/home/alex/Desktop/school/comp-vis/dataset/datasets--everettshen--StreetView360AtoZ/snapshots/f0b9ffb20c4dc68d4422db97b7da7b577970650e/data/226_LjsxjYHOXQSmCEG3gbyl0A_31.79686890_-88.23749968.jpg,75.0339,306.86,0.089676
801_2brTI6SqJOF7fgsjV6Afpw_50.67755061_3.43372009,/home/alex/Desktop/school/comp-vis/dataset/datasets--everettshen--StreetView360AtoZ/snapshots/f0b9ffb20c4dc68d4422db97b7da7b577970650e/data/801_2brTI6SqJOF7fgsjV6Afpw_50.67755061_3.43372009.jpg,48.2695,295.47,0.029236
3084_pLwrYY3qGxoVEua0d8flmQ_42.04720955_-97.83408265,/home/alex/Desktop/school/comp-vis/dataset/datasets--everettshen--StreetView360AtoZ/snapshots/f0b9ffb20c4dc68d4422db97b7da7b577970650e/data/3084_pLwrYY3qGxoVEua0d8flmQ_42.04720955_-97.83408265.jpg,42.9027,39.49,0.011688
1551_4qPNfgpY5-mUWLoaoNSFNA_55.51913328_9.73926906,/home/alex/Desktop/school/comp-vis/dataset/datasets--everettshen--StreetView360AtoZ/snapshots/f0b9ffb20c4dc68d4422db97b7da7b577970650e/data/1551_4qPNfgpY5-mUWLoaoNSFNA_55.51913328_9.73926906.jpg,29.2412,241.67,0.062866
1399_nntI6sEW7EYLg3zdEehb0Q_41.40995436_1.77498020,/home/alex/Desktop/school/comp-vis/dataset/datasets--everettshen--StreetView360AtoZ/snapshots/f0b9ffb20c4dc68d4422db97b7da7b577970650e/data/1399_nntI6sEW7EYLg3zdEehb0Q_41.40995436_1.77498020.jpg,44.0041,153.97,0.031281
93_MmsEiQr3B38-zNwrquozKQ_44.00431962_12.65826399,/home/alex/Desktop/school/comp-vis/dataset/datasets--everettshen--StreetView360AtoZ/snapshots/f0b9ffb20c4dc68d4422db97b7da7b577970650e/data/93_MmsEiQr3B38-zNwrquozKQ_44.00431962_12.65826399.jpg,63.9535,240.12,0.072815
485_qv28verzekhIt1HiVIZMrQ_-34.71778788_138.64790083,/home/alex/Desktop/school/comp-vis/dataset/datasets--everettshen--StreetView360AtoZ/snapshots/f0b9ffb20c4dc68d4422db97b7da7b577970650e/data/485_qv28verzekhIt1HiVIZMrQ_-34.71778788_138.64790083.jpg,48.5913,450.26,0.017105
1279_g9siU_Zv9lOg3Fu1DlFb1Q_36.81620809_-76.38853314,/home/alex/Desktop/school/comp-vis/dataset/datasets--everettshen--StreetView360AtoZ/snapshots/f0b9ffb20c4dc68d4422db97b7da7b577970650e/data/1279_g9siU_Zv9lOg3Fu1DlFb1Q_36.81620809_-76.38853314.jpg,40.2564,326.86,0.066254
1964_veWJgg6aNTiMbSVezdNedA_20.21095003_-100.89067989,/home/alex/Desktop/school/comp-vis/dataset/datasets--everettshen--StreetView360AtoZ/snapshots/f0b9ffb20c4dc68d4422db97b7da7b577970650e/data/1964_veWJgg6aNTiMbSVezdNedA_20.21095003_-100.89067989.jpg,45.3707,193.99,0.026855
299_4xuXMsOtdvxiQCVMJnMDdA_23.18382066_120.53553382,/home/alex/Desktop/school/comp-vis/dataset/datasets--everettshen--StreetView360AtoZ/snapshots/f0b9ffb20c4dc68d4422db97b7da7b577970650e/data/299_4xuXMsOtdvxiQCVMJnMDdA_23.18382066_120.53553382.jpg,28.1141,130.21,0.095306
2894_ke1GtfWHy7RG1F48ryHUGA_26.23626984_84.30620141,/home/alex/Desktop/school/comp-vis/dataset/datasets--everettshen--StreetView360AtoZ/snapshots/f0b9ffb20c4dc68d4422db97b7da7b577970650e/data/2894_ke1GtfWHy7RG1F48ryHUGA_26.23626984_84.30620141.jpg,52.7268,356.62,0.044998
1136_h6IL4QVELQrah_T_mJ5ivA_19.06505108_-98.22848606,/home/alex/Desktop/school/comp-vis/dataset/datasets--everettshen--StreetView360AtoZ/snapshots/f0b9ffb20c4dc68d4422db97b7da7b577970650e/data/1136_h6IL4QVELQrah_T_mJ5ivA_19.06505108_-98.22848606.jpg,68.2701,202.7,0.055313
1229_E6a5tDitKXT8knL19cp6Ug_47.96679762_22.44925046,/home/alex/Desktop/school/comp-vis/dataset/datasets--everettshen--StreetView360AtoZ/snapshots/f0b9ffb20c4dc68d4422db97b7da7b577970650e/data/1229_E6a5tDitKXT8knL19cp6Ug_47.96679762_22.44925046.jpg,19.0209,266.11,0.011246
524_dFTo8l_2rxobU1ujtIy4rg_43.37066165_-121.06406153,/home/alex/Desktop/school/comp-vis/dataset/datasets--everettshen--StreetView360AtoZ/snapshots/f0b9ffb20c4dc68d4422db97b7da7b577970650e/data/524_dFTo8l_2rxobU1ujtIy4rg_43.37066165_-121.06406153.jpg,65.1199,330.79,0.041275
2324_SxjNj2AM_2X7wcdSH4wsCQ_-32.09998678_-67.93342221,/home/alex/Desktop/school/comp-vis/dataset/datasets--everettshen--StreetView360AtoZ/snapshots/f0b9ffb20c4dc68d4422db97b7da7b577970650e/data/2324_SxjNj2AM_2X7wcdSH4wsCQ_-32.09998678_-67.93342221.jpg,11.6905,230.56,0.029373
1373_V0uMvu3CWnnNOCEu0fUv5A_18.62968362_-98.89699027,/home/alex/Desktop/school/comp-vis/dataset/datasets--everettshen--StreetView360AtoZ/snapshots/f0b9ffb20c4dc68d4422db97b7da7b577970650e/data/1373_V0uMvu3CWnnNOCEu0fUv5A_18.62968362_-98.89699027.jpg,63.8979,485.27,0.022079
1150_bSdhQdZPyrqCk0vczlhraw_19.53608296_79.81295353,/home/alex/Desktop/school/comp-vis/dataset/datasets--everettshen--StreetView360AtoZ/snapshots/f0b9ffb20c4dc68d4422db97b7da7b577970650e/data/1150_bSdhQdZPyrqCk0vczlhraw_19.53608296_79.81295353.jpg,42.4707,458.14,0.122406
27_9nUB1LxhpmE8vtFxFsF9og_43.17278102_-89.10928063,/home/alex/Desktop/school/comp-vis/dataset/datasets--everettshen--StreetView360AtoZ/snapshots/f0b9ffb20c4dc68d4422db97b7da7b577970650e/data/27_9nUB1LxhpmE8vtFxFsF9og_43.17278102_-89.10928063.jpg,48.1944,214.06,0.037231
120_zElMGChc4e7Utn2wTGbM3A_37.42997591_24.94454052,/home/alex/Desktop/school/comp-vis/dataset/datasets--everettshen--StreetView360AtoZ/snapshots/f0b9ffb20c4dc68d4422db97b7da7b577970650e/data/120_zElMGChc4e7Utn2wTGbM3A_37.42997591_24.94454052.jpg,33.6103,352.78,0.038086
786_8hEUy9hIHuEHCUPDUR58ww_47.45239180_6.68986091,/home/alex/Desktop/school/comp-vis/dataset/datasets--everettshen--StreetView360AtoZ/snapshots/f0b9ffb20c4dc68d4422db97b7da7b577970650e/data/786_8hEUy9hIHuEHCUPDUR58ww_47.45239180_6.68986091.jpg,23.6316,196.65,0.039154
545_hYE79LQ6ajLO0X79zKb-fw_-33.58774502_150.19745348,/home/alex/Desktop/school/comp-vis/dataset/datasets--everettshen--StreetView360AtoZ/snapshots/f0b9ffb20c4dc68d4422db97b7da7b577970650e/data/545_hYE79LQ6ajLO0X79zKb-fw_-33.58774502_150.19745348.jpg,40.5361,175.2,0.023193
850_SJvLo1hRoY6adSF0dUBn7Q_42.34962421_-97.79167258,/home/alex/Desktop/school/comp-vis/dataset/datasets--everettshen--StreetView360AtoZ/snapshots/f0b9ffb20c4dc68d4422db97b7da7b577970650e/data/850_SJvLo1hRoY6adSF0dUBn7Q_42.34962421_-97.79167258.jpg,46.2509,207.03,0.014236
244_MvDAP44UNNHenuXOIhM7wQ_47.13784923_-102.33249951,/home/alex/Desktop/school/comp-vis/dataset/datasets--everettshen--StreetView360AtoZ/snapshots/f0b9ffb20c4dc68d4422db97b7da7b577970650e/data/244_MvDAP44UNNHenuXOIhM7wQ_47.13784923_-102.33249951.jpg,35.5343,404.1,0.010483
304_h82BmQF8xBVU9Fjqz5gVsg_38.92005119_-81.09320735,/home/alex/Desktop/school/comp-vis/dataset/datasets--everettshen--StreetView360AtoZ/snapshots/f0b9ffb20c4dc68d4422db97b7da7b577970650e/data/304_h82BmQF8xBVU9Fjqz5gVsg_38.92005119_-81.09320735.jpg,39.1607,182.15,0.071152
359_2sGL4L8KYPwlNvUucqaxUA_11.75447345_105.80138733,/home/alex/Desktop/school/comp-vis/dataset/datasets--everettshen--StreetView360AtoZ/snapshots/f0b9ffb20c4dc68d4422db97b7da7b577970650e/data/359_2sGL4L8KYPwlNvUucqaxUA_11.75447345_105.80138733.jpg,31.5318,40.26,0.010941
577_R_UYt1Ja7OdojVP_JGviVg_38.46022712_-91.83228262,/home/alex/Desktop/school/comp-vis/dataset/datasets--everettshen--StreetView360AtoZ/snapshots/f0b9ffb20c4dc68d4422db97b7da7b577970650e/data/577_R_UYt1Ja7OdojVP_JGviVg_38.46022712_-91.83228262.jpg,80.5431,221.46,0.119736
68_vVQwQU4jlisXip9PWsWIYQ_35.28233044_-91.36547832,/home/alex/Desktop/school/comp-vis/dataset/datasets--everettshen--StreetView360AtoZ/snapshots/f0b9ffb20c4dc68d4422db97b7da7b577970650e/data/68_vVQwQU4jlisXip9PWsWIYQ_35.28233044_-91.36547832.jpg,49.3867,423.0,0.011429
1351_ttzpZtfmFhAUxcxOBnv98A_42.22422601_-3.58946221,/home/alex/Desktop/school/comp-vis/dataset/datasets--everettshen--StreetView360AtoZ/snapshots/f0b9ffb20c4dc68d4422db97b7da7b577970650e/data/1351_ttzpZtfmFhAUxcxOBnv98A_42.22422601_-3.58946221.jpg,21.9716,245.9,0.016006
832_8yf-G0505tl4Q0mzRgcZrQ_62.34321547_24.70517294,/home/alex/Desktop/school/comp-vis/dataset/datasets--everettshen--StreetView360AtoZ/snapshots/f0b9ffb20c4dc68d4422db97b7da7b577970650e/data/832_8yf-G0505tl4Q0mzRgcZrQ_62.34321547_24.70517294.jpg,38.7113,283.48,0.09964
343_uE3pKaFngjW-IytfCwqPkQ_39.06891683_-89.61940035,/home/alex/Desktop/school/comp-vis/dataset/datasets--everettshen--StreetView360AtoZ/snapshots/f0b9ffb20c4dc68d4422db97b7da7b577970650e/data/343_uE3pKaFngjW-IytfCwqPkQ_39.06891683_-89.61940035.jpg,80.0421,299.82,0.154053
2303_nhXAwcexWvn4awUuynoIew_45.44437804_-99.02935327,/home/alex/Desktop/school/comp-vis/dataset/datasets--everettshen--StreetView360AtoZ/snapshots/f0b9ffb20c4dc68d4422db97b7da7b577970650e/data/2303_nhXAwcexWvn4awUuynoIew_45.44437804_-99.02935327.jpg,17.1634,188.87,0.041489
1981_dVXaticzvQTr7rkm09xH-A_60.14180952_15.41404397,/home/alex/Desktop/school/comp-vis/dataset/datasets--everettshen--StreetView360AtoZ/snapshots/f0b9ffb20c4dc68d4422db97b7da7b577970650e/data/1981_dVXaticzvQTr7rkm09xH-A_60.14180952_15.41404397.jpg,23.8184,377.93,0.011032
1218_iyKUlMqtOmWDT4pCIJu1QA_42.72425052_-73.70669767,/home/alex/Desktop/school/comp-vis/dataset/datasets--everettshen--StreetView360AtoZ/snapshots/f0b9ffb20c4dc68d4422db97b7da7b577970650e/data/1218_iyKUlMqtOmWDT4pCIJu1QA_42.72425052_-73.70669767.jpg,48.8961,463.74,0.104538
1733_beNF6oau0x23z3EmC3EHmw_-33.38426710_18.89948268,/home/alex/Desktop/school/comp-vis/dataset/datasets--everettshen--StreetView360AtoZ/snapshots/f0b9ffb20c4dc68d4422db97b7da7b577970650e/data/1733_beNF6oau0x23z3EmC3EHmw_-33.38426710_18.89948268.jpg,40.2577,227.19,0.012909
595_mRPWiJtLtT8CPfDTZDd5Ng_47.71894955_-0.39392207,/home/alex/Desktop/school/comp-vis/dataset/datasets--everettshen--StreetView360AtoZ/snapshots/f0b9ffb20c4dc68d4422db97b7da7b577970650e/data/595_mRPWiJtLtT8CPfDTZDd5Ng_47.71894955_-0.39392207.jpg,28.5512,354.83,0.041626
1144_PEIzJC7e5lUDWa5aKt9p6g_41.57545690_12.78012069,/home/alex/Desktop/school/comp-vis/dataset/datasets--everettshen--StreetView360AtoZ/snapshots/f0b9ffb20c4dc68d4422db97b7da7b577970650e/data/1144_PEIzJC7e5lUDWa5aKt9p6g_41.57545690_12.78012069.jpg,48.958,367.5,0.018036
144_1N9IJ7I5EwqhYrOc_pEJTA_57.06488136_8.77542773,/home/alex/Desktop/school/comp-vis/dataset/datasets--everettshen--StreetView360AtoZ/snapshots/f0b9ffb20c4dc68d4422db97b7da7b577970650e/data/144_1N9IJ7I5EwqhYrOc_pEJTA_57.06488136_8.77542773.jpg,25.5357,478.62,0.029297
2288_oDpwHYcPQ72SoKbEZ7N7Rw_35.51436062_134.08211758,/home/alex/Desktop/school/comp-vis/dataset/datasets--everettshen--StreetView360AtoZ/snapshots/f0b9ffb20c4dc68d4422db97b7da7b577970650e/data/2288_oDpwHYcPQ72SoKbEZ7N7Rw_35.51436062_134.08211758.jpg,67.0267,124.98,0.055634
469_IQ4ib7ZAJ_lqnN-Zt-KjZA_38.52530064_-77.72599633,/home/alex/Desktop/school/comp-vis/dataset/datasets--everettshen--StreetView360AtoZ/snapshots/f0b9ffb20c4dc68d4422db97b7da7b577970650e/data/469_IQ4ib7ZAJ_lqnN-Zt-KjZA_38.52530064_-77.72599633.jpg,51.4269,193.23,0.044022
429_LtahHxH2gsSc1kQQOh0T-g_40.52245046_-79.96312971,/home/alex/Desktop/school/comp-vis/dataset/datasets--everettshen--StreetView360AtoZ/snapshots/f0b9ffb20c4dc68d4422db97b7da7b577970650e/data/429_LtahHxH2gsSc1kQQOh0T-g_40.52245046_-79.96312971.jpg,47.824,46.21,0.104553
102_NBW4pKuCwLnXiou23SetAw_43.88628461_-75.44721170,/home/alex/Desktop/school/comp-vis/dataset/datasets--everettshen--StreetView360AtoZ/snapshots/f0b9ffb20c4dc68d4422db97b7da7b577970650e/data/102_NBW4pKuCwLnXiou23SetAw_43.88628461_-75.44721170.jpg,25.3669,312.59,0.0896
801_QANVbpS4Kr9Ks0Rtd2S15A_37.12768217_138.06057985,/home/alex/Desktop/school/comp-vis/dataset/datasets--everettshen--StreetView360AtoZ/snapshots/f0b9ffb20c4dc68d4422db97b7da7b577970650e/data/801_QANVbpS4Kr9Ks0Rtd2S15A_37.12768217_138.06057985.jpg,49.9375,354.84,0.036148
1843_EoA0FRvNkOrqxGjBnerFew_39.59964723_-8.83303294,/home/alex/Desktop/school/comp-vis/dataset/datasets--everettshen--StreetView360AtoZ/snapshots/f0b9ffb20c4dc68d4422db97b7da7b577970650e/data/1843_EoA0FRvNkOrqxGjBnerFew_39.59964723_-8.83303294.jpg,21.3845,159.51,0.039963
193_8hEUy9hIHuEHCUPDUR58ww_47.45239180_6.68986091,/home/alex/Desktop/school/comp-vis/dataset/datasets--everettshen--StreetView360AtoZ/snapshots/f0b9ffb20c4dc68d4422db97b7da7b577970650e/data/193_8hEUy9hIHuEHCUPDUR58ww_47.45239180_6.68986091.jpg,23.6316,196.65,0.039154
729_pHfMwcCawincySTXLQywIw_44.84717650_0.39104840,/home/alex/Desktop/school/comp-vis/dataset/datasets--everettshen--StreetView360AtoZ/snapshots/f0b9ffb20c4dc68d4422db97b7da7b577970650e/data/729_pHfMwcCawincySTXLQywIw_44.84717650_0.39104840.jpg,32.4936,449.22,0.038864
501_14JLKrtF5rNk_VMiHAOb3A_41.83294017_0.37939877,/home/alex/Desktop/school/comp-vis/dataset/datasets--everettshen--StreetView360AtoZ/snapshots/f0b9ffb20c4dc68d4422db97b7da7b577970650e/data/501_14JLKrtF5rNk_VMiHAOb3A_41.83294017_0.37939877.jpg,23.5848,123.45,0.018097
846_gRTRFZdVdENqp3WL-3Ovag_43.71943789_-87.73515176,/home/alex/Desktop/school/comp-vis/dataset/datasets--everettshen--StreetView360AtoZ/snapshots/f0b9ffb20c4dc68d4422db97b7da7b577970650e/data/846_gRTRFZdVdENqp3WL-3Ovag_43.71943789_-87.73515176.jpg,80.8378,261.08,0.050186
2667_U4VLo4366wg-b8hjW1-XLA_41.28031448_-78.47672897,/home/alex/Desktop/school/comp-vis/dataset/datasets--everettshen--StreetView360AtoZ/snapshots/f0b9ffb20c4dc68d4422db97b7da7b577970650e/data/2667_U4VLo4366wg-b8hjW1-XLA_41.28031448_-78.47672897.jpg,72.2734,238.44,0.312515
1587_KpQHpQasaKrYIx17UrdmNQ_23.93589504_120.54122367,/home/alex/Desktop/school/comp-vis/dataset/datasets--everettshen--StreetView360AtoZ/snapshots/f0b9ffb20c4dc68d4422db97b7da7b577970650e/data/1587_KpQHpQasaKrYIx17UrdmNQ_23.93589504_120.54122367.jpg,38.2044,353.52,0.110199
195_vQZcl6XWgGAJ-rz4UCBolw_46.67961074_-119.91706401,/home/alex/Desktop/school/comp-vis/dataset/datasets--everettshen--StreetView360AtoZ/snapshots/f0b9ffb20c4dc68d4422db97b7da7b577970650e/data/195_vQZcl6XWgGAJ-rz4UCBolw_46.67961074_-119.91706401.jpg,28.8243,496.35,0.014709
727_4q4rpW2NrXMZblZw0HFt2Q_39.09752698_-84.65823426,/home/alex/Desktop/school/comp-vis/dataset/datasets--everettshen--StreetView360AtoZ/snapshots/f0b9ffb20c4dc68d4422db97b7da7b577970650e/data/727_4q4rpW2NrXMZblZw0HFt2Q_39.09752698_-84.65823426.jpg,22.512,339.33,0.037659
2482_mC6a28hLouVcG4NbHx9bRQ_-32.38782006_150.68931915,/home/alex/Desktop/school/comp-vis/dataset/datasets--everettshen--StreetView360AtoZ/snapshots/f0b9ffb20c4dc68d4422db97b7da7b577970650e/data/2482_mC6a28hLouVcG4NbHx9bRQ_-32.38782006_150.68931915.jpg,41.8039,452.78,0.01886
201_ll97o3PK3_Z2zTE4KFrCfw_35.82995942_-90.17792407,/home/alex/Desktop/school/comp-vis/dataset/datasets--everettshen--StreetView360AtoZ/snapshots/f0b9ffb20c4dc68d4422db97b7da7b577970650e/data/201_ll97o3PK3_Z2zTE4KFrCfw_35.82995942_-90.17792407.jpg,52.3753,383.09,0.015686
1205_ozM80sTxFcJZOLar91n8wg_-36.82818346_174.79026805,/home/alex/Desktop/school/comp-vis/dataset/datasets--everettshen--StreetView360AtoZ/snapshots/f0b9ffb20c4dc68d4422db97b7da7b577970650e/data/1205_ozM80sTxFcJZOLar91n8wg_-36.82818346_174.79026805.jpg,21.7812,39.41,0.047501
1756_4hWT6Wrk_2NRNSJXsiEWSg_6.55223620_101.34482036,/home/alex/Desktop/school/comp-vis/dataset/datasets--everettshen--StreetView360AtoZ/snapshots/f0b9ffb20c4dc68d4422db97b7da7b577970650e/data/1756_4hWT6Wrk_2NRNSJXsiEWSg_6.55223620_101.34482036.jpg,80.8785,151.03,0.039291
157_VBd6YpE6TKcswQQKhbKt6g_45.36675607_-63.31531155,/home/alex/Desktop/school/comp-vis/dataset/datasets--everettshen--StreetView360AtoZ/snapshots/f0b9ffb20c4dc68d4422db97b7da7b577970650e/data/157_VBd6YpE6TKcswQQKhbKt6g_45.36675607_-63.31531155.jpg,61.4338,83.55,0.094116
661_eDSlIJNI6jaSQC2La1tKhw_-31.00880285_-62.66746089,/home/alex/Desktop/school/comp-vis/dataset/datasets--everettshen--StreetView360AtoZ/snapshots/f0b9ffb20c4dc68d4422db97b7da7b577970650e/data/661_eDSlIJNI6jaSQC2La1tKhw_-31.00880285_-62.66746089.jpg,21.1166,303.64,0.016479
1837_Wnb0PTzIZp9cMcDAkE-UgA_43.25866384_-82.81697456,/home/alex/Desktop/school/comp-vis/dataset/datasets--everettshen--StreetView360AtoZ/snapshots/f0b9ffb20c4dc68d4422db97b7da7b577970650e/data/1837_Wnb0PTzIZp9cMcDAkE-UgA_43.25866384_-82.81697456.jpg,43.8499,155.83,0.063965
2144_Cb_RDa9xcuRa6dS5m5I7aQ_48.69599416_-0.61543952,/home/alex/Desktop/school/comp-vis/dataset/datasets--everettshen--StreetView360AtoZ/snapshots/f0b9ffb20c4dc68d4422db97b7da7b577970650e/data/2144_Cb_RDa9xcuRa6dS5m5I7aQ_48.69599416_-0.61543952.jpg,18.5642,20.62,0.01651
2101_9codcCKn6ojXfavVs1GGlA_60.55224501_14.35193951,/home/alex/Desktop/school/comp-vis/dataset/datasets--everettshen--StreetView360AtoZ/snapshots/f0b9ffb20c4dc68d4422db97b7da7b577970650e/data/2101_9codcCKn6ojXfavVs1GGlA_60.55224501_14.35193951.jpg,11.4036,31.36,0.011353
2617_6WCOeIx1pUDN-_WYpF2l0Q_13.18009865_80.30631828,/home/alex/Desktop/school/comp-vis/dataset/datasets--everettshen--StreetView360AtoZ/snapshots/f0b9ffb20c4dc68d4422db97b7da7b577970650e/data/2617_6WCOeIx1pUDN-_WYpF2l0Q_13.18009865_80.30631828.jpg,32.8761,266.28,0.066864
328_KnD7M_yWIFuI_rNiELFzew_43.29967772_24.35044485,/home/alex/Desktop/school/comp-vis/dataset/datasets--everettshen--StreetView360AtoZ/snapshots/f0b9ffb20c4dc68d4422db97b7da7b577970650e/data/328_KnD7M_yWIFuI_rNiELFzew_43.29967772_24.35044485.jpg,30.4071,170.73,0.014847
858_fdvhBh8p32sdBucOYbKYWg_51.09993253_2.99924894,/home/alex/Desktop/school/comp-vis/dataset/datasets--everettshen--StreetView360AtoZ/snapshots/f0b9ffb20c4dc68d4422db97b7da7b577970650e/data/858_fdvhBh8p32sdBucOYbKYWg_51.09993253_2.99924894.jpg,36.1801,289.99,0.011856
783_wFIxqfcWgy2mnV10dsVZJA_51.45467358_0.52401710,/home/alex/Desktop/school/comp-vis/dataset/datasets--everettshen--StreetView360AtoZ/snapshots/f0b9ffb20c4dc68d4422db97b7da7b577970650e/data/783_wFIxqfcWgy2mnV10dsVZJA_51.45467358_0.52401710.jpg,59.325,459.52,0.0336
1460_2TK_ufASogg21JZ0pf50UA_10.48235979_8.59614559,/home/alex/Desktop/school/comp-vis/dataset/datasets--everettshen--StreetView360AtoZ/snapshots/f0b9ffb20c4dc68d4422db97b7da7b577970650e/data/1460_2TK_ufASogg21JZ0pf50UA_10.48235979_8.59614559.jpg,58.5509,135.53,0.025528
137_mSUItSNG8WGbK7Og7IGMJA_22.03038944_82.62237553,/home/alex/Desktop/school/comp-vis/dataset/datasets--everettshen--StreetView360AtoZ/snapshots/f0b9ffb20c4dc68d4422db97b7da7b577970650e/data/137_mSUItSNG8WGbK7Og7IGMJA_22.03038944_82.62237553.jpg,39.922,87.64,0.151978
429_TypExoB5v70NpJI6svGP2Q_-28.96119150_153.46304837,/home/alex/Desktop/school/comp-vis/dataset/datasets--everettshen--StreetView360AtoZ/snapshots/f0b9ffb20c4dc68d4422db97b7da7b577970650e/data/429_TypExoB5v70NpJI6svGP2Q_-28.96119150_153.46304837.jpg,17.6485,351.61,0.045883
111_Ryg7XnzobKlB1GLGqQlLbw_50.05772096_15.48715433,/home/alex/Desktop/school/comp-vis/dataset/datasets--everettshen--StreetView360AtoZ/snapshots/f0b9ffb20c4dc68d4422db97b7da7b577970650e/data/111_Ryg7XnzobKlB1GLGqQlLbw_50.05772096_15.48715433.jpg,66.1662,77.07,0.047806
945_jxGYmhF3zsP64xSHhZ0fWg_27.26400648_74.98878511,/home/alex/Desktop/school/comp-vis/dataset/datasets--everettshen--StreetView360AtoZ/snapshots/f0b9ffb20c4dc68d4422db97b7da7b577970650e/data/945_jxGYmhF3zsP64xSHhZ0fWg_27.26400648_74.98878511.jpg,44.7921,197.94,0.105209
578_DItThUThq_IgTtBXoj9u2g_45.86890103_15.51924305,/home/alex/Desktop/school/comp-vis/dataset/datasets--everettshen--StreetView360AtoZ/snapshots/f0b9ffb20c4dc68d4422db97b7da7b577970650e/data/578_DItThUThq_IgTtBXoj9u2g_45.86890103_15.51924305.jpg,28.563,240.81,0.025742
1435_rNmoACsXxE3Aoj6l2A9w3g_62.89463502_7.67243570,/home/alex/Desktop/school/comp-vis/dataset/datasets--everettshen--StreetView360AtoZ/snapshots/f0b9ffb20c4dc68d4422db97b7da7b577970650e/data/1435_rNmoACsXxE3Aoj6l2A9w3g_62.89463502_7.67243570.jpg,39.2891,434.38,0.118103
1783_aMFHS6kWzdHlhqroLFqWtw_1.31422285_103.93638175,/home/alex/Desktop/school/comp-vis/dataset/datasets--everettshen--StreetView360AtoZ/snapshots/f0b9ffb20c4dc68d4422db97b7da7b577970650e/data/1783_aMFHS6kWzdHlhqroLFqWtw_1.31422285_103.93638175.jpg,47.9821,465.59,0.091858
2010_HJ8nw61ih8FdI5PpjeDfng_40.41482233_29.18347223,/home/alex/Desktop/school/comp-vis/dataset/datasets--everettshen--StreetView360AtoZ/snapshots/f0b9ffb20c4dc68d4422db97b7da7b577970650e/data/2010_HJ8nw61ih8FdI5PpjeDfng_40.41482233_29.18347223.jpg,24.4718,309.84,0.032898
599_ZtHhMSszRlqA1r329fkNHA_51.75002039_22.17306816,/home/alex/Desktop/school/comp-vis/dataset/datasets--everettshen--StreetView360AtoZ/snapshots/f0b9ffb20c4dc68d4422db97b7da7b577970650e/data/599_ZtHhMSszRlqA1r329fkNHA_51.75002039_22.17306816.jpg,77.0448,212.92,0.161514
2020_VFmzP8H2Tpz39eZVE-0kwg_42.48166677_-72.12849069,/home/alex/Desktop/school/comp-vis/dataset/datasets--everettshen--StreetView360AtoZ/snapshots/f0b9ffb20c4dc68d4422db97b7da7b577970650e/data/2020_VFmzP8H2Tpz39eZVE-0kwg_42.48166677_-72.12849069.jpg,75.4848,132.68,0.160965
60_AA0c9rmUDJ-XVHKXaHmhbQ_45.02754750_8.26627418,/home/alex/Desktop/school/comp-vis/dataset/datasets--everettshen--StreetView360AtoZ/snapshots/f0b9ffb20c4dc68d4422db97b7da7b577970650e/data/60_AA0c9rmUDJ-XVHKXaHmhbQ_45.02754750_8.26627418.jpg,47.5273,214.22,0.077255
1445_k90J5Uek7gN_bm4Z5Wifvw_-17.39956920_-63.83342178,/home/alex/Desktop/school/comp-vis/dataset/datasets--everettshen--StreetView360AtoZ/snapshots/f0b9ffb20c4dc68d4422db97b7da7b577970650e/data/1445_k90J5Uek7gN_bm4Z5Wifvw_-17.39956920_-63.83342178.jpg,13.2058,24.47,0.019714
1610_fv-ZuzwYM0ZYtmZgTmIkWQ_42.67169757_-5.18277738,/home/alex/Desktop/school/comp-vis/dataset/datasets--everettshen--StreetView360AtoZ/snapshots/f0b9ffb20c4dc68d4422db97b7da7b577970650e/data/1610_fv-ZuzwYM0ZYtmZgTmIkWQ_42.67169757_-5.18277738.jpg,28.1527,45.26,0.024567
304_I5RWTM3EvkCvg7zLlNkrdQ_56.13322047_9.06106664,/home/alex/Desktop/school/comp-vis/dataset/datasets--everettshen--StreetView360AtoZ/snapshots/f0b9ffb20c4dc68d4422db97b7da7b577970650e/data/304_I5RWTM3EvkCvg7zLlNkrdQ_56.13322047_9.06106664.jpg,33.3869,44.18,0.024567
154_QvoFeSg_NvKoR7j6FfMsvQ_33.55185095_133.46108244,/home/alex/Desktop/school/comp-vis/dataset/datasets--everettshen--StreetView360AtoZ/snapshots/f0b9ffb20c4dc68d4422db97b7da7b577970650e/data/154_QvoFeSg_NvKoR7j6FfMsvQ_33.55185095_133.46108244.jpg,17.8032,305.93,0.013107
2960_PHy-KV57PZD027GJ8LOoKQ_45.26274280_-94.12427694,/home/alex/Desktop/school/comp-vis/dataset/datasets--everettshen--StreetView360AtoZ/snapshots/f0b9ffb20c4dc68d4422db97b7da7b577970650e/data/2960_PHy-KV57PZD027GJ8LOoKQ_45.26274280_-94.12427694.jpg,45.7531,190.01,0.032425
1169_ictckD9bcendrROpkhHUBQ_27.49531005_-82.71085548,/home/alex/Desktop/school/comp-vis/dataset/datasets--everettshen--StreetView360AtoZ/snapshots/f0b9ffb20c4dc68d4422db97b7da7b577970650e/data/1169_ictckD9bcendrROpkhHUBQ_27.49531005_-82.71085548.jpg,47.7449,54.24,0.080063
1526_9LH2vRcUsMftgdjDm0hiQg_1.32102761_103.81353667,/home/alex/Desktop/school/comp-vis/dataset/datasets--everettshen--StreetView360AtoZ/snapshots/f0b9ffb20c4dc68d4422db97b7da7b577970650e/data/1526_9LH2vRcUsMftgdjDm0hiQg_1.32102761_103.81353667.jpg,36.9549,119.63,0.034943
379_-uxOW5cE6m7XKMJhbscBwg_-32.07717924_133.48403288,/home/alex/Desktop/school/comp-vis/dataset/datasets--everettshen--StreetView360AtoZ/snapshots/f0b9ffb20c4dc68d4422db97b7da7b577970650e/data/379_-uxOW5cE6m7XKMJhbscBwg_-32.07717924_133.48403288.jpg,17.0086,488.07,0.031525
754_t6t70NdqRytiiatCw_ZObA_34.23348353_-80.10677794,/home/alex/Desktop/school/comp-vis/dataset/datasets--everettshen--StreetView360AtoZ/snapshots/f0b9ffb20c4dc68d4422db97b7da7b577970650e/data/754_t6t70NdqRytiiatCw_ZObA_34.23348353_-80.10677794.jpg,40.6672,273.49,0.071548
515_d5nVPjEJQZ6NYFdvro6CMg_41.37171205_-82.49364380,/home/alex/Desktop/school/comp-vis/dataset/datasets--everettshen--StreetView360AtoZ/snapshots/f0b9ffb20c4dc68d4422db97b7da7b577970650e/data/515_d5nVPjEJQZ6NYFdvro6CMg_41.37171205_-82.49364380.jpg,33.0941,190.67,0.057617
1935_dnHKbmeLIAIbv6M0cZDprw_33.10020316_139.78312759,/home/alex/Desktop/school/comp-vis/dataset/datasets--everettshen--StreetView360AtoZ/snapshots/f0b9ffb20c4dc68d4422db97b7da7b577970650e/data/1935_dnHKbmeLIAIbv6M0cZDprw_33.10020316_139.78312759.jpg,78.9336,60.83,0.013123
1272_9JPM9C8AMdLyhl1i4N_E_Q_41.47705554_-1.37416059,/home/alex/Desktop/school/comp-vis/dataset/datasets--everettshen--StreetView360AtoZ/snapshots/f0b9ffb20c4dc68d4422db97b7da7b577970650e/data/1272_9JPM9C8AMdLyhl1i4N_E_Q_41.47705554_-1.37416059.jpg,68.1999,278.05,0.229797
3159_gOPgltGeZzwhGyyadkr1kg_37.06790036_-96.01475601,/home/alex/Desktop/school/comp-vis/dataset/datasets--everettshen--StreetView360AtoZ/snapshots/f0b9ffb20c4dc68d4422db97b7da7b577970650e/data/3159_gOPgltGeZzwhGyyadkr1kg_37.06790036_-96.01475601.jpg,27.0434,89.66,0.058334
1129_kp08Ao9ZxkqVjlPs-vsXMw_14.85228200_105.41054229,/home/alex/Desktop/school/comp-vis/dataset/datasets--everettshen--StreetView360AtoZ/snapshots/f0b9ffb20c4dc68d4422db97b7da7b577970650e/data/1129_kp08Ao9ZxkqVjlPs-vsXMw_14.85228200_105.41054229.jpg,81.7389,435.0,0.022095
3152_izI-4LGv9Dho2JNG6rEvEg_46.21951975_-66.61238349,/home/alex/Desktop/school/comp-vis/dataset/datasets--everettshen--StreetView360AtoZ/snapshots/f0b9ffb20c4dc68d4422db97b7da7b577970650e/data/3152_izI-4LGv9Dho2JNG6rEvEg_46.21951975_-66.61238349.jpg,19.2554,127.57,0.024719
3356_vexjDrSQymWr-RORen8N7A_-19.75442560_-50.91661340,/home/alex/Desktop/school/comp-vis/dataset/datasets--everettshen--StreetView360AtoZ/snapshots/f0b9ffb20c4dc68d4422db97b7da7b577970650e/data/3356_vexjDrSQymWr-RORen8N7A_-19.75442560_-50.91661340.jpg,33.5517,15.69,0.015381
1010_FUz1ZpAgvX1P3JfqcsOEcQ_43.71011725_-82.60973825,/home/alex/Desktop/school/comp-vis/dataset/datasets--everettshen--StreetView360AtoZ/snapshots/f0b9ffb20c4dc68d4422db97b7da7b577970650e/data/1010_FUz1ZpAgvX1P3JfqcsOEcQ_43.71011725_-82.60973825.jpg,36.2203,481.51,0.054489
517_IxLEB13ocpzo2illPZW7cA_25.86850658_88.14308427,/home/alex/Desktop/school/comp-vis/dataset/datasets--everettshen--StreetView360AtoZ/snapshots/f0b9ffb20c4dc68d4422db97b7da7b577970650e/data/517_IxLEB13ocpzo2illPZW7cA_25.86850658_88.14308427.jpg,42.8906,91.02,0.047256
2509_Af_sFjp_Ah2WJO4q2-AAIQ_33.99940910_-117.04796300,/home/alex/Desktop/school/comp-vis/dataset/datasets--everettshen--StreetView360AtoZ/snapshots/f0b9ffb20c4dc68d4422db97b7da7b577970650e/data/2509_Af_sFjp_Ah2WJO4q2-AAIQ_33.99940910_-117.04796300.jpg,32.8935,410.22,0.050415
2670_c22ZLSFWS61Jtqjch7pyPw_13.67225788_103.71699336,/home/alex/Desktop/school/comp-vis/dataset/datasets--everettshen--StreetView360AtoZ/snapshots/f0b9ffb20c4dc68d4422db97b7da7b577970650e/data/2670_c22ZLSFWS61Jtqjch7pyPw_13.67225788_103.71699336.jpg,22.9847,243.18,0.03714
656_UL0sRv0MYHb9Zy4OzJ8EWg_50.40737638_4.26977232,/home/alex/Desktop/school/comp-vis/dataset/datasets--everettshen--StreetView360AtoZ/snapshots/f0b9ffb20c4dc68d4422db97b7da7b577970650e/data/656_UL0sRv0MYHb9Zy4OzJ8EWg_50.40737638_4.26977232.jpg,31.4866,496.52,0.01178
1346_0msI7mj0WEUIVDSI28Lvxg_30.37866058_-89.08127003,/home/alex/Desktop/school/comp-vis/dataset/datasets--everettshen--StreetView360AtoZ/snapshots/f0b9ffb20c4dc68d4422db97b7da7b577970650e/data/1346_0msI7mj0WEUIVDSI28Lvxg_30.37866058_-89.08127003.jpg,24.7367,295.34,0.088562
2859_giyligGUfTBZTNbS7vrqSQ_-1.29005758_121.19402119,/home/alex/Desktop/school/comp-vis/dataset/datasets--everettshen--StreetView360AtoZ/snapshots/f0b9ffb20c4dc68d4422db97b7da7b577970650e/data/2859_giyligGUfTBZTNbS7vrqSQ_-1.29005758_121.19402119.jpg,84.4104,287.45,0.103058
750_U58xFz7PTeSYt_2k46LzqQ_52.60854237_-8.91184342,/home/alex/Desktop/school/comp-vis/dataset/datasets--everettshen--StreetView360AtoZ/snapshots/f0b9ffb20c4dc68d4422db97b7da7b577970650e/data/750_U58xFz7PTeSYt_2k46LzqQ_52.60854237_-8.91184342.jpg,63.8422,390.36,0.054016
569_5iNeRO9nxPMX7hE443mciw_18.00868822_74.77916521,/home/alex/Desktop/school/comp-vis/dataset/datasets--everettshen--StreetView360AtoZ/snapshots/f0b9ffb20c4dc68d4422db97b7da7b577970650e/data/569_5iNeRO9nxPMX7hE443mciw_18.00868822_74.77916521.jpg,45.2003,317.33,0.122604
1909_rhluwKYKQcWTXMwa7jLqFA_14.81663138_-15.89960529,/home/alex/Desktop/school/comp-vis/dataset/datasets--everettshen--StreetView360AtoZ/snapshots/f0b9ffb20c4dc68d4422db97b7da7b577970650e/data/1909_rhluwKYKQcWTXMwa7jLqFA_14.81663138_-15.89960529.jpg,72.7832,494.07,0.016678
906_al3Ol0RnXZ4ldd1e8mbCUQ_-33.82350290_148.69329133,/home/alex/Desktop/school/comp-vis/dataset/datasets--everettshen--StreetView360AtoZ/snapshots/f0b9ffb20c4dc68d4422db97b7da7b577970650e/data/906_al3Ol0RnXZ4ldd1e8mbCUQ_-33.82350290_148.69329133.jpg,77.9289,265.78,0.121658
2788_Ocpw789cOo7Vf5gGsA3gRg_68.09664089_16.37523153,/home/alex/Desktop/school/comp-vis/dataset/datasets--everettshen--StreetView360AtoZ/snapshots/f0b9ffb20c4dc68d4422db97b7da7b577970650e/data/2788_Ocpw789cOo7Vf5gGsA3gRg_68.09664089_16.37523153.jpg,36.5814,243.38,0.016769
1718_l1oqwb47KJmKhXjYVBXOWw_37.81929495_128.63265870,/home/alex/Desktop/school/comp-vis/dataset/datasets--everettshen--StreetView360AtoZ/snapshots/f0b9ffb20c4dc68d4422db97b7da7b577970650e/data/1718_l1oqwb47KJmKhXjYVBXOWw_37.81929495_128.63265870.jpg,43.5187,175.76,0.022873
2176_7h_N1Qso8C-l4JVxGMN35A_-3.58392597_-59.13120111,/home/alex/Desktop/school/comp-vis/dataset/datasets--everettshen--StreetView360AtoZ/snapshots/f0b9ffb20c4dc68d4422db97b7da7b577970650e/data/2176_7h_N1Qso8C-l4JVxGMN35A_-3.58392597_-59.13120111.jpg,50.859,199.98,0.035629
140_v7hI8sU8XFDwJE_1dGQeNQ_67.96646134_23.66628199,/home/alex/Desktop/school/comp-vis/dataset/datasets--everettshen--StreetView360AtoZ/snapshots/f0b9ffb20c4dc68d4422db97b7da7b577970650e/data/140_v7hI8sU8XFDwJE_1dGQeNQ_67.96646134_23.66628199.jpg,43.7698,41.8,0.084686
1365_ZqcDXUvGcihFRiWEQqD0MA_10.47043894_7.37314059,/home/alex/Desktop/school/comp-vis/dataset/datasets--everettshen--StreetView360AtoZ/snapshots/f0b9ffb20c4dc68d4422db97b7da7b577970650e/data/1365_ZqcDXUvGcihFRiWEQqD0MA_10.47043894_7.37314059.jpg,49.9004,185.82,0.093552
360_BN25i9UPjJNkZ8fkM_bltg_24.84553356_88.56910845,/home/alex/Desktop/school/comp-vis/dataset/datasets--everettshen--StreetView360AtoZ/snapshots/f0b9ffb20c4dc68d4422db97b7da7b577970650e/data/360_BN25i9UPjJNkZ8fkM_bltg_24.84553356_88.56910845.jpg,32.3893,459.6,0.025452
2832_1xmv1qP1GyBMzWiX2ph_9A_16.87517513_80.33236615,/home/alex/Desktop/school/comp-vis/dataset/datasets--everettshen--StreetView360AtoZ/snapshots/f0b9ffb20c4dc68d4422db97b7da7b577970650e/data/2832_1xmv1qP1GyBMzWiX2ph_9A_16.87517513_80.33236615.jpg,38.9533,280.03,0.053833
3375_lQfZm7CLi00d26blxbiwKw_49.21673834_-121.08555956,/home/alex/Desktop/school/comp-vis/dataset/datasets--everettshen--StreetView360AtoZ/snapshots/f0b9ffb20c4dc68d4422db97b7da7b577970650e/data/3375_lQfZm7CLi00d26blxbiwKw_49.21673834_-121.08555956.jpg,63.3459,469.35,0.049805
1219_7oaC0d5sei_znig87_13Pw_45.76129813_24.82035201,/home/alex/Desktop/school/comp-vis/dataset/datasets--everettshen--StreetView360AtoZ/snapshots/f0b9ffb20c4dc68d4422db97b7da7b577970650e/data/1219_7oaC0d5sei_znig87_13Pw_45.76129813_24.82035201.jpg,33.2509,402.51,0.040604
458_fFt2BrhrcdU_6Qf-YavVoQ_36.84207939_-76.01315021,/home/alex/Desktop/school/comp-vis/dataset/datasets--everettshen--StreetView360AtoZ/snapshots/f0b9ffb20c4dc68d4422db97b7da7b577970650e/data/458_fFt2BrhrcdU_6Qf-YavVoQ_36.84207939_-76.01315021.jpg,34.8217,362.73,0.11261
2772_j_koIVpOp91cAZO9AsjqWA_29.22350902_-13.45228386,/home/alex/Desktop/school/comp-vis/dataset/datasets--everettshen--StreetView360AtoZ/snapshots/f0b9ffb20c4dc68d4422db97b7da7b577970650e/data/2772_j_koIVpOp91cAZO9AsjqWA_29.22350902_-13.45228386.jpg,25.4703,13.95,0.017044
1124_CsmOnE8AIyEiUP-p-nc44g_0.62615445_34.57959885,/home/alex/Desktop/school/comp-vis/dataset/datasets--everettshen--StreetView360AtoZ/snapshots/f0b9ffb20c4dc68d4422db97b7da7b577970650e/data/1124_CsmOnE8AIyEiUP-p-nc44g_0.62615445_34.57959885.jpg,58.3545,286.12,0.034576
109_Sqqd1lK1OW29OD0a4xZySg_43.89094717_2.12904542,/home/alex/Desktop/school/comp-vis/dataset/datasets--everettshen--StreetView360AtoZ/snapshots/f0b9ffb20c4dc68d4422db97b7da7b577970650e/data/109_Sqqd1lK1OW29OD0a4xZySg_43.89094717_2.12904542.jpg,39.2898,162.11,0.051788
3045_fXLwbRobPzfJszj-l5QzBw_52.50919955_6.09505129,/home/alex/Desktop/school/comp-vis/dataset/datasets--everettshen--StreetView360AtoZ/snapshots/f0b9ffb20c4dc68d4422db97b7da7b577970650e/data/3045_fXLwbRobPzfJszj-l5QzBw_52.50919955_6.09505129.jpg,45.5711,145.59,0.058502
1911_JlRvFjTyhiikKTxFlSS-BQ_24.50214591_84.64691770,/home/alex/Desktop/school/comp-vis/dataset/datasets--everettshen--StreetView360AtoZ/snapshots/f0b9ffb20c4dc68d4422db97b7da7b577970650e/data/1911_JlRvFjTyhiikKTxFlSS-BQ_24.50214591_84.64691770.jpg,41.2308,62.08,0.116653
384_TgAC-FYdpy8F8X3dHRAQxQ_51.20196898_19.51354357,/home/alex/Desktop/school/comp-vis/dataset/datasets--everettshen--StreetView360AtoZ/snapshots/f0b9ffb20c4dc68d4422db97b7da7b577970650e/data/384_TgAC-FYdpy8F8X3dHRAQxQ_51.20196898_19.51354357.jpg,57.0588,299.76,0.033737
107_j9lXPLClUMSL25a2VQigmg_57.93023872_56.23611256,/home/alex/Desktop/school/comp-vis/dataset/datasets--everettshen--StreetView360AtoZ/snapshots/f0b9ffb20c4dc68d4422db97b7da7b577970650e/data/107_j9lXPLClUMSL25a2VQigmg_57.93023872_56.23611256.jpg,34.5779,56.9,0.025436
1239_Ze8jpyhnL2ILUVpAhrIhRw_40.39022346_-3.72176223,/home/alex/Desktop/school/comp-vis/dataset/datasets--everettshen--StreetView360AtoZ/snapshots/f0b9ffb20c4dc68d4422db97b7da7b577970650e/data/1239_Ze8jpyhnL2ILUVpAhrIhRw_40.39022346_-3.72176223.jpg,66.3298,226.9,0.457779
646_C2cKCWZjshhuD76TUAOf3Q_29.79799186_-98.71461580,/home/alex/Desktop/school/comp-vis/dataset/datasets--everettshen--StreetView360AtoZ/snapshots/f0b9ffb20c4dc68d4422db97b7da7b577970650e/data/646_C2cKCWZjshhuD76TUAOf3Q_29.79799186_-98.71461580.jpg,35.0241,272.45,0.021561
562_1XVIQ-AlCw62_1LnuRQnzA_50.07033119_14.99011716,/home/alex/Desktop/school/comp-vis/dataset/datasets--everettshen--StreetView360AtoZ/snapshots/f0b9ffb20c4dc68d4422db97b7da7b577970650e/data/562_1XVIQ-AlCw62_1LnuRQnzA_50.07033119_14.99011716.jpg,60.4648,207.29,0.03212
293_F21k4wUJiOEKyt-XLkdxAw_55.85417468_11.99886151,/home/alex/Desktop/school/comp-vis/dataset/datasets--everettshen--StreetView360AtoZ/snapshots/f0b9ffb20c4dc68d4422db97b7da7b577970650e/data/293_F21k4wUJiOEKyt-XLkdxAw_55.85417468_11.99886151.jpg,39.6996,110.04,0.122742
898_sYzJpf8qIxHzlWcv9Q_Vfg_42.39226782_-75.08538693,/home/alex/Desktop/school/comp-vis/dataset/datasets--everettshen--StreetView360AtoZ/snapshots/f0b9ffb20c4dc68d4422db97b7da7b577970650e/data/898_sYzJpf8qIxHzlWcv9Q_Vfg_42.39226782_-75.08538693.jpg,23.4022,132.75,0.06366
1036_TTvLMqR1sTNIi559GrYzWg_32.66511190_-107.16878780,/home/alex/Desktop/school/comp-vis/dataset/datasets--everettshen--StreetView360AtoZ/snapshots/f0b9ffb20c4dc68d4422db97b7da7b577970650e/data/1036_TTvLMqR1sTNIi559GrYzWg_32.66511190_-107.16878780.jpg,84.1896,244.66,0.131134
74_fvE_5b20aA9VSqz5cP8VGg_64.75663681_-147.36059830,/home/alex/Desktop/school/comp-vis/dataset/datasets--everettshen--StreetView360AtoZ/snapshots/f0b9ffb20c4dc68d4422db97b7da7b577970650e/data/74_fvE_5b20aA9VSqz5cP8VGg_64.75663681_-147.36059830.jpg,48.8823,363.67,0.03804
1837_EsipYZx3rkUid2CZQgcwTw_27.31813617_76.54978754,/home/alex/Desktop/school/comp-vis/dataset/datasets--everettshen--StreetView360AtoZ/snapshots/f0b9ffb20c4dc68d4422db97b7da7b577970650e/data/1837_EsipYZx3rkUid2CZQgcwTw_27.31813617_76.54978754.jpg,35.2868,72.53,0.100113
743_j1vnqzfm_TQTEUVyQnI2Dg_39.97292867_-2.89827104,/home/alex/Desktop/school/comp-vis/dataset/datasets--everettshen--StreetView360AtoZ/snapshots/f0b9ffb20c4dc68d4422db97b7da7b577970650e/data/743_j1vnqzfm_TQTEUVyQnI2Dg_39.97292867_-2.89827104.jpg,66.3067,440.83,0.023361
715_D6ox_nuBox7874Ae96F7pg_-27.60888000_-61.34493092,/home/alex/Desktop/school/comp-vis/dataset/datasets--everettshen--StreetView360AtoZ/snapshots/f0b9ffb20c4dc68d4422db97b7da7b577970650e/data/715_D6ox_nuBox7874Ae96F7pg_-27.60888000_-61.34493092.jpg,58.7582,377.76,0.019577
3134_QVXy4YgCCe5ut-H0wSu2Bg_38.07939443_-91.08630851,/home/alex/Desktop/school/comp-vis/dataset/datasets--everettshen--StreetView360AtoZ/snapshots/f0b9ffb20c4dc68d4422db97b7da7b577970650e/data/3134_QVXy4YgCCe5ut-H0wSu2Bg_38.07939443_-91.08630851.jpg,47.1927,325.44,0.086456
2233_3Sqi23R6bh6IF8_g8xnJ5w_10.14679142_78.79388853,/home/alex/Desktop/school/comp-vis/dataset/datasets--everettshen--StreetView360AtoZ/snapshots/f0b9ffb20c4dc68d4422db97b7da7b577970650e/data/2233_3Sqi23R6bh6IF8_g8xnJ5w_10.14679142_78.79388853.jpg,38.6938,279.66,0.137115
1133__xLxiUru_r0ia9VdkTyJ3g_24.72834763_121.73040216,/home/alex/Desktop/school/comp-vis/dataset/datasets--everettshen--StreetView360AtoZ/snapshots/f0b9ffb20c4dc68d4422db97b7da7b577970650e/data/1133__xLxiUru_r0ia9VdkTyJ3g_24.72834763_121.73040216.jpg,71.383,448.21,0.045547
715_-MjWDpsnaXYiCbYevMsQiA_53.51983597_11.07537585,/home/alex/Desktop/school/comp-vis/dataset/datasets--everettshen--StreetView360AtoZ/snapshots/f0b9ffb20c4dc68d4422db97b7da7b577970650e/data/715_-MjWDpsnaXYiCbYevMsQiA_53.51983597_11.07537585.jpg,48.3284,304.17,0.038406
1699_yqtjmv-jqMWw5esLk7laYg_36.48150206_-93.90600026,/home/alex/Desktop/school/comp-vis/dataset/datasets--everettshen--StreetView360AtoZ/snapshots/f0b9ffb20c4dc68d4422db97b7da7b577970650e/data/1699_yqtjmv-jqMWw5esLk7laYg_36.48150206_-93.90600026.jpg,14.605,218.92,0.043869
636_bNLUANNW-TtFQAtpJYMnWQ_52.03336906_4.71702410,/home/alex/Desktop/school/comp-vis/dataset/datasets--everettshen--StreetView360AtoZ/snapshots/f0b9ffb20c4dc68d4422db97b7da7b577970650e/data/636_bNLUANNW-TtFQAtpJYMnWQ_52.03336906_4.71702410.jpg,38.2869,339.73,0.09877
2178_oWR-FXxI8zyf5EIN6OhaCA_50.65974059_1.73622657,/home/alex/Desktop/school/comp-vis/dataset/datasets--everettshen--StreetView360AtoZ/snapshots/f0b9ffb20c4dc68d4422db97b7da7b577970650e/data/2178_oWR-FXxI8zyf5EIN6OhaCA_50.65974059_1.73622657.jpg,57.1758,456.02,0.076126
2443_6-dJRoMEEUcE14UOk3xhJw_-38.55674482_176.04477185,/home/alex/Desktop/school/comp-vis/dataset/datasets--everettshen--StreetView360AtoZ/snapshots/f0b9ffb20c4dc68d4422db97b7da7b577970650e/data/2443_6-dJRoMEEUcE14UOk3xhJw_-38.55674482_176.04477185.jpg,18.9731,236.04,0.041611
2816_9QV95EGUE8kBqJsRlBZLzw_42.02430436_-79.69587187,/home/alex/Desktop/school/comp-vis/dataset/datasets--everettshen--StreetView360AtoZ/snapshots/f0b9ffb20c4dc68d4422db97b7da7b577970650e/data/2816_9QV95EGUE8kBqJsRlBZLzw_42.02430436_-79.69587187.jpg,24.3176,306.01,0.06929
991_K5Y4lcMBZAGPgq51rnQHnw_32.71199503_-117.05035096,/home/alex/Desktop/school/comp-vis/dataset/datasets--everettshen--StreetView360AtoZ/snapshots/f0b9ffb20c4dc68d4422db97b7da7b577970650e/data/991_K5Y4lcMBZAGPgq51rnQHnw_32.71199503_-117.05035096.jpg,49.7101,287.9,0.042114
84_uIhbVZG-4uM1hs4KVvhLJA_-40.13897092_176.53571807,/home/alex/Desktop/school/comp-vis/dataset/datasets--everettshen--StreetView360AtoZ/snapshots/f0b9ffb20c4dc68d4422db97b7da7b577970650e/data/84_uIhbVZG-4uM1hs4KVvhLJA_-40.13897092_176.53571807.jpg,16.3968,453.69,0.062668
2066_unGEQTC63IoEBFLnMlSxDg_35.39781307_-97.53900798,/home/alex/Desktop/school/comp-vis/dataset/datasets--everettshen--StreetView360AtoZ/snapshots/f0b9ffb20c4dc68d4422db97b7da7b577970650e/data/2066_unGEQTC63IoEBFLnMlSxDg_35.39781307_-97.53900798.jpg,16.0069,47.8,0.042389
1716_l-OXN80gm3o4-diuuzXZBg_33.94759628_-78.22663633,/home/alex/Desktop/school/comp-vis/dataset/datasets--everettshen--StreetView360AtoZ/snapshots/f0b9ffb20c4dc68d4422db97b7da7b577970650e/data/1716_l-OXN80gm3o4-diuuzXZBg_33.94759628_-78.22663633.jpg,39.4324,273.36,0.02063
630_w2u1YEDTXs1JMFw5N3kfWg_38.08354286_-99.88810634,/home/alex/Desktop/school/comp-vis/dataset/datasets--everettshen--StreetView360AtoZ/snapshots/f0b9ffb20c4dc68d4422db97b7da7b577970650e/data/630_w2u1YEDTXs1JMFw5N3kfWg_38.08354286_-99.88810634.jpg,22.8984,238.87,0.087234
257_n5Ojao2Erwcio2G2SGNnRw_22.74247497_-103.04470848,/home/alex/Desktop/school/comp-vis/dataset/datasets--everettshen--StreetView360AtoZ/snapshots/f0b9ffb20c4dc68d4422db97b7da7b577970650e/data/257_n5Ojao2Erwcio2G2SGNnRw_22.74247497_-103.04470848.jpg,55.1498,169.42,0.018234
876_z-hDIKTU1qNQq-zrX_kirg_51.21891425_4.12366003,/home/alex/Desktop/school/comp-vis/dataset/datasets--everettshen--StreetView360AtoZ/snapshots/f0b9ffb20c4dc68d4422db97b7da7b577970650e/data/876_z-hDIKTU1qNQq-zrX_kirg_51.21891425_4.12366003.jpg,48.48,335.75,0.088959
1827_VddsBXQHbyL-qouaGuVzBg_23.86651996_121.50026704,/home/alex/Desktop/school/comp-vis/dataset/datasets--everettshen--StreetView360AtoZ/snapshots/f0b9ffb20c4dc68d4422db97b7da7b577970650e/data/1827_VddsBXQHbyL-qouaGuVzBg_23.86651996_121.50026704.jpg,44.0684,69.48,0.077393
403_boCJ0_fLDq1V96S7uRqjAg_51.93654015_1.27844026,/home/alex/Desktop/school/comp-vis/dataset/datasets--everettshen--StreetView360AtoZ/snapshots/f0b9ffb20c4dc68d4422db97b7da7b577970650e/data/403_boCJ0_fLDq1V96S7uRqjAg_51.93654015_1.27844026.jpg,51.1872,315.17,0.031403
76_1VwvTsMIRTo8R7qmat5Rcw_61.45348726_21.71727924,/home/alex/Desktop/school/comp-vis/dataset/datasets--everettshen--StreetView360AtoZ/snapshots/f0b9ffb20c4dc68d4422db97b7da7b577970650e/data/76_1VwvTsMIRTo8R7qmat5Rcw_61.45348726_21.71727924.jpg,57.7121,336.23,0.133087
529_Ymh4cdAOEMY_uF0yL5IZYQ_43.12874647_10.68143170,/home/alex/Desktop/school/comp-vis/dataset/datasets--everettshen--StreetView360AtoZ/snapshots/f0b9ffb20c4dc68d4422db97b7da7b577970650e/data/529_Ymh4cdAOEMY_uF0yL5IZYQ_43.12874647_10.68143170.jpg,9.2956,252.05,0.011017
547_bhHMwxQQ8cQqEZWI2mTKNg_15.83626468_74.50409843,/home/alex/Desktop/school/comp-vis/dataset/datasets--everettshen--StreetView360AtoZ/snapshots/f0b9ffb20c4dc68d4422db97b7da7b577970650e/data/547_bhHMwxQQ8cQqEZWI2mTKNg_15.83626468_74.50409843.jpg,68.762,245.86,0.414536
470_mI-l14Tqn_dna3AAHiWLyA_-23.74287746_-49.89010621,/home/alex/Desktop/school/comp-vis/dataset/datasets--everettshen--StreetView360AtoZ/snapshots/f0b9ffb20c4dc68d4422db97b7da7b577970650e/data/470_mI-l14Tqn_dna3AAHiWLyA_-23.74287746_-49.89010621.jpg,36.961,297.68,0.021454
3391_o952E6yuPjQa0CD0EcKLcQ_50.86051679_0.56005013,/home/alex/Desktop/school/comp-vis/dataset/datasets--everettshen--StreetView360AtoZ/snapshots/f0b9ffb20c4dc68d4422db97b7da7b577970650e/data/3391_o952E6yuPjQa0CD0EcKLcQ_50.86051679_0.56005013.jpg,44.3509,70.49,0.076492
859_0i4ZeAbf8OAw9TCRTxw0og_15.73856866_-96.78559163,/home/alex/Desktop/school/comp-vis/dataset/datasets--everettshen--StreetView360AtoZ/snapshots/f0b9ffb20c4dc68d4422db97b7da7b577970650e/data/859_0i4ZeAbf8OAw9TCRTxw0og_15.73856866_-96.78559163.jpg,24.1099,484.93,0.022491
59_5R5Z_rlvoL94D4ULMA_66A_46.77082201_-88.44052533,/home/alex/Desktop/school/comp-vis/dataset/datasets--everettshen--StreetView360AtoZ/snapshots/f0b9ffb20c4dc68d4422db97b7da7b577970650e/data/59_5R5Z_rlvoL94D4ULMA_66A_46.77082201_-88.44052533.jpg,34.0583,181.0,0.088211
1054_UdVis1Vj6gdvd05WGmlebg_37.10055192_-92.56361595,/home/alex/Desktop/school/comp-vis/dataset/datasets--everettshen--StreetView360AtoZ/snapshots/f0b9ffb20c4dc68d4422db97b7da7b577970650e/data/1054_UdVis1Vj6gdvd05WGmlebg_37.10055192_-92.56361595.jpg,35.1514,472.29,0.061752
520_SrvgS1B-5pg_vxhtO_4w1A_-31.10712403_-71.11191389,/home/alex/Desktop/school/comp-vis/dataset/datasets--everettshen--StreetView360AtoZ/snapshots/f0b9ffb20c4dc68d4422db97b7da7b577970650e/data/520_SrvgS1B-5pg_vxhtO_4w1A_-31.10712403_-71.11191389.jpg,7.7252,147.17,0.032333
1187_-qR6O2AP3xZE6UbefCIvHA_57.05821149_9.21074214,/home/alex/Desktop/school/comp-vis/dataset/datasets--everettshen--StreetView360AtoZ/snapshots/f0b9ffb20c4dc68d4422db97b7da7b577970650e/data/1187_-qR6O2AP3xZE6UbefCIvHA_57.05821149_9.21074214.jpg,63.2713,58.41,0.019608
495_W65e908Gwn8U-aElXzCHBg_22.75060996_-102.75792234,/home/alex/Desktop/school/comp-vis/dataset/datasets--everettshen--StreetView360AtoZ/snapshots/f0b9ffb20c4dc68d4422db97b7da7b577970650e/data/495_W65e908Gwn8U-aElXzCHBg_22.75060996_-102.75792234.jpg,56.5967,473.97,0.026901
578_knp_Lmvz1Steijd8hWGkOA_51.41121277_20.59132769,/home/alex/Desktop/school/comp-vis/dataset/datasets--everettshen--StreetView360AtoZ/snapshots/f0b9ffb20c4dc68d4422db97b7da7b577970650e/data/578_knp_Lmvz1Steijd8hWGkOA_51.41121277_20.59132769.jpg,86.8794,245.43,0.053864
728_a0x0gh5W417xzPs0oHsG4w_-26.08602238_27.79236080,/home/alex/Desktop/school/comp-vis/dataset/datasets--everettshen--StreetView360AtoZ/snapshots/f0b9ffb20c4dc68d4422db97b7da7b577970650e/data/728_a0x0gh5W417xzPs0oHsG4w_-26.08602238_27.79236080.jpg,76.7846,320.46,0.197235
1778_Z4tnd5xyt_J1iECqYkB8ug_37.15126770_-119.50410085,/home/alex/Desktop/school/comp-vis/dataset/datasets--everettshen--StreetView360AtoZ/snapshots/f0b9ffb20c4dc68d4422db97b7da7b577970650e/data/1778_Z4tnd5xyt_J1iECqYkB8ug_37.15126770_-119.50410085.jpg,23.3734,335.32,0.042526
2192_YyTCetf5JjNC2xgLhLtYzQ_22.67431768_121.49629901,/home/alex/Desktop/school/comp-vis/dataset/datasets--everettshen--StreetView360AtoZ/snapshots/f0b9ffb20c4dc68d4422db97b7da7b577970650e/data/2192_YyTCetf5JjNC2xgLhLtYzQ_22.67431768_121.49629901.jpg,76.0954,257.98,0.299423
2875_kVh9EOPLwuCan8qjpM_lcA_46.09000197_3.44620319,/home/alex/Desktop/school/comp-vis/dataset/datasets--everettshen--StreetView360AtoZ/snapshots/f0b9ffb20c4dc68d4422db97b7da7b577970650e/data/2875_kVh9EOPLwuCan8qjpM_lcA_46.09000197_3.44620319.jpg,19.4087,159.77,0.022736
3039_0QwRN5VurSYLB4Xm9fXk_A_45.04130070_-0.18675995,/home/alex/Desktop/school/comp-vis/dataset/datasets--everettshen--StreetView360AtoZ/snapshots/f0b9ffb20c4dc68d4422db97b7da7b577970650e/data/3039_0QwRN5VurSYLB4Xm9fXk_A_45.04130070_-0.18675995.jpg,49.6936,17.14,0.019989
1821_I6lwucMqUPcjdHsw500rGA_39.95222663_8.73408126,/home/alex/Desktop/school/comp-vis/dataset/datasets--everettshen--StreetView360AtoZ/snapshots/f0b9ffb20c4dc68d4422db97b7da7b577970650e/data/1821_I6lwucMqUPcjdHsw500rGA_39.95222663_8.73408126.jpg,45.4066,156.79,0.043472
732_ujdnRIXt796Ue-_Cb44rRQ_38.23980456_32.21208018,/home/alex/Desktop/school/comp-vis/dataset/datasets--everettshen--StreetView360AtoZ/snapshots/f0b9ffb20c4dc68d4422db97b7da7b577970650e/data/732_ujdnRIXt796Ue-_Cb44rRQ_38.23980456_32.21208018.jpg,76.4042,229.11,0.0233
1714_xMs0ga_vFbD8UrDOGTINTw_23.24529897_119.67143138,/home/alex/Desktop/school/comp-vis/dataset/datasets--everettshen--StreetView360AtoZ/snapshots/f0b9ffb20c4dc68d4422db97b7da7b577970650e/data/1714_xMs0ga_vFbD8UrDOGTINTw_23.24529897_119.67143138.jpg,72.6793,464.64,0.017059
1267_wvXKWOg23cjcpIJ0XZsm3Q_36.62950770_-87.43391131,/home/alex/Desktop/school/comp-vis/dataset/datasets--everettshen--StreetView360AtoZ/snapshots/f0b9ffb20c4dc68d4422db97b7da7b577970650e/data/1267_wvXKWOg23cjcpIJ0XZsm3Q_36.62950770_-87.43391131.jpg,35.2156,146.31,0.039368
1957_XnqSnEYJW0MjAbpIJyMuxA_30.58935172_-87.87617102,/home/alex/Desktop/school/comp-vis/dataset/datasets--everettshen--StreetView360AtoZ/snapshots/f0b9ffb20c4dc68d4422db97b7da7b577970650e/data/1957_XnqSnEYJW0MjAbpIJyMuxA_30.58935172_-87.87617102.jpg,32.4307,167.75,0.099396
2031_mI-l14Tqn_dna3AAHiWLyA_-23.74287746_-49.89010621,/home/alex/Desktop/school/comp-vis/dataset/datasets--everettshen--StreetView360AtoZ/snapshots/f0b9ffb20c4dc68d4422db97b7da7b577970650e/data/2031_mI-l14Tqn_dna3AAHiWLyA_-23.74287746_-49.89010621.jpg,36.961,297.68,0.021454
888_dRRd81me43BpM7jljYPScQ_19.26720020_73.17167430,/home/alex/Desktop/school/comp-vis/dataset/datasets--everettshen--StreetView360AtoZ/snapshots/f0b9ffb20c4dc68d4422db97b7da7b577970650e/data/888_dRRd81me43BpM7jljYPScQ_19.26720020_73.17167430.jpg,42.519,401.03,0.16066
832_5x0gDaFEddy58vU3SAOHUg_40.47594916_39.37053872,/home/alex/Desktop/school/comp-vis/dataset/datasets--everettshen--StreetView360AtoZ/snapshots/f0b9ffb20c4dc68d4422db97b7da7b577970650e/data/832_5x0gDaFEddy58vU3SAOHUg_40.47594916_39.37053872.jpg,69.8031,113.73,0.021912
1833_9ihAcm3EQbU-MzisUn8w4g_-24.85008054_-65.46704925,/home/alex/Desktop/school/comp-vis/dataset/datasets--everettshen--StreetView360AtoZ/snapshots/f0b9ffb20c4dc68d4422db97b7da7b577970650e/data/1833_9ihAcm3EQbU-MzisUn8w4g_-24.85008054_-65.46704925.jpg,68.2731,313.15,0.058792
593_KWaP1xkOuMlcvFjVJQSZqA_61.96917125_6.52421331,/home/alex/Desktop/school/comp-vis/dataset/datasets--everettshen--StreetView360AtoZ/snapshots/f0b9ffb20c4dc68d4422db97b7da7b577970650e/data/593_KWaP1xkOuMlcvFjVJQSZqA_61.96917125_6.52421331.jpg,31.8603,318.74,0.056
945_Ayco3WCqM-B91Vu_QDV9rw_27.75344249_-97.44074098,/home/alex/Desktop/school/comp-vis/dataset/datasets--everettshen--StreetView360AtoZ/snapshots/f0b9ffb20c4dc68d4422db97b7da7b577970650e/data/945_Ayco3WCqM-B91Vu_QDV9rw_27.75344249_-97.44074098.jpg,25.0903,115.17,0.087677
1308_GuMEwP2UxatTLkw2zYnZXw_26.79421242_84.59381475,/home/alex/Desktop/school/comp-vis/dataset/datasets--everettshen--StreetView360AtoZ/snapshots/f0b9ffb20c4dc68d4422db97b7da7b577970650e/data/1308_GuMEwP2UxatTLkw2zYnZXw_26.79421242_84.59381475.jpg,35.6638,467.56,0.073349
538_ZAp0HBdMjjuc90Ds72VJVA_34.47231176_-87.28054099,/home/alex/Desktop/school/comp-vis/dataset/datasets--everettshen--StreetView360AtoZ/snapshots/f0b9ffb20c4dc68d4422db97b7da7b577970650e/data/538_ZAp0HBdMjjuc90Ds72VJVA_34.47231176_-87.28054099.jpg,26.5698,126.74,0.067551
881_zt9yD68llrIsut61hLcReQ_24.47335360_120.94216229,/home/alex/Desktop/school/comp-vis/dataset/datasets--everettshen--StreetView360AtoZ/snapshots/f0b9ffb20c4dc68d4422db97b7da7b577970650e/data/881_zt9yD68llrIsut61hLcReQ_24.47335360_120.94216229.jpg,74.9508,323.19,0.159088
793_GBxDe0ovHTowC7cBIdDB1Q_47.49257831_11.10171759,/home/alex/Desktop/school/comp-vis/dataset/datasets--everettshen--StreetView360AtoZ/snapshots/f0b9ffb20c4dc68d4422db97b7da7b577970650e/data/793_GBxDe0ovHTowC7cBIdDB1Q_47.49257831_11.10171759.jpg,55.0044,468.48,0.05481
1353_WAoUTQeJdh-5EpGHaTfArA_26.40102171_89.78519709,/home/alex/Desktop/school/comp-vis/dataset/datasets--everettshen--StreetView360AtoZ/snapshots/f0b9ffb20c4dc68d4422db97b7da7b577970650e/data/1353_WAoUTQeJdh-5EpGHaTfArA_26.40102171_89.78519709.jpg,39.4821,465.97,0.114807
886_gohJ7T_DOqx5wjSf1pYQ3w_46.00000826_26.83335906,/home/alex/Desktop/school/comp-vis/dataset/datasets--everettshen--StreetView360AtoZ/snapshots/f0b9ffb20c4dc68d4422db97b7da7b577970650e/data/886_gohJ7T_DOqx5wjSf1pYQ3w_46.00000826_26.83335906.jpg,65.3455,150.68,0.038422
946_kh8q12fttDhaE1lZ5d_0ow_1.24764273_101.22372602,/home/alex/Desktop/school/comp-vis/dataset/datasets--everettshen--StreetView360AtoZ/snapshots/f0b9ffb20c4dc68d4422db97b7da7b577970650e/data/946_kh8q12fttDhaE1lZ5d_0ow_1.24764273_101.22372602.jpg,34.3513,210.5,0.043259
253_0SwghVi4M5MaaXLy9hqMCg_35.01650490_25.06630139,/home/alex/Desktop/school/comp-vis/dataset/datasets--everettshen--StreetView360AtoZ/snapshots/f0b9ffb20c4dc68d4422db97b7da7b577970650e/data/253_0SwghVi4M5MaaXLy9hqMCg_35.01650490_25.06630139.jpg,84.0422,402.32,0.05394
2966_2Og7Vl-DXZs7USLis3R_5w_38.40519103_140.23229893,/home/alex/Desktop/school/comp-vis/dataset/datasets--everettshen--StreetView360AtoZ/snapshots/f0b9ffb20c4dc68d4422db97b7da7b577970650e/data/2966_2Og7Vl-DXZs7USLis3R_5w_38.40519103_140.23229893.jpg,55.4868,423.2,0.048615
1616_zYGe5Kxqo3y7-M8-WxFA-g_36.80835279_31.36154703,/home/alex/Desktop/school/comp-vis/dataset/datasets--everettshen--StreetView360AtoZ/snapshots/f0b9ffb20c4dc68d4422db97b7da7b577970650e/data/1616_zYGe5Kxqo3y7-M8-WxFA-g_36.80835279_31.36154703.jpg,13.2971,34.56,0.02388
1585_T9WRHpdZBOOCMvSdKv0Lmg_48.01149163_0.45585370,/home/alex/Desktop/school/comp-vis/dataset/datasets--everettshen--StreetView360AtoZ/snapshots/f0b9ffb20c4dc68d4422db97b7da7b577970650e/data/1585_T9WRHpdZBOOCMvSdKv0Lmg_48.01149163_0.45585370.jpg,38.2122,309.65,0.029327
55_Eu9JzuCNL0ivVNkikVihXg_62.96403597_22.59893982,/home/alex/Desktop/school/comp-vis/dataset/datasets--everettshen--StreetView360AtoZ/snapshots/f0b9ffb20c4dc68d4422db97b7da7b577970650e/data/55_Eu9JzuCNL0ivVNkikVihXg_62.96403597_22.59893982.jpg,11.9526,195.61,0.035767
3222_wGFfa-ikoZ3dD3QVCEOZ2A_51.32789384_0.94696067,/home/alex/Desktop/school/comp-vis/dataset/datasets--everettshen--StreetView360AtoZ/snapshots/f0b9ffb20c4dc68d4422db97b7da7b577970650e/data/3222_wGFfa-ikoZ3dD3QVCEOZ2A_51.32789384_0.94696067.jpg,37.2101,371.09,0.034103
94_TxWztVbt4Pe9rfXqUFc0ew_25.28044688_71.90216989,/home/alex/Desktop/school/comp-vis/dataset/datasets--everettshen--StreetView360AtoZ/snapshots/f0b9ffb20c4dc68d4422db97b7da7b577970650e/data/94_TxWztVbt4Pe9rfXqUFc0ew_25.28044688_71.90216989.jpg,31.8401,253.05,0.136826
428_h-72ui6Jd58KwIDFkNYwuw_18.84785269_-87.65360617,/home/alex/Desktop/school/comp-vis/dataset/datasets--everettshen--StreetView360AtoZ/snapshots/f0b9ffb20c4dc68d4422db97b7da7b577970650e/data/428_h-72ui6Jd58KwIDFkNYwuw_18.84785269_-87.65360617.jpg,48.6073,435.98,0.012283
3179_O6B6FTkyT79X64AqIYbjFw_31.50428840_-90.79121590,/home/alex/Desktop/school/comp-vis/dataset/datasets--everettshen--StreetView360AtoZ/snapshots/f0b9ffb20c4dc68d4422db97b7da7b577970650e/data/3179_O6B6FTkyT79X64AqIYbjFw_31.50428840_-90.79121590.jpg,59.5686,70.24,0.026123
2837_EcFcpcMApb0d0_DRHL1IJw_42.67510986_-75.14276781,/home/alex/Desktop/school/comp-vis/dataset/datasets--everettshen--StreetView360AtoZ/snapshots/f0b9ffb20c4dc68d4422db97b7da7b577970650e/data/2837_EcFcpcMApb0d0_DRHL1IJw_42.67510986_-75.14276781.jpg,78.8749,434.1,0.061264
1331_1sUFLvVAI3xqJne0NESYdw_-37.94883216_176.95024892,/home/alex/Desktop/school/comp-vis/dataset/datasets--everettshen--StreetView360AtoZ/snapshots/f0b9ffb20c4dc68d4422db97b7da7b577970650e/data/1331_1sUFLvVAI3xqJne0NESYdw_-37.94883216_176.95024892.jpg,50.4982,207.66,0.019623
3103_Uzrwstq75mEzuHrvE19hEw_6.96128438_100.52935697,/home/alex/Desktop/school/comp-vis/dataset/datasets--everettshen--StreetView360AtoZ/snapshots/f0b9ffb20c4dc68d4422db97b7da7b577970650e/data/3103_Uzrwstq75mEzuHrvE19hEw_6.96128438_100.52935697.jpg,29.1539,335.32,0.028717
371_876-dQ9pbyX0gL9VxsrdTw_53.61862653_7.18946814,/home/alex/Desktop/school/comp-vis/dataset/datasets--everettshen--StreetView360AtoZ/snapshots/f0b9ffb20c4dc68d4422db97b7da7b577970650e/data/371_876-dQ9pbyX0gL9VxsrdTw_53.61862653_7.18946814.jpg,66.0603,383.86,0.020386
1149_dVXaticzvQTr7rkm09xH-A_60.14180952_15.41404397,/home/alex/Desktop/school/comp-vis/dataset/datasets--everettshen--StreetView360AtoZ/snapshots/f0b9ffb20c4dc68d4422db97b7da7b577970650e/data/1149_dVXaticzvQTr7rkm09xH-A_60.14180952_15.41404397.jpg,23.8184,377.93,0.011032
770_oTX-bPrii4JapGLq3-EN5w_20.82102543_70.52308987,/home/alex/Desktop/school/comp-vis/dataset/datasets--everettshen--StreetView360AtoZ/snapshots/f0b9ffb20c4dc68d4422db97b7da7b577970650e/data/770_oTX-bPrii4JapGLq3-EN5w_20.82102543_70.52308987.jpg,36.6383,227.39,0.072647
208_3phWulaHTCxdhxsmZ1XpgQ_31.59918653_-106.24703887,/home/alex/Desktop/school/comp-vis/dataset/datasets--everettshen--StreetView360AtoZ/snapshots/f0b9ffb20c4dc68d4422db97b7da7b577970650e/data/208_3phWulaHTCxdhxsmZ1XpgQ_31.59918653_-106.24703887.jpg,24.3821,168.24,0.063293
492_8TQOh9sUc4-9jCZ3dWRJ2g_32.65252148_128.87464920,/home/alex/Desktop/school/comp-vis/dataset/datasets--everettshen--StreetView360AtoZ/snapshots/f0b9ffb20c4dc68d4422db97b7da7b577970650e/data/492_8TQOh9sUc4-9jCZ3dWRJ2g_32.65252148_128.87464920.jpg,52.1346,166.04,0.078949
1719_pEoXyoJkPMJhc79WB49NFQ_39.96007130_-82.81157144,/home/alex/Desktop/school/comp-vis/dataset/datasets--everettshen--StreetView360AtoZ/snapshots/f0b9ffb20c4dc68d4422db97b7da7b577970650e/data/1719_pEoXyoJkPMJhc79WB49NFQ_39.96007130_-82.81157144.jpg,80.149,220.93,0.140701
369_cHsW6jubrkcQVJPbKQsowQ_-27.07756770_-53.00344933,/home/alex/Desktop/school/comp-vis/dataset/datasets--everettshen--StreetView360AtoZ/snapshots/f0b9ffb20c4dc68d4422db97b7da7b577970650e/data/369_cHsW6jubrkcQVJPbKQsowQ_-27.07756770_-53.00344933.jpg,82.7571,477.34,0.01712
176_qbT-lXLHLSO7tC7oUscvYA_33.27927499_-84.87944661,/home/alex/Desktop/school/comp-vis/dataset/datasets--everettshen--StreetView360AtoZ/snapshots/f0b9ffb20c4dc68d4422db97b7da7b577970650e/data/176_qbT-lXLHLSO7tC7oUscvYA_33.27927499_-84.87944661.jpg,64.6505,110.32,0.160538
1006_eQZfjxW480yE3P4v5zC7bA_14.78602252_76.09818941,/home/alex/Desktop/school/comp-vis/dataset/datasets--everettshen--StreetView360AtoZ/snapshots/f0b9ffb20c4dc68d4422db97b7da7b577970650e/data/1006_eQZfjxW480yE3P4v5zC7bA_14.78602252_76.09818941.jpg,28.8127,131.27,0.011444
296_Pq0vTKxB7gfqjxPu3C-IPA_41.91275165_15.78954554,/home/alex/Desktop/school/comp-vis/dataset/datasets--everettshen--StreetView360AtoZ/snapshots/f0b9ffb20c4dc68d4422db97b7da7b577970650e/data/296_Pq0vTKxB7gfqjxPu3C-IPA_41.91275165_15.78954554.jpg,64.4529,154.06,0.011581
2419_eEkvyeI8smkI2IsnSzABcA_41.83753367_-85.66473648,/home/alex/Desktop/school/comp-vis/dataset/datasets--everettshen--StreetView360AtoZ/snapshots/f0b9ffb20c4dc68d4422db97b7da7b577970650e/data/2419_eEkvyeI8smkI2IsnSzABcA_41.83753367_-85.66473648.jpg,70.7838,211.41,0.014069
242_tF_3NuAy8fMmRSyvLVSyYQ_49.48457549_6.56501278,/home/alex/Desktop/school/comp-vis/dataset/datasets--everettshen--StreetView360AtoZ/snapshots/f0b9ffb20c4dc68d4422db97b7da7b577970650e/data/242_tF_3NuAy8fMmRSyvLVSyYQ_49.48457549_6.56501278.jpg,72.6997,472.46,0.035233
19_L-cGc43fVfSoVqUmTCy2Cw_34.49551858_-117.22231115,/home/alex/Desktop/school/comp-vis/dataset/datasets--everettshen--StreetView360AtoZ/snapshots/f0b9ffb20c4dc68d4422db97b7da7b577970650e/data/19_L-cGc43fVfSoVqUmTCy2Cw_34.49551858_-117.22231115.jpg,20.6798,93.6,0.058624
1836_5wfFMc2db9dYSkn1J-gLmA_46.63910568_11.14281815,/home/alex/Desktop/school/comp-vis/dataset/datasets--everettshen--StreetView360AtoZ/snapshots/f0b9ffb20c4dc68d4422db97b7da7b577970650e/data/1836_5wfFMc2db9dYSkn1J-gLmA_46.63910568_11.14281815.jpg,54.3573,305.53,0.221664
1771_VWie2k1Hbg8oTFgcnOzsYg_22.49027073_79.57478335,/home/alex/Desktop/school/comp-vis/dataset/datasets--everettshen--StreetView360AtoZ/snapshots/f0b9ffb20c4dc68d4422db97b7da7b577970650e/data/1771_VWie2k1Hbg8oTFgcnOzsYg_22.49027073_79.57478335.jpg,45.1581,125.71,0.117691
625_rs8cpsQAwmrxEvefsz7Maw_-7.23555912_110.60672194,/home/alex/Desktop/school/comp-vis/dataset/datasets--everettshen--StreetView360AtoZ/snapshots/f0b9ffb20c4dc68d4422db97b7da7b577970650e/data/625_rs8cpsQAwmrxEvefsz7Maw_-7.23555912_110.60672194.jpg,81.5073,232.06,0.155258
1476_4YH9XeSmlHQr-2BftMAEAg_54.69052261_73.37379435,/home/alex/Desktop/school/comp-vis/dataset/datasets--everettshen--StreetView360AtoZ/snapshots/f0b9ffb20c4dc68d4422db97b7da7b577970650e/data/1476_4YH9XeSmlHQr-2BftMAEAg_54.69052261_73.37379435.jpg,20.8292,17.34,0.020523
1438_FHH86UqZJDXFjxFOiNqLxw_-37.56339051_144.87619602,/home/alex/Desktop/school/comp-vis/dataset/datasets--everettshen--StreetView360AtoZ/snapshots/f0b9ffb20c4dc68d4422db97b7da7b577970650e/data/1438_FHH86UqZJDXFjxFOiNqLxw_-37.56339051_144.87619602.jpg,15.3287,33.36,0.025192
1133_u4VmGQ5GHHFqyMAFnBu0Fg_-3.93369339_-38.31172173,/home/alex/Desktop/school/comp-vis/dataset/datasets--everettshen--StreetView360AtoZ/snapshots/f0b9ffb20c4dc68d4422db97b7da7b577970650e/data/1133_u4VmGQ5GHHFqyMAFnBu0Fg_-3.93369339_-38.31172173.jpg,6.6161,384.09,0.012894
1713__bCJm4kSR1YN-cz-ryNd0A_52.20505651_11.06183457,/home/alex/Desktop/school/comp-vis/dataset/datasets--everettshen--StreetView360AtoZ/snapshots/f0b9ffb20c4dc68d4422db97b7da7b577970650e/data/1713__bCJm4kSR1YN-cz-ryNd0A_52.20505651_11.06183457.jpg,43.5725,199.34,0.03479
46_IKK7Yfy1-yeH4Hp7Rcec9A_47.91584238_9.64350416,/home/alex/Desktop/school/comp-vis/dataset/datasets--everettshen--StreetView360AtoZ/snapshots/f0b9ffb20c4dc68d4422db97b7da7b577970650e/data/46_IKK7Yfy1-yeH4Hp7Rcec9A_47.91584238_9.64350416.jpg,55.3525,412.48,0.018753
692_FZ8gtoDL5LP9sCV8Klftbw_65.30036842_21.41651468,/home/alex/Desktop/school/comp-vis/dataset/datasets--everettshen--StreetView360AtoZ/snapshots/f0b9ffb20c4dc68d4422db97b7da7b577970650e/data/692_FZ8gtoDL5LP9sCV8Klftbw_65.30036842_21.41651468.jpg,14.5223,435.45,0.030121
540_OZ-HKLZUBBospGOHxNfGoQ_24.44080362_72.71819327,/home/alex/Desktop/school/comp-vis/dataset/datasets--everettshen--StreetView360AtoZ/snapshots/f0b9ffb20c4dc68d4422db97b7da7b577970650e/data/540_OZ-HKLZUBBospGOHxNfGoQ_24.44080362_72.71819327.jpg,25.3743,498.07,0.015274
1100_dSA5QJwEaTMV-GttWpUwng_42.81632935_-1.64369831,/home/alex/Desktop/school/comp-vis/dataset/datasets--everettshen--StreetView360AtoZ/snapshots/f0b9ffb20c4dc68d4422db97b7da7b577970650e/data/1100_dSA5QJwEaTMV-GttWpUwng_42.81632935_-1.64369831.jpg,73.3711,264.7,0.186523
1061_tKFUKKdt3iHQuS_J344rjg_43.23607657_-79.80675292,/home/alex/Desktop/school/comp-vis/dataset/datasets--everettshen--StreetView360AtoZ/snapshots/f0b9ffb20c4dc68d4422db97b7da7b577970650e/data/1061_tKFUKKdt3iHQuS_J344rjg_43.23607657_-79.80675292.jpg,29.9476,163.75,0.03746
3119_T1NduewaIEEVs3t0ceUWgg_38.41564460_-95.86216302,/home/alex/Desktop/school/comp-vis/dataset/datasets--everettshen--StreetView360AtoZ/snapshots/f0b9ffb20c4dc68d4422db97b7da7b577970650e/data/3119_T1NduewaIEEVs3t0ceUWgg_38.41564460_-95.86216302.jpg,79.6638,325.78,0.057281
1985_DAD1NHlrZFrkTirMK6pGeQ_-15.22664459_-59.33523551,/home/alex/Desktop/school/comp-vis/dataset/datasets--everettshen--StreetView360AtoZ/snapshots/f0b9ffb20c4dc68d4422db97b7da7b577970650e/data/1985_DAD1NHlrZFrkTirMK6pGeQ_-15.22664459_-59.33523551.jpg,53.7462,229.55,0.031967
1665_LEl8W5AFhpG0N8gdHxGYxg_-2.06287102_-44.77840075,/home/alex/Desktop/school/comp-vis/dataset/datasets--everettshen--StreetView360AtoZ/snapshots/f0b9ffb20c4dc68d4422db97b7da7b577970650e/data/1665_LEl8W5AFhpG0N8gdHxGYxg_-2.06287102_-44.77840075.jpg,76.1108,225.26,0.037033
1847_AAIIiy_UxHiJSBjFUWmZSA_44.18347547_25.76655437,/home/alex/Desktop/school/comp-vis/dataset/datasets--everettshen--StreetView360AtoZ/snapshots/f0b9ffb20c4dc68d4422db97b7da7b577970650e/data/1847_AAIIiy_UxHiJSBjFUWmZSA_44.18347547_25.76655437.jpg,59.3178,117.37,0.018356
223_R8hr_UPB97YqIO21Q5KwiA_52.27629462_9.05414092,/home/alex/Desktop/school/comp-vis/dataset/datasets--everettshen--StreetView360AtoZ/snapshots/f0b9ffb20c4dc68d4422db97b7da7b577970650e/data/223_R8hr_UPB97YqIO21Q5KwiA_52.27629462_9.05414092.jpg,40.142,356.18,0.05632
741_UqZEoYRYDFC0-7PpDJjqGA_46.82603843_-100.77304028,/home/alex/Desktop/school/comp-vis/dataset/datasets--everettshen--StreetView360AtoZ/snapshots/f0b9ffb20c4dc68d4422db97b7da7b577970650e/data/741_UqZEoYRYDFC0-7PpDJjqGA_46.82603843_-100.77304028.jpg,19.7296,351.58,0.047882
1216_BJDDWYsOfDoaTLTmS7rW3g_31.48953362_74.87135414,/home/alex/Desktop/school/comp-vis/dataset/datasets--everettshen--StreetView360AtoZ/snapshots/f0b9ffb20c4dc68d4422db97b7da7b577970650e/data/1216_BJDDWYsOfDoaTLTmS7rW3g_31.48953362_74.87135414.jpg,64.9916,332.25,0.144302
3265_zO16q7w6UWtnH56yEQ4cWA_24.02451790_88.99271488,/home/alex/Desktop/school/comp-vis/dataset/datasets--everettshen--StreetView360AtoZ/snapshots/f0b9ffb20c4dc68d4422db97b7da7b577970650e/data/3265_zO16q7w6UWtnH56yEQ4cWA_24.02451790_88.99271488.jpg,64.0031,237.0,0.050705
616_zdp9mPj13R1xIn_LevKlGg_-34.05383451_150.66605788,/home/alex/Desktop/school/comp-vis/dataset/datasets--everettshen--StreetView360AtoZ/snapshots/f0b9ffb20c4dc68d4422db97b7da7b577970650e/data/616_zdp9mPj13R1xIn_LevKlGg_-34.05383451_150.66605788.jpg,54.7861,379.33,0.303452
1496_EEnnXgYEUCTCq-MlEFc61A_61.13800850_28.81850749,/home/alex/Desktop/school/comp-vis/dataset/datasets--everettshen--StreetView360AtoZ/snapshots/f0b9ffb20c4dc68d4422db97b7da7b577970650e/data/1496_EEnnXgYEUCTCq-MlEFc61A_61.13800850_28.81850749.jpg,41.5108,25.01,0.024689
2172_J_MplN30coz2HbQsGoFq7A_41.32020067_-111.96668104,/home/alex/Desktop/school/comp-vis/dataset/datasets--everettshen--StreetView360AtoZ/snapshots/f0b9ffb20c4dc68d4422db97b7da7b577970650e/data/2172_J_MplN30coz2HbQsGoFq7A_41.32020067_-111.96668104.jpg,84.0887,123.74,0.053574
1472_gO4gjpcm0bkPEqoMtT8ofw_-1.94847988_30.07333543,/home/alex/Desktop/school/comp-vis/dataset/datasets--everettshen--StreetView360AtoZ/snapshots/f0b9ffb20c4dc68d4422db97b7da7b577970650e/data/1472_gO4gjpcm0bkPEqoMtT8ofw_-1.94847988_30.07333543.jpg,70.9047,478.05,0.035492
196_Dj7eNRi14elNPdW5Bo8NhQ_-21.74011137_-44.30929486,/home/alex/Desktop/school/comp-vis/dataset/datasets--everettshen--StreetView360AtoZ/snapshots/f0b9ffb20c4dc68d4422db97b7da7b577970650e/data/196_Dj7eNRi14elNPdW5Bo8NhQ_-21.74011137_-44.30929486.jpg,82.1178,152.92,0.07074
1388_2XEfJl_YUTERaJJZZu-JDw_44.99036126_12.40180762,/home/alex/Desktop/school/comp-vis/dataset/datasets--everettshen--StreetView360AtoZ/snapshots/f0b9ffb20c4dc68d4422db97b7da7b577970650e/data/1388_2XEfJl_YUTERaJJZZu-JDw_44.99036126_12.40180762.jpg,41.6851,176.4,0.021957
2038_UdIlzPe6I__lDGpDo42ORA_38.95290227_32.60928326,/home/alex/Desktop/school/comp-vis/dataset/datasets--everettshen--StreetView360AtoZ/snapshots/f0b9ffb20c4dc68d4422db97b7da7b577970650e/data/2038_UdIlzPe6I__lDGpDo42ORA_38.95290227_32.60928326.jpg,74.4103,276.86,0.012344
2244_ts3DE6r2X9LZK6SrrI3FtA_20.77522392_86.74162093,/home/alex/Desktop/school/comp-vis/dataset/datasets--everettshen--StreetView360AtoZ/snapshots/f0b9ffb20c4dc68d4422db97b7da7b577970650e/data/2244_ts3DE6r2X9LZK6SrrI3FtA_20.77522392_86.74162093.jpg,26.3915,255.19,0.01561
473_B_quLmNAA3XaSkDgRkOZLA_-20.02464369_148.26578428,/home/alex/Desktop/school/comp-vis/dataset/datasets--everettshen--StreetView360AtoZ/snapshots/f0b9ffb20c4dc68d4422db97b7da7b577970650e/data/473_B_quLmNAA3XaSkDgRkOZLA_-20.02464369_148.26578428.jpg,43.1575,177.35,0.04567
503_mLHygchTOu5stjfeOSD43w_39.11026158_-108.35095144,/home/alex/Desktop/school/comp-vis/dataset/datasets--everettshen--StreetView360AtoZ/snapshots/f0b9ffb20c4dc68d4422db97b7da7b577970650e/data/503_mLHygchTOu5stjfeOSD43w_39.11026158_-108.35095144.jpg,51.2671,121.28,0.034836
2697_GEmtXXa5AlO4sS2KJj9peA_40.86421220_-98.00743669,/home/alex/Desktop/school/comp-vis/dataset/datasets--everettshen--StreetView360AtoZ/snapshots/f0b9ffb20c4dc68d4422db97b7da7b577970650e/data/2697_GEmtXXa5AlO4sS2KJj9peA_40.86421220_-98.00743669.jpg,70.7219,30.12,0.015015
2417_K-6mniFOg0N35KJk-btCqw_39.65937066_-110.85347961,/home/alex/Desktop/school/comp-vis/dataset/datasets--everettshen--StreetView360AtoZ/snapshots/f0b9ffb20c4dc68d4422db97b7da7b577970650e/data/2417_K-6mniFOg0N35KJk-btCqw_39.65937066_-110.85347961.jpg,71.3621,178.45,0.069763
364_BYF9Ro2yf4ILxUHhEd3rFA_34.43116932_-110.59402631,/home/alex/Desktop/school/comp-vis/dataset/datasets--everettshen--StreetView360AtoZ/snapshots/f0b9ffb20c4dc68d4422db97b7da7b577970650e/data/364_BYF9Ro2yf4ILxUHhEd3rFA_34.43116932_-110.59402631.jpg,72.1819,67.43,0.036789
1711_wqw790afwdDFYN7LrvC5Gg_-33.86676077_25.56647511,/home/alex/Desktop/school/comp-vis/dataset/datasets--everettshen--StreetView360AtoZ/snapshots/f0b9ffb20c4dc68d4422db97b7da7b577970650e/data/1711_wqw790afwdDFYN7LrvC5Gg_-33.86676077_25.56647511.jpg,48.8769,402.16,0.028717
551_vl-STin0knwJRhIRsn1cgQ_26.59150445_86.26437125,/home/alex/Desktop/school/comp-vis/dataset/datasets--everettshen--StreetView360AtoZ/snapshots/f0b9ffb20c4dc68d4422db97b7da7b577970650e/data/551_vl-STin0knwJRhIRsn1cgQ_26.59150445_86.26437125.jpg,52.0304,294.19,0.243439
2184_gp4xkA_kwH84tBj8V0yrCQ_33.49955118_-82.05702446,/home/alex/Desktop/school/comp-vis/dataset/datasets--everettshen--StreetView360AtoZ/snapshots/f0b9ffb20c4dc68d4422db97b7da7b577970650e/data/2184_gp4xkA_kwH84tBj8V0yrCQ_33.49955118_-82.05702446.jpg,36.5364,356.92,0.052338
1525_PnYZU35ChNVqJOf1RyJ1jw_30.71543728_76.03337369,/home/alex/Desktop/school/comp-vis/dataset/datasets--everettshen--StreetView360AtoZ/snapshots/f0b9ffb20c4dc68d4422db97b7da7b577970650e/data/1525_PnYZU35ChNVqJOf1RyJ1jw_30.71543728_76.03337369.jpg,80.8221,314.42,0.164825
48_ckhGncZeKfelHBAkF1EuZw_-38.12972561_144.35388392,/home/alex/Desktop/school/comp-vis/dataset/datasets--everettshen--StreetView360AtoZ/snapshots/f0b9ffb20c4dc68d4422db97b7da7b577970650e/data/48_ckhGncZeKfelHBAkF1EuZw_-38.12972561_144.35388392.jpg,23.367,249.36,0.065475
3151_TPjOoCR7wtb64dL4qQsvAg_39.32798501_-84.12116196,/home/alex/Desktop/school/comp-vis/dataset/datasets--everettshen--StreetView360AtoZ/snapshots/f0b9ffb20c4dc68d4422db97b7da7b577970650e/data/3151_TPjOoCR7wtb64dL4qQsvAg_39.32798501_-84.12116196.jpg,59.367,170.98,0.257202
3333_n1Slji05mpNMHZmhEF8dwA_61.09962423_50.33244900,/home/alex/Desktop/school/comp-vis/dataset/datasets--everettshen--StreetView360AtoZ/snapshots/f0b9ffb20c4dc68d4422db97b7da7b577970650e/data/3333_n1Slji05mpNMHZmhEF8dwA_61.09962423_50.33244900.jpg,14.9004,118.28,0.026794
138_xeCKJZR2D4irHk0v3hUzVA_37.41807454_-78.07578321,/home/alex/Desktop/school/comp-vis/dataset/datasets--everettshen--StreetView360AtoZ/snapshots/f0b9ffb20c4dc68d4422db97b7da7b577970650e/data/138_xeCKJZR2D4irHk0v3hUzVA_37.41807454_-78.07578321.jpg,9.2556,27.91,0.018631
2199_-lVWyyqLGUKjNxjYK1uoLQ_15.68504902_-93.20813122,/home/alex/Desktop/school/comp-vis/dataset/datasets--everettshen--StreetView360AtoZ/snapshots/f0b9ffb20c4dc68d4422db97b7da7b577970650e/data/2199_-lVWyyqLGUKjNxjYK1uoLQ_15.68504902_-93.20813122.jpg,48.5793,422.4,0.010391
3422_vn3NDAIpOJnyVBpVfyrRtA_-40.76033006_145.29599498,/home/alex/Desktop/school/comp-vis/dataset/datasets--everettshen--StreetView360AtoZ/snapshots/f0b9ffb20c4dc68d4422db97b7da7b577970650e/data/3422_vn3NDAIpOJnyVBpVfyrRtA_-40.76033006_145.29599498.jpg,41.9086,383.34,0.022385
3189_GxBw_o_xqxIw1zQfMmtaJQ_38.05119066_21.92234262,/home/alex/Desktop/school/comp-vis/dataset/datasets--everettshen--StreetView360AtoZ/snapshots/f0b9ffb20c4dc68d4422db97b7da7b577970650e/data/3189_GxBw_o_xqxIw1zQfMmtaJQ_38.05119066_21.92234262.jpg,47.6959,433.17,0.020477
2708_wbYMJIEJaiGJGWVTpSXJpg_65.65005871_21.96654366,/home/alex/Desktop/school/comp-vis/dataset/datasets--everettshen--StreetView360AtoZ/snapshots/f0b9ffb20c4dc68d4422db97b7da7b577970650e/data/2708_wbYMJIEJaiGJGWVTpSXJpg_65.65005871_21.96654366.jpg,18.9915,254.91,0.038773
861_nhXAwcexWvn4awUuynoIew_45.44437804_-99.02935327,/home/alex/Desktop/school/comp-vis/dataset/datasets--everettshen--StreetView360AtoZ/snapshots/f0b9ffb20c4dc68d4422db97b7da7b577970650e/data/861_nhXAwcexWvn4awUuynoIew_45.44437804_-99.02935327.jpg,17.1634,188.87,0.041489
652_B4YCjb996OE_AzjRiW5H_A_38.02825395_12.87943721,/home/alex/Desktop/school/comp-vis/dataset/datasets--everettshen--StreetView360AtoZ/snapshots/f0b9ffb20c4dc68d4422db97b7da7b577970650e/data/652_B4YCjb996OE_AzjRiW5H_A_38.02825395_12.87943721.jpg,42.6065,303.43,0.046692
640_jrL20kLdkq63yQxebgYFfw_57.12804732_35.35680550,/home/alex/Desktop/school/comp-vis/dataset/datasets--everettshen--StreetView360AtoZ/snapshots/f0b9ffb20c4dc68d4422db97b7da7b577970650e/data/640_jrL20kLdkq63yQxebgYFfw_57.12804732_35.35680550.jpg,42.9211,286.2,0.015076
3302_GTR0rEFPlE7I79mLCwhhEQ_42.89615414_-92.80263168,/home/alex/Desktop/school/comp-vis/dataset/datasets--everettshen--StreetView360AtoZ/snapshots/f0b9ffb20c4dc68d4422db97b7da7b577970650e/data/3302_GTR0rEFPlE7I79mLCwhhEQ_42.89615414_-92.80263168.jpg,43.3069,471.8,0.019836
2300_TzxL6iZWTz1AZb6_qXsd7w_60.28237505_11.17875461,/home/alex/Desktop/school/comp-vis/dataset/datasets--everettshen--StreetView360AtoZ/snapshots/f0b9ffb20c4dc68d4422db97b7da7b577970650e/data/2300_TzxL6iZWTz1AZb6_qXsd7w_60.28237505_11.17875461.jpg,32.8262,293.48,0.029312
2761_d5DswchbLKw8uXfw3P3lWQ_48.78604408_44.78032208,/home/alex/Desktop/school/comp-vis/dataset/datasets--everettshen--StreetView360AtoZ/snapshots/f0b9ffb20c4dc68d4422db97b7da7b577970650e/data/2761_d5DswchbLKw8uXfw3P3lWQ_48.78604408_44.78032208.jpg,61.4123,348.93,0.028427
855_fZgPwUiSWgwfJagBnXK83g_31.85277061_-86.29428403,/home/alex/Desktop/school/comp-vis/dataset/datasets--everettshen--StreetView360AtoZ/snapshots/f0b9ffb20c4dc68d4422db97b7da7b577970650e/data/855_fZgPwUiSWgwfJagBnXK83g_31.85277061_-86.29428403.jpg,51.8714,111.29,0.100372
2640_XmUxvJezibTYoCGeYufoCw_60.22437640_17.70095044,/home/alex/Desktop/school/comp-vis/dataset/datasets--everettshen--StreetView360AtoZ/snapshots/f0b9ffb20c4dc68d4422db97b7da7b577970650e/data/2640_XmUxvJezibTYoCGeYufoCw_60.22437640_17.70095044.jpg,36.2655,237.87,0.024017
336_6hRSfSXfLhTgEEwh6nACWg_36.14868896_-99.29938219,/home/alex/Desktop/school/comp-vis/dataset/datasets--everettshen--StreetView360AtoZ/snapshots/f0b9ffb20c4dc68d4422db97b7da7b577970650e/data/336_6hRSfSXfLhTgEEwh6nACWg_36.14868896_-99.29938219.jpg,60.5364,190.4,0.016724
424_VieHD2KK0s2LG0nwN5u-xQ_7.90095924_98.30811825,/home/alex/Desktop/school/comp-vis/dataset/datasets--everettshen--StreetView360AtoZ/snapshots/f0b9ffb20c4dc68d4422db97b7da7b577970650e/data/424_VieHD2KK0s2LG0nwN5u-xQ_7.90095924_98.30811825.jpg,80.6555,256.89,0.160706
863_eOam_MgLsltPUqVcIiFR9Q_41.19416848_-8.33785222,/home/alex/Desktop/school/comp-vis/dataset/datasets--everettshen--StreetView360AtoZ/snapshots/f0b9ffb20c4dc68d4422db97b7da7b577970650e/data/863_eOam_MgLsltPUqVcIiFR9Q_41.19416848_-8.33785222.jpg,65.4798,90.32,0.014801
2777_8QNZBAaH-9zuEMRmYSM6og_49.99950489_6.01666453,/home/alex/Desktop/school/comp-vis/dataset/datasets--everettshen--StreetView360AtoZ/snapshots/f0b9ffb20c4dc68d4422db97b7da7b577970650e/data/2777_8QNZBAaH-9zuEMRmYSM6og_49.99950489_6.01666453.jpg,23.3378,340.6,0.037689
884_gD2_WeOZFdIPBoXfcTB-Fw_-33.11187339_-64.34794098,/home/alex/Desktop/school/comp-vis/dataset/datasets--everettshen--StreetView360AtoZ/snapshots/f0b9ffb20c4dc68d4422db97b7da7b577970650e/data/884_gD2_WeOZFdIPBoXfcTB-Fw_-33.11187339_-64.34794098.jpg,42.4318,437.15,0.01297
1177_Fc6bFS7D6SbN95SHMfmlyA_62.03324686_24.54984793,/home/alex/Desktop/school/comp-vis/dataset/datasets--everettshen--StreetView360AtoZ/snapshots/f0b9ffb20c4dc68d4422db97b7da7b577970650e/data/1177_Fc6bFS7D6SbN95SHMfmlyA_62.03324686_24.54984793.jpg,40.4084,325.87,0.077454
1194_J1T0TyDqlm6ylKpd-yqUsw_41.76932236_-110.32556711,/home/alex/Desktop/school/comp-vis/dataset/datasets--everettshen--StreetView360AtoZ/snapshots/f0b9ffb20c4dc68d4422db97b7da7b577970650e/data/1194_J1T0TyDqlm6ylKpd-yqUsw_41.76932236_-110.32556711.jpg,10.6381,248.8,0.042694
345_eVQC0iCATZVvWFGy1FS3jA_25.51898106_89.81164950,/home/alex/Desktop/school/comp-vis/dataset/datasets--everettshen--StreetView360AtoZ/snapshots/f0b9ffb20c4dc68d4422db97b7da7b577970650e/data/345_eVQC0iCATZVvWFGy1FS3jA_25.51898106_89.81164950.jpg,28.8644,40.88,0.029312
3250_cXYkh2-B0FsM2dOlJ_zbyA_47.92979107_5.95719027,/home/alex/Desktop/school/comp-vis/dataset/datasets--everettshen--StreetView360AtoZ/snapshots/f0b9ffb20c4dc68d4422db97b7da7b577970650e/data/3250_cXYkh2-B0FsM2dOlJ_zbyA_47.92979107_5.95719027.jpg,45.5078,338.4,0.023849
505_ljaPEYcb7DpyECHkI-vNtA_42.22468373_-92.87463127,/home/alex/Desktop/school/comp-vis/dataset/datasets--everettshen--StreetView360AtoZ/snapshots/f0b9ffb20c4dc68d4422db97b7da7b577970650e/data/505_ljaPEYcb7DpyECHkI-vNtA_42.22468373_-92.87463127.jpg,44.1961,303.7,0.065018
996_JbtdRnRTo91EZWvpfQ79AA_43.84821633_0.29808162,/home/alex/Desktop/school/comp-vis/dataset/datasets--everettshen--StreetView360AtoZ/snapshots/f0b9ffb20c4dc68d4422db97b7da7b577970650e/data/996_JbtdRnRTo91EZWvpfQ79AA_43.84821633_0.29808162.jpg,35.6903,166.51,0.058929
1973_Lc9AtLJraBPCJVlH1cXTXw_38.29814963_23.11016047,/home/alex/Desktop/school/comp-vis/dataset/datasets--everettshen--StreetView360AtoZ/snapshots/f0b9ffb20c4dc68d4422db97b7da7b577970650e/data/1973_Lc9AtLJraBPCJVlH1cXTXw_38.29814963_23.11016047.jpg,61.8833,480.46,0.013885
3105_l0_kjEP0-0uP7T0NAYwOJg_44.46324813_-118.71024037,/home/alex/Desktop/school/comp-vis/dataset/datasets--everettshen--StreetView360AtoZ/snapshots/f0b9ffb20c4dc68d4422db97b7da7b577970650e/data/3105_l0_kjEP0-0uP7T0NAYwOJg_44.46324813_-118.71024037.jpg,59.9781,234.16,0.055695
1039_K3i9OpKD7U_QEeN4bwTQJA_59.33611094_18.05648091,/home/alex/Desktop/school/comp-vis/dataset/datasets--everettshen--StreetView360AtoZ/snapshots/f0b9ffb20c4dc68d4422db97b7da7b577970650e/data/1039_K3i9OpKD7U_QEeN4bwTQJA_59.33611094_18.05648091.jpg,80.8965,195.11,0.065384
2311_kAIUBoZDThSBaHnzlrNW1A_34.01945162_-85.86996331,/home/alex/Desktop/school/comp-vis/dataset/datasets--everettshen--StreetView360AtoZ/snapshots/f0b9ffb20c4dc68d4422db97b7da7b577970650e/data/2311_kAIUBoZDThSBaHnzlrNW1A_34.01945162_-85.86996331.jpg,77.479,212.07,0.188782
2175_jClII6sxzpzvo3vi5mvuTA_42.52425356_-74.98883557,/home/alex/Desktop/school/comp-vis/dataset/datasets--everettshen--StreetView360AtoZ/snapshots/f0b9ffb20c4dc68d4422db97b7da7b577970650e/data/2175_jClII6sxzpzvo3vi5mvuTA_42.52425356_-74.98883557.jpg,25.0982,168.63,0.024567
2608_audl4A4KqgEFU2tCXrfYrQ_26.17374564_74.34818567,/home/alex/Desktop/school/comp-vis/dataset/datasets--everettshen--StreetView360AtoZ/snapshots/f0b9ffb20c4dc68d4422db97b7da7b577970650e/data/2608_audl4A4KqgEFU2tCXrfYrQ_26.17374564_74.34818567.jpg,32.6601,348.68,0.072433
2111_LLVpmwSW4jrORawqHwCN4Q_47.03057599_22.04753337,/home/alex/Desktop/school/comp-vis/dataset/datasets--everettshen--StreetView360AtoZ/snapshots/f0b9ffb20c4dc68d4422db97b7da7b577970650e/data/2111_LLVpmwSW4jrORawqHwCN4Q_47.03057599_22.04753337.jpg,45.4741,481.99,0.027145
2857_vIcSu6-ckAIRDKDimlPipg_69.66656971_19.03374609,/home/alex/Desktop/school/comp-vis/dataset/datasets--everettshen--StreetView360AtoZ/snapshots/f0b9ffb20c4dc68d4422db97b7da7b577970650e/data/2857_vIcSu6-ckAIRDKDimlPipg_69.66656971_19.03374609.jpg,33.2063,99.71,0.038727
514_4xFsMXacFBA8qnI_5I4RFg_24.73672585_121.78517823,/home/alex/Desktop/school/comp-vis/dataset/datasets--everettshen--StreetView360AtoZ/snapshots/f0b9ffb20c4dc68d4422db97b7da7b577970650e/data/514_4xFsMXacFBA8qnI_5I4RFg_24.73672585_121.78517823.jpg,67.0503,172.84,0.022354
694_9xw4cgBtCwoFmcIKakPkJg_34.57691554_132.22728241,/home/alex/Desktop/school/comp-vis/dataset/datasets--everettshen--StreetView360AtoZ/snapshots/f0b9ffb20c4dc68d4422db97b7da7b577970650e/data/694_9xw4cgBtCwoFmcIKakPkJg_34.57691554_132.22728241.jpg,71.413,357.47,0.085281
1103_4WoTexrm1rKkvHEoIO_iTg_38.11674811_20.63474067,/home/alex/Desktop/school/comp-vis/dataset/datasets--everettshen--StreetView360AtoZ/snapshots/f0b9ffb20c4dc68d4422db97b7da7b577970650e/data/1103_4WoTexrm1rKkvHEoIO_iTg_38.11674811_20.63474067.jpg,47.1345,310.72,0.014633
831_JK69Wectzywd7PQWDSJfIw_-27.64863769_153.38085329,/home/alex/Desktop/school/comp-vis/dataset/datasets--everettshen--StreetView360AtoZ/snapshots/f0b9ffb20c4dc68d4422db97b7da7b577970650e/data/831_JK69Wectzywd7PQWDSJfIw_-27.64863769_153.38085329.jpg,39.6405,211.31,0.035431
1919_DJG82waTBYPjiKfrQwb-EQ_46.79705423_-1.15183941,/home/alex/Desktop/school/comp-vis/dataset/datasets--everettshen--StreetView360AtoZ/snapshots/f0b9ffb20c4dc68d4422db97b7da7b577970650e/data/1919_DJG82waTBYPjiKfrQwb-EQ_46.79705423_-1.15183941.jpg,10.4084,79.59,0.010101
601_eYjX4CzPc47V1zhokFt6ew_41.11869440_-98.83208568,/home/alex/Desktop/school/comp-vis/dataset/datasets--everettshen--StreetView360AtoZ/snapshots/f0b9ffb20c4dc68d4422db97b7da7b577970650e/data/601_eYjX4CzPc47V1zhokFt6ew_41.11869440_-98.83208568.jpg,60.9326,166.11,0.046463
721_Vxn7K_MSX8DwMw9mk3gEZw_45.64538031_-62.39185559,/home/alex/Desktop/school/comp-vis/dataset/datasets--everettshen--StreetView360AtoZ/snapshots/f0b9ffb20c4dc68d4422db97b7da7b577970650e/data/721_Vxn7K_MSX8DwMw9mk3gEZw_45.64538031_-62.39185559.jpg,39.6433,443.87,0.022263
353_-MPSMxiEIhC02Rq1HjRgdQ_41.32853990_34.84664592,/home/alex/Desktop/school/comp-vis/dataset/datasets--everettshen--StreetView360AtoZ/snapshots/f0b9ffb20c4dc68d4422db97b7da7b577970650e/data/353_-MPSMxiEIhC02Rq1HjRgdQ_41.32853990_34.84664592.jpg,28.8836,255.13,0.013763
1147_W5n6c68C3m6sTC6WyRYOBQ_40.65328792_22.94154523,/home/alex/Desktop/school/comp-vis/dataset/datasets--everettshen--StreetView360AtoZ/snapshots/f0b9ffb20c4dc68d4422db97b7da7b577970650e/data/1147_W5n6c68C3m6sTC6WyRYOBQ_40.65328792_22.94154523.jpg,72.1837,268.73,0.273163
1671_2sfOciZadx7KmgqMC8XfSA_42.92769885_-101.10180876,/home/alex/Desktop/school/comp-vis/dataset/datasets--everettshen--StreetView360AtoZ/snapshots/f0b9ffb20c4dc68d4422db97b7da7b577970650e/data/1671_2sfOciZadx7KmgqMC8XfSA_42.92769885_-101.10180876.jpg,13.3195,259.9,0.062164
1654_Hj_yh03PH-jWOrIovZKgqA_45.31079906_-88.10249195,/home/alex/Desktop/school/comp-vis/dataset/datasets--everettshen--StreetView360AtoZ/snapshots/f0b9ffb20c4dc68d4422db97b7da7b577970650e/data/1654_Hj_yh03PH-jWOrIovZKgqA_45.31079906_-88.10249195.jpg,41.3927,422.77,0.103439
834_LJBHX26VWXV6Mg3DGb8VTA_-46.35003568_168.85026511,/home/alex/Desktop/school/comp-vis/dataset/datasets--everettshen--StreetView360AtoZ/snapshots/f0b9ffb20c4dc68d4422db97b7da7b577970650e/data/834_LJBHX26VWXV6Mg3DGb8VTA_-46.35003568_168.85026511.jpg,58.2608,444.5,0.011093
2915__n19CsuOsObK464aTvECSg_21.46389648_-158.21280355,/home/alex/Desktop/school/comp-vis/dataset/datasets--everettshen--StreetView360AtoZ/snapshots/f0b9ffb20c4dc68d4422db97b7da7b577970650e/data/2915__n19CsuOsObK464aTvECSg_21.46389648_-158.21280355.jpg,41.2933,171.64,0.026505
493_62yDqwW0fW_xYcBLRxuW9w_-37.35886623_146.16446274,/home/alex/Desktop/school/comp-vis/dataset/datasets--everettshen--StreetView360AtoZ/snapshots/f0b9ffb20c4dc68d4422db97b7da7b577970650e/data/493_62yDqwW0fW_xYcBLRxuW9w_-37.35886623_146.16446274.jpg,53.47,125.11,0.030258
10_SOJVt69a7faUNjrjHlo2fA_51.63832483_5.63189269,/home/alex/Desktop/school/comp-vis/dataset/datasets--everettshen--StreetView360AtoZ/snapshots/f0b9ffb20c4dc68d4422db97b7da7b577970650e/data/10_SOJVt69a7faUNjrjHlo2fA_51.63832483_5.63189269.jpg,38.2071,84.56,0.092758
660_VewKTCJvyp02oRpRKZkdQQ_69.72788497_30.04571051,/home/alex/Desktop/school/comp-vis/dataset/datasets--everettshen--StreetView360AtoZ/snapshots/f0b9ffb20c4dc68d4422db97b7da7b577970650e/data/660_VewKTCJvyp02oRpRKZkdQQ_69.72788497_30.04571051.jpg,54.0891,460.94,0.075729
168_8kFYmUJV9YK_B_VTWVhASA_43.24197486_-100.94970756,/home/alex/Desktop/school/comp-vis/dataset/datasets--everettshen--StreetView360AtoZ/snapshots/f0b9ffb20c4dc68d4422db97b7da7b577970650e/data/168_8kFYmUJV9YK_B_VTWVhASA_43.24197486_-100.94970756.jpg,30.2789,197.58,0.017349
2024_qI6M5xN1JPPU0rOWMe8FeQ_43.38072915_-89.41366774,/home/alex/Desktop/school/comp-vis/dataset/datasets--everettshen--StreetView360AtoZ/snapshots/f0b9ffb20c4dc68d4422db97b7da7b577970650e/data/2024_qI6M5xN1JPPU0rOWMe8FeQ_43.38072915_-89.41366774.jpg,50.3706,311.7,0.093185
842_uhK6xeaOOkqgg55Wc3WhXg_37.24056298_-97.40252327,/home/alex/Desktop/school/comp-vis/dataset/datasets--everettshen--StreetView360AtoZ/snapshots/f0b9ffb20c4dc68d4422db97b7da7b577970650e/data/842_uhK6xeaOOkqgg55Wc3WhXg_37.24056298_-97.40252327.jpg,53.2199,293.52,0.033981
713_X8U4btbKZ0Na3JlZkloWZw_24.48942893_89.68321087,/home/alex/Desktop/school/comp-vis/dataset/datasets--everettshen--StreetView360AtoZ/snapshots/f0b9ffb20c4dc68d4422db97b7da7b577970650e/data/713_X8U4btbKZ0Na3JlZkloWZw_24.48942893_89.68321087.jpg,47.7716,326.7,0.054001
148_IrxBg6byVMbO0NsVRT1nyA_32.52465198_-85.85111044,/home/alex/Desktop/school/comp-vis/dataset/datasets--everettshen--StreetView360AtoZ/snapshots/f0b9ffb20c4dc68d4422db97b7da7b577970650e/data/148_IrxBg6byVMbO0NsVRT1nyA_32.52465198_-85.85111044.jpg,62.5967,193.28,0.068375
637_vY7Pz6AUUOaOfArMH2w0Hw_20.18300085_85.61652043,/home/alex/Desktop/school/comp-vis/dataset/datasets--everettshen--StreetView360AtoZ/snapshots/f0b9ffb20c4dc68d4422db97b7da7b577970650e/data/637_vY7Pz6AUUOaOfArMH2w0Hw_20.18300085_85.61652043.jpg,53.8831,385.85,0.030579
633_cbMIgZy59cL0SAEwYT3JXA_20.05700314_-103.86331659,/home/alex/Desktop/school/comp-vis/dataset/datasets--everettshen--StreetView360AtoZ/snapshots/f0b9ffb20c4dc68d4422db97b7da7b577970650e/data/633_cbMIgZy59cL0SAEwYT3JXA_20.05700314_-103.86331659.jpg,75.5121,292.8,0.017471
303_I6lwucMqUPcjdHsw500rGA_39.95222663_8.73408126,/home/alex/Desktop/school/comp-vis/dataset/datasets--everettshen--StreetView360AtoZ/snapshots/f0b9ffb20c4dc68d4422db97b7da7b577970650e/data/303_I6lwucMqUPcjdHsw500rGA_39.95222663_8.73408126.jpg,45.4066,156.79,0.043472
1875_EoVgRjSYQRzFqrvZkxMDlQ_26.38562507_85.72802725,/home/alex/Desktop/school/comp-vis/dataset/datasets--everettshen--StreetView360AtoZ/snapshots/f0b9ffb20c4dc68d4422db97b7da7b577970650e/data/1875_EoVgRjSYQRzFqrvZkxMDlQ_26.38562507_85.72802725.jpg,68.8184,362.64,0.112671
1504_nU_AOY3_fB891tddeCvhzg_41.27760970_-70.11185531,/home/alex/Desktop/school/comp-vis/dataset/datasets--everettshen--StreetView360AtoZ/snapshots/f0b9ffb20c4dc68d4422db97b7da7b577970650e/data/1504_nU_AOY3_fB891tddeCvhzg_41.27760970_-70.11185531.jpg,39.0927,206.34,0.071014
1269_fN5MHYsNcYRyi36evEWWaQ_-20.52411768_145.39742415,/home/alex/Desktop/school/comp-vis/dataset/datasets--everettshen--StreetView360AtoZ/snapshots/f0b9ffb20c4dc68d4422db97b7da7b577970650e/data/1269_fN5MHYsNcYRyi36evEWWaQ_-20.52411768_145.39742415.jpg,18.4293,22.07,0.028168
3337_LstZoYOTOu1x-a05ZkJgbw_22.43122005_-97.96562323,/home/alex/Desktop/school/comp-vis/dataset/datasets--everettshen--StreetView360AtoZ/snapshots/f0b9ffb20c4dc68d4422db97b7da7b577970650e/data/3337_LstZoYOTOu1x-a05ZkJgbw_22.43122005_-97.96562323.jpg,35.1636,307.25,0.010361
949_NcVsPk0aOKkZRquyqzGumw_34.80427062_-81.23704948,/home/alex/Desktop/school/comp-vis/dataset/datasets--everettshen--StreetView360AtoZ/snapshots/f0b9ffb20c4dc68d4422db97b7da7b577970650e/data/949_NcVsPk0aOKkZRquyqzGumw_34.80427062_-81.23704948.jpg,77.7015,226.92,0.214478
1558_r7Rn57_oh6zFYPSFY_PBUQ_69.29090928_19.96359914,/home/alex/Desktop/school/comp-vis/dataset/datasets--everettshen--StreetView360AtoZ/snapshots/f0b9ffb20c4dc68d4422db97b7da7b577970650e/data/1558_r7Rn57_oh6zFYPSFY_PBUQ_69.29090928_19.96359914.jpg,51.8011,53.3,0.011826
926_OWThiYoIMhUGOrd8DRkv0w_-6.02622684_107.32083139,/home/alex/Desktop/school/comp-vis/dataset/datasets--everettshen--StreetView360AtoZ/snapshots/f0b9ffb20c4dc68d4422db97b7da7b577970650e/data/926_OWThiYoIMhUGOrd8DRkv0w_-6.02622684_107.32083139.jpg,54.2909,326.73,0.018326
552_CAw9bDyOhlstZycftN8u6A_51.82325180_5.37084521,/home/alex/Desktop/school/comp-vis/dataset/datasets--everettshen--StreetView360AtoZ/snapshots/f0b9ffb20c4dc68d4422db97b7da7b577970650e/data/552_CAw9bDyOhlstZycftN8u6A_51.82325180_5.37084521.jpg,30.9605,473.13,0.063461
897_-tV1_IIgdzGAino-KCPI2Q_10.95367074_105.28864393,/home/alex/Desktop/school/comp-vis/dataset/datasets--everettshen--StreetView360AtoZ/snapshots/f0b9ffb20c4dc68d4422db97b7da7b577970650e/data/897_-tV1_IIgdzGAino-KCPI2Q_10.95367074_105.28864393.jpg,57.9699,95.86,0.210831
483_waDwU8VHXOZ6PvEVUDf4OQ_27.04541922_82.26206953,/home/alex/Desktop/school/comp-vis/dataset/datasets--everettshen--StreetView360AtoZ/snapshots/f0b9ffb20c4dc68d4422db97b7da7b577970650e/data/483_waDwU8VHXOZ6PvEVUDf4OQ_27.04541922_82.26206953.jpg,44.6442,217.69,0.18924
2555_-_fSPrHZBLsPbuc0CSA9SQ_49.28036779_-122.91430474,/home/alex/Desktop/school/comp-vis/dataset/datasets--everettshen--StreetView360AtoZ/snapshots/f0b9ffb20c4dc68d4422db97b7da7b577970650e/data/2555_-_fSPrHZBLsPbuc0CSA9SQ_49.28036779_-122.91430474.jpg,25.123,267.98,0.028091
1887_V_Bq3hVpYM_RP7RUUPtBlg_53.88807716_-9.10058717,/home/alex/Desktop/school/comp-vis/dataset/datasets--everettshen--StreetView360AtoZ/snapshots/f0b9ffb20c4dc68d4422db97b7da7b577970650e/data/1887_V_Bq3hVpYM_RP7RUUPtBlg_53.88807716_-9.10058717.jpg,38.844,154.36,0.054062
880_If3p770Zs9qC6vzGN3doWQ_35.86417066_-90.60986223,/home/alex/Desktop/school/comp-vis/dataset/datasets--everettshen--StreetView360AtoZ/snapshots/f0b9ffb20c4dc68d4422db97b7da7b577970650e/data/880_If3p770Zs9qC6vzGN3doWQ_35.86417066_-90.60986223.jpg,21.6996,22.15,0.016068
849_nZHemPUxv95JdFuqlW-f1Q_39.40444720_20.32394463,/home/alex/Desktop/school/comp-vis/dataset/datasets--everettshen--StreetView360AtoZ/snapshots/f0b9ffb20c4dc68d4422db97b7da7b577970650e/data/849_nZHemPUxv95JdFuqlW-f1Q_39.40444720_20.32394463.jpg,33.9564,140.61,0.014984
1643_p_BJghWe9_jNHS7M0V-EcA_58.98921656_5.66152582,/home/alex/Desktop/school/comp-vis/dataset/datasets--everettshen--StreetView360AtoZ/snapshots/f0b9ffb20c4dc68d4422db97b7da7b577970650e/data/1643_p_BJghWe9_jNHS7M0V-EcA_58.98921656_5.66152582.jpg,34.265,110.21,0.098282
3210_7E9tTK7LEJjTePQGpKB6tg_30.00694008_-97.15082420,/home/alex/Desktop/school/comp-vis/dataset/datasets--everettshen--StreetView360AtoZ/snapshots/f0b9ffb20c4dc68d4422db97b7da7b577970650e/data/3210_7E9tTK7LEJjTePQGpKB6tg_30.00694008_-97.15082420.jpg,83.9317,419.71,0.021912
1730_9JnRcDa313myioq71fZdbA_43.83360843_-79.24964104,/home/alex/Desktop/school/comp-vis/dataset/datasets--everettshen--StreetView360AtoZ/snapshots/f0b9ffb20c4dc68d4422db97b7da7b577970650e/data/1730_9JnRcDa313myioq71fZdbA_43.83360843_-79.24964104.jpg,66.269,138.33,0.019409
1353_9ptBhjsiW9xTN05zM94LOw_37.16850134_-7.51794699,/home/alex/Desktop/school/comp-vis/dataset/datasets--everettshen--StreetView360AtoZ/snapshots/f0b9ffb20c4dc68d4422db97b7da7b577970650e/data/1353_9ptBhjsiW9xTN05zM94LOw_37.16850134_-7.51794699.jpg,61.5699,273.42,0.016129
1685_zcvh5H3Sjvd6x1OCaStfGA_-40.22646825_175.56464517,/home/alex/Desktop/school/comp-vis/dataset/datasets--everettshen--StreetView360AtoZ/snapshots/f0b9ffb20c4dc68d4422db97b7da7b577970650e/data/1685_zcvh5H3Sjvd6x1OCaStfGA_-40.22646825_175.56464517.jpg,59.9173,402.85,0.061935
2541_CbGHkX6I7RCDBilYEFqINg_12.21863190_78.04756704,/home/alex/Desktop/school/comp-vis/dataset/datasets--everettshen--StreetView360AtoZ/snapshots/f0b9ffb20c4dc68d4422db97b7da7b577970650e/data/2541_CbGHkX6I7RCDBilYEFqINg_12.21863190_78.04756704.jpg,37.6539,241.8,0.160141
250_KVWNZLTKkwXBDjwGrJhhuw_20.10920775_78.88525542,/home/alex/Desktop/school/comp-vis/dataset/datasets--everettshen--StreetView360AtoZ/snapshots/f0b9ffb20c4dc68d4422db97b7da7b577970650e/data/250_KVWNZLTKkwXBDjwGrJhhuw_20.10920775_78.88525542.jpg,29.541,131.69,0.150208
817_-tDUr4m6rxkAOphhyXaGjQ_64.07293874_11.21747038,/home/alex/Desktop/school/comp-vis/dataset/datasets--everettshen--StreetView360AtoZ/snapshots/f0b9ffb20c4dc68d4422db97b7da7b577970650e/data/817_-tDUr4m6rxkAOphhyXaGjQ_64.07293874_11.21747038.jpg,14.608,417.88,0.041534
1644_CdO3iSQnA_qOsE548Y7YZw_25.87680506_75.94398966,/home/alex/Desktop/school/comp-vis/dataset/datasets--everettshen--StreetView360AtoZ/snapshots/f0b9ffb20c4dc68d4422db97b7da7b577970650e/data/1644_CdO3iSQnA_qOsE548Y7YZw_25.87680506_75.94398966.jpg,66.1401,309.72,0.200165
1108_uZ4Ujr-7P9sp5md2is7V3w_33.27234831_-95.58449387,/home/alex/Desktop/school/comp-vis/dataset/datasets--everettshen--StreetView360AtoZ/snapshots/f0b9ffb20c4dc68d4422db97b7da7b577970650e/data/1108_uZ4Ujr-7P9sp5md2is7V3w_33.27234831_-95.58449387.jpg,80.6873,206.17,0.167923
3421_clFrJh-MBzAHDCSl1p4c7g_19.93888765_83.32233521,/home/alex/Desktop/school/comp-vis/dataset/datasets--everettshen--StreetView360AtoZ/snapshots/f0b9ffb20c4dc68d4422db97b7da7b577970650e/data/3421_clFrJh-MBzAHDCSl1p4c7g_19.93888765_83.32233521.jpg,52.9755,106.11,0.220032
1117_14JLKrtF5rNk_VMiHAOb3A_41.83294017_0.37939877,/home/alex/Desktop/school/comp-vis/dataset/datasets--everettshen--StreetView360AtoZ/snapshots/f0b9ffb20c4dc68d4422db97b7da7b577970650e/data/1117_14JLKrtF5rNk_VMiHAOb3A_41.83294017_0.37939877.jpg,23.5848,123.45,0.018097
2058_Evn1fnbXlyEjTF5bQEy9Mw_43.55327909_-99.68320421,/home/alex/Desktop/school/comp-vis/dataset/datasets--everettshen--StreetView360AtoZ/snapshots/f0b9ffb20c4dc68d4422db97b7da7b577970650e/data/2058_Evn1fnbXlyEjTF5bQEy9Mw_43.55327909_-99.68320421.jpg,15.132,85.4,0.067551
1915__ZJFxxl-R2Zjv-VgPIQ-KQ_-32.42400693_-65.17779342,/home/alex/Desktop/school/comp-vis/dataset/datasets--everettshen--StreetView360AtoZ/snapshots/f0b9ffb20c4dc68d4422db97b7da7b577970650e/data/1915__ZJFxxl-R2Zjv-VgPIQ-KQ_-32.42400693_-65.17779342.jpg,14.8156,314.6,0.036957
1017_eMDtZhx7GqYW0RMH7HISvw_24.29572556_71.51888884,/home/alex/Desktop/school/comp-vis/dataset/datasets--everettshen--StreetView360AtoZ/snapshots/f0b9ffb20c4dc68d4422db97b7da7b577970650e/data/1017_eMDtZhx7GqYW0RMH7HISvw_24.29572556_71.51888884.jpg,27.3431,210.01,0.082565
3135_VxNMKHKZblUu5HNpz3ILWA_47.18431774_5.90819530,/home/alex/Desktop/school/comp-vis/dataset/datasets--everettshen--StreetView360AtoZ/snapshots/f0b9ffb20c4dc68d4422db97b7da7b577970650e/data/3135_VxNMKHKZblUu5HNpz3ILWA_47.18431774_5.90819530.jpg,41.1681,176.52,0.022156
1576_eUJL7lfZ6zxIekhmWQ4DpQ_39.02627933_-86.93737016,/home/alex/Desktop/school/comp-vis/dataset/datasets--everettshen--StreetView360AtoZ/snapshots/f0b9ffb20c4dc68d4422db97b7da7b577970650e/data/1576_eUJL7lfZ6zxIekhmWQ4DpQ_39.02627933_-86.93737016.jpg,43.577,291.4,0.018311
644_llIrANsoYT0OaT448nlvMg_45.95803313_-107.98614570,/home/alex/Desktop/school/comp-vis/dataset/datasets--everettshen--StreetView360AtoZ/snapshots/f0b9ffb20c4dc68d4422db97b7da7b577970650e/data/644_llIrANsoYT0OaT448nlvMg_45.95803313_-107.98614570.jpg,40.4976,490.2,0.044968
908_HYUY1hJ1eXjnX_lp7Q39tA_43.85360701_10.54907437,/home/alex/Desktop/school/comp-vis/dataset/datasets--everettshen--StreetView360AtoZ/snapshots/f0b9ffb20c4dc68d4422db97b7da7b577970650e/data/908_HYUY1hJ1eXjnX_lp7Q39tA_43.85360701_10.54907437.jpg,44.7415,474.36,0.069397
282_BUQa_lkmcKrzjjbgj0McxA_57.19613691_23.09706324,/home/alex/Desktop/school/comp-vis/dataset/datasets--everettshen--StreetView360AtoZ/snapshots/f0b9ffb20c4dc68d4422db97b7da7b577970650e/data/282_BUQa_lkmcKrzjjbgj0McxA_57.19613691_23.09706324.jpg,49.2128,429.55,0.044189
88_Wnb0PTzIZp9cMcDAkE-UgA_43.25866384_-82.81697456,/home/alex/Desktop/school/comp-vis/dataset/datasets--everettshen--StreetView360AtoZ/snapshots/f0b9ffb20c4dc68d4422db97b7da7b577970650e/data/88_Wnb0PTzIZp9cMcDAkE-UgA_43.25866384_-82.81697456.jpg,43.8499,155.83,0.063965
1396_4_yu50emlY3OuKBkuD5PYw_65.33067446_25.38036243,/home/alex/Desktop/school/comp-vis/dataset/datasets--everettshen--StreetView360AtoZ/snapshots/f0b9ffb20c4dc68d4422db97b7da7b577970650e/data/1396_4_yu50emlY3OuKBkuD5PYw_65.33067446_25.38036243.jpg,34.2985,175.6,0.037582
858_LsvaOCroVzLF8dRO-44gdQ_55.55145515_12.15856512,/home/alex/Desktop/school/comp-vis/dataset/datasets--everettshen--StreetView360AtoZ/snapshots/f0b9ffb20c4dc68d4422db97b7da7b577970650e/data/858_LsvaOCroVzLF8dRO-44gdQ_55.55145515_12.15856512.jpg,22.0468,283.73,0.035019
408_wbYMJIEJaiGJGWVTpSXJpg_65.65005871_21.96654366,/home/alex/Desktop/school/comp-vis/dataset/datasets--everettshen--StreetView360AtoZ/snapshots/f0b9ffb20c4dc68d4422db97b7da7b577970650e/data/408_wbYMJIEJaiGJGWVTpSXJpg_65.65005871_21.96654366.jpg,18.9915,254.91,0.038773
749_kP31PlV6nFTXsDA0t-qG4Q_-39.63837522_176.82028059,/home/alex/Desktop/school/comp-vis/dataset/datasets--everettshen--StreetView360AtoZ/snapshots/f0b9ffb20c4dc68d4422db97b7da7b577970650e/data/749_kP31PlV6nFTXsDA0t-qG4Q_-39.63837522_176.82028059.jpg,24.152,402.34,0.056442
683_CrSn0T83Kxs2EhsclgdL1w_50.03091438_-100.24034080,/home/alex/Desktop/school/comp-vis/dataset/datasets--everettshen--StreetView360AtoZ/snapshots/f0b9ffb20c4dc68d4422db97b7da7b577970650e/data/683_CrSn0T83Kxs2EhsclgdL1w_50.03091438_-100.24034080.jpg,19.5628,486.67,0.026703
2637_rHrDtBtzk1LluWIxQlCGRQ_40.53048342_-101.02480746,/home/alex/Desktop/school/comp-vis/dataset/datasets--everettshen--StreetView360AtoZ/snapshots/f0b9ffb20c4dc68d4422db97b7da7b577970650e/data/2637_rHrDtBtzk1LluWIxQlCGRQ_40.53048342_-101.02480746.jpg,18.6099,85.73,0.05191
128_p3Gv3z77xRfCtIsiOjFUww_23.07967791_80.05771630,/home/alex/Desktop/school/comp-vis/dataset/datasets--everettshen--StreetView360AtoZ/snapshots/f0b9ffb20c4dc68d4422db97b7da7b577970650e/data/128_p3Gv3z77xRfCtIsiOjFUww_23.07967791_80.05771630.jpg,72.7386,332.38,0.271194
1789_0K58mrc77e4XanNCA5LUwQ_-1.06519858_100.41496382,/home/alex/Desktop/school/comp-vis/dataset/datasets--everettshen--StreetView360AtoZ/snapshots/f0b9ffb20c4dc68d4422db97b7da7b577970650e/data/1789_0K58mrc77e4XanNCA5LUwQ_-1.06519858_100.41496382.jpg,77.7669,237.4,0.06813
105_s1rD5ZtYl15cikJe-iXrAA_44.35074153_10.63147007,/home/alex/Desktop/school/comp-vis/dataset/datasets--everettshen--StreetView360AtoZ/snapshots/f0b9ffb20c4dc68d4422db97b7da7b577970650e/data/105_s1rD5ZtYl15cikJe-iXrAA_44.35074153_10.63147007.jpg,27.8949,28.74,0.019653
587_UfdlhY18ww2PJ0cdgnNYLQ_18.09346509_80.79976906,/home/alex/Desktop/school/comp-vis/dataset/datasets--everettshen--StreetView360AtoZ/snapshots/f0b9ffb20c4dc68d4422db97b7da7b577970650e/data/587_UfdlhY18ww2PJ0cdgnNYLQ_18.09346509_80.79976906.jpg,41.8477,468.07,0.084396
2250_1l5bL_aBLRs6GuoocdiwGA_61.56394936_43.90752260,/home/alex/Desktop/school/comp-vis/dataset/datasets--everettshen--StreetView360AtoZ/snapshots/f0b9ffb20c4dc68d4422db97b7da7b577970650e/data/2250_1l5bL_aBLRs6GuoocdiwGA_61.56394936_43.90752260.jpg,44.2833,213.45,0.010986
1863_4_yu50emlY3OuKBkuD5PYw_65.33067446_25.38036243,/home/alex/Desktop/school/comp-vis/dataset/datasets--everettshen--StreetView360AtoZ/snapshots/f0b9ffb20c4dc68d4422db97b7da7b577970650e/data/1863_4_yu50emlY3OuKBkuD5PYw_65.33067446_25.38036243.jpg,34.2985,175.6,0.037582
444_IxL--PLOW1DFnM_ehF27Aw_50.94110891_3.45838232,/home/alex/Desktop/school/comp-vis/dataset/datasets--everettshen--StreetView360AtoZ/snapshots/f0b9ffb20c4dc68d4422db97b7da7b577970650e/data/444_IxL--PLOW1DFnM_ehF27Aw_50.94110891_3.45838232.jpg,28.4587,399.58,0.084351
1527_as3e6Hs4PSbmXA3qeXTI6w_16.62417818_81.16642920,/home/alex/Desktop/school/comp-vis/dataset/datasets--everettshen--StreetView360AtoZ/snapshots/f0b9ffb20c4dc68d4422db97b7da7b577970650e/data/1527_as3e6Hs4PSbmXA3qeXTI6w_16.62417818_81.16642920.jpg,39.7755,224.47,0.051544
3353_SCrgjnoHT490IwrsERrpHQ_34.92194574_-117.19758946,/home/alex/Desktop/school/comp-vis/dataset/datasets--everettshen--StreetView360AtoZ/snapshots/f0b9ffb20c4dc68d4422db97b7da7b577970650e/data/3353_SCrgjnoHT490IwrsERrpHQ_34.92194574_-117.19758946.jpg,39.8712,310.27,0.262695
1845_a5Z7U8OavZSu56vivoJHsQ_13.83344276_121.25116078,/home/alex/Desktop/school/comp-vis/dataset/datasets--everettshen--StreetView360AtoZ/snapshots/f0b9ffb20c4dc68d4422db97b7da7b577970650e/data/1845_a5Z7U8OavZSu56vivoJHsQ_13.83344276_121.25116078.jpg,24.2703,205.86,0.021515
935_xKZXp_h69rz9CFfIxP8htQ_38.66889947_-88.48565221,/home/alex/Desktop/school/comp-vis/dataset/datasets--everettshen--StreetView360AtoZ/snapshots/f0b9ffb20c4dc68d4422db97b7da7b577970650e/data/935_xKZXp_h69rz9CFfIxP8htQ_38.66889947_-88.48565221.jpg,68.7633,296.72,0.239868
1261_e-QvzYXqNXaQ7ghCGBzXfQ_47.09451989_-104.71500554,/home/alex/Desktop/school/comp-vis/dataset/datasets--everettshen--StreetView360AtoZ/snapshots/f0b9ffb20c4dc68d4422db97b7da7b577970650e/data/1261_e-QvzYXqNXaQ7ghCGBzXfQ_47.09451989_-104.71500554.jpg,83.4055,175.75,0.063705
73_dgIvT54oPLxnLww75XOEMw_41.16601823_-88.87724640,/home/alex/Desktop/school/comp-vis/dataset/datasets--everettshen--StreetView360AtoZ/snapshots/f0b9ffb20c4dc68d4422db97b7da7b577970650e/data/73_dgIvT54oPLxnLww75XOEMw_41.16601823_-88.87724640.jpg,68.0202,79.25,0.043213
1249_P6EKpg3GZnfrxYZRLHfI9Q_-18.96695802_-43.25607938,/home/alex/Desktop/school/comp-vis/dataset/datasets--everettshen--StreetView360AtoZ/snapshots/f0b9ffb20c4dc68d4422db97b7da7b577970650e/data/1249_P6EKpg3GZnfrxYZRLHfI9Q_-18.96695802_-43.25607938.jpg,67.9831,265.68,0.030533
997_blL3bDYIfSkK--0_STJtcQ_58.94738899_5.74047204,/home/alex/Desktop/school/comp-vis/dataset/datasets--everettshen--StreetView360AtoZ/snapshots/f0b9ffb20c4dc68d4422db97b7da7b577970650e/data/997_blL3bDYIfSkK--0_STJtcQ_58.94738899_5.74047204.jpg,28.1304,66.23,0.027191
2260_SYGyYjF8YF7gh8a0TGUaog_34.28029960_-118.77895296,/home/alex/Desktop/school/comp-vis/dataset/datasets--everettshen--StreetView360AtoZ/snapshots/f0b9ffb20c4dc68d4422db97b7da7b577970650e/data/2260_SYGyYjF8YF7gh8a0TGUaog_34.28029960_-118.77895296.jpg,23.0327,177.8,0.063492
1485_PEa9aF20ERbtBP7O5uaztA_61.13050432_9.08530749,/home/alex/Desktop/school/comp-vis/dataset/datasets--everettshen--StreetView360AtoZ/snapshots/f0b9ffb20c4dc68d4422db97b7da7b577970650e/data/1485_PEa9aF20ERbtBP7O5uaztA_61.13050432_9.08530749.jpg,21.4825,75.21,0.017929
942_OU3l55C2SxhG9HUnr9o-8g_45.46956998_-73.63154631,/home/alex/Desktop/school/comp-vis/dataset/datasets--everettshen--StreetView360AtoZ/snapshots/f0b9ffb20c4dc68d4422db97b7da7b577970650e/data/942_OU3l55C2SxhG9HUnr9o-8g_45.46956998_-73.63154631.jpg,44.5333,330.75,0.032822
72_KfQiukvuALc3N559NP2CPw_11.76454211_76.67639569,/home/alex/Desktop/school/comp-vis/dataset/datasets--everettshen--StreetView360AtoZ/snapshots/f0b9ffb20c4dc68d4422db97b7da7b577970650e/data/72_KfQiukvuALc3N559NP2CPw_11.76454211_76.67639569.jpg,40.1694,408.72,0.045364
2395_3Z0B2bsaiti_wpvTbGp9Tg_16.46550832_-15.69602598,/home/alex/Desktop/school/comp-vis/dataset/datasets--everettshen--StreetView360AtoZ/snapshots/f0b9ffb20c4dc68d4422db97b7da7b577970650e/data/2395_3Z0B2bsaiti_wpvTbGp9Tg_16.46550832_-15.69602598.jpg,51.3251,382.11,0.046326
3160_8Nj27owCOI24MAxkKMJMRg_46.51236776_-84.28828871,/home/alex/Desktop/school/comp-vis/dataset/datasets--everettshen--StreetView360AtoZ/snapshots/f0b9ffb20c4dc68d4422db97b7da7b577970650e/data/3160_8Nj27owCOI24MAxkKMJMRg_46.51236776_-84.28828871.jpg,29.823,214.23,0.010361
1348_Q1_3Mm83EQOfU_rpgRKYvg_22.46418388_70.06108962,/home/alex/Desktop/school/comp-vis/dataset/datasets--everettshen--StreetView360AtoZ/snapshots/f0b9ffb20c4dc68d4422db97b7da7b577970650e/data/1348_Q1_3Mm83EQOfU_rpgRKYvg_22.46418388_70.06108962.jpg,70.7859,250.03,0.233307
1772_95wyBBLj4FJKEnWUqYbxDg_38.15447605_22.33830932,/home/alex/Desktop/school/comp-vis/dataset/datasets--everettshen--StreetView360AtoZ/snapshots/f0b9ffb20c4dc68d4422db97b7da7b577970650e/data/1772_95wyBBLj4FJKEnWUqYbxDg_38.15447605_22.33830932.jpg,35.669,163.71,0.074387
2263_dQE121lbBd_-hGQcnZynPA_21.44536118_-103.10808897,/home/alex/Desktop/school/comp-vis/dataset/datasets--everettshen--StreetView360AtoZ/snapshots/f0b9ffb20c4dc68d4422db97b7da7b577970650e/data/2263_dQE121lbBd_-hGQcnZynPA_21.44536118_-103.10808897.jpg,61.8215,231.77,0.037506
224_Ngi8wU_wztIqLHE9N24mNA_61.01599570_69.03814567,/home/alex/Desktop/school/comp-vis/dataset/datasets--everettshen--StreetView360AtoZ/snapshots/f0b9ffb20c4dc68d4422db97b7da7b577970650e/data/224_Ngi8wU_wztIqLHE9N24mNA_61.01599570_69.03814567.jpg,24.5746,216.71,0.02034
544_kuTqTPOLFRHvzwskoVJK7Q_16.65986734_76.93302700,/home/alex/Desktop/school/comp-vis/dataset/datasets--everettshen--StreetView360AtoZ/snapshots/f0b9ffb20c4dc68d4422db97b7da7b577970650e/data/544_kuTqTPOLFRHvzwskoVJK7Q_16.65986734_76.93302700.jpg,23.6575,14.38,0.015579
540_MxTudMH64EjUybo2SLNRyQ_56.55481551_-5.41049734,/home/alex/Desktop/school/comp-vis/dataset/datasets--everettshen--StreetView360AtoZ/snapshots/f0b9ffb20c4dc68d4422db97b7da7b577970650e/data/540_MxTudMH64EjUybo2SLNRyQ_56.55481551_-5.41049734.jpg,34.0651,160.85,0.087433
786_3b1QaD9edDVedZuK2x-6MA_35.78219746_-113.07235613,/home/alex/Desktop/school/comp-vis/dataset/datasets--everettshen--StreetView360AtoZ/snapshots/f0b9ffb20c4dc68d4422db97b7da7b577970650e/data/786_3b1QaD9edDVedZuK2x-6MA_35.78219746_-113.07235613.jpg,29.5787,452.67,0.024933
813_CvRJEl6rAn4t1pkioEC6Fg_39.37776677_30.08047871,/home/alex/Desktop/school/comp-vis/dataset/datasets--everettshen--StreetView360AtoZ/snapshots/f0b9ffb20c4dc68d4422db97b7da7b577970650e/data/813_CvRJEl6rAn4t1pkioEC6Fg_39.37776677_30.08047871.jpg,17.0583,430.33,0.019348
1492_hS01s7jf93oVaCFwykAFPA_52.29016854_-1.94331575,/home/alex/Desktop/school/comp-vis/dataset/datasets--everettshen--StreetView360AtoZ/snapshots/f0b9ffb20c4dc68d4422db97b7da7b577970650e/data/1492_hS01s7jf93oVaCFwykAFPA_52.29016854_-1.94331575.jpg,39.1606,91.19,0.093903
716_jFA9HUvhD7Fj_SoHA-WyRw_45.65465191_12.29663939,/home/alex/Desktop/school/comp-vis/dataset/datasets--everettshen--StreetView360AtoZ/snapshots/f0b9ffb20c4dc68d4422db97b7da7b577970650e/data/716_jFA9HUvhD7Fj_SoHA-WyRw_45.65465191_12.29663939.jpg,61.0151,423.73,0.056396
556_6xtkneEYtksHe8_Xck9eDA_48.18654247_0.63854452,/home/alex/Desktop/school/comp-vis/dataset/datasets--everettshen--StreetView360AtoZ/snapshots/f0b9ffb20c4dc68d4422db97b7da7b577970650e/data/556_6xtkneEYtksHe8_Xck9eDA_48.18654247_0.63854452.jpg,41.5464,185.58,0.02446
1087_swuBY1Jga6eAeEPVsg9IBg_41.30270287_27.23450835,/home/alex/Desktop/school/comp-vis/dataset/datasets--everettshen--StreetView360AtoZ/snapshots/f0b9ffb20c4dc68d4422db97b7da7b577970650e/data/1087_swuBY1Jga6eAeEPVsg9IBg_41.30270287_27.23450835.jpg,32.6833,477.27,0.024353
3058_oPjcwYNgthUWVYfMLs_Alw_-24.95170147_28.53269984,/home/alex/Desktop/school/comp-vis/dataset/datasets--everettshen--StreetView360AtoZ/snapshots/f0b9ffb20c4dc68d4422db97b7da7b577970650e/data/3058_oPjcwYNgthUWVYfMLs_Alw_-24.95170147_28.53269984.jpg,13.0173,252.79,0.041702
498_tAeYVM2n28qf2WqSdNIrwg_36.72320371_-78.28039440,/home/alex/Desktop/school/comp-vis/dataset/datasets--everettshen--StreetView360AtoZ/snapshots/f0b9ffb20c4dc68d4422db97b7da7b577970650e/data/498_tAeYVM2n28qf2WqSdNIrwg_36.72320371_-78.28039440.jpg,74.689,258.89,0.032669
291_-jbtN38cgIQJ8mLuoqR49A_15.30399020_-91.49277661,/home/alex/Desktop/school/comp-vis/dataset/datasets--everettshen--StreetView360AtoZ/snapshots/f0b9ffb20c4dc68d4422db97b7da7b577970650e/data/291_-jbtN38cgIQJ8mLuoqR49A_15.30399020_-91.49277661.jpg,74.296,146.82,0.020187
649_aRxOcTXPflz-vesjL9FRMg_-33.28532215_148.74079081,/home/alex/Desktop/school/comp-vis/dataset/datasets--everettshen--StreetView360AtoZ/snapshots/f0b9ffb20c4dc68d4422db97b7da7b577970650e/data/649_aRxOcTXPflz-vesjL9FRMg_-33.28532215_148.74079081.jpg,37.5003,426.71,0.084396
1815_WC3uDGEbBpFhRqGhlLHgXA_35.33612060_139.46531113,/home/alex/Desktop/school/comp-vis/dataset/datasets--everettshen--StreetView360AtoZ/snapshots/f0b9ffb20c4dc68d4422db97b7da7b577970650e/data/1815_WC3uDGEbBpFhRqGhlLHgXA_35.33612060_139.46531113.jpg,19.7258,268.29,0.022141
519_hA3cj9iWBMIuq2vdYsEAAg_47.09724338_16.11929733,/home/alex/Desktop/school/comp-vis/dataset/datasets--everettshen--StreetView360AtoZ/snapshots/f0b9ffb20c4dc68d4422db97b7da7b577970650e/data/519_hA3cj9iWBMIuq2vdYsEAAg_47.09724338_16.11929733.jpg,43.32,490.62,0.01741
868_P7CR4ttbbHRY1MTU23soRg_25.40492526_86.69019522,/home/alex/Desktop/school/comp-vis/dataset/datasets--everettshen--StreetView360AtoZ/snapshots/f0b9ffb20c4dc68d4422db97b7da7b577970650e/data/868_P7CR4ttbbHRY1MTU23soRg_25.40492526_86.69019522.jpg,72.7497,104.7,0.076782
1227_U7G-j03o8F84F9MszfnQqw_-33.30903335_117.34337554,/home/alex/Desktop/school/comp-vis/dataset/datasets--everettshen--StreetView360AtoZ/snapshots/f0b9ffb20c4dc68d4422db97b7da7b577970650e/data/1227_U7G-j03o8F84F9MszfnQqw_-33.30903335_117.34337554.jpg,60.0804,408.01,0.015289
82_Ftlwv2mi4BhEDqE9ctO7MQ_40.80833047_-109.46757827,/home/alex/Desktop/school/comp-vis/dataset/datasets--everettshen--StreetView360AtoZ/snapshots/f0b9ffb20c4dc68d4422db97b7da7b577970650e/data/82_Ftlwv2mi4BhEDqE9ctO7MQ_40.80833047_-109.46757827.jpg,85.6942,87.21,0.021515
970_KVWNZLTKkwXBDjwGrJhhuw_20.10920775_78.88525542,/home/alex/Desktop/school/comp-vis/dataset/datasets--everettshen--StreetView360AtoZ/snapshots/f0b9ffb20c4dc68d4422db97b7da7b577970650e/data/970_KVWNZLTKkwXBDjwGrJhhuw_20.10920775_78.88525542.jpg,29.541,131.69,0.150208
923_WqVOV2-zYNJ_0Y0TQJJD9w_38.48031280_-102.78443747,/home/alex/Desktop/school/comp-vis/dataset/datasets--everettshen--StreetView360AtoZ/snapshots/f0b9ffb20c4dc68d4422db97b7da7b577970650e/data/923_WqVOV2-zYNJ_0Y0TQJJD9w_38.48031280_-102.78443747.jpg,80.0789,233.22,0.217377
1067_H9-ssyP96a9jNq4MO7V22w_41.83534663_12.88904726,/home/alex/Desktop/school/comp-vis/dataset/datasets--everettshen--StreetView360AtoZ/snapshots/f0b9ffb20c4dc68d4422db97b7da7b577970650e/data/1067_H9-ssyP96a9jNq4MO7V22w_41.83534663_12.88904726.jpg,49.5387,466.58,0.059235
2449_8tDr6NNDAD2qlURFkW2u9g_26.70357487_92.47811608,/home/alex/Desktop/school/comp-vis/dataset/datasets--everettshen--StreetView360AtoZ/snapshots/f0b9ffb20c4dc68d4422db97b7da7b577970650e/data/2449_8tDr6NNDAD2qlURFkW2u9g_26.70357487_92.47811608.jpg,76.599,290.61,0.238953
1204_gEgzqngrv8f2zwc-NoH-4A_35.31836215_139.36402233,/home/alex/Desktop/school/comp-vis/dataset/datasets--everettshen--StreetView360AtoZ/snapshots/f0b9ffb20c4dc68d4422db97b7da7b577970650e/data/1204_gEgzqngrv8f2zwc-NoH-4A_35.31836215_139.36402233.jpg,30.6914,398.66,0.013687
843_jEPtp2xEzpb7LA7BkK_t_g_51.56429643_0.09641826,/home/alex/Desktop/school/comp-vis/dataset/datasets--everettshen--StreetView360AtoZ/snapshots/f0b9ffb20c4dc68d4422db97b7da7b577970650e/data/843_jEPtp2xEzpb7LA7BkK_t_g_51.56429643_0.09641826.jpg,30.32,489.78,0.014297
3190_f0YmBZqi2Zn2Pc89HHqqlA_57.11327483_8.62127275,/home/alex/Desktop/school/comp-vis/dataset/datasets--everettshen--StreetView360AtoZ/snapshots/f0b9ffb20c4dc68d4422db97b7da7b577970650e/data/3190_f0YmBZqi2Zn2Pc89HHqqlA_57.11327483_8.62127275.jpg,41.4423,9.21,0.010864
2040_-aznPa8-AQxOvEv_IZtYWQ_66.93241340_28.89556625,/home/alex/Desktop/school/comp-vis/dataset/datasets--everettshen--StreetView360AtoZ/snapshots/f0b9ffb20c4dc68d4422db97b7da7b577970650e/data/2040_-aznPa8-AQxOvEv_IZtYWQ_66.93241340_28.89556625.jpg,54.1542,358.58,0.042313
567_RYu8tETopq5vF7LufB4FVw_38.72859713_42.41626809,/home/alex/Desktop/school/comp-vis/dataset/datasets--everettshen--StreetView360AtoZ/snapshots/f0b9ffb20c4dc68d4422db97b7da7b577970650e/data/567_RYu8tETopq5vF7LufB4FVw_38.72859713_42.41626809.jpg,24.6929,59.71,0.032639
3144_6V6hgnfaQA1_IRLcIMGJog_49.64821609_-1.57440688,/home/alex/Desktop/school/comp-vis/dataset/datasets--everettshen--StreetView360AtoZ/snapshots/f0b9ffb20c4dc68d4422db97b7da7b577970650e/data/3144_6V6hgnfaQA1_IRLcIMGJog_49.64821609_-1.57440688.jpg,16.2732,321.07,0.024414
2930_ccAi94Do_diNOy5RWJ8aOg_44.17311945_-87.55976429,/home/alex/Desktop/school/comp-vis/dataset/datasets--everettshen--StreetView360AtoZ/snapshots/f0b9ffb20c4dc68d4422db97b7da7b577970650e/data/2930_ccAi94Do_diNOy5RWJ8aOg_44.17311945_-87.55976429.jpg,33.562,57.93,0.050568
395_to3tFLcnxEdmzerS_3NEzw_-39.62753616_176.83076860,/home/alex/Desktop/school/comp-vis/dataset/datasets--everettshen--StreetView360AtoZ/snapshots/f0b9ffb20c4dc68d4422db97b7da7b577970650e/data/395_to3tFLcnxEdmzerS_3NEzw_-39.62753616_176.83076860.jpg,17.3777,476.5,0.04393
1153_PgmylQf8xOJ4tottB1COYw_22.46779369_-99.70501635,/home/alex/Desktop/school/comp-vis/dataset/datasets--everettshen--StreetView360AtoZ/snapshots/f0b9ffb20c4dc68d4422db97b7da7b577970650e/data/1153_PgmylQf8xOJ4tottB1COYw_22.46779369_-99.70501635.jpg,54.7619,47.82,0.027847
624_EiDOmGAorTrOKBhUo5nUQg_53.88469495_11.65939521,/home/alex/Desktop/school/comp-vis/dataset/datasets--everettshen--StreetView360AtoZ/snapshots/f0b9ffb20c4dc68d4422db97b7da7b577970650e/data/624_EiDOmGAorTrOKBhUo5nUQg_53.88469495_11.65939521.jpg,53.4576,107.7,0.010391
279_tvA17HdGFNnUeLNhay1Q7w_56.14712969_28.00539561,/home/alex/Desktop/school/comp-vis/dataset/datasets--everettshen--StreetView360AtoZ/snapshots/f0b9ffb20c4dc68d4422db97b7da7b577970650e/data/279_tvA17HdGFNnUeLNhay1Q7w_56.14712969_28.00539561.jpg,26.4776,461.24,0.025223
382_65Bnp6-QKjkflxhl8Mekiw_45.49588905_0.18434773,/home/alex/Desktop/school/comp-vis/dataset/datasets--everettshen--StreetView360AtoZ/snapshots/f0b9ffb20c4dc68d4422db97b7da7b577970650e/data/382_65Bnp6-QKjkflxhl8Mekiw_45.49588905_0.18434773.jpg,72.8008,129.64,0.068329
479_oVUCjByUgxQZCwOWL8vHog_58.28343210_7.35432939,/home/alex/Desktop/school/comp-vis/dataset/datasets--everettshen--StreetView360AtoZ/snapshots/f0b9ffb20c4dc68d4422db97b7da7b577970650e/data/479_oVUCjByUgxQZCwOWL8vHog_58.28343210_7.35432939.jpg,45.772,286.38,0.027145
433_fv-ZuzwYM0ZYtmZgTmIkWQ_42.67169757_-5.18277738,/home/alex/Desktop/school/comp-vis/dataset/datasets--everettshen--StreetView360AtoZ/snapshots/f0b9ffb20c4dc68d4422db97b7da7b577970650e/data/433_fv-ZuzwYM0ZYtmZgTmIkWQ_42.67169757_-5.18277738.jpg,28.1527,45.26,0.024567
1527_5lKHuHFBRA2MX9w4pRuHMQ_52.64178891_9.38905446,/home/alex/Desktop/school/comp-vis/dataset/datasets--everettshen--StreetView360AtoZ/snapshots/f0b9ffb20c4dc68d4422db97b7da7b577970650e/data/1527_5lKHuHFBRA2MX9w4pRuHMQ_52.64178891_9.38905446.jpg,59.6475,498.03,0.01268
756_BK_C0Z66Zcz3t1AyWayTIA_40.35201076_18.16957446,/home/alex/Desktop/school/comp-vis/dataset/datasets--everettshen--StreetView360AtoZ/snapshots/f0b9ffb20c4dc68d4422db97b7da7b577970650e/data/756_BK_C0Z66Zcz3t1AyWayTIA_40.35201076_18.16957446.jpg,62.1236,40.13,0.05806
926_gWy-UHiB_e_WM7Bev7jmsw_53.16685139_5.70004282,/home/alex/Desktop/school/comp-vis/dataset/datasets--everettshen--StreetView360AtoZ/snapshots/f0b9ffb20c4dc68d4422db97b7da7b577970650e/data/926_gWy-UHiB_e_WM7Bev7jmsw_53.16685139_5.70004282.jpg,25.1679,286.91,0.036469
1191_2t3PEHXaVHlC0-BtL-ph2g_44.83078709_-87.38863540,/home/alex/Desktop/school/comp-vis/dataset/datasets--everettshen--StreetView360AtoZ/snapshots/f0b9ffb20c4dc68d4422db97b7da7b577970650e/data/1191_2t3PEHXaVHlC0-BtL-ph2g_44.83078709_-87.38863540.jpg,57.1258,295.66,0.04213
1108_78gucUAjLN_gk3STTC04rg_5.53765880_102.18251622,/home/alex/Desktop/school/comp-vis/dataset/datasets--everettshen--StreetView360AtoZ/snapshots/f0b9ffb20c4dc68d4422db97b7da7b577970650e/data/1108_78gucUAjLN_gk3STTC04rg_5.53765880_102.18251622.jpg,69.1996,93.53,0.072952
2947_0Uu1P7QNLJ_cGBi-OJ0YgA_38.20092361_-84.87331142,/home/alex/Desktop/school/comp-vis/dataset/datasets--everettshen--StreetView360AtoZ/snapshots/f0b9ffb20c4dc68d4422db97b7da7b577970650e/data/2947_0Uu1P7QNLJ_cGBi-OJ0YgA_38.20092361_-84.87331142.jpg,62.8799,393.93,0.091125
1102_pccLvmAOytdyjRaGv4POWg_15.28153122_104.96840024,/home/alex/Desktop/school/comp-vis/dataset/datasets--everettshen--StreetView360AtoZ/snapshots/f0b9ffb20c4dc68d4422db97b7da7b577970650e/data/1102_pccLvmAOytdyjRaGv4POWg_15.28153122_104.96840024.jpg,63.974,131.67,0.010834
2281__R0aM-WcSqkNN5slaOvDNg_51.07950193_107.24202128,/home/alex/Desktop/school/comp-vis/dataset/datasets--everettshen--StreetView360AtoZ/snapshots/f0b9ffb20c4dc68d4422db97b7da7b577970650e/data/2281__R0aM-WcSqkNN5slaOvDNg_51.07950193_107.24202128.jpg,48.6142,44.53,0.036438
1037_0pVyfsfpyaFmNb6uc_sUHw_1.69978266_103.48472342,/home/alex/Desktop/school/comp-vis/dataset/datasets--everettshen--StreetView360AtoZ/snapshots/f0b9ffb20c4dc68d4422db97b7da7b577970650e/data/1037_0pVyfsfpyaFmNb6uc_sUHw_1.69978266_103.48472342.jpg,59.5528,376.28,0.040344
1369_FnfdFe3gOeDLI0SN1bEeow_41.05332927_-80.57377148,/home/alex/Desktop/school/comp-vis/dataset/datasets--everettshen--StreetView360AtoZ/snapshots/f0b9ffb20c4dc68d4422db97b7da7b577970650e/data/1369_FnfdFe3gOeDLI0SN1bEeow_41.05332927_-80.57377148.jpg,34.3182,315.91,0.123978
1664_OmbW3-6e55kzKhKdbxwwjw_32.40990601_-87.03150013,/home/alex/Desktop/school/comp-vis/dataset/datasets--everettshen--StreetView360AtoZ/snapshots/f0b9ffb20c4dc68d4422db97b7da7b577970650e/data/1664_OmbW3-6e55kzKhKdbxwwjw_32.40990601_-87.03150013.jpg,74.2389,161.13,0.199921
790_1koHujsYJ30679qdKNCsTQ_32.47604858_-99.70705811,/home/alex/Desktop/school/comp-vis/dataset/datasets--everettshen--StreetView360AtoZ/snapshots/f0b9ffb20c4dc68d4422db97b7da7b577970650e/data/790_1koHujsYJ30679qdKNCsTQ_32.47604858_-99.70705811.jpg,34.0004,76.1,0.057465
811_ws7l2nmTN0jaBRI_-JbXbg_61.90886791_25.17240188,/home/alex/Desktop/school/comp-vis/dataset/datasets--everettshen--StreetView360AtoZ/snapshots/f0b9ffb20c4dc68d4422db97b7da7b577970650e/data/811_ws7l2nmTN0jaBRI_-JbXbg_61.90886791_25.17240188.jpg,23.0868,436.66,0.026443
376_2Z9oPQLiROYEZ_LG5Uejkw_51.08288701_5.10063249,/home/alex/Desktop/school/comp-vis/dataset/datasets--everettshen--StreetView360AtoZ/snapshots/f0b9ffb20c4dc68d4422db97b7da7b577970650e/data/376_2Z9oPQLiROYEZ_LG5Uejkw_51.08288701_5.10063249.jpg,28.685,64.65,0.108078
59_PrnqYa-3NVo2p70dsN03zQ_39.90868111_30.56473729,/home/alex/Desktop/school/comp-vis/dataset/datasets--everettshen--StreetView360AtoZ/snapshots/f0b9ffb20c4dc68d4422db97b7da7b577970650e/data/59_PrnqYa-3NVo2p70dsN03zQ_39.90868111_30.56473729.jpg,36.8733,492.69,0.013336
385_SAToW1fhkJleokY2XHIfAw_48.76570722_18.66710838,/home/alex/Desktop/school/comp-vis/dataset/datasets--everettshen--StreetView360AtoZ/snapshots/f0b9ffb20c4dc68d4422db97b7da7b577970650e/data/385_SAToW1fhkJleokY2XHIfAw_48.76570722_18.66710838.jpg,42.1848,150.56,0.038803
3301_zFR_tEdH-8hvW-Zgn56D2A_47.27976169_-2.46038284,/home/alex/Desktop/school/comp-vis/dataset/datasets--everettshen--StreetView360AtoZ/snapshots/f0b9ffb20c4dc68d4422db97b7da7b577970650e/data/3301_zFR_tEdH-8hvW-Zgn56D2A_47.27976169_-2.46038284.jpg,61.0487,478.1,0.034973
29_vppfa86haom20hsNBcinsA_34.50048916_134.25004719,/home/alex/Desktop/school/comp-vis/dataset/datasets--everettshen--StreetView360AtoZ/snapshots/f0b9ffb20c4dc68d4422db97b7da7b577970650e/data/29_vppfa86haom20hsNBcinsA_34.50048916_134.25004719.jpg,83.3184,276.13,0.096069
313_ry3fGRZKp2mPfFMilct8kw_-34.08341518_20.09632728,/home/alex/Desktop/school/comp-vis/dataset/datasets--everettshen--StreetView360AtoZ/snapshots/f0b9ffb20c4dc68d4422db97b7da7b577970650e/data/313_ry3fGRZKp2mPfFMilct8kw_-34.08341518_20.09632728.jpg,49.3076,389.16,0.021622
2740_2iuStJocbyXO126V872EWA_-37.12420996_142.69928525,/home/alex/Desktop/school/comp-vis/dataset/datasets--everettshen--StreetView360AtoZ/snapshots/f0b9ffb20c4dc68d4422db97b7da7b577970650e/data/2740_2iuStJocbyXO126V872EWA_-37.12420996_142.69928525.jpg,20.8313,448.8,0.050659
614_AcArutdApaac9LsSq1fq9g_63.30864532_10.16485544,/home/alex/Desktop/school/comp-vis/dataset/datasets--everettshen--StreetView360AtoZ/snapshots/f0b9ffb20c4dc68d4422db97b7da7b577970650e/data/614_AcArutdApaac9LsSq1fq9g_63.30864532_10.16485544.jpg,22.372,450.02,0.033264
3163_Y9gJ_5fY1zFsbstcShg2yQ_-18.22486107_127.66642637,/home/alex/Desktop/school/comp-vis/dataset/datasets--everettshen--StreetView360AtoZ/snapshots/f0b9ffb20c4dc68d4422db97b7da7b577970650e/data/3163_Y9gJ_5fY1zFsbstcShg2yQ_-18.22486107_127.66642637.jpg,76.9177,286.41,0.18541
1444_u3gCDcmzhfqi-fH1kcbWmw_40.47973333_-99.12938980,/home/alex/Desktop/school/comp-vis/dataset/datasets--everettshen--StreetView360AtoZ/snapshots/f0b9ffb20c4dc68d4422db97b7da7b577970650e/data/1444_u3gCDcmzhfqi-fH1kcbWmw_40.47973333_-99.12938980.jpg,21.7828,168.76,0.060364
207_YCVv7KJtKvdXuO0NsX-cAg_42.66628572_25.38317114,/home/alex/Desktop/school/comp-vis/dataset/datasets--everettshen--StreetView360AtoZ/snapshots/f0b9ffb20c4dc68d4422db97b7da7b577970650e/data/207_YCVv7KJtKvdXuO0NsX-cAg_42.66628572_25.38317114.jpg,40.4099,358.62,0.045105
1989_3btPyyDGYdZS_uWLxUs9IQ_13.19015028_78.12070538,/home/alex/Desktop/school/comp-vis/dataset/datasets--everettshen--StreetView360AtoZ/snapshots/f0b9ffb20c4dc68d4422db97b7da7b577970650e/data/1989_3btPyyDGYdZS_uWLxUs9IQ_13.19015028_78.12070538.jpg,41.4095,268.1,0.127182
3162_CgELaIatsZXdGnU8GF0tng_30.34511857_-95.43275965,/home/alex/Desktop/school/comp-vis/dataset/datasets--everettshen--StreetView360AtoZ/snapshots/f0b9ffb20c4dc68d4422db97b7da7b577970650e/data/3162_CgELaIatsZXdGnU8GF0tng_30.34511857_-95.43275965.jpg,70.7317,241.4,0.080292
1196_jQQ2z24a8m8UGb3iITuD9A_54.09200572_-4.72136789,/home/alex/Desktop/school/comp-vis/dataset/datasets--everettshen--StreetView360AtoZ/snapshots/f0b9ffb20c4dc68d4422db97b7da7b577970650e/data/1196_jQQ2z24a8m8UGb3iITuD9A_54.09200572_-4.72136789.jpg,53.8316,272.21,0.067963
2361_qXbXOXHczMkCcNwrRtD78Q_39.96968064_-74.73299429,/home/alex/Desktop/school/comp-vis/dataset/datasets--everettshen--StreetView360AtoZ/snapshots/f0b9ffb20c4dc68d4422db97b7da7b577970650e/data/2361_qXbXOXHczMkCcNwrRtD78Q_39.96968064_-74.73299429.jpg,31.1055,123.92,0.04689
3310_7u4_EWb2raV6VYC9j96USA_34.76145213_-77.47117186,/home/alex/Desktop/school/comp-vis/dataset/datasets--everettshen--StreetView360AtoZ/snapshots/f0b9ffb20c4dc68d4422db97b7da7b577970650e/data/3310_7u4_EWb2raV6VYC9j96USA_34.76145213_-77.47117186.jpg,27.4219,269.0,0.033844
423_ZEqDd5oCYr8eoAEQk2T3SA_12.58496555_77.04572077,/home/alex/Desktop/school/comp-vis/dataset/datasets--everettshen--StreetView360AtoZ/snapshots/f0b9ffb20c4dc68d4422db97b7da7b577970650e/data/423_ZEqDd5oCYr8eoAEQk2T3SA_12.58496555_77.04572077.jpg,59.2788,421.54,0.030396
284_F4kADzvlqsDrK0Vg3WYDJw_42.84790196_-80.29598359,/home/alex/Desktop/school/comp-vis/dataset/datasets--everettshen--StreetView360AtoZ/snapshots/f0b9ffb20c4dc68d4422db97b7da7b577970650e/data/284_F4kADzvlqsDrK0Vg3WYDJw_42.84790196_-80.29598359.jpg,22.3057,43.09,0.050049
1859_LtURge2d6fJ3TGMgIHUoRA_59.48971551_10.31476388,/home/alex/Desktop/school/comp-vis/dataset/datasets--everettshen--StreetView360AtoZ/snapshots/f0b9ffb20c4dc68d4422db97b7da7b577970650e/data/1859_LtURge2d6fJ3TGMgIHUoRA_59.48971551_10.31476388.jpg,36.015,219.38,0.025757
3129_lCprrDItNHVodrIppLHqvQ_67.03356992_14.02661602,/home/alex/Desktop/school/comp-vis/dataset/datasets--everettshen--StreetView360AtoZ/snapshots/f0b9ffb20c4dc68d4422db97b7da7b577970650e/data/3129_lCprrDItNHVodrIppLHqvQ_67.03356992_14.02661602.jpg,22.3962,398.19,0.023544
260_ct5sV2O4_PS7erSYUUIhHA_60.19051016_11.99764891,/home/alex/Desktop/school/comp-vis/dataset/datasets--everettshen--StreetView360AtoZ/snapshots/f0b9ffb20c4dc68d4422db97b7da7b577970650e/data/260_ct5sV2O4_PS7erSYUUIhHA_60.19051016_11.99764891.jpg,31.0921,365.56,0.038742
1550_7hUrvquBKJ3U5XsM7Xvhwg_62.98281003_14.36725106,/home/alex/Desktop/school/comp-vis/dataset/datasets--everettshen--StreetView360AtoZ/snapshots/f0b9ffb20c4dc68d4422db97b7da7b577970650e/data/1550_7hUrvquBKJ3U5XsM7Xvhwg_62.98281003_14.36725106.jpg,31.3809,428.28,0.021301
1_J_MplN30coz2HbQsGoFq7A_41.32020067_-111.96668104,/home/alex/Desktop/school/comp-vis/dataset/datasets--everettshen--StreetView360AtoZ/snapshots/f0b9ffb20c4dc68d4422db97b7da7b577970650e/data/1_J_MplN30coz2HbQsGoFq7A_41.32020067_-111.96668104.jpg,84.0887,123.74,0.053574
942_xeLfnfvX8MK1QVVr6DuPPg_35.82359124_-88.92474811,/home/alex/Desktop/school/comp-vis/dataset/datasets--everettshen--StreetView360AtoZ/snapshots/f0b9ffb20c4dc68d4422db97b7da7b577970650e/data/942_xeLfnfvX8MK1QVVr6DuPPg_35.82359124_-88.92474811.jpg,68.0615,433.11,0.05751
777_wPlP_cRDCxGLKdNMt5vghw_38.76974595_20.72140662,/home/alex/Desktop/school/comp-vis/dataset/datasets--everettshen--StreetView360AtoZ/snapshots/f0b9ffb20c4dc68d4422db97b7da7b577970650e/data/777_wPlP_cRDCxGLKdNMt5vghw_38.76974595_20.72140662.jpg,16.3886,42.69,0.014145
799_MGyG8YuqI4USjqm_9WiZfw_23.12246708_120.42071551,/home/alex/Desktop/school/comp-vis/dataset/datasets--everettshen--StreetView360AtoZ/snapshots/f0b9ffb20c4dc68d4422db97b7da7b577970650e/data/799_MGyG8YuqI4USjqm_9WiZfw_23.12246708_120.42071551.jpg,36.5361,89.7,0.086121
221_o91hFSQuceAKkRV4Eo2gtA_36.89131794_-85.32502481,/home/alex/Desktop/school/comp-vis/dataset/datasets--everettshen--StreetView360AtoZ/snapshots/f0b9ffb20c4dc68d4422db97b7da7b577970650e/data/221_o91hFSQuceAKkRV4Eo2gtA_36.89131794_-85.32502481.jpg,80.5495,433.26,0.025894
3260_VoTwoHTfbI0GzCVFS_qDow_46.33231593_0.87309754,/home/alex/Desktop/school/comp-vis/dataset/datasets--everettshen--StreetView360AtoZ/snapshots/f0b9ffb20c4dc68d4422db97b7da7b577970650e/data/3260_VoTwoHTfbI0GzCVFS_qDow_46.33231593_0.87309754.jpg,56.0592,32.96,0.042038
2762_QuQz_0ryIrJ5opffM2XzGg_18.03274208_80.57902072,/home/alex/Desktop/school/comp-vis/dataset/datasets--everettshen--StreetView360AtoZ/snapshots/f0b9ffb20c4dc68d4422db97b7da7b577970650e/data/2762_QuQz_0ryIrJ5opffM2XzGg_18.03274208_80.57902072.jpg,48.1034,74.16,0.169754
165_oMjldwucn2Vr1ahZPHGdOA_21.25682134_-99.25298903,/home/alex/Desktop/school/comp-vis/dataset/datasets--everettshen--StreetView360AtoZ/snapshots/f0b9ffb20c4dc68d4422db97b7da7b577970650e/data/165_oMjldwucn2Vr1ahZPHGdOA_21.25682134_-99.25298903.jpg,84.1966,252.95,0.085968
1619_szQIaj5gTRpNXYJGnvkd2A_22.71343735_120.47871915,/home/alex/Desktop/school/comp-vis/dataset/datasets--everettshen--StreetView360AtoZ/snapshots/f0b9ffb20c4dc68d4422db97b7da7b577970650e/data/1619_szQIaj5gTRpNXYJGnvkd2A_22.71343735_120.47871915.jpg,39.6327,127.05,0.08989
615_rEalqXWXwj8n4sJu1vYcMw_40.97276273_24.04042695,/home/alex/Desktop/school/comp-vis/dataset/datasets--everettshen--StreetView360AtoZ/snapshots/f0b9ffb20c4dc68d4422db97b7da7b577970650e/data/615_rEalqXWXwj8n4sJu1vYcMw_40.97276273_24.04042695.jpg,52.6054,435.85,0.021957
758_ADprOHa4RaPXWaufjUJ5nQ_63.31086768_18.57116575,/home/alex/Desktop/school/comp-vis/dataset/datasets--everettshen--StreetView360AtoZ/snapshots/f0b9ffb20c4dc68d4422db97b7da7b577970650e/data/758_ADprOHa4RaPXWaufjUJ5nQ_63.31086768_18.57116575.jpg,44.2582,52.9,0.023941
1345_tYIhmvkK_yhJ1ADPMvmz_g_65.99790176_25.98918390,/home/alex/Desktop/school/comp-vis/dataset/datasets--everettshen--StreetView360AtoZ/snapshots/f0b9ffb20c4dc68d4422db97b7da7b577970650e/data/1345_tYIhmvkK_yhJ1ADPMvmz_g_65.99790176_25.98918390.jpg,32.9972,107.34,0.087418
658_ditRFS60akB4XBqh06qOVg_16.69144978_74.46091122,/home/alex/Desktop/school/comp-vis/dataset/datasets--everettshen--StreetView360AtoZ/snapshots/f0b9ffb20c4dc68d4422db97b7da7b577970650e/data/658_ditRFS60akB4XBqh06qOVg_16.69144978_74.46091122.jpg,37.9293,463.26,0.05014
238_seuuYDTilboRLChGWG2x-Q_33.94834522_-116.47916978,/home/alex/Desktop/school/comp-vis/dataset/datasets--everettshen--StreetView360AtoZ/snapshots/f0b9ffb20c4dc68d4422db97b7da7b577970650e/data/238_seuuYDTilboRLChGWG2x-Q_33.94834522_-116.47916978.jpg,19.2387,80.08,0.046341
556_SYYJH3b-XVg8qm-e9yFLtQ_50.73942596_-96.98969233,/home/alex/Desktop/school/comp-vis/dataset/datasets--everettshen--StreetView360AtoZ/snapshots/f0b9ffb20c4dc68d4422db97b7da7b577970650e/data/556_SYYJH3b-XVg8qm-e9yFLtQ_50.73942596_-96.98969233.jpg,56.6398,385.47,0.025803
1551_mOcVPTL3C-8sDdZHGsOnZg_38.20411708_-97.51552937,/home/alex/Desktop/school/comp-vis/dataset/datasets--everettshen--StreetView360AtoZ/snapshots/f0b9ffb20c4dc68d4422db97b7da7b577970650e/data/1551_mOcVPTL3C-8sDdZHGsOnZg_38.20411708_-97.51552937.jpg,27.203,249.1,0.059616
3393_NtYCOJwM7zZhWK6zdF0_MA_30.88947515_-91.35017356,/home/alex/Desktop/school/comp-vis/dataset/datasets--everettshen--StreetView360AtoZ/snapshots/f0b9ffb20c4dc68d4422db97b7da7b577970650e/data/3393_NtYCOJwM7zZhWK6zdF0_MA_30.88947515_-91.35017356.jpg,65.7304,33.4,0.063614
3234_QzNMadOyfje_CEK4rnYSNw_44.33175004_8.08493605,/home/alex/Desktop/school/comp-vis/dataset/datasets--everettshen--StreetView360AtoZ/snapshots/f0b9ffb20c4dc68d4422db97b7da7b577970650e/data/3234_QzNMadOyfje_CEK4rnYSNw_44.33175004_8.08493605.jpg,40.6204,32.77,0.08223
9_Y7rdgVh8F592adEaLuNy0A_47.95062743_1.85977800,/home/alex/Desktop/school/comp-vis/dataset/datasets--everettshen--StreetView360AtoZ/snapshots/f0b9ffb20c4dc68d4422db97b7da7b577970650e/data/9_Y7rdgVh8F592adEaLuNy0A_47.95062743_1.85977800.jpg,53.63,425.79,0.01004
3352_fvh9C_g_u4YBTuJKniDUdg_39.26215957_-117.71843909,/home/alex/Desktop/school/comp-vis/dataset/datasets--everettshen--StreetView360AtoZ/snapshots/f0b9ffb20c4dc68d4422db97b7da7b577970650e/data/3352_fvh9C_g_u4YBTuJKniDUdg_39.26215957_-117.71843909.jpg,22.26,371.39,0.038528
1879_mzg-NozLjTV-V6HEeWGshA_43.05275759_-83.65413411,/home/alex/Desktop/school/comp-vis/dataset/datasets--everettshen--StreetView360AtoZ/snapshots/f0b9ffb20c4dc68d4422db97b7da7b577970650e/data/1879_mzg-NozLjTV-V6HEeWGshA_43.05275759_-83.65413411.jpg,44.9424,151.48,0.141281
869_FWLEWjoVOMDojIb7hRQUNQ_-30.56808647_-63.51553585,/home/alex/Desktop/school/comp-vis/dataset/datasets--everettshen--StreetView360AtoZ/snapshots/f0b9ffb20c4dc68d4422db97b7da7b577970650e/data/869_FWLEWjoVOMDojIb7hRQUNQ_-30.56808647_-63.51553585.jpg,30.7474,418.12,0.013199
786_3iY6neFQ8lDIE-DKCgg9hA_54.82749084_23.84653462,/home/alex/Desktop/school/comp-vis/dataset/datasets--everettshen--StreetView360AtoZ/snapshots/f0b9ffb20c4dc68d4422db97b7da7b577970650e/data/786_3iY6neFQ8lDIE-DKCgg9hA_54.82749084_23.84653462.jpg,51.4019,467.45,0.024292
2183_03s_7ksLM4aets7XxrHSqQ_41.60191471_-88.08152486,/home/alex/Desktop/school/comp-vis/dataset/datasets--everettshen--StreetView360AtoZ/snapshots/f0b9ffb20c4dc68d4422db97b7da7b577970650e/data/2183_03s_7ksLM4aets7XxrHSqQ_41.60191471_-88.08152486.jpg,66.1843,387.3,0.042633
2025_uEDIjahMv51VjDkiDTDgtw_20.37093801_-103.83718371,/home/alex/Desktop/school/comp-vis/dataset/datasets--everettshen--StreetView360AtoZ/snapshots/f0b9ffb20c4dc68d4422db97b7da7b577970650e/data/2025_uEDIjahMv51VjDkiDTDgtw_20.37093801_-103.83718371.jpg,67.4592,274.76,0.022156
3188_VsZdmjrtrxZRMFFON_-eoQ_10.81517973_78.69674784,/home/alex/Desktop/school/comp-vis/dataset/datasets--everettshen--StreetView360AtoZ/snapshots/f0b9ffb20c4dc68d4422db97b7da7b577970650e/data/3188_VsZdmjrtrxZRMFFON_-eoQ_10.81517973_78.69674784.jpg,28.9176,218.35,0.03891
1590_3bxmTdtDrZxYhAlwvT5udA_43.39598248_-5.65521253,/home/alex/Desktop/school/comp-vis/dataset/datasets--everettshen--StreetView360AtoZ/snapshots/f0b9ffb20c4dc68d4422db97b7da7b577970650e/data/1590_3bxmTdtDrZxYhAlwvT5udA_43.39598248_-5.65521253.jpg,42.8784,45.37,0.044128
658_7Zj7zUzC-3XoK7IOuq-NQg_48.16443328_13.99727959,/home/alex/Desktop/school/comp-vis/dataset/datasets--everettshen--StreetView360AtoZ/snapshots/f0b9ffb20c4dc68d4422db97b7da7b577970650e/data/658_7Zj7zUzC-3XoK7IOuq-NQg_48.16443328_13.99727959.jpg,33.3058,63.96,0.022171
1803_I4hpDFJoQHfSGGQPbzWOlw_37.91633472_-0.73301687,/home/alex/Desktop/school/comp-vis/dataset/datasets--everettshen--StreetView360AtoZ/snapshots/f0b9ffb20c4dc68d4422db97b7da7b577970650e/data/1803_I4hpDFJoQHfSGGQPbzWOlw_37.91633472_-0.73301687.jpg,21.7022,466.79,0.043076
2728_Ojl8a80OHuJMlbD1QcgjTA_40.74272421_-84.10523682,/home/alex/Desktop/school/comp-vis/dataset/datasets--everettshen--StreetView360AtoZ/snapshots/f0b9ffb20c4dc68d4422db97b7da7b577970650e/data/2728_Ojl8a80OHuJMlbD1QcgjTA_40.74272421_-84.10523682.jpg,37.0312,134.32,0.027939
316_g3Skbol49u42RgLmx0jKVg_60.88371398_26.77703743,/home/alex/Desktop/school/comp-vis/dataset/datasets--everettshen--StreetView360AtoZ/snapshots/f0b9ffb20c4dc68d4422db97b7da7b577970650e/data/316_g3Skbol49u42RgLmx0jKVg_60.88371398_26.77703743.jpg,56.2978,192.25,0.056
144_Toh_yZUs4EgmoTQMaezNfg_28.02924034_-97.49824586,/home/alex/Desktop/school/comp-vis/dataset/datasets--everettshen--StreetView360AtoZ/snapshots/f0b9ffb20c4dc68d4422db97b7da7b577970650e/data/144_Toh_yZUs4EgmoTQMaezNfg_28.02924034_-97.49824586.jpg,21.7328,173.64,0.033493
182_GEmtXXa5AlO4sS2KJj9peA_40.86421220_-98.00743669,/home/alex/Desktop/school/comp-vis/dataset/datasets--everettshen--StreetView360AtoZ/snapshots/f0b9ffb20c4dc68d4422db97b7da7b577970650e/data/182_GEmtXXa5AlO4sS2KJj9peA_40.86421220_-98.00743669.jpg,70.7219,30.12,0.015015
3317_5QqJg5Y1FjXPzNvBAzckQw_-23.84088979_29.37903947,/home/alex/Desktop/school/comp-vis/dataset/datasets--everettshen--StreetView360AtoZ/snapshots/f0b9ffb20c4dc68d4422db97b7da7b577970650e/data/3317_5QqJg5Y1FjXPzNvBAzckQw_-23.84088979_29.37903947.jpg,46.4786,295.47,0.012222
2868_HmIGE2wGddopsC_o5WVvzw_20.26665827_85.56706301,/home/alex/Desktop/school/comp-vis/dataset/datasets--everettshen--StreetView360AtoZ/snapshots/f0b9ffb20c4dc68d4422db97b7da7b577970650e/data/2868_HmIGE2wGddopsC_o5WVvzw_20.26665827_85.56706301.jpg,79.9746,246.05,0.034531
2404_oUlKLxU2t0tvBGQaHThumg_47.09259047_-1.41518378,/home/alex/Desktop/school/comp-vis/dataset/datasets--everettshen--StreetView360AtoZ/snapshots/f0b9ffb20c4dc68d4422db97b7da7b577970650e/data/2404_oUlKLxU2t0tvBGQaHThumg_47.09259047_-1.41518378.jpg,39.1703,280.16,0.033218
2132_UsucRbTzpD90Z5Dzcv7uEw_36.89348384_-78.69751898,/home/alex/Desktop/school/comp-vis/dataset/datasets--everettshen--StreetView360AtoZ/snapshots/f0b9ffb20c4dc68d4422db97b7da7b577970650e/data/2132_UsucRbTzpD90Z5Dzcv7uEw_36.89348384_-78.69751898.jpg,58.4865,318.42,0.127014
28_B0rLxLEhCWzhvVGUD61l6w_46.72786512_0.65410074,/home/alex/Desktop/school/comp-vis/dataset/datasets--everettshen--StreetView360AtoZ/snapshots/f0b9ffb20c4dc68d4422db97b7da7b577970650e/data/28_B0rLxLEhCWzhvVGUD61l6w_46.72786512_0.65410074.jpg,30.1109,366.43,0.034973
362_qz980-lQaFufr5fZZxPV2w_53.71105433_11.53771691,/home/alex/Desktop/school/comp-vis/dataset/datasets--everettshen--StreetView360AtoZ/snapshots/f0b9ffb20c4dc68d4422db97b7da7b577970650e/data/362_qz980-lQaFufr5fZZxPV2w_53.71105433_11.53771691.jpg,32.0677,420.76,0.056274
2952_n5Ce1EOSyTTQlO6MOd1y3g_40.10826489_-96.93795461,/home/alex/Desktop/school/comp-vis/dataset/datasets--everettshen--StreetView360AtoZ/snapshots/f0b9ffb20c4dc68d4422db97b7da7b577970650e/data/2952_n5Ce1EOSyTTQlO6MOd1y3g_40.10826489_-96.93795461.jpg,65.2827,91.71,0.093002
1570_2ggdboXvO_1YHBYNHuCqXA_41.58359208_-3.08178326,/home/alex/Desktop/school/comp-vis/dataset/datasets--everettshen--StreetView360AtoZ/snapshots/f0b9ffb20c4dc68d4422db97b7da7b577970650e/data/1570_2ggdboXvO_1YHBYNHuCqXA_41.58359208_-3.08178326.jpg,15.4226,299.41,0.017502
599_e2Rx-M0g4Z8BcQbjSeJ-lw_-4.48322034_-46.85296677,/home/alex/Desktop/school/comp-vis/dataset/datasets--everettshen--StreetView360AtoZ/snapshots/f0b9ffb20c4dc68d4422db97b7da7b577970650e/data/599_e2Rx-M0g4Z8BcQbjSeJ-lw_-4.48322034_-46.85296677.jpg,47.9576,245.35,0.026199
1467_YDxpr6-guTIpxWwT1GRE1Q_40.97000010_-8.55701997,/home/alex/Desktop/school/comp-vis/dataset/datasets--everettshen--StreetView360AtoZ/snapshots/f0b9ffb20c4dc68d4422db97b7da7b577970650e/data/1467_YDxpr6-guTIpxWwT1GRE1Q_40.97000010_-8.55701997.jpg,60.9175,59.42,0.011414
662_CyfB-zhWYa6m_J-lq0QjDA_37.22281193_14.51427150,/home/alex/Desktop/school/comp-vis/dataset/datasets--everettshen--StreetView360AtoZ/snapshots/f0b9ffb20c4dc68d4422db97b7da7b577970650e/data/662_CyfB-zhWYa6m_J-lq0QjDA_37.22281193_14.51427150.jpg,57.5208,318.66,0.061478
1647_5eYIVotwyhG_Fz1J1Q8RSQ_20.78944058_81.13674251,/home/alex/Desktop/school/comp-vis/dataset/datasets--everettshen--StreetView360AtoZ/snapshots/f0b9ffb20c4dc68d4422db97b7da7b577970650e/data/1647_5eYIVotwyhG_Fz1J1Q8RSQ_20.78944058_81.13674251.jpg,67.6263,385.42,0.148514
2543_JWjr53eYZwTzMtUclD4TlQ_40.19794512_-7.56230200,/home/alex/Desktop/school/comp-vis/dataset/datasets--everettshen--StreetView360AtoZ/snapshots/f0b9ffb20c4dc68d4422db97b7da7b577970650e/data/2543_JWjr53eYZwTzMtUclD4TlQ_40.19794512_-7.56230200.jpg,45.0995,36.3,0.025513
437_s7Mw7_b7xkafNqu_izmjkQ_-19.71777967_-45.02468045,/home/alex/Desktop/school/comp-vis/dataset/datasets--everettshen--StreetView360AtoZ/snapshots/f0b9ffb20c4dc68d4422db97b7da7b577970650e/data/437_s7Mw7_b7xkafNqu_izmjkQ_-19.71777967_-45.02468045.jpg,68.0425,134.94,0.026291
2390_x7rdT17J7qF2ZAahNhEHNw_46.82001322_0.36747626,/home/alex/Desktop/school/comp-vis/dataset/datasets--everettshen--StreetView360AtoZ/snapshots/f0b9ffb20c4dc68d4422db97b7da7b577970650e/data/2390_x7rdT17J7qF2ZAahNhEHNw_46.82001322_0.36747626.jpg,41.8449,30.74,0.011948
1014_cuoOe6TzmOStpgq2PGa90w_59.66251010_8.03838121,/home/alex/Desktop/school/comp-vis/dataset/datasets--everettshen--StreetView360AtoZ/snapshots/f0b9ffb20c4dc68d4422db97b7da7b577970650e/data/1014_cuoOe6TzmOStpgq2PGa90w_59.66251010_8.03838121.jpg,71.7561,82.4,0.048126
596_UvtodRbzj5N0DhWgsQJJSQ_-34.07865743_22.16333882,/home/alex/Desktop/school/comp-vis/dataset/datasets--everettshen--StreetView360AtoZ/snapshots/f0b9ffb20c4dc68d4422db97b7da7b577970650e/data/596_UvtodRbzj5N0DhWgsQJJSQ_-34.07865743_22.16333882.jpg,37.3469,412.47,0.076523
1347_Ka3sx5_paV2ULSHrrupi2Q_50.69809333_-3.67414717,/home/alex/Desktop/school/comp-vis/dataset/datasets--everettshen--StreetView360AtoZ/snapshots/f0b9ffb20c4dc68d4422db97b7da7b577970650e/data/1347_Ka3sx5_paV2ULSHrrupi2Q_50.69809333_-3.67414717.jpg,28.6526,100.83,0.055389
1886_ae2q7msUlRbXeDZ0CNVUaQ_47.28574519_3.35057222,/home/alex/Desktop/school/comp-vis/dataset/datasets--everettshen--StreetView360AtoZ/snapshots/f0b9ffb20c4dc68d4422db97b7da7b577970650e/data/1886_ae2q7msUlRbXeDZ0CNVUaQ_47.28574519_3.35057222.jpg,31.4644,474.67,0.057861
612_6Tdbzu4N5ddap6sFR8qj7w_48.50705439_1.61290543,/home/alex/Desktop/school/comp-vis/dataset/datasets--everettshen--StreetView360AtoZ/snapshots/f0b9ffb20c4dc68d4422db97b7da7b577970650e/data/612_6Tdbzu4N5ddap6sFR8qj7w_48.50705439_1.61290543.jpg,77.1182,334.31,0.040237
2884_U98qXbU0YgnfV2CMCnHtFg_41.58941705_2.58272356,/home/alex/Desktop/school/comp-vis/dataset/datasets--everettshen--StreetView360AtoZ/snapshots/f0b9ffb20c4dc68d4422db97b7da7b577970650e/data/2884_U98qXbU0YgnfV2CMCnHtFg_41.58941705_2.58272356.jpg,44.9149,43.45,0.060547
2255_AR1EcD43_p-4rxuGIiBTpQ_37.96139822_16.09954869,/home/alex/Desktop/school/comp-vis/dataset/datasets--everettshen--StreetView360AtoZ/snapshots/f0b9ffb20c4dc68d4422db97b7da7b577970650e/data/2255_AR1EcD43_p-4rxuGIiBTpQ_37.96139822_16.09954869.jpg,28.3163,219.83,0.032211
759_47TJwfuHBpvb_Jb7OaRoIA_34.71469498_-92.23472316,/home/alex/Desktop/school/comp-vis/dataset/datasets--everettshen--StreetView360AtoZ/snapshots/f0b9ffb20c4dc68d4422db97b7da7b577970650e/data/759_47TJwfuHBpvb_Jb7OaRoIA_34.71469498_-92.23472316.jpg,53.6824,389.86,0.11351
1050_sTGas68QVu0JMupVJj755Q_57.22073255_10.51404624,/home/alex/Desktop/school/comp-vis/dataset/datasets--everettshen--StreetView360AtoZ/snapshots/f0b9ffb20c4dc68d4422db97b7da7b577970650e/data/1050_sTGas68QVu0JMupVJj755Q_57.22073255_10.51404624.jpg,36.2932,101.82,0.052307
1865_YKCNMbAf7jFkpF9cKWrhiw_26.64138284_74.18973341,/home/alex/Desktop/school/comp-vis/dataset/datasets--everettshen--StreetView360AtoZ/snapshots/f0b9ffb20c4dc68d4422db97b7da7b577970650e/data/1865_YKCNMbAf7jFkpF9cKWrhiw_26.64138284_74.18973341.jpg,63.7375,250.52,0.049896
975_IMwe7PejXLwNTWwsJDa0xw_52.83296040_-7.50932800,/home/alex/Desktop/school/comp-vis/dataset/datasets--everettshen--StreetView360AtoZ/snapshots/f0b9ffb20c4dc68d4422db97b7da7b577970650e/data/975_IMwe7PejXLwNTWwsJDa0xw_52.83296040_-7.50932800.jpg,53.3239,201.18,0.023972
1470_Q3Aeri0G-HvtXMTb_tHP8Q_17.31439154_104.56810831,/home/alex/Desktop/school/comp-vis/dataset/datasets--everettshen--StreetView360AtoZ/snapshots/f0b9ffb20c4dc68d4422db97b7da7b577970650e/data/1470_Q3Aeri0G-HvtXMTb_tHP8Q_17.31439154_104.56810831.jpg,76.6166,397.69,0.020767
11_1Unb1cAHVEGv8asYhMGhwg_-23.05666100_-49.62636121,/home/alex/Desktop/school/comp-vis/dataset/datasets--everettshen--StreetView360AtoZ/snapshots/f0b9ffb20c4dc68d4422db97b7da7b577970650e/data/11_1Unb1cAHVEGv8asYhMGhwg_-23.05666100_-49.62636121.jpg,81.1843,252.87,0.140457
296_-nPMdEWwS-swMoEh06zZnA_3.21657933_101.69967997,/home/alex/Desktop/school/comp-vis/dataset/datasets--everettshen--StreetView360AtoZ/snapshots/f0b9ffb20c4dc68d4422db97b7da7b577970650e/data/296_-nPMdEWwS-swMoEh06zZnA_3.21657933_101.69967997.jpg,77.4219,199.87,0.098846
354_odVwWfQt0s81Em8zFiGRKg_23.44530613_-109.42542161,/home/alex/Desktop/school/comp-vis/dataset/datasets--everettshen--StreetView360AtoZ/snapshots/f0b9ffb20c4dc68d4422db97b7da7b577970650e/data/354_odVwWfQt0s81Em8zFiGRKg_23.44530613_-109.42542161.jpg,73.1328,479.8,0.020538
2088_acWKlBCUMa6io_Qc1DkqLw_24.64621082_76.04142164,/home/alex/Desktop/school/comp-vis/dataset/datasets--everettshen--StreetView360AtoZ/snapshots/f0b9ffb20c4dc68d4422db97b7da7b577970650e/data/2088_acWKlBCUMa6io_Qc1DkqLw_24.64621082_76.04142164.jpg,50.4656,449.44,0.087357
3020_Ydqb-VIwZINbhkSVvprnfg_45.45035678_-84.21509763,/home/alex/Desktop/school/comp-vis/dataset/datasets--everettshen--StreetView360AtoZ/snapshots/f0b9ffb20c4dc68d4422db97b7da7b577970650e/data/3020_Ydqb-VIwZINbhkSVvprnfg_45.45035678_-84.21509763.jpg,71.0987,226.42,0.12326
24_UrA8iemM2JBXmIJROE6ADA_25.67861603_91.92682874,/home/alex/Desktop/school/comp-vis/dataset/datasets--everettshen--StreetView360AtoZ/snapshots/f0b9ffb20c4dc68d4422db97b7da7b577970650e/data/24_UrA8iemM2JBXmIJROE6ADA_25.67861603_91.92682874.jpg,43.5181,320.08,0.173264
1490_T_lyBOH4WVcmjAzXxf4suA_-27.05817372_-65.21752302,/home/alex/Desktop/school/comp-vis/dataset/datasets--everettshen--StreetView360AtoZ/snapshots/f0b9ffb20c4dc68d4422db97b7da7b577970650e/data/1490_T_lyBOH4WVcmjAzXxf4suA_-27.05817372_-65.21752302.jpg,40.522,179.36,0.011429
2408_0em4COBFkobO0qhacGrrYw_-3.44634696_-52.88923690,/home/alex/Desktop/school/comp-vis/dataset/datasets--everettshen--StreetView360AtoZ/snapshots/f0b9ffb20c4dc68d4422db97b7da7b577970650e/data/2408_0em4COBFkobO0qhacGrrYw_-3.44634696_-52.88923690.jpg,81.8079,212.93,0.115707
430_oduGD5-B4ZJrUJzX2qS5OQ_42.95886212_-99.12693149,/home/alex/Desktop/school/comp-vis/dataset/datasets--everettshen--StreetView360AtoZ/snapshots/f0b9ffb20c4dc68d4422db97b7da7b577970650e/data/430_oduGD5-B4ZJrUJzX2qS5OQ_42.95886212_-99.12693149.jpg,18.6559,204.93,0.073715
1013_c3l66H7_RMvHWvayuo7n5g_43.28113636_13.33397094,/home/alex/Desktop/school/comp-vis/dataset/datasets--everettshen--StreetView360AtoZ/snapshots/f0b9ffb20c4dc68d4422db97b7da7b577970650e/data/1013_c3l66H7_RMvHWvayuo7n5g_43.28113636_13.33397094.jpg,63.7156,299.59,0.014359
898_YAV2Blx2LwDzr1az_VIj9g_63.74781069_11.28522170,/home/alex/Desktop/school/comp-vis/dataset/datasets--everettshen--StreetView360AtoZ/snapshots/f0b9ffb20c4dc68d4422db97b7da7b577970650e/data/898_YAV2Blx2LwDzr1az_VIj9g_63.74781069_11.28522170.jpg,44.107,444.25,0.01474
1052_6Wn7OPSi7jKXh4vL_gYnng_9.01232043_-79.48804053,/home/alex/Desktop/school/comp-vis/dataset/datasets--everettshen--StreetView360AtoZ/snapshots/f0b9ffb20c4dc68d4422db97b7da7b577970650e/data/1052_6Wn7OPSi7jKXh4vL_gYnng_9.01232043_-79.48804053.jpg,87.2173,440.87,0.012207
1596_gG2FE4W_05aycH9PaVU8sg_46.64805015_-71.92714179,/home/alex/Desktop/school/comp-vis/dataset/datasets--everettshen--StreetView360AtoZ/snapshots/f0b9ffb20c4dc68d4422db97b7da7b577970650e/data/1596_gG2FE4W_05aycH9PaVU8sg_46.64805015_-71.92714179.jpg,56.9221,285.16,0.030701
737_QYs7d8jgBvw-4IkfUgVSoQ_38.95220966_40.02741339,/home/alex/Desktop/school/comp-vis/dataset/datasets--everettshen--StreetView360AtoZ/snapshots/f0b9ffb20c4dc68d4422db97b7da7b577970650e/data/737_QYs7d8jgBvw-4IkfUgVSoQ_38.95220966_40.02741339.jpg,61.6013,190.09,0.01973
416_ENzD--Ee0NYpN-IKKLg5XQ_32.54974132_130.15853570,/home/alex/Desktop/school/comp-vis/dataset/datasets--everettshen--StreetView360AtoZ/snapshots/f0b9ffb20c4dc68d4422db97b7da7b577970650e/data/416_ENzD--Ee0NYpN-IKKLg5XQ_32.54974132_130.15853570.jpg,65.1702,102.23,0.025406
909_4b6Kfcr8HYuGrIplvh2kaQ_49.15736912_-0.30928933,/home/alex/Desktop/school/comp-vis/dataset/datasets--everettshen--StreetView360AtoZ/snapshots/f0b9ffb20c4dc68d4422db97b7da7b577970650e/data/909_4b6Kfcr8HYuGrIplvh2kaQ_49.15736912_-0.30928933.jpg,54.5727,459.77,0.066086
109_QwFvwyTpximIfZjZmxwgeA_45.03535371_-123.02089910,/home/alex/Desktop/school/comp-vis/dataset/datasets--everettshen--StreetView360AtoZ/snapshots/f0b9ffb20c4dc68d4422db97b7da7b577970650e/data/109_QwFvwyTpximIfZjZmxwgeA_45.03535371_-123.02089910.jpg,81.943,249.25,0.067139
2430_e4_t02pu_LEiL6pRkI2odw_43.64198223_-7.60671426,/home/alex/Desktop/school/comp-vis/dataset/datasets--everettshen--StreetView360AtoZ/snapshots/f0b9ffb20c4dc68d4422db97b7da7b577970650e/data/2430_e4_t02pu_LEiL6pRkI2odw_43.64198223_-7.60671426.jpg,13.7458,372.49,0.018463
1612_dgIvT54oPLxnLww75XOEMw_41.16601823_-88.87724640,/home/alex/Desktop/school/comp-vis/dataset/datasets--everettshen--StreetView360AtoZ/snapshots/f0b9ffb20c4dc68d4422db97b7da7b577970650e/data/1612_dgIvT54oPLxnLww75XOEMw_41.16601823_-88.87724640.jpg,68.0202,79.25,0.043213
3003_c2jMrfDMZ-ZP-W4c25W0ew_44.54680482_-72.45813174,/home/alex/Desktop/school/comp-vis/dataset/datasets--everettshen--StreetView360AtoZ/snapshots/f0b9ffb20c4dc68d4422db97b7da7b577970650e/data/3003_c2jMrfDMZ-ZP-W4c25W0ew_44.54680482_-72.45813174.jpg,43.7438,369.57,0.138962
2519_4HCXyabp8XMAxJwJ2y-sZA_43.83510237_2.86649241,/home/alex/Desktop/school/comp-vis/dataset/datasets--everettshen--StreetView360AtoZ/snapshots/f0b9ffb20c4dc68d4422db97b7da7b577970650e/data/2519_4HCXyabp8XMAxJwJ2y-sZA_43.83510237_2.86649241.jpg,49.5986,66.77,0.027771
102_Nl7vCPBQH8qNgK_u9ISRbA_26.46335459_-80.10290633,/home/alex/Desktop/school/comp-vis/dataset/datasets--everettshen--StreetView360AtoZ/snapshots/f0b9ffb20c4dc68d4422db97b7da7b577970650e/data/102_Nl7vCPBQH8qNgK_u9ISRbA_26.46335459_-80.10290633.jpg,75.4198,219.23,0.065918
1500_7XDGYG_cOX-YodOfxnqjYw_21.88365684_-99.39466843,/home/alex/Desktop/school/comp-vis/dataset/datasets--everettshen--StreetView360AtoZ/snapshots/f0b9ffb20c4dc68d4422db97b7da7b577970650e/data/1500_7XDGYG_cOX-YodOfxnqjYw_21.88365684_-99.39466843.jpg,64.8852,187.38,0.193787
412_tKrjZBTJEMjq9xpEPdQf6Q_-22.16981433_-46.51861095,/home/alex/Desktop/school/comp-vis/dataset/datasets--everettshen--StreetView360AtoZ/snapshots/f0b9ffb20c4dc68d4422db97b7da7b577970650e/data/412_tKrjZBTJEMjq9xpEPdQf6Q_-22.16981433_-46.51861095.jpg,32.9387,399.36,0.051453
1817_FaqN-P2ZXYRJuJE15CbwjA_13.54633005_78.90681946,/home/alex/Desktop/school/comp-vis/dataset/datasets--everettshen--StreetView360AtoZ/snapshots/f0b9ffb20c4dc68d4422db97b7da7b577970650e/data/1817_FaqN-P2ZXYRJuJE15CbwjA_13.54633005_78.90681946.jpg,58.4074,447.65,0.084549
770_Eug0SGPTtEfobslI9cvB9g_68.23325278_14.56641355,/home/alex/Desktop/school/comp-vis/dataset/datasets--everettshen--StreetView360AtoZ/snapshots/f0b9ffb20c4dc68d4422db97b7da7b577970650e/data/770_Eug0SGPTtEfobslI9cvB9g_68.23325278_14.56641355.jpg,23.6271,178.15,0.027954
1531_HuDHohtbd9rs1MxlAoqN1g_61.61401527_129.22766110,/home/alex/Desktop/school/comp-vis/dataset/datasets--everettshen--StreetView360AtoZ/snapshots/f0b9ffb20c4dc68d4422db97b7da7b577970650e/data/1531_HuDHohtbd9rs1MxlAoqN1g_61.61401527_129.22766110.jpg,41.409,407.41,0.032944
706_iXnmIprTZZPTxKi4j8qIrw_43.40629148_5.54861469,/home/alex/Desktop/school/comp-vis/dataset/datasets--everettshen--StreetView360AtoZ/snapshots/f0b9ffb20c4dc68d4422db97b7da7b577970650e/data/706_iXnmIprTZZPTxKi4j8qIrw_43.40629148_5.54861469.jpg,76.6408,254.55,0.202805
837_sBhjiuPnpZQx30c-HPkBsg_54.97610116_12.33728089,/home/alex/Desktop/school/comp-vis/dataset/datasets--everettshen--StreetView360AtoZ/snapshots/f0b9ffb20c4dc68d4422db97b7da7b577970650e/data/837_sBhjiuPnpZQx30c-HPkBsg_54.97610116_12.33728089.jpg,18.7703,195.4,0.030334
1130_-jEK3AAqT7FG_CB42BhDOA_65.34746019_-20.77169688,/home/alex/Desktop/school/comp-vis/dataset/datasets--everettshen--StreetView360AtoZ/snapshots/f0b9ffb20c4dc68d4422db97b7da7b577970650e/data/1130_-jEK3AAqT7FG_CB42BhDOA_65.34746019_-20.77169688.jpg,9.9501,104.17,0.01767
524_jLwaENuNlqqsM3RuRP-QUg_34.66549307_-84.38213233,/home/alex/Desktop/school/comp-vis/dataset/datasets--everettshen--StreetView360AtoZ/snapshots/f0b9ffb20c4dc68d4422db97b7da7b577970650e/data/524_jLwaENuNlqqsM3RuRP-QUg_34.66549307_-84.38213233.jpg,50.1344,435.39,0.011154
698_NuqrJJ65Qr1F6SmQRiykQA_42.23657275_142.62986096,/home/alex/Desktop/school/comp-vis/dataset/datasets--everettshen--StreetView360AtoZ/snapshots/f0b9ffb20c4dc68d4422db97b7da7b577970650e/data/698_NuqrJJ65Qr1F6SmQRiykQA_42.23657275_142.62986096.jpg,59.8205,87.34,0.019608
1555_BrNdxyDosJDvHnV0sb5uNA_20.16932820_-100.21089109,/home/alex/Desktop/school/comp-vis/dataset/datasets--everettshen--StreetView360AtoZ/snapshots/f0b9ffb20c4dc68d4422db97b7da7b577970650e/data/1555_BrNdxyDosJDvHnV0sb5uNA_20.16932820_-100.21089109.jpg,81.8781,296.69,0.037704
2357_GksqR4wbApzrzKRXC7cseQ_42.44249077_-123.32512046,/home/alex/Desktop/school/comp-vis/dataset/datasets--everettshen--StreetView360AtoZ/snapshots/f0b9ffb20c4dc68d4422db97b7da7b577970650e/data/2357_GksqR4wbApzrzKRXC7cseQ_42.44249077_-123.32512046.jpg,30.7928,301.83,0.065811
1205_sX6urqRXcaX9v960QpyD9Q_-30.76497765_121.47375408,/home/alex/Desktop/school/comp-vis/dataset/datasets--everettshen--StreetView360AtoZ/snapshots/f0b9ffb20c4dc68d4422db97b7da7b577970650e/data/1205_sX6urqRXcaX9v960QpyD9Q_-30.76497765_121.47375408.jpg,51.1111,196.48,0.078644
311_IKU9zNigkdIbbPWQOFQusQ_45.16510651_11.26482435,/home/alex/Desktop/school/comp-vis/dataset/datasets--everettshen--StreetView360AtoZ/snapshots/f0b9ffb20c4dc68d4422db97b7da7b577970650e/data/311_IKU9zNigkdIbbPWQOFQusQ_45.16510651_11.26482435.jpg,42.0556,219.79,0.011536
2970_mPUsDNyt8Pym5o5TQh9F5A_35.41672753_-78.94453058,/home/alex/Desktop/school/comp-vis/dataset/datasets--everettshen--StreetView360AtoZ/snapshots/f0b9ffb20c4dc68d4422db97b7da7b577970650e/data/2970_mPUsDNyt8Pym5o5TQh9F5A_35.41672753_-78.94453058.jpg,26.6982,100.75,0.051285
1033_qCEjrP1Etqc_lDBLkfW8iw_25.15273960_121.74445940,/home/alex/Desktop/school/comp-vis/dataset/datasets--everettshen--StreetView360AtoZ/snapshots/f0b9ffb20c4dc68d4422db97b7da7b577970650e/data/1033_qCEjrP1Etqc_lDBLkfW8iw_25.15273960_121.74445940.jpg,61.1912,115.97,0.01442
864_c_jOlVW4vsyClI8Gerkzyg_41.38825052_-76.05592358,/home/alex/Desktop/school/comp-vis/dataset/datasets--everettshen--StreetView360AtoZ/snapshots/f0b9ffb20c4dc68d4422db97b7da7b577970650e/data/864_c_jOlVW4vsyClI8Gerkzyg_41.38825052_-76.05592358.jpg,78.2448,254.96,0.184067
506_u2G01eBG4wHB851ACLpSiA_39.10614194_-108.38337629,/home/alex/Desktop/school/comp-vis/dataset/datasets--everettshen--StreetView360AtoZ/snapshots/f0b9ffb20c4dc68d4422db97b7da7b577970650e/data/506_u2G01eBG4wHB851ACLpSiA_39.10614194_-108.38337629.jpg,55.4761,483.75,0.022156
2925_3qTtzD49M7L9lAS6fkg88g_-33.01374312_-71.55447480,/home/alex/Desktop/school/comp-vis/dataset/datasets--everettshen--StreetView360AtoZ/snapshots/f0b9ffb20c4dc68d4422db97b7da7b577970650e/data/2925_3qTtzD49M7L9lAS6fkg88g_-33.01374312_-71.55447480.jpg,23.0039,251.36,0.014511
765_9zbbBJTmPcgOuymRRZ5bOw_38.02155872_-120.24681213,/home/alex/Desktop/school/comp-vis/dataset/datasets--everettshen--StreetView360AtoZ/snapshots/f0b9ffb20c4dc68d4422db97b7da7b577970650e/data/765_9zbbBJTmPcgOuymRRZ5bOw_38.02155872_-120.24681213.jpg,35.2561,24.78,0.037598
3300__VOD4xtVQ00rI_J8z0esXQ_59.41647523_5.27245733,/home/alex/Desktop/school/comp-vis/dataset/datasets--everettshen--StreetView360AtoZ/snapshots/f0b9ffb20c4dc68d4422db97b7da7b577970650e/data/3300__VOD4xtVQ00rI_J8z0esXQ_59.41647523_5.27245733.jpg,51.5447,303.13,0.112106
1516_ACiV0i_CG0SRF96nnDe1xQ_-25.49371160_-48.87757311,/home/alex/Desktop/school/comp-vis/dataset/datasets--everettshen--StreetView360AtoZ/snapshots/f0b9ffb20c4dc68d4422db97b7da7b577970650e/data/1516_ACiV0i_CG0SRF96nnDe1xQ_-25.49371160_-48.87757311.jpg,36.0367,236.67,0.029434
1186_KrAkimkwV3J2aIdotKqLNQ_37.53665317_-121.20525276,/home/alex/Desktop/school/comp-vis/dataset/datasets--everettshen--StreetView360AtoZ/snapshots/f0b9ffb20c4dc68d4422db97b7da7b577970650e/data/1186_KrAkimkwV3J2aIdotKqLNQ_37.53665317_-121.20525276.jpg,60.1548,90.05,0.011856
1074_RLKXhPwUzhQ72N8L7IzoHQ_47.93297023_14.65011833,/home/alex/Desktop/school/comp-vis/dataset/datasets--everettshen--StreetView360AtoZ/snapshots/f0b9ffb20c4dc68d4422db97b7da7b577970650e/data/1074_RLKXhPwUzhQ72N8L7IzoHQ_47.93297023_14.65011833.jpg,24.6704,61.55,0.037277
1796_2RZUNZzN8_1vYfIzYjgHcA_32.27729654_130.90323548,/home/alex/Desktop/school/comp-vis/dataset/datasets--everettshen--StreetView360AtoZ/snapshots/f0b9ffb20c4dc68d4422db97b7da7b577970650e/data/1796_2RZUNZzN8_1vYfIzYjgHcA_32.27729654_130.90323548.jpg,30.9478,481.14,0.032516
890_2YLFJORVti2MF1Tz8wcSkQ_45.62190039_-120.16554435,/home/alex/Desktop/school/comp-vis/dataset/datasets--everettshen--StreetView360AtoZ/snapshots/f0b9ffb20c4dc68d4422db97b7da7b577970650e/data/890_2YLFJORVti2MF1Tz8wcSkQ_45.62190039_-120.16554435.jpg,33.1696,27.15,0.03154
126_fPrX_fEJt2Sx9VMdeFKEGQ_-37.18104485_142.88012637,/home/alex/Desktop/school/comp-vis/dataset/datasets--everettshen--StreetView360AtoZ/snapshots/f0b9ffb20c4dc68d4422db97b7da7b577970650e/data/126_fPrX_fEJt2Sx9VMdeFKEGQ_-37.18104485_142.88012637.jpg,69.0473,472.0,0.022614
1121_dLW_-d2W93uabibxbvQsPg_39.59382664_-3.04176164,/home/alex/Desktop/school/comp-vis/dataset/datasets--everettshen--StreetView360AtoZ/snapshots/f0b9ffb20c4dc68d4422db97b7da7b577970650e/data/1121_dLW_-d2W93uabibxbvQsPg_39.59382664_-3.04176164.jpg,35.6916,457.81,0.045441
756_93VVkWcM2Q7BBKaPKYuQ8w_17.64217576_-101.54421764,/home/alex/Desktop/school/comp-vis/dataset/datasets--everettshen--StreetView360AtoZ/snapshots/f0b9ffb20c4dc68d4422db97b7da7b577970650e/data/756_93VVkWcM2Q7BBKaPKYuQ8w_17.64217576_-101.54421764.jpg,74.0415,280.1,0.051102
676_Sy6OGKp5oXOXG-9mvoPKyA_36.20095633_-105.71144144,/home/alex/Desktop/school/comp-vis/dataset/datasets--everettshen--StreetView360AtoZ/snapshots/f0b9ffb20c4dc68d4422db97b7da7b577970650e/data/676_Sy6OGKp5oXOXG-9mvoPKyA_36.20095633_-105.71144144.jpg,23.8927,180.88,0.047501
1162_p6FAcuNXhbY67PumObNeeg_25.06972151_121.12041408,/home/alex/Desktop/school/comp-vis/dataset/datasets--everettshen--StreetView360AtoZ/snapshots/f0b9ffb20c4dc68d4422db97b7da7b577970650e/data/1162_p6FAcuNXhbY67PumObNeeg_25.06972151_121.12041408.jpg,39.2338,425.05,0.029312
1268_UC8nxtQ6eRbIA99gar2SVQ_48.25110670_19.48845833,/home/alex/Desktop/school/comp-vis/dataset/datasets--everettshen--StreetView360AtoZ/snapshots/f0b9ffb20c4dc68d4422db97b7da7b577970650e/data/1268_UC8nxtQ6eRbIA99gar2SVQ_48.25110670_19.48845833.jpg,40.2306,361.58,0.046921
1872_WrF-ujwOZfAYGPz1MhVOcw_-33.25431365_-68.14897311,/home/alex/Desktop/school/comp-vis/dataset/datasets--everettshen--StreetView360AtoZ/snapshots/f0b9ffb20c4dc68d4422db97b7da7b577970650e/data/1872_WrF-ujwOZfAYGPz1MhVOcw_-33.25431365_-68.14897311.jpg,51.9619,429.79,0.025253
3128_AryFG8QIuzJ-tsh7nSziMA_47.55424500_-93.98542441,/home/alex/Desktop/school/comp-vis/dataset/datasets--everettshen--StreetView360AtoZ/snapshots/f0b9ffb20c4dc68d4422db97b7da7b577970650e/data/3128_AryFG8QIuzJ-tsh7nSziMA_47.55424500_-93.98542441.jpg,61.7476,208.39,0.080185
745_IkZkUlGshzY0VGYZwEmUeg_-34.78580616_-54.90689923,/home/alex/Desktop/school/comp-vis/dataset/datasets--everettshen--StreetView360AtoZ/snapshots/f0b9ffb20c4dc68d4422db97b7da7b577970650e/data/745_IkZkUlGshzY0VGYZwEmUeg_-34.78580616_-54.90689923.jpg,16.0566,437.55,0.011414
2849_0SwghVi4M5MaaXLy9hqMCg_35.01650490_25.06630139,/home/alex/Desktop/school/comp-vis/dataset/datasets--everettshen--StreetView360AtoZ/snapshots/f0b9ffb20c4dc68d4422db97b7da7b577970650e/data/2849_0SwghVi4M5MaaXLy9hqMCg_35.01650490_25.06630139.jpg,84.0422,402.32,0.05394
805_zsx_8fm-m3J1SNmAKhaW9g_33.75163119_-93.09208580,/home/alex/Desktop/school/comp-vis/dataset/datasets--everettshen--StreetView360AtoZ/snapshots/f0b9ffb20c4dc68d4422db97b7da7b577970650e/data/805_zsx_8fm-m3J1SNmAKhaW9g_33.75163119_-93.09208580.jpg,78.0845,256.3,0.2379
274_ESMLsWDDYc5W1ZHbgyfp8A_24.60210005_80.81671316,/home/alex/Desktop/school/comp-vis/dataset/datasets--everettshen--StreetView360AtoZ/snapshots/f0b9ffb20c4dc68d4422db97b7da7b577970650e/data/274_ESMLsWDDYc5W1ZHbgyfp8A_24.60210005_80.81671316.jpg,42.3064,96.59,0.142303
2261_wAc4pU-IpXXMl6vFqev1UQ_51.00002686_3.64998990,/home/alex/Desktop/school/comp-vis/dataset/datasets--everettshen--StreetView360AtoZ/snapshots/f0b9ffb20c4dc68d4422db97b7da7b577970650e/data/2261_wAc4pU-IpXXMl6vFqev1UQ_51.00002686_3.64998990.jpg,60.1671,334.34,0.098083
1074_wPlP_cRDCxGLKdNMt5vghw_38.76974595_20.72140662,/home/alex/Desktop/school/comp-vis/dataset/datasets--everettshen--StreetView360AtoZ/snapshots/f0b9ffb20c4dc68d4422db97b7da7b577970650e/data/1074_wPlP_cRDCxGLKdNMt5vghw_38.76974595_20.72140662.jpg,16.3886,42.69,0.014145
489_XvFs-jLhSVxcDbbJ3YL40A_55.24092481_9.25211766,/home/alex/Desktop/school/comp-vis/dataset/datasets--everettshen--StreetView360AtoZ/snapshots/f0b9ffb20c4dc68d4422db97b7da7b577970650e/data/489_XvFs-jLhSVxcDbbJ3YL40A_55.24092481_9.25211766.jpg,48.2565,18.44,0.018082
1372_1po98ZjU9XieNKEb4nDpFw_-33.58332446_-71.49997492,/home/alex/Desktop/school/comp-vis/dataset/datasets--everettshen--StreetView360AtoZ/snapshots/f0b9ffb20c4dc68d4422db97b7da7b577970650e/data/1372_1po98ZjU9XieNKEb4nDpFw_-33.58332446_-71.49997492.jpg,52.031,443.8,0.012604
740_i-d2lQxiJ7PtCEBpqo33pA_53.13332417_6.55013276,/home/alex/Desktop/school/comp-vis/dataset/datasets--everettshen--StreetView360AtoZ/snapshots/f0b9ffb20c4dc68d4422db97b7da7b577970650e/data/740_i-d2lQxiJ7PtCEBpqo33pA_53.13332417_6.55013276.jpg,47.7374,93.45,0.058731
1093_V3_EzmS76oylZNzByH15gA_-37.87523837_142.29062445,/home/alex/Desktop/school/comp-vis/dataset/datasets--everettshen--StreetView360AtoZ/snapshots/f0b9ffb20c4dc68d4422db97b7da7b577970650e/data/1093_V3_EzmS76oylZNzByH15gA_-37.87523837_142.29062445.jpg,46.7499,85.8,0.011063
3296_MFgQhFXfpJnzsMOOJ5seEg_51.42660799_6.87984867,/home/alex/Desktop/school/comp-vis/dataset/datasets--everettshen--StreetView360AtoZ/snapshots/f0b9ffb20c4dc68d4422db97b7da7b577970650e/data/3296_MFgQhFXfpJnzsMOOJ5seEg_51.42660799_6.87984867.jpg,65.425,472.53,0.030106
804_83eLkRBemQgYdrBqFwDVyQ_40.92842685_8.82414316,/home/alex/Desktop/school/comp-vis/dataset/datasets--everettshen--StreetView360AtoZ/snapshots/f0b9ffb20c4dc68d4422db97b7da7b577970650e/data/804_83eLkRBemQgYdrBqFwDVyQ_40.92842685_8.82414316.jpg,31.414,71.6,0.043793
461_yvGClnrvuz2xyAEywleEJw_-38.33946767_176.36308323,/home/alex/Desktop/school/comp-vis/dataset/datasets--everettshen--StreetView360AtoZ/snapshots/f0b9ffb20c4dc68d4422db97b7da7b577970650e/data/461_yvGClnrvuz2xyAEywleEJw_-38.33946767_176.36308323.jpg,18.3019,231.4,0.180008
1152_35N6-xquiKu3kHmbg8AM0g_39.66461018_31.30555874,/home/alex/Desktop/school/comp-vis/dataset/datasets--everettshen--StreetView360AtoZ/snapshots/f0b9ffb20c4dc68d4422db97b7da7b577970650e/data/1152_35N6-xquiKu3kHmbg8AM0g_39.66461018_31.30555874.jpg,37.7761,60.18,0.03244
493_QUwkcXuP1LNhjhVNCC7N9w_45.71640323_7.13283125,/home/alex/Desktop/school/comp-vis/dataset/datasets--everettshen--StreetView360AtoZ/snapshots/f0b9ffb20c4dc68d4422db97b7da7b577970650e/data/493_QUwkcXuP1LNhjhVNCC7N9w_45.71640323_7.13283125.jpg,28.1258,381.09,0.012817
2210_6yVCtBHhKfQU5iLTKhYS6A_48.67423880_-114.76996089,/home/alex/Desktop/school/comp-vis/dataset/datasets--everettshen--StreetView360AtoZ/snapshots/f0b9ffb20c4dc68d4422db97b7da7b577970650e/data/2210_6yVCtBHhKfQU5iLTKhYS6A_48.67423880_-114.76996089.jpg,55.9341,223.78,0.023758
2399_4-b3fO-kLquS9FWs8ylRXg_49.17417973_1.33599306,/home/alex/Desktop/school/comp-vis/dataset/datasets--everettshen--StreetView360AtoZ/snapshots/f0b9ffb20c4dc68d4422db97b7da7b577970650e/data/2399_4-b3fO-kLquS9FWs8ylRXg_49.17417973_1.33599306.jpg,50.9842,456.73,0.034286
2203_8q4zzepO23MeKyW-Ifhstg_48.80446075_9.38869321,/home/alex/Desktop/school/comp-vis/dataset/datasets--everettshen--StreetView360AtoZ/snapshots/f0b9ffb20c4dc68d4422db97b7da7b577970650e/data/2203_8q4zzepO23MeKyW-Ifhstg_48.80446075_9.38869321.jpg,57.5451,265.47,0.084869
860_tBgcAGz2Wy1vXBodXqn59g_19.11140281_84.68094273,/home/alex/Desktop/school/comp-vis/dataset/datasets--everettshen--StreetView360AtoZ/snapshots/f0b9ffb20c4dc68d4422db97b7da7b577970650e/data/860_tBgcAGz2Wy1vXBodXqn59g_19.11140281_84.68094273.jpg,36.3667,19.23,0.033646
248_ZJJu-xoJA7he7rmcFCKvhw_33.51179684_-82.13318529,/home/alex/Desktop/school/comp-vis/dataset/datasets--everettshen--StreetView360AtoZ/snapshots/f0b9ffb20c4dc68d4422db97b7da7b577970650e/data/248_ZJJu-xoJA7he7rmcFCKvhw_33.51179684_-82.13318529.jpg,52.1333,391.09,0.089111
1359_CmIjqqKfJgdkbsgPu2JSbA_21.25071525_85.07023760,/home/alex/Desktop/school/comp-vis/dataset/datasets--everettshen--StreetView360AtoZ/snapshots/f0b9ffb20c4dc68d4422db97b7da7b577970650e/data/1359_CmIjqqKfJgdkbsgPu2JSbA_21.25071525_85.07023760.jpg,40.0504,191.05,0.154297
1195_CHTbagOat97hY87jbzJfPQ_54.32298336_-4.38509212,/home/alex/Desktop/school/comp-vis/dataset/datasets--everettshen--StreetView360AtoZ/snapshots/f0b9ffb20c4dc68d4422db97b7da7b577970650e/data/1195_CHTbagOat97hY87jbzJfPQ_54.32298336_-4.38509212.jpg,36.5746,154.61,0.022598
914_z1M_7zAEd4OEQdSqg9W3IA_54.82114179_-98.61331336,/home/alex/Desktop/school/comp-vis/dataset/datasets--everettshen--StreetView360AtoZ/snapshots/f0b9ffb20c4dc68d4422db97b7da7b577970650e/data/914_z1M_7zAEd4OEQdSqg9W3IA_54.82114179_-98.61331336.jpg,26.1793,322.71,0.063736
222_LtURge2d6fJ3TGMgIHUoRA_59.48971551_10.31476388,/home/alex/Desktop/school/comp-vis/dataset/datasets--everettshen--StreetView360AtoZ/snapshots/f0b9ffb20c4dc68d4422db97b7da7b577970650e/data/222_LtURge2d6fJ3TGMgIHUoRA_59.48971551_10.31476388.jpg,36.015,219.38,0.025757
51_aAP7F4InglcvVd6EMy0MZw_33.98430833_-104.67769019,/home/alex/Desktop/school/comp-vis/dataset/datasets--everettshen--StreetView360AtoZ/snapshots/f0b9ffb20c4dc68d4422db97b7da7b577970650e/data/51_aAP7F4InglcvVd6EMy0MZw_33.98430833_-104.67769019.jpg,15.7633,22.86,0.02388
891_MdgCAdrBgA_U1JdK1y5UrQ_46.21408243_2.02198968,/home/alex/Desktop/school/comp-vis/dataset/datasets--everettshen--StreetView360AtoZ/snapshots/f0b9ffb20c4dc68d4422db97b7da7b577970650e/data/891_MdgCAdrBgA_U1JdK1y5UrQ_46.21408243_2.02198968.jpg,48.0943,457.36,0.010727
3231_-UrtZusYV8TwRznE-X4TzQ_48.04993965_-118.98472153,/home/alex/Desktop/school/comp-vis/dataset/datasets--everettshen--StreetView360AtoZ/snapshots/f0b9ffb20c4dc68d4422db97b7da7b577970650e/data/3231_-UrtZusYV8TwRznE-X4TzQ_48.04993965_-118.98472153.jpg,20.867,361.35,0.046768
722_fAfev_KH8SgcYIGi74SaQQ_46.14795315_-103.14302360,/home/alex/Desktop/school/comp-vis/dataset/datasets--everettshen--StreetView360AtoZ/snapshots/f0b9ffb20c4dc68d4422db97b7da7b577970650e/data/722_fAfev_KH8SgcYIGi74SaQQ_46.14795315_-103.14302360.jpg,14.5451,224.78,0.068756
1412_q6yHUvq-ILnrDOHYy8Z3ug_46.95510930_-112.68123870,/home/alex/Desktop/school/comp-vis/dataset/datasets--everettshen--StreetView360AtoZ/snapshots/f0b9ffb20c4dc68d4422db97b7da7b577970650e/data/1412_q6yHUvq-ILnrDOHYy8Z3ug_46.95510930_-112.68123870.jpg,39.8873,321.65,0.011978
1043_1X_pBCP3a3aJQG617a8q5A_46.21420434_-0.55239215,/home/alex/Desktop/school/comp-vis/dataset/datasets--everettshen--StreetView360AtoZ/snapshots/f0b9ffb20c4dc68d4422db97b7da7b577970650e/data/1043_1X_pBCP3a3aJQG617a8q5A_46.21420434_-0.55239215.jpg,47.8041,428.62,0.015823
3080_H3XvEOjzsIwHQ2BRYyul1g_43.73248085_7.41792279,/home/alex/Desktop/school/comp-vis/dataset/datasets--everettshen--StreetView360AtoZ/snapshots/f0b9ffb20c4dc68d4422db97b7da7b577970650e/data/3080_H3XvEOjzsIwHQ2BRYyul1g_43.73248085_7.41792279.jpg,22.573,257.47,0.018768
1252_TcSbfoH7E-DaGMPRwCMvxg_46.53533309_-117.24520898,/home/alex/Desktop/school/comp-vis/dataset/datasets--everettshen--StreetView360AtoZ/snapshots/f0b9ffb20c4dc68d4422db97b7da7b577970650e/data/1252_TcSbfoH7E-DaGMPRwCMvxg_46.53533309_-117.24520898.jpg,27.2537,58.67,0.065735
495_nIn3KpeB74Grny1ctnExGA_41.81686823_15.78397490,/home/alex/Desktop/school/comp-vis/dataset/datasets--everettshen--StreetView360AtoZ/snapshots/f0b9ffb20c4dc68d4422db97b7da7b577970650e/data/495_nIn3KpeB74Grny1ctnExGA_41.81686823_15.78397490.jpg,56.0681,32.36,0.020905
1446_ZkZCVDI9cLRV5lqIK-Pfow_26.11499781_86.90693587,/home/alex/Desktop/school/comp-vis/dataset/datasets--everettshen--StreetView360AtoZ/snapshots/f0b9ffb20c4dc68d4422db97b7da7b577970650e/data/1446_ZkZCVDI9cLRV5lqIK-Pfow_26.11499781_86.90693587.jpg,84.3345,246.21,0.086197
2376_q1h2fawb9N0iSF5ElpFbBw_-34.20559960_-70.53142501,/home/alex/Desktop/school/comp-vis/dataset/datasets--everettshen--StreetView360AtoZ/snapshots/f0b9ffb20c4dc68d4422db97b7da7b577970650e/data/2376_q1h2fawb9N0iSF5ElpFbBw_-34.20559960_-70.53142501.jpg,73.8701,149.97,0.022339
240_Y-5-Tj3VHopr-gnfwUYAQA_44.22248595_-85.80431984,/home/alex/Desktop/school/comp-vis/dataset/datasets--everettshen--StreetView360AtoZ/snapshots/f0b9ffb20c4dc68d4422db97b7da7b577970650e/data/240_Y-5-Tj3VHopr-gnfwUYAQA_44.22248595_-85.80431984.jpg,37.8629,121.63,0.029449
442_NG-g79EJ1h0PeKNj7bHgSg_45.79370720_11.23996042,/home/alex/Desktop/school/comp-vis/dataset/datasets--everettshen--StreetView360AtoZ/snapshots/f0b9ffb20c4dc68d4422db97b7da7b577970650e/data/442_NG-g79EJ1h0PeKNj7bHgSg_45.79370720_11.23996042.jpg,47.9158,154.22,0.023773
2356_jZvoNgclxlbikUEgrEE4Ag_44.31306423_-84.06767747,/home/alex/Desktop/school/comp-vis/dataset/datasets--everettshen--StreetView360AtoZ/snapshots/f0b9ffb20c4dc68d4422db97b7da7b577970650e/data/2356_jZvoNgclxlbikUEgrEE4Ag_44.31306423_-84.06767747.jpg,24.6246,256.09,0.082123
2476_BckrFNkQxJOiq0AXmer07g_45.06620484_-64.58167437,/home/alex/Desktop/school/comp-vis/dataset/datasets--everettshen--StreetView360AtoZ/snapshots/f0b9ffb20c4dc68d4422db97b7da7b577970650e/data/2476_BckrFNkQxJOiq0AXmer07g_45.06620484_-64.58167437.jpg,50.7652,10.95,0.013458
761_lMZiIcurI2qXGPoUWDHV8A_49.70241461_-1.84321128,/home/alex/Desktop/school/comp-vis/dataset/datasets--everettshen--StreetView360AtoZ/snapshots/f0b9ffb20c4dc68d4422db97b7da7b577970650e/data/761_lMZiIcurI2qXGPoUWDHV8A_49.70241461_-1.84321128.jpg,23.2822,248.25,0.027786
657_Xocc1NJCFtFJPfYvVz4ZZQ_47.16334546_-98.90698539,/home/alex/Desktop/school/comp-vis/dataset/datasets--everettshen--StreetView360AtoZ/snapshots/f0b9ffb20c4dc68d4422db97b7da7b577970650e/data/657_Xocc1NJCFtFJPfYvVz4ZZQ_47.16334546_-98.90698539.jpg,21.0,335.23,0.029373
1645_Pr7nYxbTSkSEc089f5WoaQ_19.69900769_-99.17166308,/home/alex/Desktop/school/comp-vis/dataset/datasets--everettshen--StreetView360AtoZ/snapshots/f0b9ffb20c4dc68d4422db97b7da7b577970650e/data/1645_Pr7nYxbTSkSEc089f5WoaQ_19.69900769_-99.17166308.jpg,36.3784,292.63,0.044449
1188_o173NHCshTEzrzoGrmxuYQ_-5.57231831_105.60119063,/home/alex/Desktop/school/comp-vis/dataset/datasets--everettshen--StreetView360AtoZ/snapshots/f0b9ffb20c4dc68d4422db97b7da7b577970650e/data/1188_o173NHCshTEzrzoGrmxuYQ_-5.57231831_105.60119063.jpg,59.3537,242.69,0.062973
2299_ncNmTYsO5GR7DobVJonUxw_-6.91565385_113.89377034,/home/alex/Desktop/school/comp-vis/dataset/datasets--everettshen--StreetView360AtoZ/snapshots/f0b9ffb20c4dc68d4422db97b7da7b577970650e/data/2299_ncNmTYsO5GR7DobVJonUxw_-6.91565385_113.89377034.jpg,35.8285,218.15,0.024658
2672_CM63yD4OADgfYdODwj7RKg_38.26290882_36.22052295,/home/alex/Desktop/school/comp-vis/dataset/datasets--everettshen--StreetView360AtoZ/snapshots/f0b9ffb20c4dc68d4422db97b7da7b577970650e/data/2672_CM63yD4OADgfYdODwj7RKg_38.26290882_36.22052295.jpg,30.546,78.11,0.03389
882_BOYkjs9VI7bYIn6zHhzZFQ_34.20869533_-80.10224876,/home/alex/Desktop/school/comp-vis/dataset/datasets--everettshen--StreetView360AtoZ/snapshots/f0b9ffb20c4dc68d4422db97b7da7b577970650e/data/882_BOYkjs9VI7bYIn6zHhzZFQ_34.20869533_-80.10224876.jpg,27.892,43.36,0.073914
981_VxZC9LH8hyJk84KfsttQzw_47.59958709_38.86690966,/home/alex/Desktop/school/comp-vis/dataset/datasets--everettshen--StreetView360AtoZ/snapshots/f0b9ffb20c4dc68d4422db97b7da7b577970650e/data/981_VxZC9LH8hyJk84KfsttQzw_47.59958709_38.86690966.jpg,28.2818,370.34,0.023087
3243_FPKMIl6ER-h44mqHZ7t5Ig_27.48120982_82.44278807,/home/alex/Desktop/school/comp-vis/dataset/datasets--everettshen--StreetView360AtoZ/snapshots/f0b9ffb20c4dc68d4422db97b7da7b577970650e/data/3243_FPKMIl6ER-h44mqHZ7t5Ig_27.48120982_82.44278807.jpg,70.5178,390.3,0.157074
1948_JtDsDVxTuYnxfKp1QGP3jA_57.46697180_-4.41636616,/home/alex/Desktop/school/comp-vis/dataset/datasets--everettshen--StreetView360AtoZ/snapshots/f0b9ffb20c4dc68d4422db97b7da7b577970650e/data/1948_JtDsDVxTuYnxfKp1QGP3jA_57.46697180_-4.41636616.jpg,42.6249,261.06,0.01564
701_j_koIVpOp91cAZO9AsjqWA_29.22350902_-13.45228386,/home/alex/Desktop/school/comp-vis/dataset/datasets--everettshen--StreetView360AtoZ/snapshots/f0b9ffb20c4dc68d4422db97b7da7b577970650e/data/701_j_koIVpOp91cAZO9AsjqWA_29.22350902_-13.45228386.jpg,25.4703,13.95,0.017044
1618_H9qhUQ9dxwE79-WKIH9kuQ_25.69398190_73.07176693,/home/alex/Desktop/school/comp-vis/dataset/datasets--everettshen--StreetView360AtoZ/snapshots/f0b9ffb20c4dc68d4422db97b7da7b577970650e/data/1618_H9qhUQ9dxwE79-WKIH9kuQ_25.69398190_73.07176693.jpg,36.1083,303.29,0.097031
176_X8ID8oDuQ4pHWxjkXONpeQ_46.28125752_-89.14864942,/home/alex/Desktop/school/comp-vis/dataset/datasets--everettshen--StreetView360AtoZ/snapshots/f0b9ffb20c4dc68d4422db97b7da7b577970650e/data/176_X8ID8oDuQ4pHWxjkXONpeQ_46.28125752_-89.14864942.jpg,28.5933,289.53,0.057617
1720_G5_sHUR4Ba99duB5NIv_QA_63.35794389_8.69361031,/home/alex/Desktop/school/comp-vis/dataset/datasets--everettshen--StreetView360AtoZ/snapshots/f0b9ffb20c4dc68d4422db97b7da7b577970650e/data/1720_G5_sHUR4Ba99duB5NIv_QA_63.35794389_8.69361031.jpg,33.9286,432.62,0.04538
2033_Hw-_zxuT7dkUaBiURRKulg_42.97237100_-84.58108444,/home/alex/Desktop/school/comp-vis/dataset/datasets--everettshen--StreetView360AtoZ/snapshots/f0b9ffb20c4dc68d4422db97b7da7b577970650e/data/2033_Hw-_zxuT7dkUaBiURRKulg_42.97237100_-84.58108444.jpg,40.4989,58.57,0.026047
1565_g6jhDC_AJYHF7LG7iH5wHw_31.97764056_-87.13050595,/home/alex/Desktop/school/comp-vis/dataset/datasets--everettshen--StreetView360AtoZ/snapshots/f0b9ffb20c4dc68d4422db97b7da7b577970650e/data/1565_g6jhDC_AJYHF7LG7iH5wHw_31.97764056_-87.13050595.jpg,81.646,399.94,0.061798
1497_RLKXhPwUzhQ72N8L7IzoHQ_47.93297023_14.65011833,/home/alex/Desktop/school/comp-vis/dataset/datasets--everettshen--StreetView360AtoZ/snapshots/f0b9ffb20c4dc68d4422db97b7da7b577970650e/data/1497_RLKXhPwUzhQ72N8L7IzoHQ_47.93297023_14.65011833.jpg,24.6704,61.55,0.037277
1958_Fbgx3poLVjnNtM4hTeM0Vg_18.30589662_83.56174466,/home/alex/Desktop/school/comp-vis/dataset/datasets--everettshen--StreetView360AtoZ/snapshots/f0b9ffb20c4dc68d4422db97b7da7b577970650e/data/1958_Fbgx3poLVjnNtM4hTeM0Vg_18.30589662_83.56174466.jpg,58.32,304.91,0.016876
1469_L_r8qvthcZ8lqEwDJD3YCQ_-37.11120794_175.29638086,/home/alex/Desktop/school/comp-vis/dataset/datasets--everettshen--StreetView360AtoZ/snapshots/f0b9ffb20c4dc68d4422db97b7da7b577970650e/data/1469_L_r8qvthcZ8lqEwDJD3YCQ_-37.11120794_175.29638086.jpg,26.0851,74.14,0.042831
1245_RU3pw1a8u4p--xqxYV4Tcg_47.08285465_22.11665590,/home/alex/Desktop/school/comp-vis/dataset/datasets--everettshen--StreetView360AtoZ/snapshots/f0b9ffb20c4dc68d4422db97b7da7b577970650e/data/1245_RU3pw1a8u4p--xqxYV4Tcg_47.08285465_22.11665590.jpg,31.3911,374.09,0.051102
1272_2BVfOZ5Yg7GUW6RZ4CzvzA_62.98737497_21.96445007,/home/alex/Desktop/school/comp-vis/dataset/datasets--everettshen--StreetView360AtoZ/snapshots/f0b9ffb20c4dc68d4422db97b7da7b577970650e/data/1272_2BVfOZ5Yg7GUW6RZ4CzvzA_62.98737497_21.96445007.jpg,34.289,213.39,0.035995
1467_ry3fGRZKp2mPfFMilct8kw_-34.08341518_20.09632728,/home/alex/Desktop/school/comp-vis/dataset/datasets--everettshen--StreetView360AtoZ/snapshots/f0b9ffb20c4dc68d4422db97b7da7b577970650e/data/1467_ry3fGRZKp2mPfFMilct8kw_-34.08341518_20.09632728.jpg,49.3076,389.16,0.021622
55_B_jtJ_kFyN4qdaLdZchLgw_-13.54181025_-58.82024468,/home/alex/Desktop/school/comp-vis/dataset/datasets--everettshen--StreetView360AtoZ/snapshots/f0b9ffb20c4dc68d4422db97b7da7b577970650e/data/55_B_jtJ_kFyN4qdaLdZchLgw_-13.54181025_-58.82024468.jpg,62.2051,197.21,0.020447
839_kDtWEWyaEecihuused_dig_16.51910243_79.90810733,/home/alex/Desktop/school/comp-vis/dataset/datasets--everettshen--StreetView360AtoZ/snapshots/f0b9ffb20c4dc68d4422db97b7da7b577970650e/data/839_kDtWEWyaEecihuused_dig_16.51910243_79.90810733.jpg,36.2238,317.96,0.147003
2756_1po98ZjU9XieNKEb4nDpFw_-33.58332446_-71.49997492,/home/alex/Desktop/school/comp-vis/dataset/datasets--everettshen--StreetView360AtoZ/snapshots/f0b9ffb20c4dc68d4422db97b7da7b577970650e/data/2756_1po98ZjU9XieNKEb4nDpFw_-33.58332446_-71.49997492.jpg,52.031,443.8,0.012604
629_3rEGLMAYcSjtIO7rhAxKVQ_47.36851169_24.67141928,/home/alex/Desktop/school/comp-vis/dataset/datasets--everettshen--StreetView360AtoZ/snapshots/f0b9ffb20c4dc68d4422db97b7da7b577970650e/data/629_3rEGLMAYcSjtIO7rhAxKVQ_47.36851169_24.67141928.jpg,55.0188,108.23,0.022476
1097_LjsxjYHOXQSmCEG3gbyl0A_31.79686890_-88.23749968,/home/alex/Desktop/school/comp-vis/dataset/datasets--everettshen--StreetView360AtoZ/snapshots/f0b9ffb20c4dc68d4422db97b7da7b577970650e/data/1097_LjsxjYHOXQSmCEG3gbyl0A_31.79686890_-88.23749968.jpg,75.0339,306.86,0.089676
943_oFO2M7fOifS_vMgKBZmZdQ_21.37382132_74.85650134,/home/alex/Desktop/school/comp-vis/dataset/datasets--everettshen--StreetView360AtoZ/snapshots/f0b9ffb20c4dc68d4422db97b7da7b577970650e/data/943_oFO2M7fOifS_vMgKBZmZdQ_21.37382132_74.85650134.jpg,51.2975,172.31,0.165619
1337_uyndVjrP0sl4uNBRvS3YhQ_-7.59132693_109.64552021,/home/alex/Desktop/school/comp-vis/dataset/datasets--everettshen--StreetView360AtoZ/snapshots/f0b9ffb20c4dc68d4422db97b7da7b577970650e/data/1337_uyndVjrP0sl4uNBRvS3YhQ_-7.59132693_109.64552021.jpg,44.8508,54.35,0.02887
2358_gQBsBM7HvpC1kO3biqlskg_22.60210209_75.70228481,/home/alex/Desktop/school/comp-vis/dataset/datasets--everettshen--StreetView360AtoZ/snapshots/f0b9ffb20c4dc68d4422db97b7da7b577970650e/data/2358_gQBsBM7HvpC1kO3biqlskg_22.60210209_75.70228481.jpg,38.7,439.92,0.158524
347_wpo0io0yH6Gx_-QNyhVCSg_47.74857734_10.97633063,/home/alex/Desktop/school/comp-vis/dataset/datasets--everettshen--StreetView360AtoZ/snapshots/f0b9ffb20c4dc68d4422db97b7da7b577970650e/data/347_wpo0io0yH6Gx_-QNyhVCSg_47.74857734_10.97633063.jpg,52.3291,428.22,0.046417
2028_0WTnxbStLxDheddURhyNHQ_41.78003211_-98.67859197,/home/alex/Desktop/school/comp-vis/dataset/datasets--everettshen--StreetView360AtoZ/snapshots/f0b9ffb20c4dc68d4422db97b7da7b577970650e/data/2028_0WTnxbStLxDheddURhyNHQ_41.78003211_-98.67859197.jpg,30.3341,486.33,0.027863
2427_1D48hJ4h1psj0jK4elIYqw_2.17902509_-74.77751227,/home/alex/Desktop/school/comp-vis/dataset/datasets--everettshen--StreetView360AtoZ/snapshots/f0b9ffb20c4dc68d4422db97b7da7b577970650e/data/2427_1D48hJ4h1psj0jK4elIYqw_2.17902509_-74.77751227.jpg,80.5835,454.82,0.033768
2055_dnwLGAgYKnZqdKn1lasbNg_52.16022815_107.49743929,/home/alex/Desktop/school/comp-vis/dataset/datasets--everettshen--StreetView360AtoZ/snapshots/f0b9ffb20c4dc68d4422db97b7da7b577970650e/data/2055_dnwLGAgYKnZqdKn1lasbNg_52.16022815_107.49743929.jpg,60.7261,470.02,0.01236
1994_gXjC-1agwUdMlGw8fRjGjg_22.65798550_73.46978242,/home/alex/Desktop/school/comp-vis/dataset/datasets--everettshen--StreetView360AtoZ/snapshots/f0b9ffb20c4dc68d4422db97b7da7b577970650e/data/1994_gXjC-1agwUdMlGw8fRjGjg_22.65798550_73.46978242.jpg,59.0977,70.13,0.057343
845_IKddrEcYHgPtdNp85QqJ6g_-34.96027309_-71.29015361,/home/alex/Desktop/school/comp-vis/dataset/datasets--everettshen--StreetView360AtoZ/snapshots/f0b9ffb20c4dc68d4422db97b7da7b577970650e/data/845_IKddrEcYHgPtdNp85QqJ6g_-34.96027309_-71.29015361.jpg,43.0678,252.36,0.022049
986_g_XZ0KjJqMHALSpM6a4qdw_42.86164706_-8.90241124,/home/alex/Desktop/school/comp-vis/dataset/datasets--everettshen--StreetView360AtoZ/snapshots/f0b9ffb20c4dc68d4422db97b7da7b577970650e/data/986_g_XZ0KjJqMHALSpM6a4qdw_42.86164706_-8.90241124.jpg,32.7593,224.2,0.010086
285_OWbNu225gPlKLq7Bpdu6UA_43.16698000_-79.25079794,/home/alex/Desktop/school/comp-vis/dataset/datasets--everettshen--StreetView360AtoZ/snapshots/f0b9ffb20c4dc68d4422db97b7da7b577970650e/data/285_OWbNu225gPlKLq7Bpdu6UA_43.16698000_-79.25079794.jpg,50.8071,406.63,0.032715
1857_Ob2XC_JEb8sUI3MhCncmqw_32.13518217_-89.40268513,/home/alex/Desktop/school/comp-vis/dataset/datasets--everettshen--StreetView360AtoZ/snapshots/f0b9ffb20c4dc68d4422db97b7da7b577970650e/data/1857_Ob2XC_JEb8sUI3MhCncmqw_32.13518217_-89.40268513.jpg,62.3655,181.24,0.032852
2521_t9n7uOls2a29l8ghx0aMzA_-24.53245102_-53.74335694,/home/alex/Desktop/school/comp-vis/dataset/datasets--everettshen--StreetView360AtoZ/snapshots/f0b9ffb20c4dc68d4422db97b7da7b577970650e/data/2521_t9n7uOls2a29l8ghx0aMzA_-24.53245102_-53.74335694.jpg,49.7187,192.7,0.039734
1154_siTahmEBRwB0Grs_D210ng_45.63128136_5.57101479,/home/alex/Desktop/school/comp-vis/dataset/datasets--everettshen--StreetView360AtoZ/snapshots/f0b9ffb20c4dc68d4422db97b7da7b577970650e/data/1154_siTahmEBRwB0Grs_D210ng_45.63128136_5.57101479.jpg,25.4416,244.58,0.040131
1764_t6tuwO4d3015Ck1gfByrRQ_49.39936167_9.91575367,/home/alex/Desktop/school/comp-vis/dataset/datasets--everettshen--StreetView360AtoZ/snapshots/f0b9ffb20c4dc68d4422db97b7da7b577970650e/data/1764_t6tuwO4d3015Ck1gfByrRQ_49.39936167_9.91575367.jpg,44.158,207.39,0.042252
2570_mnsWlhBo6sosevxqZrfZEg_43.90833628_1.45558831,/home/alex/Desktop/school/comp-vis/dataset/datasets--everettshen--StreetView360AtoZ/snapshots/f0b9ffb20c4dc68d4422db97b7da7b577970650e/data/2570_mnsWlhBo6sosevxqZrfZEg_43.90833628_1.45558831.jpg,30.1145,265.2,0.041153
1732_yTdfuASx58JpDW0WsX1yLw_32.66029117_-79.93099912,/home/alex/Desktop/school/comp-vis/dataset/datasets--everettshen--StreetView360AtoZ/snapshots/f0b9ffb20c4dc68d4422db97b7da7b577970650e/data/1732_yTdfuASx58JpDW0WsX1yLw_32.66029117_-79.93099912.jpg,56.5651,338.62,0.089462
605_HbSfKrQYtGQvexOmBTAsxg_50.67440265_2.48494393,/home/alex/Desktop/school/comp-vis/dataset/datasets--everettshen--StreetView360AtoZ/snapshots/f0b9ffb20c4dc68d4422db97b7da7b577970650e/data/605_HbSfKrQYtGQvexOmBTAsxg_50.67440265_2.48494393.jpg,48.1962,205.32,0.117325
95_zD-NzaR7gE8dZRKDirE1Ag_-42.81934625_147.81003615,/home/alex/Desktop/school/comp-vis/dataset/datasets--everettshen--StreetView360AtoZ/snapshots/f0b9ffb20c4dc68d4422db97b7da7b577970650e/data/95_zD-NzaR7gE8dZRKDirE1Ag_-42.81934625_147.81003615.jpg,59.0353,290.41,0.056366
2225_VZnDCPux_E8dfU5iycRUYQ_10.63120980_77.50375874,/home/alex/Desktop/school/comp-vis/dataset/datasets--everettshen--StreetView360AtoZ/snapshots/f0b9ffb20c4dc68d4422db97b7da7b577970650e/data/2225_VZnDCPux_E8dfU5iycRUYQ_10.63120980_77.50375874.jpg,44.9811,260.67,0.105179
23_4HaX0vNfQ3J8KAGhgEoauA_47.69474523_-116.79045138,/home/alex/Desktop/school/comp-vis/dataset/datasets--everettshen--StreetView360AtoZ/snapshots/f0b9ffb20c4dc68d4422db97b7da7b577970650e/data/23_4HaX0vNfQ3J8KAGhgEoauA_47.69474523_-116.79045138.jpg,47.2261,197.41,0.100601
1440_f7Feq87NYHRXtfxKK0GqSA_16.11789656_121.85992025,/home/alex/Desktop/school/comp-vis/dataset/datasets--everettshen--StreetView360AtoZ/snapshots/f0b9ffb20c4dc68d4422db97b7da7b577970650e/data/1440_f7Feq87NYHRXtfxKK0GqSA_16.11789656_121.85992025.jpg,74.1204,93.54,0.031784
1195_Jo6t6eB9iX3jzdyIGep0iQ_42.09712378_-79.23654269,/home/alex/Desktop/school/comp-vis/dataset/datasets--everettshen--StreetView360AtoZ/snapshots/f0b9ffb20c4dc68d4422db97b7da7b577970650e/data/1195_Jo6t6eB9iX3jzdyIGep0iQ_42.09712378_-79.23654269.jpg,50.8388,232.76,0.025925
1257_k5RfRnYwqiUmHtEKelJMig_49.69543939_6.24566087,/home/alex/Desktop/school/comp-vis/dataset/datasets--everettshen--StreetView360AtoZ/snapshots/f0b9ffb20c4dc68d4422db97b7da7b577970650e/data/1257_k5RfRnYwqiUmHtEKelJMig_49.69543939_6.24566087.jpg,27.8526,462.41,0.059204
1053_7Hx_PwQ12Rh48Gun4LWNAA_56.59788690_10.10741301,/home/alex/Desktop/school/comp-vis/dataset/datasets--everettshen--StreetView360AtoZ/snapshots/f0b9ffb20c4dc68d4422db97b7da7b577970650e/data/1053_7Hx_PwQ12Rh48Gun4LWNAA_56.59788690_10.10741301.jpg,82.1782,72.66,0.013992
2056_ZqwwqkKd2xiP9tOjvarHCQ_24.19491448_75.00557127,/home/alex/Desktop/school/comp-vis/dataset/datasets--everettshen--StreetView360AtoZ/snapshots/f0b9ffb20c4dc68d4422db97b7da7b577970650e/data/2056_ZqwwqkKd2xiP9tOjvarHCQ_24.19491448_75.00557127.jpg,36.1035,388.26,0.051285
2792_jllgoD0MvxUU2uhwEgRWRQ_38.52460843_-98.53695790,/home/alex/Desktop/school/comp-vis/dataset/datasets--everettshen--StreetView360AtoZ/snapshots/f0b9ffb20c4dc68d4422db97b7da7b577970650e/data/2792_jllgoD0MvxUU2uhwEgRWRQ_38.52460843_-98.53695790.jpg,66.4191,204.68,0.031036
776_AcArutdApaac9LsSq1fq9g_63.30864532_10.16485544,/home/alex/Desktop/school/comp-vis/dataset/datasets--everettshen--StreetView360AtoZ/snapshots/f0b9ffb20c4dc68d4422db97b7da7b577970650e/data/776_AcArutdApaac9LsSq1fq9g_63.30864532_10.16485544.jpg,22.372,450.02,0.033264
2879_f5kQKPGtknnPsoDIxU-9mA_45.39425181_-92.81705752,/home/alex/Desktop/school/comp-vis/dataset/datasets--everettshen--StreetView360AtoZ/snapshots/f0b9ffb20c4dc68d4422db97b7da7b577970650e/data/2879_f5kQKPGtknnPsoDIxU-9mA_45.39425181_-92.81705752.jpg,34.5849,283.31,0.028641
884_RVVpx9CKLq9AJJiNs8vt9Q_42.47838428_11.79089545,/home/alex/Desktop/school/comp-vis/dataset/datasets--everettshen--StreetView360AtoZ/snapshots/f0b9ffb20c4dc68d4422db97b7da7b577970650e/data/884_RVVpx9CKLq9AJJiNs8vt9Q_42.47838428_11.79089545.jpg,36.0459,270.51,0.031616
2663_ZKL2yimzFiZfC8iFSf12cg_45.85584065_-69.21740831,/home/alex/Desktop/school/comp-vis/dataset/datasets--everettshen--StreetView360AtoZ/snapshots/f0b9ffb20c4dc68d4422db97b7da7b577970650e/data/2663_ZKL2yimzFiZfC8iFSf12cg_45.85584065_-69.21740831.jpg,47.0284,31.83,0.020126
2353_axauylGcj3UZIWiq6sQdnQ_41.01660106_16.91715533,/home/alex/Desktop/school/comp-vis/dataset/datasets--everettshen--StreetView360AtoZ/snapshots/f0b9ffb20c4dc68d4422db97b7da7b577970650e/data/2353_axauylGcj3UZIWiq6sQdnQ_41.01660106_16.91715533.jpg,20.3518,141.47,0.045319
773_LtIH2sfPP-lsxp_v5rdkAg_1.34141537_103.96386463,/home/alex/Desktop/school/comp-vis/dataset/datasets--everettshen--StreetView360AtoZ/snapshots/f0b9ffb20c4dc68d4422db97b7da7b577970650e/data/773_LtIH2sfPP-lsxp_v5rdkAg_1.34141537_103.96386463.jpg,51.8763,476.54,0.042847
2789_2NdEq9gIRe7EvlW4ZBVUCA_42.45977861_-87.85043994,/home/alex/Desktop/school/comp-vis/dataset/datasets--everettshen--StreetView360AtoZ/snapshots/f0b9ffb20c4dc68d4422db97b7da7b577970650e/data/2789_2NdEq9gIRe7EvlW4ZBVUCA_42.45977861_-87.85043994.jpg,53.7923,190.84,0.155258
1078_q05-DCYLaMGCJcvBVWywdw_33.18316526_-93.63261687,/home/alex/Desktop/school/comp-vis/dataset/datasets--everettshen--StreetView360AtoZ/snapshots/f0b9ffb20c4dc68d4422db97b7da7b577970650e/data/1078_q05-DCYLaMGCJcvBVWywdw_33.18316526_-93.63261687.jpg,55.0011,313.98,0.062729
1174_4mSMQGSfICFd6q6FAdcJAA_33.25699390_131.35563989,/home/alex/Desktop/school/comp-vis/dataset/datasets--everettshen--StreetView360AtoZ/snapshots/f0b9ffb20c4dc68d4422db97b7da7b577970650e/data/1174_4mSMQGSfICFd6q6FAdcJAA_33.25699390_131.35563989.jpg,62.3402,123.01,0.029465
2319_zYGYU5jw83idJK7CnE60uw_32.73075504_-100.91212275,/home/alex/Desktop/school/comp-vis/dataset/datasets--everettshen--StreetView360AtoZ/snapshots/f0b9ffb20c4dc68d4422db97b7da7b577970650e/data/2319_zYGYU5jw83idJK7CnE60uw_32.73075504_-100.91212275.jpg,27.0053,394.24,0.037369
2677_cWnC55GKOSrFTptySAk3uA_52.31006910_-114.09947897,/home/alex/Desktop/school/comp-vis/dataset/datasets--everettshen--StreetView360AtoZ/snapshots/f0b9ffb20c4dc68d4422db97b7da7b577970650e/data/2677_cWnC55GKOSrFTptySAk3uA_52.31006910_-114.09947897.jpg,17.4578,238.76,0.015472
1428_PDbENFacnLVjrYHn2fw9mg_48.78342989_-87.09992171,/home/alex/Desktop/school/comp-vis/dataset/datasets--everettshen--StreetView360AtoZ/snapshots/f0b9ffb20c4dc68d4422db97b7da7b577970650e/data/1428_PDbENFacnLVjrYHn2fw9mg_48.78342989_-87.09992171.jpg,64.5642,372.97,0.010651
2666_B3HpLrBkVoSEYCyCiXw_Lw_29.06235969_79.53187081,/home/alex/Desktop/school/comp-vis/dataset/datasets--everettshen--StreetView360AtoZ/snapshots/f0b9ffb20c4dc68d4422db97b7da7b577970650e/data/2666_B3HpLrBkVoSEYCyCiXw_Lw_29.06235969_79.53187081.jpg,57.8145,11.36,0.013046
1797_4fXUA9pOCLm2JEVBp7mpiQ_35.18250141_-101.00860898,/home/alex/Desktop/school/comp-vis/dataset/datasets--everettshen--StreetView360AtoZ/snapshots/f0b9ffb20c4dc68d4422db97b7da7b577970650e/data/1797_4fXUA9pOCLm2JEVBp7mpiQ_35.18250141_-101.00860898.jpg,38.7362,413.15,0.016541
1143_qjxubQoyP0SYjKOskiWtgw_59.79401849_5.17619821,/home/alex/Desktop/school/comp-vis/dataset/datasets--everettshen--StreetView360AtoZ/snapshots/f0b9ffb20c4dc68d4422db97b7da7b577970650e/data/1143_qjxubQoyP0SYjKOskiWtgw_59.79401849_5.17619821.jpg,38.2846,301.06,0.051086
2743_Iq4Cx6vwhkVhKleIOY90Vw_51.63139731_-121.29993641,/home/alex/Desktop/school/comp-vis/dataset/datasets--everettshen--StreetView360AtoZ/snapshots/f0b9ffb20c4dc68d4422db97b7da7b577970650e/data/2743_Iq4Cx6vwhkVhKleIOY90Vw_51.63139731_-121.29993641.jpg,66.7698,428.56,0.052612
659_NVv524GBQvjjEFcsebR4-Q_49.98605797_10.67366344,/home/alex/Desktop/school/comp-vis/dataset/datasets--everettshen--StreetView360AtoZ/snapshots/f0b9ffb20c4dc68d4422db97b7da7b577970650e/data/659_NVv524GBQvjjEFcsebR4-Q_49.98605797_10.67366344.jpg,44.8121,214.89,0.014053
603_9lRHLPrJAwVdDdOPF1A0uA_36.44421727_-103.19035475,/home/alex/Desktop/school/comp-vis/dataset/datasets--everettshen--StreetView360AtoZ/snapshots/f0b9ffb20c4dc68d4422db97b7da7b577970650e/data/603_9lRHLPrJAwVdDdOPF1A0uA_36.44421727_-103.19035475.jpg,23.8147,279.27,0.031219
108_sU-HIfhd3bi0jtkPBOh1EQ_-33.95414230_136.24641018,/home/alex/Desktop/school/comp-vis/dataset/datasets--everettshen--StreetView360AtoZ/snapshots/f0b9ffb20c4dc68d4422db97b7da7b577970650e/data/108_sU-HIfhd3bi0jtkPBOh1EQ_-33.95414230_136.24641018.jpg,30.2935,325.18,0.038269
2065_BG0KwhKP8TA7V8Bn5ar6ww_33.85759280_-81.48100694,/home/alex/Desktop/school/comp-vis/dataset/datasets--everettshen--StreetView360AtoZ/snapshots/f0b9ffb20c4dc68d4422db97b7da7b577970650e/data/2065_BG0KwhKP8TA7V8Bn5ar6ww_33.85759280_-81.48100694.jpg,52.3664,471.7,0.043106
3176_oDWlHnGQRz8atSqFnQvskQ_-33.39630937_25.54701243,/home/alex/Desktop/school/comp-vis/dataset/datasets--everettshen--StreetView360AtoZ/snapshots/f0b9ffb20c4dc68d4422db97b7da7b577970650e/data/3176_oDWlHnGQRz8atSqFnQvskQ_-33.39630937_25.54701243.jpg,36.7021,359.64,0.010101
1161_eS-E3F2a9GKG2YX-E4Prmw_14.41521161_75.43938244,/home/alex/Desktop/school/comp-vis/dataset/datasets--everettshen--StreetView360AtoZ/snapshots/f0b9ffb20c4dc68d4422db97b7da7b577970650e/data/1161_eS-E3F2a9GKG2YX-E4Prmw_14.41521161_75.43938244.jpg,50.603,221.83,0.171448
297_yW-VzTuk8lkQwYwvI_bl8g_35.11681970_129.11114344,/home/alex/Desktop/school/comp-vis/dataset/datasets--everettshen--StreetView360AtoZ/snapshots/f0b9ffb20c4dc68d4422db97b7da7b577970650e/data/297_yW-VzTuk8lkQwYwvI_bl8g_35.11681970_129.11114344.jpg,63.418,135.41,0.013733
1549_jrqsbRyba0U7A3Z5V4o0LQ_47.21010265_2.06248666,/home/alex/Desktop/school/comp-vis/dataset/datasets--everettshen--StreetView360AtoZ/snapshots/f0b9ffb20c4dc68d4422db97b7da7b577970650e/data/1549_jrqsbRyba0U7A3Z5V4o0LQ_47.21010265_2.06248666.jpg,68.595,424.34,0.109009
3193_qTY7NZ46IsAevCWOZfcSOA_53.29473057_-6.13573154,/home/alex/Desktop/school/comp-vis/dataset/datasets--everettshen--StreetView360AtoZ/snapshots/f0b9ffb20c4dc68d4422db97b7da7b577970650e/data/3193_qTY7NZ46IsAevCWOZfcSOA_53.29473057_-6.13573154.jpg,59.5116,268.33,0.082031
1413_Ywopckl4r-SupoOv1M0fag_35.24156013_-91.32087670,/home/alex/Desktop/school/comp-vis/dataset/datasets--everettshen--StreetView360AtoZ/snapshots/f0b9ffb20c4dc68d4422db97b7da7b577970650e/data/1413_Ywopckl4r-SupoOv1M0fag_35.24156013_-91.32087670.jpg,41.6156,290.58,0.014526
536_IqNwCm_Yh0qtHOTnaJn7Zw_17.35581251_74.43575868,/home/alex/Desktop/school/comp-vis/dataset/datasets--everettshen--StreetView360AtoZ/snapshots/f0b9ffb20c4dc68d4422db97b7da7b577970650e/data/536_IqNwCm_Yh0qtHOTnaJn7Zw_17.35581251_74.43575868.jpg,82.3022,83.33,0.01123
2327_wXiMo-zBNHEydQ_KCzFLVg_11.74349152_11.96265443,/home/alex/Desktop/school/comp-vis/dataset/datasets--everettshen--StreetView360AtoZ/snapshots/f0b9ffb20c4dc68d4422db97b7da7b577970650e/data/2327_wXiMo-zBNHEydQ_KCzFLVg_11.74349152_11.96265443.jpg,22.8207,72.25,0.017715
1309_Bk3tamzic08L2mlws6zkMQ_27.08116491_74.57008456,/home/alex/Desktop/school/comp-vis/dataset/datasets--everettshen--StreetView360AtoZ/snapshots/f0b9ffb20c4dc68d4422db97b7da7b577970650e/data/1309_Bk3tamzic08L2mlws6zkMQ_27.08116491_74.57008456.jpg,43.3135,375.55,0.111572
2143_ONYGjg7TiA79RI1dn3-GzA_54.85409118_34.75336285,/home/alex/Desktop/school/comp-vis/dataset/datasets--everettshen--StreetView360AtoZ/snapshots/f0b9ffb20c4dc68d4422db97b7da7b577970650e/data/2143_ONYGjg7TiA79RI1dn3-GzA_54.85409118_34.75336285.jpg,22.8518,442.87,0.014832
2951_00MreGJunlyuSftXhki11g_-6.89716433_106.14188227,/home/alex/Desktop/school/comp-vis/dataset/datasets--everettshen--StreetView360AtoZ/snapshots/f0b9ffb20c4dc68d4422db97b7da7b577970650e/data/2951_00MreGJunlyuSftXhki11g_-6.89716433_106.14188227.jpg,60.9042,238.42,0.047989
1362_asGmIwuEtwaJD71lHwh7gg_-29.11949965_-59.64613916,/home/alex/Desktop/school/comp-vis/dataset/datasets--everettshen--StreetView360AtoZ/snapshots/f0b9ffb20c4dc68d4422db97b7da7b577970650e/data/1362_asGmIwuEtwaJD71lHwh7gg_-29.11949965_-59.64613916.jpg,23.4763,122.74,0.026657
2847_ljMs3U-TBUE7iaeI_XhE1g_34.28328679_-86.59525028,/home/alex/Desktop/school/comp-vis/dataset/datasets--everettshen--StreetView360AtoZ/snapshots/f0b9ffb20c4dc68d4422db97b7da7b577970650e/data/2847_ljMs3U-TBUE7iaeI_XhE1g_34.28328679_-86.59525028.jpg,51.6142,284.7,0.138351
1658_ctJdMuMM5plz3MCELcd7Gg_37.35570339_138.51746540,/home/alex/Desktop/school/comp-vis/dataset/datasets--everettshen--StreetView360AtoZ/snapshots/f0b9ffb20c4dc68d4422db97b7da7b577970650e/data/1658_ctJdMuMM5plz3MCELcd7Gg_37.35570339_138.51746540.jpg,34.3704,86.03,0.039093
2599_a0x0gh5W417xzPs0oHsG4w_-26.08602238_27.79236080,/home/alex/Desktop/school/comp-vis/dataset/datasets--everettshen--StreetView360AtoZ/snapshots/f0b9ffb20c4dc68d4422db97b7da7b577970650e/data/2599_a0x0gh5W417xzPs0oHsG4w_-26.08602238_27.79236080.jpg,76.7846,320.46,0.197235
1579_mPziNZ9zkmh8uI9cQSXhtQ_31.22681430_-86.69140337,/home/alex/Desktop/school/comp-vis/dataset/datasets--everettshen--StreetView360AtoZ/snapshots/f0b9ffb20c4dc68d4422db97b7da7b577970650e/data/1579_mPziNZ9zkmh8uI9cQSXhtQ_31.22681430_-86.69140337.jpg,50.4804,126.9,0.042999
1333_5BZS0yx8oQAQAFyZdI2nxg_25.06848822_90.50263091,/home/alex/Desktop/school/comp-vis/dataset/datasets--everettshen--StreetView360AtoZ/snapshots/f0b9ffb20c4dc68d4422db97b7da7b577970650e/data/1333_5BZS0yx8oQAQAFyZdI2nxg_25.06848822_90.50263091.jpg,27.3178,27.68,0.030487
3395_Uaw_Z7FRMt5vdjcsgt5gbA_32.32851519_-93.28019652,/home/alex/Desktop/school/comp-vis/dataset/datasets--everettshen--StreetView360AtoZ/snapshots/f0b9ffb20c4dc68d4422db97b7da7b577970650e/data/3395_Uaw_Z7FRMt5vdjcsgt5gbA_32.32851519_-93.28019652.jpg,15.9294,80.78,0.033844
1447_dmrL-6AgXUD_PKVSgomqFA_40.55056063_14.21691731,/home/alex/Desktop/school/comp-vis/dataset/datasets--everettshen--StreetView360AtoZ/snapshots/f0b9ffb20c4dc68d4422db97b7da7b577970650e/data/1447_dmrL-6AgXUD_PKVSgomqFA_40.55056063_14.21691731.jpg,28.5814,26.84,0.024261
843_VFR9LTubj9efWCSUdRnN8w_19.19362698_84.24431845,/home/alex/Desktop/school/comp-vis/dataset/datasets--everettshen--StreetView360AtoZ/snapshots/f0b9ffb20c4dc68d4422db97b7da7b577970650e/data/843_VFR9LTubj9efWCSUdRnN8w_19.19362698_84.24431845.jpg,39.0826,106.71,0.147491
350_X4W2jXQLyglpro2hvJfGuA_39.25778814_-81.61348003,/home/alex/Desktop/school/comp-vis/dataset/datasets--everettshen--StreetView360AtoZ/snapshots/f0b9ffb20c4dc68d4422db97b7da7b577970650e/data/350_X4W2jXQLyglpro2hvJfGuA_39.25778814_-81.61348003.jpg,32.9999,98.68,0.073257
1667_Am1h48dAPk49uTDOuzTrmg_50.40574529_4.20647913,/home/alex/Desktop/school/comp-vis/dataset/datasets--everettshen--StreetView360AtoZ/snapshots/f0b9ffb20c4dc68d4422db97b7da7b577970650e/data/1667_Am1h48dAPk49uTDOuzTrmg_50.40574529_4.20647913.jpg,62.4783,341.06,0.078232
529_w0JJEhp2IAzmXAShMeVylw_69.69219795_18.61887453,/home/alex/Desktop/school/comp-vis/dataset/datasets--everettshen--StreetView360AtoZ/snapshots/f0b9ffb20c4dc68d4422db97b7da7b577970650e/data/529_w0JJEhp2IAzmXAShMeVylw_69.69219795_18.61887453.jpg,24.6693,74.92,0.028427
1878_dqOwLM53j8Qpbj_zJHgY2A_61.18312806_6.85161207,/home/alex/Desktop/school/comp-vis/dataset/datasets--everettshen--StreetView360AtoZ/snapshots/f0b9ffb20c4dc68d4422db97b7da7b577970650e/data/1878_dqOwLM53j8Qpbj_zJHgY2A_61.18312806_6.85161207.jpg,71.3541,263.24,0.030487
1738_HMQt1nhli3h53a9UP2MRdw_23.48609724_120.28512233,/home/alex/Desktop/school/comp-vis/dataset/datasets--everettshen--StreetView360AtoZ/snapshots/f0b9ffb20c4dc68d4422db97b7da7b577970650e/data/1738_HMQt1nhli3h53a9UP2MRdw_23.48609724_120.28512233.jpg,44.9513,308.97,0.024353
1206_j0bmjfkO4FKOZHl-UiplZA_57.76819297_-5.59918709,/home/alex/Desktop/school/comp-vis/dataset/datasets--everettshen--StreetView360AtoZ/snapshots/f0b9ffb20c4dc68d4422db97b7da7b577970650e/data/1206_j0bmjfkO4FKOZHl-UiplZA_57.76819297_-5.59918709.jpg,49.9753,114.81,0.05191
2323_ETTqe8EM50gEMWQaKMVmmQ_42.14251060_-7.06335256,/home/alex/Desktop/school/comp-vis/dataset/datasets--everettshen--StreetView360AtoZ/snapshots/f0b9ffb20c4dc68d4422db97b7da7b577970650e/data/2323_ETTqe8EM50gEMWQaKMVmmQ_42.14251060_-7.06335256.jpg,69.143,463.25,0.048599
1307_7QLTI0z4X6ZR8A9RH9_CmQ_35.29806643_-99.87664074,/home/alex/Desktop/school/comp-vis/dataset/datasets--everettshen--StreetView360AtoZ/snapshots/f0b9ffb20c4dc68d4422db97b7da7b577970650e/data/1307_7QLTI0z4X6ZR8A9RH9_CmQ_35.29806643_-99.87664074.jpg,40.6614,292.3,0.054413
869_hv4BWp_8uuFPap_scr1QpA_-26.40085194_27.37764751,/home/alex/Desktop/school/comp-vis/dataset/datasets--everettshen--StreetView360AtoZ/snapshots/f0b9ffb20c4dc68d4422db97b7da7b577970650e/data/869_hv4BWp_8uuFPap_scr1QpA_-26.40085194_27.37764751.jpg,44.657,47.93,0.028992
874_CD__SafXPgO77_SJw61CcA_31.38582606_34.72186224,/home/alex/Desktop/school/comp-vis/dataset/datasets--everettshen--StreetView360AtoZ/snapshots/f0b9ffb20c4dc68d4422db97b7da7b577970650e/data/874_CD__SafXPgO77_SJw61CcA_31.38582606_34.72186224.jpg,70.4753,59.17,0.053406
2078_18GaRc1rf3PS2_zRcFy_Gg_30.62811406_-83.57327130,/home/alex/Desktop/school/comp-vis/dataset/datasets--everettshen--StreetView360AtoZ/snapshots/f0b9ffb20c4dc68d4422db97b7da7b577970650e/data/2078_18GaRc1rf3PS2_zRcFy_Gg_30.62811406_-83.57327130.jpg,38.1898,92.88,0.036865
240_PdqsU_7BMqOGBEJMASIlQQ_-27.68858476_153.01974852,/home/alex/Desktop/school/comp-vis/dataset/datasets--everettshen--StreetView360AtoZ/snapshots/f0b9ffb20c4dc68d4422db97b7da7b577970650e/data/240_PdqsU_7BMqOGBEJMASIlQQ_-27.68858476_153.01974852.jpg,70.0356,237.49,0.049057
3153_jdl3KBjsZbJIT1eWCC3pZQ_36.59367798_-94.76930870,/home/alex/Desktop/school/comp-vis/dataset/datasets--everettshen--StreetView360AtoZ/snapshots/f0b9ffb20c4dc68d4422db97b7da7b577970650e/data/3153_jdl3KBjsZbJIT1eWCC3pZQ_36.59367798_-94.76930870.jpg,25.2549,52.67,0.066437
886_sNCIu2IQgVMfz4IoRduDBA_-33.36913912_19.31109689,/home/alex/Desktop/school/comp-vis/dataset/datasets--everettshen--StreetView360AtoZ/snapshots/f0b9ffb20c4dc68d4422db97b7da7b577970650e/data/886_sNCIu2IQgVMfz4IoRduDBA_-33.36913912_19.31109689.jpg,41.7622,206.25,0.018311
340_dPbCUA9JVLhxNAPAGuc0iw_34.37627852_136.47773991,/home/alex/Desktop/school/comp-vis/dataset/datasets--everettshen--StreetView360AtoZ/snapshots/f0b9ffb20c4dc68d4422db97b7da7b577970650e/data/340_dPbCUA9JVLhxNAPAGuc0iw_34.37627852_136.47773991.jpg,25.4144,24.88,0.020538
92_uLCSvISpRrhRnC8kqjBtUg_37.13106736_-82.83058426,/home/alex/Desktop/school/comp-vis/dataset/datasets--everettshen--StreetView360AtoZ/snapshots/f0b9ffb20c4dc68d4422db97b7da7b577970650e/data/92_uLCSvISpRrhRnC8kqjBtUg_37.13106736_-82.83058426.jpg,47.2348,331.35,0.14122
3441_C6UC9czokxa1zNEhNTTHJA_46.09769985_-70.64940504,/home/alex/Desktop/school/comp-vis/dataset/datasets--everettshen--StreetView360AtoZ/snapshots/f0b9ffb20c4dc68d4422db97b7da7b577970650e/data/3441_C6UC9czokxa1zNEhNTTHJA_46.09769985_-70.64940504.jpg,48.4343,40.94,0.016846
530_RiaJNhDNPG2KNQuO8mKRAw_34.74699772_-96.70544787,/home/alex/Desktop/school/comp-vis/dataset/datasets--everettshen--StreetView360AtoZ/snapshots/f0b9ffb20c4dc68d4422db97b7da7b577970650e/data/530_RiaJNhDNPG2KNQuO8mKRAw_34.74699772_-96.70544787.jpg,64.508,206.59,0.130768
1822_H9-ssyP96a9jNq4MO7V22w_41.83534663_12.88904726,/home/alex/Desktop/school/comp-vis/dataset/datasets--everettshen--StreetView360AtoZ/snapshots/f0b9ffb20c4dc68d4422db97b7da7b577970650e/data/1822_H9-ssyP96a9jNq4MO7V22w_41.83534663_12.88904726.jpg,49.5387,466.58,0.059235
902_Yqu9W-VFsGJ-FuNxv4KA-A_-34.51720348_138.60004143,/home/alex/Desktop/school/comp-vis/dataset/datasets--everettshen--StreetView360AtoZ/snapshots/f0b9ffb20c4dc68d4422db97b7da7b577970650e/data/902_Yqu9W-VFsGJ-FuNxv4KA-A_-34.51720348_138.60004143.jpg,45.9052,276.34,0.033112
867_-P3oRixrz-xgCi53FLBt4w_42.24555755_18.90480901,/home/alex/Desktop/school/comp-vis/dataset/datasets--everettshen--StreetView360AtoZ/snapshots/f0b9ffb20c4dc68d4422db97b7da7b577970650e/data/867_-P3oRixrz-xgCi53FLBt4w_42.24555755_18.90480901.jpg,68.4613,275.04,0.02356
955_jbiz0dmr80jbaMXYwElldg_21.35655269_-97.75971862,/home/alex/Desktop/school/comp-vis/dataset/datasets--everettshen--StreetView360AtoZ/snapshots/f0b9ffb20c4dc68d4422db97b7da7b577970650e/data/955_jbiz0dmr80jbaMXYwElldg_21.35655269_-97.75971862.jpg,20.417,92.3,0.014679
246_MmsEiQr3B38-zNwrquozKQ_44.00431962_12.65826399,/home/alex/Desktop/school/comp-vis/dataset/datasets--everettshen--StreetView360AtoZ/snapshots/f0b9ffb20c4dc68d4422db97b7da7b577970650e/data/246_MmsEiQr3B38-zNwrquozKQ_44.00431962_12.65826399.jpg,63.9535,240.12,0.072815
405_7odwF2Yqebuu9hsYDH15gQ_-38.36968361_146.69800389,/home/alex/Desktop/school/comp-vis/dataset/datasets--everettshen--StreetView360AtoZ/snapshots/f0b9ffb20c4dc68d4422db97b7da7b577970650e/data/405_7odwF2Yqebuu9hsYDH15gQ_-38.36968361_146.69800389.jpg,55.3473,189.6,0.035553
1213_5-lh0MH-vbo6vb8bumSK_g_40.24301547_-109.01040402,/home/alex/Desktop/school/comp-vis/dataset/datasets--everettshen--StreetView360AtoZ/snapshots/f0b9ffb20c4dc68d4422db97b7da7b577970650e/data/1213_5-lh0MH-vbo6vb8bumSK_g_40.24301547_-109.01040402.jpg,62.9101,431.81,0.096069
1281_ZMhfgefypQuc1xBR68eNRQ_52.23442650_43.96169785,/home/alex/Desktop/school/comp-vis/dataset/datasets--everettshen--StreetView360AtoZ/snapshots/f0b9ffb20c4dc68d4422db97b7da7b577970650e/data/1281_ZMhfgefypQuc1xBR68eNRQ_52.23442650_43.96169785.jpg,36.2992,490.59,0.024475
418_iJ1atiA3-FMccFaT9uwcrQ_45.93325543_8.56776310,/home/alex/Desktop/school/comp-vis/dataset/datasets--everettshen--StreetView360AtoZ/snapshots/f0b9ffb20c4dc68d4422db97b7da7b577970650e/data/418_iJ1atiA3-FMccFaT9uwcrQ_45.93325543_8.56776310.jpg,21.8886,405.08,0.010071
1773_Ej5LzQxXvVIjUGEP7fTlUQ_-39.77868919_176.74025694,/home/alex/Desktop/school/comp-vis/dataset/datasets--everettshen--StreetView360AtoZ/snapshots/f0b9ffb20c4dc68d4422db97b7da7b577970650e/data/1773_Ej5LzQxXvVIjUGEP7fTlUQ_-39.77868919_176.74025694.jpg,79.3753,318.78,0.081085
620_mTBr6x5XOfTOKkf0CG89sQ_24.15285496_71.41568151,/home/alex/Desktop/school/comp-vis/dataset/datasets--everettshen--StreetView360AtoZ/snapshots/f0b9ffb20c4dc68d4422db97b7da7b577970650e/data/620_mTBr6x5XOfTOKkf0CG89sQ_24.15285496_71.41568151.jpg,29.1886,125.7,0.135086
478_Vse0ILp_02YiTKKd_fNffQ_24.02332825_120.93852820,/home/alex/Desktop/school/comp-vis/dataset/datasets--everettshen--StreetView360AtoZ/snapshots/f0b9ffb20c4dc68d4422db97b7da7b577970650e/data/478_Vse0ILp_02YiTKKd_fNffQ_24.02332825_120.93852820.jpg,18.7443,309.05,0.011032
415_5puGP18aKGpR1BZl_0OZiQ_62.46299870_6.84918287,/home/alex/Desktop/school/comp-vis/dataset/datasets--everettshen--StreetView360AtoZ/snapshots/f0b9ffb20c4dc68d4422db97b7da7b577970650e/data/415_5puGP18aKGpR1BZl_0OZiQ_62.46299870_6.84918287.jpg,18.4104,465.35,0.036774
719_Nd_6cwZyyh1n_qSP-Gn8Gg_17.59709940_80.00240862,/home/alex/Desktop/school/comp-vis/dataset/datasets--everettshen--StreetView360AtoZ/snapshots/f0b9ffb20c4dc68d4422db97b7da7b577970650e/data/719_Nd_6cwZyyh1n_qSP-Gn8Gg_17.59709940_80.00240862.jpg,54.6972,325.46,0.094055
2551_GJ_tnrcVxLptItKX27TcOA_58.37897784_12.29833295,/home/alex/Desktop/school/comp-vis/dataset/datasets--everettshen--StreetView360AtoZ/snapshots/f0b9ffb20c4dc68d4422db97b7da7b577970650e/data/2551_GJ_tnrcVxLptItKX27TcOA_58.37897784_12.29833295.jpg,29.6296,221.96,0.037903
298_3EuvZZCkPtYk9pANGWyWQg_21.27644689_75.35308107,/home/alex/Desktop/school/comp-vis/dataset/datasets--everettshen--StreetView360AtoZ/snapshots/f0b9ffb20c4dc68d4422db97b7da7b577970650e/data/298_3EuvZZCkPtYk9pANGWyWQg_21.27644689_75.35308107.jpg,77.3658,166.81,0.093369
597_VOzsI41kjy5GEnrkeGlYSQ_44.82743933_-94.27494944,/home/alex/Desktop/school/comp-vis/dataset/datasets--everettshen--StreetView360AtoZ/snapshots/f0b9ffb20c4dc68d4422db97b7da7b577970650e/data/597_VOzsI41kjy5GEnrkeGlYSQ_44.82743933_-94.27494944.jpg,72.6803,216.6,0.144043
894_-xxQ87wTxQ3qVU4uH1RIbQ_37.90839968_-83.59944158,/home/alex/Desktop/school/comp-vis/dataset/datasets--everettshen--StreetView360AtoZ/snapshots/f0b9ffb20c4dc68d4422db97b7da7b577970650e/data/894_-xxQ87wTxQ3qVU4uH1RIbQ_37.90839968_-83.59944158.jpg,63.9424,389.83,0.126114
460_jnm-KagcYoav8e0MSDMoFQ_45.62225977_-107.46578588,/home/alex/Desktop/school/comp-vis/dataset/datasets--everettshen--StreetView360AtoZ/snapshots/f0b9ffb20c4dc68d4422db97b7da7b577970650e/data/460_jnm-KagcYoav8e0MSDMoFQ_45.62225977_-107.46578588.jpg,37.0458,455.03,0.024017
648_lM22cnPCil4AuaEHt0STTg_35.13051495_-82.79209117,/home/alex/Desktop/school/comp-vis/dataset/datasets--everettshen--StreetView360AtoZ/snapshots/f0b9ffb20c4dc68d4422db97b7da7b577970650e/data/648_lM22cnPCil4AuaEHt0STTg_35.13051495_-82.79209117.jpg,69.387,60.3,0.026901
2133_gcGF_B3GBkXtVuLKoPUa-w_38.26900441_22.02113538,/home/alex/Desktop/school/comp-vis/dataset/datasets--everettshen--StreetView360AtoZ/snapshots/f0b9ffb20c4dc68d4422db97b7da7b577970650e/data/2133_gcGF_B3GBkXtVuLKoPUa-w_38.26900441_22.02113538.jpg,37.8139,421.72,0.074158
3225_L9E84HNABLxqZCDMoDiKLg_54.31676974_-6.06656965,/home/alex/Desktop/school/comp-vis/dataset/datasets--everettshen--StreetView360AtoZ/snapshots/f0b9ffb20c4dc68d4422db97b7da7b577970650e/data/3225_L9E84HNABLxqZCDMoDiKLg_54.31676974_-6.06656965.jpg,15.1746,376.18,0.036011
1350_H3XvEOjzsIwHQ2BRYyul1g_43.73248085_7.41792279,/home/alex/Desktop/school/comp-vis/dataset/datasets--everettshen--StreetView360AtoZ/snapshots/f0b9ffb20c4dc68d4422db97b7da7b577970650e/data/1350_H3XvEOjzsIwHQ2BRYyul1g_43.73248085_7.41792279.jpg,22.573,257.47,0.018768
3194_aG4VYVzpneVeQcDiRro_ug_49.12652429_-1.44142128,/home/alex/Desktop/school/comp-vis/dataset/datasets--everettshen--StreetView360AtoZ/snapshots/f0b9ffb20c4dc68d4422db97b7da7b577970650e/data/3194_aG4VYVzpneVeQcDiRro_ug_49.12652429_-1.44142128.jpg,41.0502,369.59,0.031448
3073_nnnymrLZrSqUMavkmI6sZQ_42.58737591_-120.18196470,/home/alex/Desktop/school/comp-vis/dataset/datasets--everettshen--StreetView360AtoZ/snapshots/f0b9ffb20c4dc68d4422db97b7da7b577970650e/data/3073_nnnymrLZrSqUMavkmI6sZQ_42.58737591_-120.18196470.jpg,70.8251,409.94,0.01947
62_hWyyEEhZgDHr4xI80kcStw_-24.56625265_-51.33285421,/home/alex/Desktop/school/comp-vis/dataset/datasets--everettshen--StreetView360AtoZ/snapshots/f0b9ffb20c4dc68d4422db97b7da7b577970650e/data/62_hWyyEEhZgDHr4xI80kcStw_-24.56625265_-51.33285421.jpg,62.2204,424.44,0.033356
3120_B4sPfGFX0JvXFlxkNA3-Dw_43.17191826_-80.24771350,/home/alex/Desktop/school/comp-vis/dataset/datasets--everettshen--StreetView360AtoZ/snapshots/f0b9ffb20c4dc68d4422db97b7da7b577970650e/data/3120_B4sPfGFX0JvXFlxkNA3-Dw_43.17191826_-80.24771350.jpg,19.2549,167.34,0.017944
3042_Wp-8HZXo72XF34wEoEuaZA_60.91701534_14.60051150,/home/alex/Desktop/school/comp-vis/dataset/datasets--everettshen--StreetView360AtoZ/snapshots/f0b9ffb20c4dc68d4422db97b7da7b577970650e/data/3042_Wp-8HZXo72XF34wEoEuaZA_60.91701534_14.60051150.jpg,19.2353,121.99,0.045395
2582_YDxpr6-guTIpxWwT1GRE1Q_40.97000010_-8.55701997,/home/alex/Desktop/school/comp-vis/dataset/datasets--everettshen--StreetView360AtoZ/snapshots/f0b9ffb20c4dc68d4422db97b7da7b577970650e/data/2582_YDxpr6-guTIpxWwT1GRE1Q_40.97000010_-8.55701997.jpg,60.9175,59.42,0.011414
1289_TIgNlO3JWbM5Zh6VI9_Ugg_41.30672911_-91.71316779,/home/alex/Desktop/school/comp-vis/dataset/datasets--everettshen--StreetView360AtoZ/snapshots/f0b9ffb20c4dc68d4422db97b7da7b577970650e/data/1289_TIgNlO3JWbM5Zh6VI9_Ugg_41.30672911_-91.71316779.jpg,15.6465,19.07,0.016418
768_IREHzNn5T4mpFAvgqb-04Q_45.71520047_-0.24613749,/home/alex/Desktop/school/comp-vis/dataset/datasets--everettshen--StreetView360AtoZ/snapshots/f0b9ffb20c4dc68d4422db97b7da7b577970650e/data/768_IREHzNn5T4mpFAvgqb-04Q_45.71520047_-0.24613749.jpg,75.611,200.28,0.011307
1843_Z4XnieqsMupAlKC0AdVSPA_54.18506015_15.55411901,/home/alex/Desktop/school/comp-vis/dataset/datasets--everettshen--StreetView360AtoZ/snapshots/f0b9ffb20c4dc68d4422db97b7da7b577970650e/data/1843_Z4XnieqsMupAlKC0AdVSPA_54.18506015_15.55411901.jpg,60.0828,30.56,0.015381
680_TN6gSpEHgL-wAgnBuswMRQ_50.61279774_4.03640915,/home/alex/Desktop/school/comp-vis/dataset/datasets--everettshen--StreetView360AtoZ/snapshots/f0b9ffb20c4dc68d4422db97b7da7b577970650e/data/680_TN6gSpEHgL-wAgnBuswMRQ_50.61279774_4.03640915.jpg,25.0947,194.5,0.030991
646_5Wo2500iIxRfjygKTqM4Xg_-5.20579949_105.78312002,/home/alex/Desktop/school/comp-vis/dataset/datasets--everettshen--StreetView360AtoZ/snapshots/f0b9ffb20c4dc68d4422db97b7da7b577970650e/data/646_5Wo2500iIxRfjygKTqM4Xg_-5.20579949_105.78312002.jpg,40.1015,284.02,0.037018
2277_IhQaxHSLr_WL_ORr7LKGiQ_36.38863159_-78.51405093,/home/alex/Desktop/school/comp-vis/dataset/datasets--everettshen--StreetView360AtoZ/snapshots/f0b9ffb20c4dc68d4422db97b7da7b577970650e/data/2277_IhQaxHSLr_WL_ORr7LKGiQ_36.38863159_-78.51405093.jpg,47.4902,216.54,0.018356
2364_9E8DX5YrhAN3eWKwiZVpYA_34.22438918_-101.31034939,/home/alex/Desktop/school/comp-vis/dataset/datasets--everettshen--StreetView360AtoZ/snapshots/f0b9ffb20c4dc68d4422db97b7da7b577970650e/data/2364_9E8DX5YrhAN3eWKwiZVpYA_34.22438918_-101.31034939.jpg,11.7738,309.89,0.036865
1712_6pvjHGd0Mf9t4TIe6f7jhQ_35.87006982_-81.11371915,/home/alex/Desktop/school/comp-vis/dataset/datasets--everettshen--StreetView360AtoZ/snapshots/f0b9ffb20c4dc68d4422db97b7da7b577970650e/data/1712_6pvjHGd0Mf9t4TIe6f7jhQ_35.87006982_-81.11371915.jpg,75.3486,196.12,0.171021
175_o4fnSc14oXiWwjJ68ESwwQ_35.47634713_24.03998914,/home/alex/Desktop/school/comp-vis/dataset/datasets--everettshen--StreetView360AtoZ/snapshots/f0b9ffb20c4dc68d4422db97b7da7b577970650e/data/175_o4fnSc14oXiWwjJ68ESwwQ_35.47634713_24.03998914.jpg,50.8371,335.46,0.016846
205_xKgv7a3w-qzcLzCrDxCC6g_-34.84995435_-54.69896784,/home/alex/Desktop/school/comp-vis/dataset/datasets--everettshen--StreetView360AtoZ/snapshots/f0b9ffb20c4dc68d4422db97b7da7b577970650e/data/205_xKgv7a3w-qzcLzCrDxCC6g_-34.84995435_-54.69896784.jpg,17.7924,222.2,0.049057
676_kNi_gaksV8BTbvHmAofGXA_34.95389215_-86.89286925,/home/alex/Desktop/school/comp-vis/dataset/datasets--everettshen--StreetView360AtoZ/snapshots/f0b9ffb20c4dc68d4422db97b7da7b577970650e/data/676_kNi_gaksV8BTbvHmAofGXA_34.95389215_-86.89286925.jpg,23.9558,287.37,0.02562
1188_ZaU65qmaoERC7jq99vkszg_57.27021530_21.96566901,/home/alex/Desktop/school/comp-vis/dataset/datasets--everettshen--StreetView360AtoZ/snapshots/f0b9ffb20c4dc68d4422db97b7da7b577970650e/data/1188_ZaU65qmaoERC7jq99vkszg_57.27021530_21.96566901.jpg,11.2637,112.32,0.030243
1851_Z0u12RB7lmZ4FwBKjbN3kQ_38.86919282_-91.89850465,/home/alex/Desktop/school/comp-vis/dataset/datasets--everettshen--StreetView360AtoZ/snapshots/f0b9ffb20c4dc68d4422db97b7da7b577970650e/data/1851_Z0u12RB7lmZ4FwBKjbN3kQ_38.86919282_-91.89850465.jpg,19.0734,260.5,0.058517
193_p3oo_Hv0GXGvQe0TSPF36g_19.59386521_-102.48079653,/home/alex/Desktop/school/comp-vis/dataset/datasets--everettshen--StreetView360AtoZ/snapshots/f0b9ffb20c4dc68d4422db97b7da7b577970650e/data/193_p3oo_Hv0GXGvQe0TSPF36g_19.59386521_-102.48079653.jpg,37.3671,213.35,0.065811
2471_al3Ol0RnXZ4ldd1e8mbCUQ_-33.82350290_148.69329133,/home/alex/Desktop/school/comp-vis/dataset/datasets--everettshen--StreetView360AtoZ/snapshots/f0b9ffb20c4dc68d4422db97b7da7b577970650e/data/2471_al3Ol0RnXZ4ldd1e8mbCUQ_-33.82350290_148.69329133.jpg,77.9289,265.78,0.121658
1358_v_q2DK-6suSxKLEBzJGIOg_-29.53596620_-62.26363864,/home/alex/Desktop/school/comp-vis/dataset/datasets--everettshen--StreetView360AtoZ/snapshots/f0b9ffb20c4dc68d4422db97b7da7b577970650e/data/1358_v_q2DK-6suSxKLEBzJGIOg_-29.53596620_-62.26363864.jpg,82.9735,333.84,0.053955
1056_bW_IQdUbWgBZDfBWdZIa2g_-32.15000677_-64.10942503,/home/alex/Desktop/school/comp-vis/dataset/datasets--everettshen--StreetView360AtoZ/snapshots/f0b9ffb20c4dc68d4422db97b7da7b577970650e/data/1056_bW_IQdUbWgBZDfBWdZIa2g_-32.15000677_-64.10942503.jpg,19.8175,307.08,0.036484
3165_E9wlUkdZnrXynYuS2jcY9A_42.41938593_-88.09729880,/home/alex/Desktop/school/comp-vis/dataset/datasets--everettshen--StreetView360AtoZ/snapshots/f0b9ffb20c4dc68d4422db97b7da7b577970650e/data/3165_E9wlUkdZnrXynYuS2jcY9A_42.41938593_-88.09729880.jpg,28.1025,376.37,0.038361
162_kFrPw_PMMUeQ9kXIgrf4-w_44.64007784_-117.86820199,/home/alex/Desktop/school/comp-vis/dataset/datasets--everettshen--StreetView360AtoZ/snapshots/f0b9ffb20c4dc68d4422db97b7da7b577970650e/data/162_kFrPw_PMMUeQ9kXIgrf4-w_44.64007784_-117.86820199.jpg,30.7854,135.76,0.074402
232_37peG5GPtJ29_Z0dTf2lBw_55.66789267_11.82655925,/home/alex/Desktop/school/comp-vis/dataset/datasets--everettshen--StreetView360AtoZ/snapshots/f0b9ffb20c4dc68d4422db97b7da7b577970650e/data/232_37peG5GPtJ29_Z0dTf2lBw_55.66789267_11.82655925.jpg,40.3251,155.69,0.13002
98_33hFl-eHEWRzOPbnKmZuXQ_-6.84599169_111.17666010,/home/alex/Desktop/school/comp-vis/dataset/datasets--everettshen--StreetView360AtoZ/snapshots/f0b9ffb20c4dc68d4422db97b7da7b577970650e/data/98_33hFl-eHEWRzOPbnKmZuXQ_-6.84599169_111.17666010.jpg,52.5986,158.83,0.040604
1012_p8HYczeuDvX89u-WHesxhw_37.51799798_-92.36794323,/home/alex/Desktop/school/comp-vis/dataset/datasets--everettshen--StreetView360AtoZ/snapshots/f0b9ffb20c4dc68d4422db97b7da7b577970650e/data/1012_p8HYczeuDvX89u-WHesxhw_37.51799798_-92.36794323.jpg,63.3185,150.7,0.068924
3432_7DQ4uG6__Uffs1yngZRRbQ_-22.88181031_-43.32782203,/home/alex/Desktop/school/comp-vis/dataset/datasets--everettshen--StreetView360AtoZ/snapshots/f0b9ffb20c4dc68d4422db97b7da7b577970650e/data/3432_7DQ4uG6__Uffs1yngZRRbQ_-22.88181031_-43.32782203.jpg,56.8553,352.21,0.017502
961_OzN5a8WnWIFvcLxyl5CIew_36.69733488_15.12371075,/home/alex/Desktop/school/comp-vis/dataset/datasets--everettshen--StreetView360AtoZ/snapshots/f0b9ffb20c4dc68d4422db97b7da7b577970650e/data/961_OzN5a8WnWIFvcLxyl5CIew_36.69733488_15.12371075.jpg,56.9597,74.36,0.045715
953_S-JsSWK3mBOyghv4KTqt1A_55.67489515_12.45799376,/home/alex/Desktop/school/comp-vis/dataset/datasets--everettshen--StreetView360AtoZ/snapshots/f0b9ffb20c4dc68d4422db97b7da7b577970650e/data/953_S-JsSWK3mBOyghv4KTqt1A_55.67489515_12.45799376.jpg,22.2922,145.59,0.015244
2057_seuuYDTilboRLChGWG2x-Q_33.94834522_-116.47916978,/home/alex/Desktop/school/comp-vis/dataset/datasets--everettshen--StreetView360AtoZ/snapshots/f0b9ffb20c4dc68d4422db97b7da7b577970650e/data/2057_seuuYDTilboRLChGWG2x-Q_33.94834522_-116.47916978.jpg,19.2387,80.08,0.046341
1509_50Jr4X1tyBdDxafw1OGibA_58.43327420_16.43325846,/home/alex/Desktop/school/comp-vis/dataset/datasets--everettshen--StreetView360AtoZ/snapshots/f0b9ffb20c4dc68d4422db97b7da7b577970650e/data/1509_50Jr4X1tyBdDxafw1OGibA_58.43327420_16.43325846.jpg,16.7261,485.06,0.018982
2120_sAmw93qTHYBnA87aajCJUQ_-20.36709597_139.19995002,/home/alex/Desktop/school/comp-vis/dataset/datasets--everettshen--StreetView360AtoZ/snapshots/f0b9ffb20c4dc68d4422db97b7da7b577970650e/data/2120_sAmw93qTHYBnA87aajCJUQ_-20.36709597_139.19995002.jpg,66.434,313.39,0.04599
2064_s_9Rn6HgpbwVbUyqxH1LwA_52.10312106_7.46755803,/home/alex/Desktop/school/comp-vis/dataset/datasets--everettshen--StreetView360AtoZ/snapshots/f0b9ffb20c4dc68d4422db97b7da7b577970650e/data/2064_s_9Rn6HgpbwVbUyqxH1LwA_52.10312106_7.46755803.jpg,35.3775,473.99,0.021423
1784_xQt_1ZqnSkTUO8PWV7HJHw_-3.83759489_-50.63793875,/home/alex/Desktop/school/comp-vis/dataset/datasets--everettshen--StreetView360AtoZ/snapshots/f0b9ffb20c4dc68d4422db97b7da7b577970650e/data/1784_xQt_1ZqnSkTUO8PWV7HJHw_-3.83759489_-50.63793875.jpg,84.928,209.22,0.073532
229_ydWMkj_MEGGSNbzYLwgOzA_26.37199095_-109.01387381,/home/alex/Desktop/school/comp-vis/dataset/datasets--everettshen--StreetView360AtoZ/snapshots/f0b9ffb20c4dc68d4422db97b7da7b577970650e/data/229_ydWMkj_MEGGSNbzYLwgOzA_26.37199095_-109.01387381.jpg,69.8325,234.18,0.058533
1567_cZ-FvysepqCz8wfeh5n46g_64.54594328_143.12156088,/home/alex/Desktop/school/comp-vis/dataset/datasets--everettshen--StreetView360AtoZ/snapshots/f0b9ffb20c4dc68d4422db97b7da7b577970650e/data/1567_cZ-FvysepqCz8wfeh5n46g_64.54594328_143.12156088.jpg,32.0478,75.25,0.027451
1356_dBI_gNSta5oQwF2rzPqfCg_61.37633391_27.23500227,/home/alex/Desktop/school/comp-vis/dataset/datasets--everettshen--StreetView360AtoZ/snapshots/f0b9ffb20c4dc68d4422db97b7da7b577970650e/data/1356_dBI_gNSta5oQwF2rzPqfCg_61.37633391_27.23500227.jpg,52.3597,319.88,0.129822
2157_3bxmTdtDrZxYhAlwvT5udA_43.39598248_-5.65521253,/home/alex/Desktop/school/comp-vis/dataset/datasets--everettshen--StreetView360AtoZ/snapshots/f0b9ffb20c4dc68d4422db97b7da7b577970650e/data/2157_3bxmTdtDrZxYhAlwvT5udA_43.39598248_-5.65521253.jpg,42.8784,45.37,0.044128
3261_7_FWgM0dO4ThFBtUqVSGOA_40.58511873_-75.53966631,/home/alex/Desktop/school/comp-vis/dataset/datasets--everettshen--StreetView360AtoZ/snapshots/f0b9ffb20c4dc68d4422db97b7da7b577970650e/data/3261_7_FWgM0dO4ThFBtUqVSGOA_40.58511873_-75.53966631.jpg,67.3645,219.99,0.219955
980_E-1gSxBcDuCKqVdQxjyWjw_24.71035995_121.77622850,/home/alex/Desktop/school/comp-vis/dataset/datasets--everettshen--StreetView360AtoZ/snapshots/f0b9ffb20c4dc68d4422db97b7da7b577970650e/data/980_E-1gSxBcDuCKqVdQxjyWjw_24.71035995_121.77622850.jpg,23.7202,329.97,0.012573
181_u50US236AwvzM6_1K8PlFQ_36.70809479_-105.40617528,/home/alex/Desktop/school/comp-vis/dataset/datasets--everettshen--StreetView360AtoZ/snapshots/f0b9ffb20c4dc68d4422db97b7da7b577970650e/data/181_u50US236AwvzM6_1K8PlFQ_36.70809479_-105.40617528.jpg,75.2699,206.42,0.064987
1713_rHzr18vF-TiJab7tl1gRRA_36.73017642_-80.70814246,/home/alex/Desktop/school/comp-vis/dataset/datasets--everettshen--StreetView360AtoZ/snapshots/f0b9ffb20c4dc68d4422db97b7da7b577970650e/data/1713_rHzr18vF-TiJab7tl1gRRA_36.73017642_-80.70814246.jpg,72.3643,209.77,0.239273
365_fahm8u7gfLAxLr_etc9cqA_-33.59393978_22.19245967,/home/alex/Desktop/school/comp-vis/dataset/datasets--everettshen--StreetView360AtoZ/snapshots/f0b9ffb20c4dc68d4422db97b7da7b577970650e/data/365_fahm8u7gfLAxLr_etc9cqA_-33.59393978_22.19245967.jpg,35.5505,423.93,0.033295
534_f0JVtaazqeLqRwSNmtDs7Q_46.00974472_-73.57067708,/home/alex/Desktop/school/comp-vis/dataset/datasets--everettshen--StreetView360AtoZ/snapshots/f0b9ffb20c4dc68d4422db97b7da7b577970650e/data/534_f0JVtaazqeLqRwSNmtDs7Q_46.00974472_-73.57067708.jpg,69.8722,42.05,0.051773
2278_00ShNWMExktBUwJbvqqhmw_-45.88336604_168.96658566,/home/alex/Desktop/school/comp-vis/dataset/datasets--everettshen--StreetView360AtoZ/snapshots/f0b9ffb20c4dc68d4422db97b7da7b577970650e/data/2278_00ShNWMExktBUwJbvqqhmw_-45.88336604_168.96658566.jpg,59.5773,391.42,0.092834
683_mBapMO8gdHsZuiqBkYoeTQ_15.18334837_120.04423663,/home/alex/Desktop/school/comp-vis/dataset/datasets--everettshen--StreetView360AtoZ/snapshots/f0b9ffb20c4dc68d4422db97b7da7b577970650e/data/683_mBapMO8gdHsZuiqBkYoeTQ_15.18334837_120.04423663.jpg,30.7556,27.01,0.051941
70_1YDhMk8kbJpkVWIRJ6bSYg_41.00402142_-85.77490693,/home/alex/Desktop/school/comp-vis/dataset/datasets--everettshen--StreetView360AtoZ/snapshots/f0b9ffb20c4dc68d4422db97b7da7b577970650e/data/70_1YDhMk8kbJpkVWIRJ6bSYg_41.00402142_-85.77490693.jpg,56.728,215.78,0.041916
1592_uvykvT_YXwwq7g_sFN97GQ_5.52379998_100.43149847,/home/alex/Desktop/school/comp-vis/dataset/datasets--everettshen--StreetView360AtoZ/snapshots/f0b9ffb20c4dc68d4422db97b7da7b577970650e/data/1592_uvykvT_YXwwq7g_sFN97GQ_5.52379998_100.43149847.jpg,83.8425,204.47,0.010574
2392_2Ny4bXxzC_JV8wr18qGtFw_57.85399813_56.11533703,/home/alex/Desktop/school/comp-vis/dataset/datasets--everettshen--StreetView360AtoZ/snapshots/f0b9ffb20c4dc68d4422db97b7da7b577970650e/data/2392_2Ny4bXxzC_JV8wr18qGtFw_57.85399813_56.11533703.jpg,26.1692,283.3,0.028
1681_nlkcdcFkc7oUnn_3w1CN7Q_44.97251352_-84.68254912,/home/alex/Desktop/school/comp-vis/dataset/datasets--everettshen--StreetView360AtoZ/snapshots/f0b9ffb20c4dc68d4422db97b7da7b577970650e/data/1681_nlkcdcFkc7oUnn_3w1CN7Q_44.97251352_-84.68254912.jpg,21.2455,248.47,0.051285
412_Ty9SscvdeIn0WNLGwY1i-w_53.31391928_-2.97038516,/home/alex/Desktop/school/comp-vis/dataset/datasets--everettshen--StreetView360AtoZ/snapshots/f0b9ffb20c4dc68d4422db97b7da7b577970650e/data/412_Ty9SscvdeIn0WNLGwY1i-w_53.31391928_-2.97038516.jpg,29.1537,105.98,0.088257
7_UdeUTInv2H1McFx1zQvo_A_44.30669749_2.65564254,/home/alex/Desktop/school/comp-vis/dataset/datasets--everettshen--StreetView360AtoZ/snapshots/f0b9ffb20c4dc68d4422db97b7da7b577970650e/data/7_UdeUTInv2H1McFx1zQvo_A_44.30669749_2.65564254.jpg,41.6359,237.46,0.013931
1798_dVbgWoii4fwpqoIpdNTQng_38.26991092_15.48793751,/home/alex/Desktop/school/comp-vis/dataset/datasets--everettshen--StreetView360AtoZ/snapshots/f0b9ffb20c4dc68d4422db97b7da7b577970650e/data/1798_dVbgWoii4fwpqoIpdNTQng_38.26991092_15.48793751.jpg,59.7808,25.72,0.035431
2654_6dPu728LrwczE5U4O8GGzQ_30.00167814_76.73099555,/home/alex/Desktop/school/comp-vis/dataset/datasets--everettshen--StreetView360AtoZ/snapshots/f0b9ffb20c4dc68d4422db97b7da7b577970650e/data/2654_6dPu728LrwczE5U4O8GGzQ_30.00167814_76.73099555.jpg,43.9373,122.75,0.124725
1070_NOLgVM6SQ2YIjajPuvfzww_23.09837776_120.44345873,/home/alex/Desktop/school/comp-vis/dataset/datasets--everettshen--StreetView360AtoZ/snapshots/f0b9ffb20c4dc68d4422db97b7da7b577970650e/data/1070_NOLgVM6SQ2YIjajPuvfzww_23.09837776_120.44345873.jpg,29.1117,256.16,0.034698
3407_cw1oticqAeUMo9Ywr8BRYQ_-32.29770456_115.73076922,/home/alex/Desktop/school/comp-vis/dataset/datasets--everettshen--StreetView360AtoZ/snapshots/f0b9ffb20c4dc68d4422db97b7da7b577970650e/data/3407_cw1oticqAeUMo9Ywr8BRYQ_-32.29770456_115.73076922.jpg,49.3649,67.17,0.069473
494_KscfnEqd7-cp6u6Wynb2DA_35.87201352_139.72939711,/home/alex/Desktop/school/comp-vis/dataset/datasets--everettshen--StreetView360AtoZ/snapshots/f0b9ffb20c4dc68d4422db97b7da7b577970650e/data/494_KscfnEqd7-cp6u6Wynb2DA_35.87201352_139.72939711.jpg,21.9509,93.2,0.033295
753_Pd2XAQwKJf7Zhb_u9OKqVg_34.54681184_-100.43849687,/home/alex/Desktop/school/comp-vis/dataset/datasets--everettshen--StreetView360AtoZ/snapshots/f0b9ffb20c4dc68d4422db97b7da7b577970650e/data/753_Pd2XAQwKJf7Zhb_u9OKqVg_34.54681184_-100.43849687.jpg,27.4638,331.69,0.086365
476_KaxyVnqhY6dWuZhiIom1tg_42.35999021_-3.55800890,/home/alex/Desktop/school/comp-vis/dataset/datasets--everettshen--StreetView360AtoZ/snapshots/f0b9ffb20c4dc68d4422db97b7da7b577970650e/data/476_KaxyVnqhY6dWuZhiIom1tg_42.35999021_-3.55800890.jpg,24.8114,154.73,0.035477
777_eL0RJPOW4daAf7df0-zNEw_-28.49517178_-64.85760579,/home/alex/Desktop/school/comp-vis/dataset/datasets--everettshen--StreetView360AtoZ/snapshots/f0b9ffb20c4dc68d4422db97b7da7b577970650e/data/777_eL0RJPOW4daAf7df0-zNEw_-28.49517178_-64.85760579.jpg,70.7695,459.62,0.01532
424_57iBv3BepVU9GBgkYlVA6Q_39.70082474_-0.92625410,/home/alex/Desktop/school/comp-vis/dataset/datasets--everettshen--StreetView360AtoZ/snapshots/f0b9ffb20c4dc68d4422db97b7da7b577970650e/data/424_57iBv3BepVU9GBgkYlVA6Q_39.70082474_-0.92625410.jpg,27.0103,87.73,0.029938
232_oWQZo5YWs8XyHnp41-3w6A_41.85483253_-2.47021861,/home/alex/Desktop/school/comp-vis/dataset/datasets--everettshen--StreetView360AtoZ/snapshots/f0b9ffb20c4dc68d4422db97b7da7b577970650e/data/232_oWQZo5YWs8XyHnp41-3w6A_41.85483253_-2.47021861.jpg,68.5824,153.38,0.014008
1568_LTS8_Z7xSLfkMeZGZUGr8g_55.07346497_8.93171251,/home/alex/Desktop/school/comp-vis/dataset/datasets--everettshen--StreetView360AtoZ/snapshots/f0b9ffb20c4dc68d4422db97b7da7b577970650e/data/1568_LTS8_Z7xSLfkMeZGZUGr8g_55.07346497_8.93171251.jpg,29.2878,70.44,0.051331
1243_iKxTf-Tj-RivErpC1Kj8Lw_45.74377663_24.22531046,/home/alex/Desktop/school/comp-vis/dataset/datasets--everettshen--StreetView360AtoZ/snapshots/f0b9ffb20c4dc68d4422db97b7da7b577970650e/data/1243_iKxTf-Tj-RivErpC1Kj8Lw_45.74377663_24.22531046.jpg,38.5696,186.64,0.033417
604_pEdPnekQj0Y1L-e5jEBUzQ_44.41285567_-95.04688829,/home/alex/Desktop/school/comp-vis/dataset/datasets--everettshen--StreetView360AtoZ/snapshots/f0b9ffb20c4dc68d4422db97b7da7b577970650e/data/604_pEdPnekQj0Y1L-e5jEBUzQ_44.41285567_-95.04688829.jpg,18.2044,334.96,0.078247
1982_aYgOBMtJn0YLy6qBd1qKeQ_51.89854467_13.46581888,/home/alex/Desktop/school/comp-vis/dataset/datasets--everettshen--StreetView360AtoZ/snapshots/f0b9ffb20c4dc68d4422db97b7da7b577970650e/data/1982_aYgOBMtJn0YLy6qBd1qKeQ_51.89854467_13.46581888.jpg,47.4382,50.82,0.039856
1027_kbPbb_tS-E2SlTlYE1T9iQ_59.74725045_10.20700297,/home/alex/Desktop/school/comp-vis/dataset/datasets--everettshen--StreetView360AtoZ/snapshots/f0b9ffb20c4dc68d4422db97b7da7b577970650e/data/1027_kbPbb_tS-E2SlTlYE1T9iQ_59.74725045_10.20700297.jpg,44.1365,308.06,0.03093
3033_M52y5u5KBbjfw822W41_jw_39.53336079_-1.60008143,/home/alex/Desktop/school/comp-vis/dataset/datasets--everettshen--StreetView360AtoZ/snapshots/f0b9ffb20c4dc68d4422db97b7da7b577970650e/data/3033_M52y5u5KBbjfw822W41_jw_39.53336079_-1.60008143.jpg,49.976,285.29,0.055313
376_x1JyPRTab7mNtsksUW4ZBA_51.71935257_13.64802204,/home/alex/Desktop/school/comp-vis/dataset/datasets--everettshen--StreetView360AtoZ/snapshots/f0b9ffb20c4dc68d4422db97b7da7b577970650e/data/376_x1JyPRTab7mNtsksUW4ZBA_51.71935257_13.64802204.jpg,36.4885,435.71,0.043915
1891_YT9A1gWb2WWGjEeJ6dyw7Q_63.08560040_21.68333694,/home/alex/Desktop/school/comp-vis/dataset/datasets--everettshen--StreetView360AtoZ/snapshots/f0b9ffb20c4dc68d4422db97b7da7b577970650e/data/1891_YT9A1gWb2WWGjEeJ6dyw7Q_63.08560040_21.68333694.jpg,28.1649,301.9,0.022522
1659_GwNEIrLKaXSLsEQnT2C9eg_-34.78012691_-55.56718346,/home/alex/Desktop/school/comp-vis/dataset/datasets--everettshen--StreetView360AtoZ/snapshots/f0b9ffb20c4dc68d4422db97b7da7b577970650e/data/1659_GwNEIrLKaXSLsEQnT2C9eg_-34.78012691_-55.56718346.jpg,28.7565,432.86,0.014694
1484_CmedwdVM6Ttfx8G8RuCfkw_27.70418953_79.62344651,/home/alex/Desktop/school/comp-vis/dataset/datasets--everettshen--StreetView360AtoZ/snapshots/f0b9ffb20c4dc68d4422db97b7da7b577970650e/data/1484_CmedwdVM6Ttfx8G8RuCfkw_27.70418953_79.62344651.jpg,73.6635,60.45,0.025452
1999_Hb7WlJCEYMb-jA7FTmK9wA_48.29999310_5.26657845,/home/alex/Desktop/school/comp-vis/dataset/datasets--everettshen--StreetView360AtoZ/snapshots/f0b9ffb20c4dc68d4422db97b7da7b577970650e/data/1999_Hb7WlJCEYMb-jA7FTmK9wA_48.29999310_5.26657845.jpg,40.5397,31.43,0.016617
2548_KCKMZNk3ib99_m07F1Lf2g_42.45157193_-91.92194007,/home/alex/Desktop/school/comp-vis/dataset/datasets--everettshen--StreetView360AtoZ/snapshots/f0b9ffb20c4dc68d4422db97b7da7b577970650e/data/2548_KCKMZNk3ib99_m07F1Lf2g_42.45157193_-91.92194007.jpg,26.2974,373.9,0.04715
1909_EU8956aoHCfLdXUHVmYrDA_18.43407652_-98.70980028,/home/alex/Desktop/school/comp-vis/dataset/datasets--everettshen--StreetView360AtoZ/snapshots/f0b9ffb20c4dc68d4422db97b7da7b577970650e/data/1909_EU8956aoHCfLdXUHVmYrDA_18.43407652_-98.70980028.jpg,32.3829,84.71,0.027222
1062_bVRYJUixUeKtPvEPDezKFg_64.74987766_28.25102699,/home/alex/Desktop/school/comp-vis/dataset/datasets--everettshen--StreetView360AtoZ/snapshots/f0b9ffb20c4dc68d4422db97b7da7b577970650e/data/1062_bVRYJUixUeKtPvEPDezKFg_64.74987766_28.25102699.jpg,58.5001,473.73,0.074936
3405_I7W-WrmcfxRe-H6yVL58rw_35.87322167_-84.13750048,/home/alex/Desktop/school/comp-vis/dataset/datasets--everettshen--StreetView360AtoZ/snapshots/f0b9ffb20c4dc68d4422db97b7da7b577970650e/data/3405_I7W-WrmcfxRe-H6yVL58rw_35.87322167_-84.13750048.jpg,54.48,185.39,0.033707
1225_Q-AlXxiULzKtlyrWJ_F5Jw_45.01599971_-75.23311213,/home/alex/Desktop/school/comp-vis/dataset/datasets--everettshen--StreetView360AtoZ/snapshots/f0b9ffb20c4dc68d4422db97b7da7b577970650e/data/1225_Q-AlXxiULzKtlyrWJ_F5Jw_45.01599971_-75.23311213.jpg,66.9986,355.7,0.065033
1715_SGeAJ7SJttJSU7_ZvFjiEA_39.41622799_-0.39975775,/home/alex/Desktop/school/comp-vis/dataset/datasets--everettshen--StreetView360AtoZ/snapshots/f0b9ffb20c4dc68d4422db97b7da7b577970650e/data/1715_SGeAJ7SJttJSU7_ZvFjiEA_39.41622799_-0.39975775.jpg,43.8762,486.37,0.039459
2955_wHMdk6t5zz9zQ3AJSoHaeg_50.51697430_42.66656158,/home/alex/Desktop/school/comp-vis/dataset/datasets--everettshen--StreetView360AtoZ/snapshots/f0b9ffb20c4dc68d4422db97b7da7b577970650e/data/2955_wHMdk6t5zz9zQ3AJSoHaeg_50.51697430_42.66656158.jpg,19.7709,111.8,0.028946
416_FiiYmrPcIlyc_jmxyLVsRQ_47.34626545_-102.64522296,/home/alex/Desktop/school/comp-vis/dataset/datasets--everettshen--StreetView360AtoZ/snapshots/f0b9ffb20c4dc68d4422db97b7da7b577970650e/data/416_FiiYmrPcIlyc_jmxyLVsRQ_47.34626545_-102.64522296.jpg,48.4299,310.7,0.012009
3043_AvLxoYGMPVGND6ZYc_jdag_41.40514937_-99.64055543,/home/alex/Desktop/school/comp-vis/dataset/datasets--everettshen--StreetView360AtoZ/snapshots/f0b9ffb20c4dc68d4422db97b7da7b577970650e/data/3043_AvLxoYGMPVGND6ZYc_jdag_41.40514937_-99.64055543.jpg,78.2028,468.1,0.03421
814_yNlTyXgd4NB5HbRVK8fjfg_35.35698466_-89.60061433,/home/alex/Desktop/school/comp-vis/dataset/datasets--everettshen--StreetView360AtoZ/snapshots/f0b9ffb20c4dc68d4422db97b7da7b577970650e/data/814_yNlTyXgd4NB5HbRVK8fjfg_35.35698466_-89.60061433.jpg,39.0613,472.91,0.062531
823_-hq4VqjLHpbXVP0WQxAfSQ_49.08457475_-123.10869719,/home/alex/Desktop/school/comp-vis/dataset/datasets--everettshen--StreetView360AtoZ/snapshots/f0b9ffb20c4dc68d4422db97b7da7b577970650e/data/823_-hq4VqjLHpbXVP0WQxAfSQ_49.08457475_-123.10869719.jpg,58.5326,417.16,0.026108
2713_SXpUDmo2IchLjQvFvChIZg_40.62242896_-2.63549829,/home/alex/Desktop/school/comp-vis/dataset/datasets--everettshen--StreetView360AtoZ/snapshots/f0b9ffb20c4dc68d4422db97b7da7b577970650e/data/2713_SXpUDmo2IchLjQvFvChIZg_40.62242896_-2.63549829.jpg,23.451,475.39,0.032349
2477_eS-E3F2a9GKG2YX-E4Prmw_14.41521161_75.43938244,/home/alex/Desktop/school/comp-vis/dataset/datasets--everettshen--StreetView360AtoZ/snapshots/f0b9ffb20c4dc68d4422db97b7da7b577970650e/data/2477_eS-E3F2a9GKG2YX-E4Prmw_14.41521161_75.43938244.jpg,50.603,221.83,0.171448
2271_FuCx_YYffsGvRFwwpohCmA_25.02362641_83.04454701,/home/alex/Desktop/school/comp-vis/dataset/datasets--everettshen--StreetView360AtoZ/snapshots/f0b9ffb20c4dc68d4422db97b7da7b577970650e/data/2271_FuCx_YYffsGvRFwwpohCmA_25.02362641_83.04454701.jpg,73.8402,11.33,0.015228
2147_7fMHesZZWwphk0BQuPVrDw_12.02068664_78.08215118,/home/alex/Desktop/school/comp-vis/dataset/datasets--everettshen--StreetView360AtoZ/snapshots/f0b9ffb20c4dc68d4422db97b7da7b577970650e/data/2147_7fMHesZZWwphk0BQuPVrDw_12.02068664_78.08215118.jpg,44.0378,304.83,0.190186
3125_uQp3CDiva0Sh9tj3DrwOsw_31.45848041_-86.89396559,/home/alex/Desktop/school/comp-vis/dataset/datasets--everettshen--StreetView360AtoZ/snapshots/f0b9ffb20c4dc68d4422db97b7da7b577970650e/data/3125_uQp3CDiva0Sh9tj3DrwOsw_31.45848041_-86.89396559.jpg,40.6364,78.54,0.012802
1399_gw5cStRlI1rH5G2LFW3QYg_61.26324741_24.02798149,/home/alex/Desktop/school/comp-vis/dataset/datasets--everettshen--StreetView360AtoZ/snapshots/f0b9ffb20c4dc68d4422db97b7da7b577970650e/data/1399_gw5cStRlI1rH5G2LFW3QYg_61.26324741_24.02798149.jpg,56.7609,39.13,0.058929
1211_jDNFY6cgmYDUA0vmb9tE1g_-33.30002031_26.49991633,/home/alex/Desktop/school/comp-vis/dataset/datasets--everettshen--StreetView360AtoZ/snapshots/f0b9ffb20c4dc68d4422db97b7da7b577970650e/data/1211_jDNFY6cgmYDUA0vmb9tE1g_-33.30002031_26.49991633.jpg,33.7657,362.68,0.080673
216_E_F53W67ArlFxC4kmizwww_38.90352859_-84.03558398,/home/alex/Desktop/school/comp-vis/dataset/datasets--everettshen--StreetView360AtoZ/snapshots/f0b9ffb20c4dc68d4422db97b7da7b577970650e/data/216_E_F53W67ArlFxC4kmizwww_38.90352859_-84.03558398.jpg,34.9879,203.2,0.059326
1727_UuekJ_Gk50mTGWHP0TLtSA_51.29538435_11.71222551,/home/alex/Desktop/school/comp-vis/dataset/datasets--everettshen--StreetView360AtoZ/snapshots/f0b9ffb20c4dc68d4422db97b7da7b577970650e/data/1727_UuekJ_Gk50mTGWHP0TLtSA_51.29538435_11.71222551.jpg,59.1939,478.96,0.050507
83_hmbbgra4YtBsNicYXEqkSA_18.93109863_-99.02758925,/home/alex/Desktop/school/comp-vis/dataset/datasets--everettshen--StreetView360AtoZ/snapshots/f0b9ffb20c4dc68d4422db97b7da7b577970650e/data/83_hmbbgra4YtBsNicYXEqkSA_18.93109863_-99.02758925.jpg,48.868,32.58,0.010223
251_9BMH4ssd8JCLu7VdD4r3kg_57.56668824_-4.20015148,/home/alex/Desktop/school/comp-vis/dataset/datasets--everettshen--StreetView360AtoZ/snapshots/f0b9ffb20c4dc68d4422db97b7da7b577970650e/data/251_9BMH4ssd8JCLu7VdD4r3kg_57.56668824_-4.20015148.jpg,65.2644,350.2,0.033386
433_3LREolxH8tmZe_oklPGOTQ_47.87370433_7.20640001,/home/alex/Desktop/school/comp-vis/dataset/datasets--everettshen--StreetView360AtoZ/snapshots/f0b9ffb20c4dc68d4422db97b7da7b577970650e/data/433_3LREolxH8tmZe_oklPGOTQ_47.87370433_7.20640001.jpg,38.1976,85.49,0.021942
1007_ewnxwTcOwaXLHSNK2-7IKg_28.84396541_77.57780746,/home/alex/Desktop/school/comp-vis/dataset/datasets--everettshen--StreetView360AtoZ/snapshots/f0b9ffb20c4dc68d4422db97b7da7b577970650e/data/1007_ewnxwTcOwaXLHSNK2-7IKg_28.84396541_77.57780746.jpg,54.8022,135.89,0.133011
1780_f1guJzux2ctNZBtkcT_7yQ_38.81377644_-98.78105837,/home/alex/Desktop/school/comp-vis/dataset/datasets--everettshen--StreetView360AtoZ/snapshots/f0b9ffb20c4dc68d4422db97b7da7b577970650e/data/1780_f1guJzux2ctNZBtkcT_7yQ_38.81377644_-98.78105837.jpg,20.564,382.83,0.010284
2622_xXi7clF5Zl0vwOzZwBlFeA_17.01815903_99.81828553,/home/alex/Desktop/school/comp-vis/dataset/datasets--everettshen--StreetView360AtoZ/snapshots/f0b9ffb20c4dc68d4422db97b7da7b577970650e/data/2622_xXi7clF5Zl0vwOzZwBlFeA_17.01815903_99.81828553.jpg,43.1202,223.91,0.032471
1223_VyvRYKXsF4kSRafkX_d5mw_45.06170893_18.50085919,/home/alex/Desktop/school/comp-vis/dataset/datasets--everettshen--StreetView360AtoZ/snapshots/f0b9ffb20c4dc68d4422db97b7da7b577970650e/data/1223_VyvRYKXsF4kSRafkX_d5mw_45.06170893_18.50085919.jpg,54.5664,436.65,0.034668
744_AOm9KCepH9YuiUCwB5yr3g_55.64529988_8.79165437,/home/alex/Desktop/school/comp-vis/dataset/datasets--everettshen--StreetView360AtoZ/snapshots/f0b9ffb20c4dc68d4422db97b7da7b577970650e/data/744_AOm9KCepH9YuiUCwB5yr3g_55.64529988_8.79165437.jpg,15.3326,87.35,0.042419
153_fahm8u7gfLAxLr_etc9cqA_-33.59393978_22.19245967,/home/alex/Desktop/school/comp-vis/dataset/datasets--everettshen--StreetView360AtoZ/snapshots/f0b9ffb20c4dc68d4422db97b7da7b577970650e/data/153_fahm8u7gfLAxLr_etc9cqA_-33.59393978_22.19245967.jpg,35.5505,423.93,0.033295
928_oWQZo5YWs8XyHnp41-3w6A_41.85483253_-2.47021861,/home/alex/Desktop/school/comp-vis/dataset/datasets--everettshen--StreetView360AtoZ/snapshots/f0b9ffb20c4dc68d4422db97b7da7b577970650e/data/928_oWQZo5YWs8XyHnp41-3w6A_41.85483253_-2.47021861.jpg,68.5824,153.38,0.014008
293_YsYmGuWAOpkev7l4CFd8LA_19.02930958_99.62303807,/home/alex/Desktop/school/comp-vis/dataset/datasets--everettshen--StreetView360AtoZ/snapshots/f0b9ffb20c4dc68d4422db97b7da7b577970650e/data/293_YsYmGuWAOpkev7l4CFd8LA_19.02930958_99.62303807.jpg,57.4584,353.87,0.020004
122_NG-g79EJ1h0PeKNj7bHgSg_45.79370720_11.23996042,/home/alex/Desktop/school/comp-vis/dataset/datasets--everettshen--StreetView360AtoZ/snapshots/f0b9ffb20c4dc68d4422db97b7da7b577970650e/data/122_NG-g79EJ1h0PeKNj7bHgSg_45.79370720_11.23996042.jpg,47.9158,154.22,0.023773
1835_-xt7EWYqWJUznVyA4oTLXg_59.00206830_9.74560335,/home/alex/Desktop/school/comp-vis/dataset/datasets--everettshen--StreetView360AtoZ/snapshots/f0b9ffb20c4dc68d4422db97b7da7b577970650e/data/1835_-xt7EWYqWJUznVyA4oTLXg_59.00206830_9.74560335.jpg,30.6608,216.09,0.031754
3078_AbFE96nG5G-QBKT6LrbP7A_32.64745911_-111.39360660,/home/alex/Desktop/school/comp-vis/dataset/datasets--everettshen--StreetView360AtoZ/snapshots/f0b9ffb20c4dc68d4422db97b7da7b577970650e/data/3078_AbFE96nG5G-QBKT6LrbP7A_32.64745911_-111.39360660.jpg,11.3631,247.15,0.048935
422_LDC3jxAH8g4GnM_YrTNnOw_50.88603781_5.53336072,/home/alex/Desktop/school/comp-vis/dataset/datasets--everettshen--StreetView360AtoZ/snapshots/f0b9ffb20c4dc68d4422db97b7da7b577970650e/data/422_LDC3jxAH8g4GnM_YrTNnOw_50.88603781_5.53336072.jpg,44.415,254.11,0.024887
647_N53BQZitFdc_rXzxFJNFLw_49.79838885_72.87856262,/home/alex/Desktop/school/comp-vis/dataset/datasets--everettshen--StreetView360AtoZ/snapshots/f0b9ffb20c4dc68d4422db97b7da7b577970650e/data/647_N53BQZitFdc_rXzxFJNFLw_49.79838885_72.87856262.jpg,14.4084,51.31,0.021484
174_ANt0cP6TlEWA_Q9nKbkUug_46.73933221_26.56487445,/home/alex/Desktop/school/comp-vis/dataset/datasets--everettshen--StreetView360AtoZ/snapshots/f0b9ffb20c4dc68d4422db97b7da7b577970650e/data/174_ANt0cP6TlEWA_Q9nKbkUug_46.73933221_26.56487445.jpg,56.3795,375.53,0.015533
1130_10QbNkmYlae2NkJTUZxjNQ_16.01290085_79.60911263,/home/alex/Desktop/school/comp-vis/dataset/datasets--everettshen--StreetView360AtoZ/snapshots/f0b9ffb20c4dc68d4422db97b7da7b577970650e/data/1130_10QbNkmYlae2NkJTUZxjNQ_16.01290085_79.60911263.jpg,63.8854,89.55,0.209991
1763_jt8Vp_DnTzB99ULx1-HKlg_-37.72863803_144.96087658,/home/alex/Desktop/school/comp-vis/dataset/datasets--everettshen--StreetView360AtoZ/snapshots/f0b9ffb20c4dc68d4422db97b7da7b577970650e/data/1763_jt8Vp_DnTzB99ULx1-HKlg_-37.72863803_144.96087658.jpg,77.5234,275.86,0.178619
912_2CG0DElc3YVf-7yaMV4iDQ_48.95027868_9.12140725,/home/alex/Desktop/school/comp-vis/dataset/datasets--everettshen--StreetView360AtoZ/snapshots/f0b9ffb20c4dc68d4422db97b7da7b577970650e/data/912_2CG0DElc3YVf-7yaMV4iDQ_48.95027868_9.12140725.jpg,55.6697,338.15,0.028305
758_LDGMmA-APfIImzDN2yeyLA_-6.88212796_111.98801735,/home/alex/Desktop/school/comp-vis/dataset/datasets--everettshen--StreetView360AtoZ/snapshots/f0b9ffb20c4dc68d4422db97b7da7b577970650e/data/758_LDGMmA-APfIImzDN2yeyLA_-6.88212796_111.98801735.jpg,61.84,383.07,0.033844
75_ydwFAzQVu5WvtX9AAH6aXA_67.27850372_14.37896090,/home/alex/Desktop/school/comp-vis/dataset/datasets--everettshen--StreetView360AtoZ/snapshots/f0b9ffb20c4dc68d4422db97b7da7b577970650e/data/75_ydwFAzQVu5WvtX9AAH6aXA_67.27850372_14.37896090.jpg,31.2263,248.93,0.049942
1704_V64rk-l1JCMI5qTJIYqO7w_37.40279123_-106.89781574,/home/alex/Desktop/school/comp-vis/dataset/datasets--everettshen--StreetView360AtoZ/snapshots/f0b9ffb20c4dc68d4422db97b7da7b577970650e/data/1704_V64rk-l1JCMI5qTJIYqO7w_37.40279123_-106.89781574.jpg,49.0415,448.01,0.068802
443_RD7GqqVH5BEJ4vBg1aAONw_35.78452988_-94.34218688,/home/alex/Desktop/school/comp-vis/dataset/datasets--everettshen--StreetView360AtoZ/snapshots/f0b9ffb20c4dc68d4422db97b7da7b577970650e/data/443_RD7GqqVH5BEJ4vBg1aAONw_35.78452988_-94.34218688.jpg,17.8197,150.57,0.06076
291_bHh-tgK6TkMVUlC1j5aYnw_32.09131147_-85.04124983,/home/alex/Desktop/school/comp-vis/dataset/datasets--everettshen--StreetView360AtoZ/snapshots/f0b9ffb20c4dc68d4422db97b7da7b577970650e/data/291_bHh-tgK6TkMVUlC1j5aYnw_32.09131147_-85.04124983.jpg,57.9077,132.56,0.14328
710_eGpi3LnfCQgXjkTzpTtwJQ_57.01111997_8.58236001,/home/alex/Desktop/school/comp-vis/dataset/datasets--everettshen--StreetView360AtoZ/snapshots/f0b9ffb20c4dc68d4422db97b7da7b577970650e/data/710_eGpi3LnfCQgXjkTzpTtwJQ_57.01111997_8.58236001.jpg,49.654,67.27,0.024918
1099_WUZbSSjbFfS9XVWy5rYREA_61.37352763_21.99394113,/home/alex/Desktop/school/comp-vis/dataset/datasets--everettshen--StreetView360AtoZ/snapshots/f0b9ffb20c4dc68d4422db97b7da7b577970650e/data/1099_WUZbSSjbFfS9XVWy5rYREA_61.37352763_21.99394113.jpg,48.1036,164.42,0.010681
2_jY0JWc9JcfTjRkl-MBLtag_49.24131573_-124.80334546,/home/alex/Desktop/school/comp-vis/dataset/datasets--everettshen--StreetView360AtoZ/snapshots/f0b9ffb20c4dc68d4422db97b7da7b577970650e/data/2_jY0JWc9JcfTjRkl-MBLtag_49.24131573_-124.80334546.jpg,58.1363,485.53,0.021652
2052_g_XZ0KjJqMHALSpM6a4qdw_42.86164706_-8.90241124,/home/alex/Desktop/school/comp-vis/dataset/datasets--everettshen--StreetView360AtoZ/snapshots/f0b9ffb20c4dc68d4422db97b7da7b577970650e/data/2052_g_XZ0KjJqMHALSpM6a4qdw_42.86164706_-8.90241124.jpg,32.7593,224.2,0.010086
241_vapkpt5t5JUqI8ylFdGsFg_-37.13330275_174.61682405,/home/alex/Desktop/school/comp-vis/dataset/datasets--everettshen--StreetView360AtoZ/snapshots/f0b9ffb20c4dc68d4422db97b7da7b577970650e/data/241_vapkpt5t5JUqI8ylFdGsFg_-37.13330275_174.61682405.jpg,69.8863,180.36,0.222641
2343_wPX2T6MP6xVPE3lNj_3F3w_25.67941440_85.65600814,/home/alex/Desktop/school/comp-vis/dataset/datasets--everettshen--StreetView360AtoZ/snapshots/f0b9ffb20c4dc68d4422db97b7da7b577970650e/data/2343_wPX2T6MP6xVPE3lNj_3F3w_25.67941440_85.65600814.jpg,36.9994,183.36,0.053619
1473_GWtH-dQDFasduAcqsDXOtQ_-31.46682460_148.98334769,/home/alex/Desktop/school/comp-vis/dataset/datasets--everettshen--StreetView360AtoZ/snapshots/f0b9ffb20c4dc68d4422db97b7da7b577970650e/data/1473_GWtH-dQDFasduAcqsDXOtQ_-31.46682460_148.98334769.jpg,60.949,44.52,0.010391
2610_WRfCWEVety8jgoQYG2igpg_-38.81947956_143.52416062,/home/alex/Desktop/school/comp-vis/dataset/datasets--everettshen--StreetView360AtoZ/snapshots/f0b9ffb20c4dc68d4422db97b7da7b577970650e/data/2610_WRfCWEVety8jgoQYG2igpg_-38.81947956_143.52416062.jpg,51.2793,433.58,0.035782
1061_EiDOmGAorTrOKBhUo5nUQg_53.88469495_11.65939521,/home/alex/Desktop/school/comp-vis/dataset/datasets--everettshen--StreetView360AtoZ/snapshots/f0b9ffb20c4dc68d4422db97b7da7b577970650e/data/1061_EiDOmGAorTrOKBhUo5nUQg_53.88469495_11.65939521.jpg,53.4576,107.7,0.010391
1352_NfBW_5ZHx4lEjHxckbVayw_44.57465656_2.27104268,/home/alex/Desktop/school/comp-vis/dataset/datasets--everettshen--StreetView360AtoZ/snapshots/f0b9ffb20c4dc68d4422db97b7da7b577970650e/data/1352_NfBW_5ZHx4lEjHxckbVayw_44.57465656_2.27104268.jpg,71.9148,218.37,0.054581
2336_fcWEdLPQZsuOVb5-zI8FIA_52.50978779_5.46813491,/home/alex/Desktop/school/comp-vis/dataset/datasets--everettshen--StreetView360AtoZ/snapshots/f0b9ffb20c4dc68d4422db97b7da7b577970650e/data/2336_fcWEdLPQZsuOVb5-zI8FIA_52.50978779_5.46813491.jpg,36.313,318.46,0.061752
3331_4eo6oNPh1fYWgAwSh20pug_39.66706055_35.88284619,/home/alex/Desktop/school/comp-vis/dataset/datasets--everettshen--StreetView360AtoZ/snapshots/f0b9ffb20c4dc68d4422db97b7da7b577970650e/data/3331_4eo6oNPh1fYWgAwSh20pug_39.66706055_35.88284619.jpg,57.7157,407.12,0.013733
954_i86gQ55nWruapEz775QslQ_60.47773234_22.27399346,/home/alex/Desktop/school/comp-vis/dataset/datasets--everettshen--StreetView360AtoZ/snapshots/f0b9ffb20c4dc68d4422db97b7da7b577970650e/data/954_i86gQ55nWruapEz775QslQ_60.47773234_22.27399346.jpg,63.6335,160.97,0.062775
1116__2Fmp6KUuknVsvuu3DDIFw_35.80356758_139.58877041,/home/alex/Desktop/school/comp-vis/dataset/datasets--everettshen--StreetView360AtoZ/snapshots/f0b9ffb20c4dc68d4422db97b7da7b577970650e/data/1116__2Fmp6KUuknVsvuu3DDIFw_35.80356758_139.58877041.jpg,26.4814,88.62,0.03978
262_1nMz2Ktnkd2_eEJebGUmgg_-5.33418711_119.44510129,/home/alex/Desktop/school/comp-vis/dataset/datasets--everettshen--StreetView360AtoZ/snapshots/f0b9ffb20c4dc68d4422db97b7da7b577970650e/data/262_1nMz2Ktnkd2_eEJebGUmgg_-5.33418711_119.44510129.jpg,81.8627,248.62,0.036438
866_1b5ZZ5kBB4Wr-6JVzxggDQ_39.01358152_-9.41864532,/home/alex/Desktop/school/comp-vis/dataset/datasets--everettshen--StreetView360AtoZ/snapshots/f0b9ffb20c4dc68d4422db97b7da7b577970650e/data/866_1b5ZZ5kBB4Wr-6JVzxggDQ_39.01358152_-9.41864532.jpg,52.656,131.76,0.046448
1333_-1Dqalw-9d35--P-5tQVGw_-33.69198829_136.27240027,/home/alex/Desktop/school/comp-vis/dataset/datasets--everettshen--StreetView360AtoZ/snapshots/f0b9ffb20c4dc68d4422db97b7da7b577970650e/data/1333_-1Dqalw-9d35--P-5tQVGw_-33.69198829_136.27240027.jpg,44.4889,112.55,0.015518
630_ME9yVRChPKXGlb2Z4F0VYQ_-31.95624836_141.44437007,/home/alex/Desktop/school/comp-vis/dataset/datasets--everettshen--StreetView360AtoZ/snapshots/f0b9ffb20c4dc68d4422db97b7da7b577970650e/data/630_ME9yVRChPKXGlb2Z4F0VYQ_-31.95624836_141.44437007.jpg,17.343,37.62,0.017639
1941_1p1ImtQDaQauWHZJfA7kdQ_31.95767917_-102.06665315,/home/alex/Desktop/school/comp-vis/dataset/datasets--everettshen--StreetView360AtoZ/snapshots/f0b9ffb20c4dc68d4422db97b7da7b577970650e/data/1941_1p1ImtQDaQauWHZJfA7kdQ_31.95767917_-102.06665315.jpg,32.7916,385.84,0.040833
954_jQsehLSD6DT6XsfJP3YYQg_45.40169692_-71.89797744,/home/alex/Desktop/school/comp-vis/dataset/datasets--everettshen--StreetView360AtoZ/snapshots/f0b9ffb20c4dc68d4422db97b7da7b577970650e/data/954_jQsehLSD6DT6XsfJP3YYQg_45.40169692_-71.89797744.jpg,52.1993,393.49,0.018387
408_Tx_j5Miqfr4ogrSMqsIZpg_-32.89672286_151.70248321,/home/alex/Desktop/school/comp-vis/dataset/datasets--everettshen--StreetView360AtoZ/snapshots/f0b9ffb20c4dc68d4422db97b7da7b577970650e/data/408_Tx_j5Miqfr4ogrSMqsIZpg_-32.89672286_151.70248321.jpg,50.3085,17.73,0.020462
356_Nd_6cwZyyh1n_qSP-Gn8Gg_17.59709940_80.00240862,/home/alex/Desktop/school/comp-vis/dataset/datasets--everettshen--StreetView360AtoZ/snapshots/f0b9ffb20c4dc68d4422db97b7da7b577970650e/data/356_Nd_6cwZyyh1n_qSP-Gn8Gg_17.59709940_80.00240862.jpg,54.6972,325.46,0.094055
1419_j9z1y_je4My34FFaJs-Rww_38.08478641_13.41694147,/home/alex/Desktop/school/comp-vis/dataset/datasets--everettshen--StreetView360AtoZ/snapshots/f0b9ffb20c4dc68d4422db97b7da7b577970650e/data/1419_j9z1y_je4My34FFaJs-Rww_38.08478641_13.41694147.jpg,47.8916,362.37,0.08046
470_lte2xw_-pXIMoO8o_6_ONA_33.23482223_-99.70421078,/home/alex/Desktop/school/comp-vis/dataset/datasets--everettshen--StreetView360AtoZ/snapshots/f0b9ffb20c4dc68d4422db97b7da7b577970650e/data/470_lte2xw_-pXIMoO8o_6_ONA_33.23482223_-99.70421078.jpg,23.2045,416.78,0.073273
952_IwDXmywgSc-FbiRyvFJ1CQ_40.16204500_15.36539382,/home/alex/Desktop/school/comp-vis/dataset/datasets--everettshen--StreetView360AtoZ/snapshots/f0b9ffb20c4dc68d4422db97b7da7b577970650e/data/952_IwDXmywgSc-FbiRyvFJ1CQ_40.16204500_15.36539382.jpg,73.2535,283.59,0.272354
770_eXBhlpqrtrgrGvK3tYv5ag_48.72256946_10.83716971,/home/alex/Desktop/school/comp-vis/dataset/datasets--everettshen--StreetView360AtoZ/snapshots/f0b9ffb20c4dc68d4422db97b7da7b577970650e/data/770_eXBhlpqrtrgrGvK3tYv5ag_48.72256946_10.83716971.jpg,51.015,75.01,0.011826
113_CsmOnE8AIyEiUP-p-nc44g_0.62615445_34.57959885,/home/alex/Desktop/school/comp-vis/dataset/datasets--everettshen--StreetView360AtoZ/snapshots/f0b9ffb20c4dc68d4422db97b7da7b577970650e/data/113_CsmOnE8AIyEiUP-p-nc44g_0.62615445_34.57959885.jpg,58.3545,286.12,0.034576
111_Cb_RDa9xcuRa6dS5m5I7aQ_48.69599416_-0.61543952,/home/alex/Desktop/school/comp-vis/dataset/datasets--everettshen--StreetView360AtoZ/snapshots/f0b9ffb20c4dc68d4422db97b7da7b577970650e/data/111_Cb_RDa9xcuRa6dS5m5I7aQ_48.69599416_-0.61543952.jpg,18.5642,20.62,0.01651
1056_DxUchrBiG3JxHh3MqNyEiA_32.44290970_-104.22095652,/home/alex/Desktop/school/comp-vis/dataset/datasets--everettshen--StreetView360AtoZ/snapshots/f0b9ffb20c4dc68d4422db97b7da7b577970650e/data/1056_DxUchrBiG3JxHh3MqNyEiA_32.44290970_-104.22095652.jpg,25.7161,35.89,0.014587
44_yy22x5LUvdOB_2vu06kR3g_23.99402399_120.66034079,/home/alex/Desktop/school/comp-vis/dataset/datasets--everettshen--StreetView360AtoZ/snapshots/f0b9ffb20c4dc68d4422db97b7da7b577970650e/data/44_yy22x5LUvdOB_2vu06kR3g_23.99402399_120.66034079.jpg,48.2753,320.09,0.051132
309_2fntyVOXLFg0lvRuw4lJYA_46.09787224_-118.91226317,/home/alex/Desktop/school/comp-vis/dataset/datasets--everettshen--StreetView360AtoZ/snapshots/f0b9ffb20c4dc68d4422db97b7da7b577970650e/data/309_2fntyVOXLFg0lvRuw4lJYA_46.09787224_-118.91226317.jpg,19.4514,203.36,0.050491
682_fwsWpaWz4TFt0lw1bZgtdA_19.48533316_-99.24205845,/home/alex/Desktop/school/comp-vis/dataset/datasets--everettshen--StreetView360AtoZ/snapshots/f0b9ffb20c4dc68d4422db97b7da7b577970650e/data/682_fwsWpaWz4TFt0lw1bZgtdA_19.48533316_-99.24205845.jpg,70.6727,241.49,0.31163
3038_AsrUpZ6_heHfZuDadOK6hQ_-12.17526381_-39.21173538,/home/alex/Desktop/school/comp-vis/dataset/datasets--everettshen--StreetView360AtoZ/snapshots/f0b9ffb20c4dc68d4422db97b7da7b577970650e/data/3038_AsrUpZ6_heHfZuDadOK6hQ_-12.17526381_-39.21173538.jpg,21.3813,127.49,0.028214
964_wpo0io0yH6Gx_-QNyhVCSg_47.74857734_10.97633063,/home/alex/Desktop/school/comp-vis/dataset/datasets--everettshen--StreetView360AtoZ/snapshots/f0b9ffb20c4dc68d4422db97b7da7b577970650e/data/964_wpo0io0yH6Gx_-QNyhVCSg_47.74857734_10.97633063.jpg,52.3291,428.22,0.046417
735_F7x_M8pUbbItrwVJhRUtRw_-30.24244544_30.78097207,/home/alex/Desktop/school/comp-vis/dataset/datasets--everettshen--StreetView360AtoZ/snapshots/f0b9ffb20c4dc68d4422db97b7da7b577970650e/data/735_F7x_M8pUbbItrwVJhRUtRw_-30.24244544_30.78097207.jpg,73.2372,283.69,0.100876
1776_H7AT-z7ZIFIxcxtUxolnyg_-7.23509343_111.02072554,/home/alex/Desktop/school/comp-vis/dataset/datasets--everettshen--StreetView360AtoZ/snapshots/f0b9ffb20c4dc68d4422db97b7da7b577970650e/data/1776_H7AT-z7ZIFIxcxtUxolnyg_-7.23509343_111.02072554.jpg,82.2835,144.07,0.080978
1884_QBD5GHRkzF8shXgR_m447g_43.73400583_7.41341292,/home/alex/Desktop/school/comp-vis/dataset/datasets--everettshen--StreetView360AtoZ/snapshots/f0b9ffb20c4dc68d4422db97b7da7b577970650e/data/1884_QBD5GHRkzF8shXgR_m447g_43.73400583_7.41341292.jpg,28.7805,499.14,0.011353
1483_2gMs5YyBaRlAUeLHRTWpeg_37.26883176_32.72857315,/home/alex/Desktop/school/comp-vis/dataset/datasets--everettshen--StreetView360AtoZ/snapshots/f0b9ffb20c4dc68d4422db97b7da7b577970650e/data/1483_2gMs5YyBaRlAUeLHRTWpeg_37.26883176_32.72857315.jpg,54.5439,197.41,0.035645
777_Djk3X6cZOS-8MGh75dJVCw_51.86111190_43.48450873,/home/alex/Desktop/school/comp-vis/dataset/datasets--everettshen--StreetView360AtoZ/snapshots/f0b9ffb20c4dc68d4422db97b7da7b577970650e/data/777_Djk3X6cZOS-8MGh75dJVCw_51.86111190_43.48450873.jpg,47.4648,111.04,0.037979
1668_ThXtCHvujcNlgg_K-1wrMw_-31.67028664_116.03100261,/home/alex/Desktop/school/comp-vis/dataset/datasets--everettshen--StreetView360AtoZ/snapshots/f0b9ffb20c4dc68d4422db97b7da7b577970650e/data/1668_ThXtCHvujcNlgg_K-1wrMw_-31.67028664_116.03100261.jpg,62.1346,473.89,0.014008
285_rDFT4Z0uxAUZy5GWGgHIuw_27.41468522_79.52670585,/home/alex/Desktop/school/comp-vis/dataset/datasets--everettshen--StreetView360AtoZ/snapshots/f0b9ffb20c4dc68d4422db97b7da7b577970650e/data/285_rDFT4Z0uxAUZy5GWGgHIuw_27.41468522_79.52670585.jpg,37.3599,176.17,0.07579
1055_jDNFY6cgmYDUA0vmb9tE1g_-33.30002031_26.49991633,/home/alex/Desktop/school/comp-vis/dataset/datasets--everettshen--StreetView360AtoZ/snapshots/f0b9ffb20c4dc68d4422db97b7da7b577970650e/data/1055_jDNFY6cgmYDUA0vmb9tE1g_-33.30002031_26.49991633.jpg,33.7657,362.68,0.080673
1602_3Is4meI96Yc-gPIdO9fJXA_25.85071682_76.21392460,/home/alex/Desktop/school/comp-vis/dataset/datasets--everettshen--StreetView360AtoZ/snapshots/f0b9ffb20c4dc68d4422db97b7da7b577970650e/data/1602_3Is4meI96Yc-gPIdO9fJXA_25.85071682_76.21392460.jpg,24.6508,362.23,0.108643
393_a79k-u2MoG2GeszOEvldnQ_48.92005909_9.80679454,/home/alex/Desktop/school/comp-vis/dataset/datasets--everettshen--StreetView360AtoZ/snapshots/f0b9ffb20c4dc68d4422db97b7da7b577970650e/data/393_a79k-u2MoG2GeszOEvldnQ_48.92005909_9.80679454.jpg,72.9201,235.38,0.038742
928_VoV47O6AL2B8sWO8_FhaOQ_-26.13318187_28.15026272,/home/alex/Desktop/school/comp-vis/dataset/datasets--everettshen--StreetView360AtoZ/snapshots/f0b9ffb20c4dc68d4422db97b7da7b577970650e/data/928_VoV47O6AL2B8sWO8_FhaOQ_-26.13318187_28.15026272.jpg,35.1212,147.32,0.058029
1363_gD2_WeOZFdIPBoXfcTB-Fw_-33.11187339_-64.34794098,/home/alex/Desktop/school/comp-vis/dataset/datasets--everettshen--StreetView360AtoZ/snapshots/f0b9ffb20c4dc68d4422db97b7da7b577970650e/data/1363_gD2_WeOZFdIPBoXfcTB-Fw_-33.11187339_-64.34794098.jpg,42.4318,437.15,0.01297
1271_1hgCIg_6ha5VFi7nYG1LDA_61.33865959_11.24992532,/home/alex/Desktop/school/comp-vis/dataset/datasets--everettshen--StreetView360AtoZ/snapshots/f0b9ffb20c4dc68d4422db97b7da7b577970650e/data/1271_1hgCIg_6ha5VFi7nYG1LDA_61.33865959_11.24992532.jpg,37.747,356.3,0.018005
931_mHau9gMMGLwSMFT1PAEqsA_12.84342523_101.07259312,/home/alex/Desktop/school/comp-vis/dataset/datasets--everettshen--StreetView360AtoZ/snapshots/f0b9ffb20c4dc68d4422db97b7da7b577970650e/data/931_mHau9gMMGLwSMFT1PAEqsA_12.84342523_101.07259312.jpg,28.2618,93.1,0.050858
1692_BM-x1hAHy22ewH2CAa9ICA_43.32064138_-4.05416009,/home/alex/Desktop/school/comp-vis/dataset/datasets--everettshen--StreetView360AtoZ/snapshots/f0b9ffb20c4dc68d4422db97b7da7b577970650e/data/1692_BM-x1hAHy22ewH2CAa9ICA_43.32064138_-4.05416009.jpg,48.8167,41.07,0.088669
1614_2BVfOZ5Yg7GUW6RZ4CzvzA_62.98737497_21.96445007,/home/alex/Desktop/school/comp-vis/dataset/datasets--everettshen--StreetView360AtoZ/snapshots/f0b9ffb20c4dc68d4422db97b7da7b577970650e/data/1614_2BVfOZ5Yg7GUW6RZ4CzvzA_62.98737497_21.96445007.jpg,34.289,213.39,0.035995
329_rL4V8351NBTY1Kw4hZ_6sg_47.01697422_19.03381006,/home/alex/Desktop/school/comp-vis/dataset/datasets--everettshen--StreetView360AtoZ/snapshots/f0b9ffb20c4dc68d4422db97b7da7b577970650e/data/329_rL4V8351NBTY1Kw4hZ_6sg_47.01697422_19.03381006.jpg,59.9107,178.24,0.031662
1780_P2Tuf2Y4iQn2TuX9WMyl9A_-0.55025515_34.80049093,/home/alex/Desktop/school/comp-vis/dataset/datasets--everettshen--StreetView360AtoZ/snapshots/f0b9ffb20c4dc68d4422db97b7da7b577970650e/data/1780_P2Tuf2Y4iQn2TuX9WMyl9A_-0.55025515_34.80049093.jpg,68.63,100.65,0.047333
1203_-u6KX8pMt1WLL5JYkhDIYg_13.23953952_79.58837321,/home/alex/Desktop/school/comp-vis/dataset/datasets--everettshen--StreetView360AtoZ/snapshots/f0b9ffb20c4dc68d4422db97b7da7b577970650e/data/1203_-u6KX8pMt1WLL5JYkhDIYg_13.23953952_79.58837321.jpg,18.715,342.14,0.011551
3425_9ewm1M5IxTFVYvqe3qHgcQ_49.88976318_-97.16069384,/home/alex/Desktop/school/comp-vis/dataset/datasets--everettshen--StreetView360AtoZ/snapshots/f0b9ffb20c4dc68d4422db97b7da7b577970650e/data/3425_9ewm1M5IxTFVYvqe3qHgcQ_49.88976318_-97.16069384.jpg,46.1755,376.61,0.014221
1182_09KLhbOMrzGDutq64pUOMA_-38.35822830_176.75016100,/home/alex/Desktop/school/comp-vis/dataset/datasets--everettshen--StreetView360AtoZ/snapshots/f0b9ffb20c4dc68d4422db97b7da7b577970650e/data/1182_09KLhbOMrzGDutq64pUOMA_-38.35822830_176.75016100.jpg,77.8011,264.41,0.179169
965_XE9nEDk38REhI0K8qmwXgA_27.34349196_81.29138079,/home/alex/Desktop/school/comp-vis/dataset/datasets--everettshen--StreetView360AtoZ/snapshots/f0b9ffb20c4dc68d4422db97b7da7b577970650e/data/965_XE9nEDk38REhI0K8qmwXgA_27.34349196_81.29138079.jpg,66.5088,403.37,0.033554
1381_hAwRPg8_muZX4k60lFJHaw_23.37970555_76.06920672,/home/alex/Desktop/school/comp-vis/dataset/datasets--everettshen--StreetView360AtoZ/snapshots/f0b9ffb20c4dc68d4422db97b7da7b577970650e/data/1381_hAwRPg8_muZX4k60lFJHaw_23.37970555_76.06920672.jpg,58.1875,190.46,0.162796
1727_qb4cLgU24tvANDhteFDJRA_41.38651274_2.17865578,/home/alex/Desktop/school/comp-vis/dataset/datasets--everettshen--StreetView360AtoZ/snapshots/f0b9ffb20c4dc68d4422db97b7da7b577970650e/data/1727_qb4cLgU24tvANDhteFDJRA_41.38651274_2.17865578.jpg,62.653,498.46,0.01062
911_B0rLxLEhCWzhvVGUD61l6w_46.72786512_0.65410074,/home/alex/Desktop/school/comp-vis/dataset/datasets--everettshen--StreetView360AtoZ/snapshots/f0b9ffb20c4dc68d4422db97b7da7b577970650e/data/911_B0rLxLEhCWzhvVGUD61l6w_46.72786512_0.65410074.jpg,30.1109,366.43,0.034973
145_6h_P2oEiqoPVDtwOR2673w_46.13025856_-74.54786987,/home/alex/Desktop/school/comp-vis/dataset/datasets--everettshen--StreetView360AtoZ/snapshots/f0b9ffb20c4dc68d4422db97b7da7b577970650e/data/145_6h_P2oEiqoPVDtwOR2673w_46.13025856_-74.54786987.jpg,34.8383,273.52,0.080963
1180_p7xAxKZCmIFafR_SJkDHaw_35.14251940_-119.45663538,/home/alex/Desktop/school/comp-vis/dataset/datasets--everettshen--StreetView360AtoZ/snapshots/f0b9ffb20c4dc68d4422db97b7da7b577970650e/data/1180_p7xAxKZCmIFafR_SJkDHaw_35.14251940_-119.45663538.jpg,70.1949,195.45,0.03981
561_3-io60nPxL5nnUMhPtachw_52.31829467_11.09096070,/home/alex/Desktop/school/comp-vis/dataset/datasets--everettshen--StreetView360AtoZ/snapshots/f0b9ffb20c4dc68d4422db97b7da7b577970650e/data/561_3-io60nPxL5nnUMhPtachw_52.31829467_11.09096070.jpg,38.5288,409.17,0.064911
1180_XmUxvJezibTYoCGeYufoCw_60.22437640_17.70095044,/home/alex/Desktop/school/comp-vis/dataset/datasets--everettshen--StreetView360AtoZ/snapshots/f0b9ffb20c4dc68d4422db97b7da7b577970650e/data/1180_XmUxvJezibTYoCGeYufoCw_60.22437640_17.70095044.jpg,36.2655,237.87,0.024017
1443_gGaMWz_-S8PSxxXRpUbrKg_50.57430296_5.80707915,/home/alex/Desktop/school/comp-vis/dataset/datasets--everettshen--StreetView360AtoZ/snapshots/f0b9ffb20c4dc68d4422db97b7da7b577970650e/data/1443_gGaMWz_-S8PSxxXRpUbrKg_50.57430296_5.80707915.jpg,14.9172,247.72,0.027466
220_AWnnCgRjzN0NYR0UW0VoZQ_-19.93319202_-40.40590229,/home/alex/Desktop/school/comp-vis/dataset/datasets--everettshen--StreetView360AtoZ/snapshots/f0b9ffb20c4dc68d4422db97b7da7b577970650e/data/220_AWnnCgRjzN0NYR0UW0VoZQ_-19.93319202_-40.40590229.jpg,34.584,241.74,0.014221
733_LV7hCAIIMHWUmpxf-2kgVQ_52.41653121_-6.56710055,/home/alex/Desktop/school/comp-vis/dataset/datasets--everettshen--StreetView360AtoZ/snapshots/f0b9ffb20c4dc68d4422db97b7da7b577970650e/data/733_LV7hCAIIMHWUmpxf-2kgVQ_52.41653121_-6.56710055.jpg,52.7767,328.34,0.063461
672_Iucrq0mxAOzBQa0gAUwHPA_-19.12925399_-40.55417307,/home/alex/Desktop/school/comp-vis/dataset/datasets--everettshen--StreetView360AtoZ/snapshots/f0b9ffb20c4dc68d4422db97b7da7b577970650e/data/672_Iucrq0mxAOzBQa0gAUwHPA_-19.12925399_-40.55417307.jpg,25.3491,90.8,0.045898
2734_Aa04bbQyGQu_6TWE4FHKyQ_18.02489032_74.53927796,/home/alex/Desktop/school/comp-vis/dataset/datasets--everettshen--StreetView360AtoZ/snapshots/f0b9ffb20c4dc68d4422db97b7da7b577970650e/data/2734_Aa04bbQyGQu_6TWE4FHKyQ_18.02489032_74.53927796.jpg,66.4598,97.4,0.039322
2780_KJvWan8UhZ9dbNMVfZmv_g_26.58424679_80.95614357,/home/alex/Desktop/school/comp-vis/dataset/datasets--everettshen--StreetView360AtoZ/snapshots/f0b9ffb20c4dc68d4422db97b7da7b577970650e/data/2780_KJvWan8UhZ9dbNMVfZmv_g_26.58424679_80.95614357.jpg,49.2023,241.64,0.08342
819_vs2je9pXvGUlxWFnSUadXA_54.62450933_-8.60073485,/home/alex/Desktop/school/comp-vis/dataset/datasets--everettshen--StreetView360AtoZ/snapshots/f0b9ffb20c4dc68d4422db97b7da7b577970650e/data/819_vs2je9pXvGUlxWFnSUadXA_54.62450933_-8.60073485.jpg,73.5136,485.66,0.013031
471_M8e5-2O03-WoF-PnZqGjbg_36.17118358_-86.30208094,/home/alex/Desktop/school/comp-vis/dataset/datasets--everettshen--StreetView360AtoZ/snapshots/f0b9ffb20c4dc68d4422db97b7da7b577970650e/data/471_M8e5-2O03-WoF-PnZqGjbg_36.17118358_-86.30208094.jpg,74.9649,181.65,0.076019
90_5WJcxArf5FBuMbimUCIGiA_-33.82740624_121.92818345,/home/alex/Desktop/school/comp-vis/dataset/datasets--everettshen--StreetView360AtoZ/snapshots/f0b9ffb20c4dc68d4422db97b7da7b577970650e/data/90_5WJcxArf5FBuMbimUCIGiA_-33.82740624_121.92818345.jpg,37.3437,472.59,0.037476
804_Gmekah679BKUvjlOwRLr-w_43.31973279_-73.66214350,/home/alex/Desktop/school/comp-vis/dataset/datasets--everettshen--StreetView360AtoZ/snapshots/f0b9ffb20c4dc68d4422db97b7da7b577970650e/data/804_Gmekah679BKUvjlOwRLr-w_43.31973279_-73.66214350.jpg,60.2865,174.02,0.128616
1238_ZM00_gBayWMxK8JcBB3SxA_34.48381764_-114.32257065,/home/alex/Desktop/school/comp-vis/dataset/datasets--everettshen--StreetView360AtoZ/snapshots/f0b9ffb20c4dc68d4422db97b7da7b577970650e/data/1238_ZM00_gBayWMxK8JcBB3SxA_34.48381764_-114.32257065.jpg,22.6338,303.61,0.062988
674_PVxr3a70JqdqELU-1925Yw_22.61920537_75.76981334,/home/alex/Desktop/school/comp-vis/dataset/datasets--everettshen--StreetView360AtoZ/snapshots/f0b9ffb20c4dc68d4422db97b7da7b577970650e/data/674_PVxr3a70JqdqELU-1925Yw_22.61920537_75.76981334.jpg,43.8535,251.12,0.121429
1125_eMkHu14HeRwkh5kBLV9Qgg_-33.97347855_25.62041721,/home/alex/Desktop/school/comp-vis/dataset/datasets--everettshen--StreetView360AtoZ/snapshots/f0b9ffb20c4dc68d4422db97b7da7b577970650e/data/1125_eMkHu14HeRwkh5kBLV9Qgg_-33.97347855_25.62041721.jpg,17.8135,258.66,0.01532
3364_92i2dojSJIDV-Z-7kyg5DA_-4.47050330_105.08256169,/home/alex/Desktop/school/comp-vis/dataset/datasets--everettshen--StreetView360AtoZ/snapshots/f0b9ffb20c4dc68d4422db97b7da7b577970650e/data/3364_92i2dojSJIDV-Z-7kyg5DA_-4.47050330_105.08256169.jpg,85.6708,340.93,0.022964
409_57iBv3BepVU9GBgkYlVA6Q_39.70082474_-0.92625410,/home/alex/Desktop/school/comp-vis/dataset/datasets--everettshen--StreetView360AtoZ/snapshots/f0b9ffb20c4dc68d4422db97b7da7b577970650e/data/409_57iBv3BepVU9GBgkYlVA6Q_39.70082474_-0.92625410.jpg,27.0103,87.73,0.029938
191_gmSWs05vN8DzxXiayJTjsw_27.75395864_-15.58024781,/home/alex/Desktop/school/comp-vis/dataset/datasets--everettshen--StreetView360AtoZ/snapshots/f0b9ffb20c4dc68d4422db97b7da7b577970650e/data/191_gmSWs05vN8DzxXiayJTjsw_27.75395864_-15.58024781.jpg,26.9714,235.03,0.021301
40_ZnUbrJyf6hYy4lsf1yQS_Q_-17.94427486_-47.46477675,/home/alex/Desktop/school/comp-vis/dataset/datasets--everettshen--StreetView360AtoZ/snapshots/f0b9ffb20c4dc68d4422db97b7da7b577970650e/data/40_ZnUbrJyf6hYy4lsf1yQS_Q_-17.94427486_-47.46477675.jpg,79.9225,253.52,0.126389
77_ZJS7wmg6XeG6p6saXzY9xw_54.75423133_-6.60942269,/home/alex/Desktop/school/comp-vis/dataset/datasets--everettshen--StreetView360AtoZ/snapshots/f0b9ffb20c4dc68d4422db97b7da7b577970650e/data/77_ZJS7wmg6XeG6p6saXzY9xw_54.75423133_-6.60942269.jpg,45.4628,116.67,0.048691
2170_FZ4BxBAXd7N9hHQ46CGEoQ_40.96079991_-102.38838829,/home/alex/Desktop/school/comp-vis/dataset/datasets--everettshen--StreetView360AtoZ/snapshots/f0b9ffb20c4dc68d4422db97b7da7b577970650e/data/2170_FZ4BxBAXd7N9hHQ46CGEoQ_40.96079991_-102.38838829.jpg,47.1651,386.75,0.048737
580_AshTFtvAmv7OoY5cE9mhug_41.53750247_-74.41995062,/home/alex/Desktop/school/comp-vis/dataset/datasets--everettshen--StreetView360AtoZ/snapshots/f0b9ffb20c4dc68d4422db97b7da7b577970650e/data/580_AshTFtvAmv7OoY5cE9mhug_41.53750247_-74.41995062.jpg,46.6987,411.03,0.11702
394_7nyOV9f2JwK7HJgDvM55YA_41.28795552_-99.38250249,/home/alex/Desktop/school/comp-vis/dataset/datasets--everettshen--StreetView360AtoZ/snapshots/f0b9ffb20c4dc68d4422db97b7da7b577970650e/data/394_7nyOV9f2JwK7HJgDvM55YA_41.28795552_-99.38250249.jpg,71.6593,163.28,0.124374
2262_V8iP89wzQlV1ZFYwvzOSGg_31.93204639_-87.69142941,/home/alex/Desktop/school/comp-vis/dataset/datasets--everettshen--StreetView360AtoZ/snapshots/f0b9ffb20c4dc68d4422db97b7da7b577970650e/data/2262_V8iP89wzQlV1ZFYwvzOSGg_31.93204639_-87.69142941.jpg,65.4255,201.26,0.03009
2289_lfJms7hOTxc4zboFw5LjpQ_37.65146445_-80.75428982,/home/alex/Desktop/school/comp-vis/dataset/datasets--everettshen--StreetView360AtoZ/snapshots/f0b9ffb20c4dc68d4422db97b7da7b577970650e/data/2289_lfJms7hOTxc4zboFw5LjpQ_37.65146445_-80.75428982.jpg,77.854,263.91,0.25032
1749_GiWz8P2VmORtgPiIgvmtow_37.59253796_-121.95610926,/home/alex/Desktop/school/comp-vis/dataset/datasets--everettshen--StreetView360AtoZ/snapshots/f0b9ffb20c4dc68d4422db97b7da7b577970650e/data/1749_GiWz8P2VmORtgPiIgvmtow_37.59253796_-121.95610926.jpg,50.8753,18.88,0.010178
353_6b0le8yuCj9E0ANLFxSAUw_8.78343945_-82.43285271,/home/alex/Desktop/school/comp-vis/dataset/datasets--everettshen--StreetView360AtoZ/snapshots/f0b9ffb20c4dc68d4422db97b7da7b577970650e/data/353_6b0le8yuCj9E0ANLFxSAUw_8.78343945_-82.43285271.jpg,58.6165,265.46,0.051865
2403_O2tQjYPnb1c49cqkDityeg_59.46566620_17.82905294,/home/alex/Desktop/school/comp-vis/dataset/datasets--everettshen--StreetView360AtoZ/snapshots/f0b9ffb20c4dc68d4422db97b7da7b577970650e/data/2403_O2tQjYPnb1c49cqkDityeg_59.46566620_17.82905294.jpg,40.4117,477.99,0.027161
2081_szVqB4g1HZcKTKdq5mtudg_-41.13300198_175.04979921,/home/alex/Desktop/school/comp-vis/dataset/datasets--everettshen--StreetView360AtoZ/snapshots/f0b9ffb20c4dc68d4422db97b7da7b577970650e/data/2081_szVqB4g1HZcKTKdq5mtudg_-41.13300198_175.04979921.jpg,45.5852,212.59,0.012161
1438_R513CL0E2mm4yiKtIJTaNw_47.55329365_16.44949210,/home/alex/Desktop/school/comp-vis/dataset/datasets--everettshen--StreetView360AtoZ/snapshots/f0b9ffb20c4dc68d4422db97b7da7b577970650e/data/1438_R513CL0E2mm4yiKtIJTaNw_47.55329365_16.44949210.jpg,86.9686,390.02,0.011551
504_UeXYV_ejTbi5ndIVfijdZA_46.17237275_-91.90272938,/home/alex/Desktop/school/comp-vis/dataset/datasets--everettshen--StreetView360AtoZ/snapshots/f0b9ffb20c4dc68d4422db97b7da7b577970650e/data/504_UeXYV_ejTbi5ndIVfijdZA_46.17237275_-91.90272938.jpg,28.6262,371.27,0.013702
835_9PbvE69CQM1cZy1k-3YBfg_62.59635627_9.56300629,/home/alex/Desktop/school/comp-vis/dataset/datasets--everettshen--StreetView360AtoZ/snapshots/f0b9ffb20c4dc68d4422db97b7da7b577970650e/data/835_9PbvE69CQM1cZy1k-3YBfg_62.59635627_9.56300629.jpg,30.3484,434.98,0.035187
575_EEnnXgYEUCTCq-MlEFc61A_61.13800850_28.81850749,/home/alex/Desktop/school/comp-vis/dataset/datasets--everettshen--StreetView360AtoZ/snapshots/f0b9ffb20c4dc68d4422db97b7da7b577970650e/data/575_EEnnXgYEUCTCq-MlEFc61A_61.13800850_28.81850749.jpg,41.5108,25.01,0.024689
1888_6s7K72nj6hCAyIGK1hQqkQ_40.97759670_27.50800979,/home/alex/Desktop/school/comp-vis/dataset/datasets--everettshen--StreetView360AtoZ/snapshots/f0b9ffb20c4dc68d4422db97b7da7b577970650e/data/1888_6s7K72nj6hCAyIGK1hQqkQ_40.97759670_27.50800979.jpg,32.0883,118.9,0.018326
1434_A_UUg9X_0DFXkfYY24urlw_-38.15014517_176.28358345,/home/alex/Desktop/school/comp-vis/dataset/datasets--everettshen--StreetView360AtoZ/snapshots/f0b9ffb20c4dc68d4422db97b7da7b577970650e/data/1434_A_UUg9X_0DFXkfYY24urlw_-38.15014517_176.28358345.jpg,21.4678,475.76,0.041702
470_sgw_LSMLkRna2BukZEL4Zg_41.05496224_40.71535795,/home/alex/Desktop/school/comp-vis/dataset/datasets--everettshen--StreetView360AtoZ/snapshots/f0b9ffb20c4dc68d4422db97b7da7b577970650e/data/470_sgw_LSMLkRna2BukZEL4Zg_41.05496224_40.71535795.jpg,22.8344,83.75,0.046341
1014_nS_lE-Ll8A-JqcFO1PxKPw_43.35650806_-3.01119126,/home/alex/Desktop/school/comp-vis/dataset/datasets--everettshen--StreetView360AtoZ/snapshots/f0b9ffb20c4dc68d4422db97b7da7b577970650e/data/1014_nS_lE-Ll8A-JqcFO1PxKPw_43.35650806_-3.01119126.jpg,47.1155,124.84,0.024918
662_tXGbesVDbP_CpRv9RqjCcA_37.78716965_126.81905735,/home/alex/Desktop/school/comp-vis/dataset/datasets--everettshen--StreetView360AtoZ/snapshots/f0b9ffb20c4dc68d4422db97b7da7b577970650e/data/662_tXGbesVDbP_CpRv9RqjCcA_37.78716965_126.81905735.jpg,22.3672,227.77,0.0233
768_zWQsVtC-CyDb08ZCKZHclg_37.34885085_-120.97957218,/home/alex/Desktop/school/comp-vis/dataset/datasets--everettshen--StreetView360AtoZ/snapshots/f0b9ffb20c4dc68d4422db97b7da7b577970650e/data/768_zWQsVtC-CyDb08ZCKZHclg_37.34885085_-120.97957218.jpg,47.6549,90.01,0.02388
104__Km5hyh3aPiTi8rayfG83Q_13.76075839_76.34866136,/home/alex/Desktop/school/comp-vis/dataset/datasets--everettshen--StreetView360AtoZ/snapshots/f0b9ffb20c4dc68d4422db97b7da7b577970650e/data/104__Km5hyh3aPiTi8rayfG83Q_13.76075839_76.34866136.jpg,43.4354,56.37,0.126068
1786_4MdGF6NLf4BsrZTJ_DMwwg_-6.27599513_106.25066679,/home/alex/Desktop/school/comp-vis/dataset/datasets--everettshen--StreetView360AtoZ/snapshots/f0b9ffb20c4dc68d4422db97b7da7b577970650e/data/1786_4MdGF6NLf4BsrZTJ_DMwwg_-6.27599513_106.25066679.jpg,48.1788,199.9,0.045731
1079_7jgLrcELfSuuZ5Mt9582BQ_-4.46696532_39.48338738,/home/alex/Desktop/school/comp-vis/dataset/datasets--everettshen--StreetView360AtoZ/snapshots/f0b9ffb20c4dc68d4422db97b7da7b577970650e/data/1079_7jgLrcELfSuuZ5Mt9582BQ_-4.46696532_39.48338738.jpg,72.0296,190.95,0.063095
2647_9pvXzj1LjoKLL4hfVVqFNg_38.57595433_-75.06053995,/home/alex/Desktop/school/comp-vis/dataset/datasets--everettshen--StreetView360AtoZ/snapshots/f0b9ffb20c4dc68d4422db97b7da7b577970650e/data/2647_9pvXzj1LjoKLL4hfVVqFNg_38.57595433_-75.06053995.jpg,57.331,417.12,0.101059
721_gKM4aLVnZdpOL6QHm1dZiA_40.58491695_-74.30385523,/home/alex/Desktop/school/comp-vis/dataset/datasets--everettshen--StreetView360AtoZ/snapshots/f0b9ffb20c4dc68d4422db97b7da7b577970650e/data/721_gKM4aLVnZdpOL6QHm1dZiA_40.58491695_-74.30385523.jpg,57.8406,421.67,0.035294
3400_dgmqwTTAzp48SDvjNRTH8Q_-10.80364131_123.00042531,/home/alex/Desktop/school/comp-vis/dataset/datasets--everettshen--StreetView360AtoZ/snapshots/f0b9ffb20c4dc68d4422db97b7da7b577970650e/data/3400_dgmqwTTAzp48SDvjNRTH8Q_-10.80364131_123.00042531.jpg,60.7149,68.92,0.026917
1021_X7TPlfRli1C8u91Z8e5k4A_20.97420611_82.38349811,/home/alex/Desktop/school/comp-vis/dataset/datasets--everettshen--StreetView360AtoZ/snapshots/f0b9ffb20c4dc68d4422db97b7da7b577970650e/data/1021_X7TPlfRli1C8u91Z8e5k4A_20.97420611_82.38349811.jpg,40.3385,217.18,0.11055
262_wWleiONIy4SQt_c1DehGtA_40.15399772_-8.86561302,/home/alex/Desktop/school/comp-vis/dataset/datasets--everettshen--StreetView360AtoZ/snapshots/f0b9ffb20c4dc68d4422db97b7da7b577970650e/data/262_wWleiONIy4SQt_c1DehGtA_40.15399772_-8.86561302.jpg,61.0772,330.8,0.02034
1461_ruMLUWNZXzWXwUnITs1dig_33.51308387_-117.32730177,/home/alex/Desktop/school/comp-vis/dataset/datasets--everettshen--StreetView360AtoZ/snapshots/f0b9ffb20c4dc68d4422db97b7da7b577970650e/data/1461_ruMLUWNZXzWXwUnITs1dig_33.51308387_-117.32730177.jpg,17.0754,41.68,0.040848
402_hkRXZX7fNiqMQqZyd3XpWQ_47.48388690_18.63300987,/home/alex/Desktop/school/comp-vis/dataset/datasets--everettshen--StreetView360AtoZ/snapshots/f0b9ffb20c4dc68d4422db97b7da7b577970650e/data/402_hkRXZX7fNiqMQqZyd3XpWQ_47.48388690_18.63300987.jpg,57.4404,486.94,0.034485
425_hKEmJY-l-BKyHg4pzEAlXQ_-23.59726954_-48.31545359,/home/alex/Desktop/school/comp-vis/dataset/datasets--everettshen--StreetView360AtoZ/snapshots/f0b9ffb20c4dc68d4422db97b7da7b577970650e/data/425_hKEmJY-l-BKyHg4pzEAlXQ_-23.59726954_-48.31545359.jpg,75.5395,412.25,0.038345
2026_wOz3FzS_i3xFSlxzT1pqeg_20.07675131_77.63406047,/home/alex/Desktop/school/comp-vis/dataset/datasets--everettshen--StreetView360AtoZ/snapshots/f0b9ffb20c4dc68d4422db97b7da7b577970650e/data/2026_wOz3FzS_i3xFSlxzT1pqeg_20.07675131_77.63406047.jpg,30.431,354.12,0.128357
3053_GkHlTTjgOBz1zRzZNwlhWA_30.66363835_74.24210940,/home/alex/Desktop/school/comp-vis/dataset/datasets--everettshen--StreetView360AtoZ/snapshots/f0b9ffb20c4dc68d4422db97b7da7b577970650e/data/3053_GkHlTTjgOBz1zRzZNwlhWA_30.66363835_74.24210940.jpg,58.2371,160.83,0.061325
1532_RNY0gqh-G-bBlLmOQV3VAw_61.86698066_34.15024756,/home/alex/Desktop/school/comp-vis/dataset/datasets--everettshen--StreetView360AtoZ/snapshots/f0b9ffb20c4dc68d4422db97b7da7b577970650e/data/1532_RNY0gqh-G-bBlLmOQV3VAw_61.86698066_34.15024756.jpg,11.2665,20.32,0.011658
726_7rvHuAvF2ol0iettZ9SMIg_45.91702441_1.01730262,/home/alex/Desktop/school/comp-vis/dataset/datasets--everettshen--StreetView360AtoZ/snapshots/f0b9ffb20c4dc68d4422db97b7da7b577970650e/data/726_7rvHuAvF2ol0iettZ9SMIg_45.91702441_1.01730262.jpg,35.8347,211.66,0.045456
522_NQxjjo70Gba22Fq1KV1FwA_35.06171221_-108.84341109,/home/alex/Desktop/school/comp-vis/dataset/datasets--everettshen--StreetView360AtoZ/snapshots/f0b9ffb20c4dc68d4422db97b7da7b577970650e/data/522_NQxjjo70Gba22Fq1KV1FwA_35.06171221_-108.84341109.jpg,63.4313,48.2,0.014526
2516_Ap8AZRnB6I5pYUjCInXHYA_28.08659181_-82.52081233,/home/alex/Desktop/school/comp-vis/dataset/datasets--everettshen--StreetView360AtoZ/snapshots/f0b9ffb20c4dc68d4422db97b7da7b577970650e/data/2516_Ap8AZRnB6I5pYUjCInXHYA_28.08659181_-82.52081233.jpg,24.496,183.64,0.054001
2067_PvhxTClsjlaj9PHy-E6zeQ_50.63368657_3.06320604,/home/alex/Desktop/school/comp-vis/dataset/datasets--everettshen--StreetView360AtoZ/snapshots/f0b9ffb20c4dc68d4422db97b7da7b577970650e/data/2067_PvhxTClsjlaj9PHy-E6zeQ_50.63368657_3.06320604.jpg,71.37,265.23,0.314957
219_2ETG_BTGyn8BhIFAlx8g2g_-36.99711487_-73.15800422,/home/alex/Desktop/school/comp-vis/dataset/datasets--everettshen--StreetView360AtoZ/snapshots/f0b9ffb20c4dc68d4422db97b7da7b577970650e/data/219_2ETG_BTGyn8BhIFAlx8g2g_-36.99711487_-73.15800422.jpg,58.5599,354.66,0.021469
2757_yJO-mUuv77FNcedLCbUJqg_19.03669566_73.01540968,/home/alex/Desktop/school/comp-vis/dataset/datasets--everettshen--StreetView360AtoZ/snapshots/f0b9ffb20c4dc68d4422db97b7da7b577970650e/data/2757_yJO-mUuv77FNcedLCbUJqg_19.03669566_73.01540968.jpg,50.0828,17.52,0.024338
574_GTtneBxfLkbF-7qKhYPxxA_64.58307318_18.68340995,/home/alex/Desktop/school/comp-vis/dataset/datasets--everettshen--StreetView360AtoZ/snapshots/f0b9ffb20c4dc68d4422db97b7da7b577970650e/data/574_GTtneBxfLkbF-7qKhYPxxA_64.58307318_18.68340995.jpg,39.451,17.42,0.019714
1209_ocxZptpV-rC7purrKEQeEw_46.53090695_3.31630801,/home/alex/Desktop/school/comp-vis/dataset/datasets--everettshen--StreetView360AtoZ/snapshots/f0b9ffb20c4dc68d4422db97b7da7b577970650e/data/1209_ocxZptpV-rC7purrKEQeEw_46.53090695_3.31630801.jpg,31.3879,77.26,0.044708
251_m5bD6RzdrMF1leWsmPSQIg_50.85000389_5.69944262,/home/alex/Desktop/school/comp-vis/dataset/datasets--everettshen--StreetView360AtoZ/snapshots/f0b9ffb20c4dc68d4422db97b7da7b577970650e/data/251_m5bD6RzdrMF1leWsmPSQIg_50.85000389_5.69944262.jpg,56.6095,42.69,0.010605
888_LcV1y6p3phOYlmZr6BpPwg_32.59344107_-85.82895964,/home/alex/Desktop/school/comp-vis/dataset/datasets--everettshen--StreetView360AtoZ/snapshots/f0b9ffb20c4dc68d4422db97b7da7b577970650e/data/888_LcV1y6p3phOYlmZr6BpPwg_32.59344107_-85.82895964.jpg,74.908,199.37,0.24469
574_j6ZUHFVNRxb5NwzQcsh6fQ_46.05356718_5.79793018,/home/alex/Desktop/school/comp-vis/dataset/datasets--everettshen--StreetView360AtoZ/snapshots/f0b9ffb20c4dc68d4422db97b7da7b577970650e/data/574_j6ZUHFVNRxb5NwzQcsh6fQ_46.05356718_5.79793018.jpg,36.8258,21.54,0.025208
1548_3x6n66eBBu6LQ-Y2rgl9lw_11.89950938_104.99087612,/home/alex/Desktop/school/comp-vis/dataset/datasets--everettshen--StreetView360AtoZ/snapshots/f0b9ffb20c4dc68d4422db97b7da7b577970650e/data/1548_3x6n66eBBu6LQ-Y2rgl9lw_11.89950938_104.99087612.jpg,41.1534,164.42,0.099976
389_h9xoYff0WVx4L9fv5dnkUw_49.61406733_15.41113662,/home/alex/Desktop/school/comp-vis/dataset/datasets--everettshen--StreetView360AtoZ/snapshots/f0b9ffb20c4dc68d4422db97b7da7b577970650e/data/389_h9xoYff0WVx4L9fv5dnkUw_49.61406733_15.41113662.jpg,37.9548,156.48,0.010559
1117_6D7v9B7qbadw1Wa4_hELXw_14.86373229_103.53041649,/home/alex/Desktop/school/comp-vis/dataset/datasets--everettshen--StreetView360AtoZ/snapshots/f0b9ffb20c4dc68d4422db97b7da7b577970650e/data/1117_6D7v9B7qbadw1Wa4_hELXw_14.86373229_103.53041649.jpg,49.033,477.34,0.015457
736_zXDJ6bTMRGmcNvW90bHq_g_46.89763681_-96.80329070,/home/alex/Desktop/school/comp-vis/dataset/datasets--everettshen--StreetView360AtoZ/snapshots/f0b9ffb20c4dc68d4422db97b7da7b577970650e/data/736_zXDJ6bTMRGmcNvW90bHq_g_46.89763681_-96.80329070.jpg,16.4202,274.35,0.030701
361_AAIIiy_UxHiJSBjFUWmZSA_44.18347547_25.76655437,/home/alex/Desktop/school/comp-vis/dataset/datasets--everettshen--StreetView360AtoZ/snapshots/f0b9ffb20c4dc68d4422db97b7da7b577970650e/data/361_AAIIiy_UxHiJSBjFUWmZSA_44.18347547_25.76655437.jpg,59.3178,117.37,0.018356
760_9l8Aid_sxiGIDRA_RJaZLA_-27.37592167_-65.75604952,/home/alex/Desktop/school/comp-vis/dataset/datasets--everettshen--StreetView360AtoZ/snapshots/f0b9ffb20c4dc68d4422db97b7da7b577970650e/data/760_9l8Aid_sxiGIDRA_RJaZLA_-27.37592167_-65.75604952.jpg,39.2192,337.36,0.020828
303_QaoE3HV6d5oDgg5YguwEEg_18.17039689_73.00448043,/home/alex/Desktop/school/comp-vis/dataset/datasets--everettshen--StreetView360AtoZ/snapshots/f0b9ffb20c4dc68d4422db97b7da7b577970650e/data/303_QaoE3HV6d5oDgg5YguwEEg_18.17039689_73.00448043.jpg,52.8651,168.17,0.115646
317_zSdI0ZyDM5MZMnaOFjB8fg_54.14236564_37.58450608,/home/alex/Desktop/school/comp-vis/dataset/datasets--everettshen--StreetView360AtoZ/snapshots/f0b9ffb20c4dc68d4422db97b7da7b577970650e/data/317_zSdI0ZyDM5MZMnaOFjB8fg_54.14236564_37.58450608.jpg,86.2865,179.62,0.018356
1491_zM_rDW4gF9YLVbzTj7UdRQ_-38.36685608_176.76712475,/home/alex/Desktop/school/comp-vis/dataset/datasets--everettshen--StreetView360AtoZ/snapshots/f0b9ffb20c4dc68d4422db97b7da7b577970650e/data/1491_zM_rDW4gF9YLVbzTj7UdRQ_-38.36685608_176.76712475.jpg,16.9849,156.55,0.037582
2381_jao9FtP6byZ30_eZetIvSQ_60.19670399_56.64011701,/home/alex/Desktop/school/comp-vis/dataset/datasets--everettshen--StreetView360AtoZ/snapshots/f0b9ffb20c4dc68d4422db97b7da7b577970650e/data/2381_jao9FtP6byZ30_eZetIvSQ_60.19670399_56.64011701.jpg,9.071,285.83,0.010895
755_VTmDm-tJVkBpnGfeAaHomw_43.31644303_-78.71386767,/home/alex/Desktop/school/comp-vis/dataset/datasets--everettshen--StreetView360AtoZ/snapshots/f0b9ffb20c4dc68d4422db97b7da7b577970650e/data/755_VTmDm-tJVkBpnGfeAaHomw_43.31644303_-78.71386767.jpg,27.7985,57.94,0.068054
1880_waydTpWDzyDuO1whrYnj4g_-33.96492147_23.56272420,/home/alex/Desktop/school/comp-vis/dataset/datasets--everettshen--StreetView360AtoZ/snapshots/f0b9ffb20c4dc68d4422db97b7da7b577970650e/data/1880_waydTpWDzyDuO1whrYnj4g_-33.96492147_23.56272420.jpg,78.2743,280.47,0.183243
1919_S3ixSVMwpHid6L8d6VPrEA_51.31559220_4.46140689,/home/alex/Desktop/school/comp-vis/dataset/datasets--everettshen--StreetView360AtoZ/snapshots/f0b9ffb20c4dc68d4422db97b7da7b577970650e/data/1919_S3ixSVMwpHid6L8d6VPrEA_51.31559220_4.46140689.jpg,22.5591,363.71,0.057175
1173_CLDkUiTqb1rBAHgTpTMmdQ_18.73768641_78.46234108,/home/alex/Desktop/school/comp-vis/dataset/datasets--everettshen--StreetView360AtoZ/snapshots/f0b9ffb20c4dc68d4422db97b7da7b577970650e/data/1173_CLDkUiTqb1rBAHgTpTMmdQ_18.73768641_78.46234108.jpg,66.2167,304.18,0.201385
1025_5D5lDVnsee6kTwEG19OZjQ_47.49962715_19.08342042,/home/alex/Desktop/school/comp-vis/dataset/datasets--everettshen--StreetView360AtoZ/snapshots/f0b9ffb20c4dc68d4422db97b7da7b577970650e/data/1025_5D5lDVnsee6kTwEG19OZjQ_47.49962715_19.08342042.jpg,57.6097,158.98,0.034729
2498_hK6HSBWqouwTtUxeO-E0mg_30.90552464_78.67962065,/home/alex/Desktop/school/comp-vis/dataset/datasets--everettshen--StreetView360AtoZ/snapshots/f0b9ffb20c4dc68d4422db97b7da7b577970650e/data/2498_hK6HSBWqouwTtUxeO-E0mg_30.90552464_78.67962065.jpg,56.4884,266.4,0.095856
3238_-hLnKiRFH0BaCecrZNFUCw_-19.75000184_-43.94994821,/home/alex/Desktop/school/comp-vis/dataset/datasets--everettshen--StreetView360AtoZ/snapshots/f0b9ffb20c4dc68d4422db97b7da7b577970650e/data/3238_-hLnKiRFH0BaCecrZNFUCw_-19.75000184_-43.94994821.jpg,50.8199,426.87,0.011627
1226_8LIpaca81giERfcgx0jF7A_33.80298946_-84.60292915,/home/alex/Desktop/school/comp-vis/dataset/datasets--everettshen--StreetView360AtoZ/snapshots/f0b9ffb20c4dc68d4422db97b7da7b577970650e/data/1226_8LIpaca81giERfcgx0jF7A_33.80298946_-84.60292915.jpg,17.7866,253.23,0.039185
1877_kpjMugegIyatF-G0WFiDEQ_27.84791118_-82.37084720,/home/alex/Desktop/school/comp-vis/dataset/datasets--everettshen--StreetView360AtoZ/snapshots/f0b9ffb20c4dc68d4422db97b7da7b577970650e/data/1877_kpjMugegIyatF-G0WFiDEQ_27.84791118_-82.37084720.jpg,45.559,235.63,0.077499
24_LasiflcfcBX5PAr6zW52dw_17.45661042_101.46011340,/home/alex/Desktop/school/comp-vis/dataset/datasets--everettshen--StreetView360AtoZ/snapshots/f0b9ffb20c4dc68d4422db97b7da7b577970650e/data/24_LasiflcfcBX5PAr6zW52dw_17.45661042_101.46011340.jpg,48.1773,62.54,0.018112
2418_gtTuQA1xYCRqxKd60nD-hQ_40.39481614_16.80104508,/home/alex/Desktop/school/comp-vis/dataset/datasets--everettshen--StreetView360AtoZ/snapshots/f0b9ffb20c4dc68d4422db97b7da7b577970650e/data/2418_gtTuQA1xYCRqxKd60nD-hQ_40.39481614_16.80104508.jpg,47.0119,237.68,0.0298
123_IMYmoNOFDxLZuFc13hpYSg_-35.11761108_173.49048150,/home/alex/Desktop/school/comp-vis/dataset/datasets--everettshen--StreetView360AtoZ/snapshots/f0b9ffb20c4dc68d4422db97b7da7b577970650e/data/123_IMYmoNOFDxLZuFc13hpYSg_-35.11761108_173.49048150.jpg,30.1617,145.99,0.033585
2794_zBdsYOZsIalqjA7WEpqDNg_48.08373461_13.56178124,/home/alex/Desktop/school/comp-vis/dataset/datasets--everettshen--StreetView360AtoZ/snapshots/f0b9ffb20c4dc68d4422db97b7da7b577970650e/data/2794_zBdsYOZsIalqjA7WEpqDNg_48.08373461_13.56178124.jpg,15.2913,136.39,0.0242
2207_5R5Z_rlvoL94D4ULMA_66A_46.77082201_-88.44052533,/home/alex/Desktop/school/comp-vis/dataset/datasets--everettshen--StreetView360AtoZ/snapshots/f0b9ffb20c4dc68d4422db97b7da7b577970650e/data/2207_5R5Z_rlvoL94D4ULMA_66A_46.77082201_-88.44052533.jpg,34.0583,181.0,0.088211
1257_yGo5-ueq77kxxHSOcsD3cw_39.79747864_-81.27627592,/home/alex/Desktop/school/comp-vis/dataset/datasets--everettshen--StreetView360AtoZ/snapshots/f0b9ffb20c4dc68d4422db97b7da7b577970650e/data/1257_yGo5-ueq77kxxHSOcsD3cw_39.79747864_-81.27627592.jpg,35.6398,233.33,0.075638
2717_ogiEgI2ZlHmMKVAaqQisiw_43.17925740_-107.25774451,/home/alex/Desktop/school/comp-vis/dataset/datasets--everettshen--StreetView360AtoZ/snapshots/f0b9ffb20c4dc68d4422db97b7da7b577970650e/data/2717_ogiEgI2ZlHmMKVAaqQisiw_43.17925740_-107.25774451.jpg,45.8281,214.9,0.037201
243_E_2IM5LZYgAhRPevXZ8niA_-20.85004989_-41.11687140,/home/alex/Desktop/school/comp-vis/dataset/datasets--everettshen--StreetView360AtoZ/snapshots/f0b9ffb20c4dc68d4422db97b7da7b577970650e/data/243_E_2IM5LZYgAhRPevXZ8niA_-20.85004989_-41.11687140.jpg,51.2843,139.74,0.016357
655_Ccu551nHxkgzDIpR4WUSDw_32.68448020_-82.05915492,/home/alex/Desktop/school/comp-vis/dataset/datasets--everettshen--StreetView360AtoZ/snapshots/f0b9ffb20c4dc68d4422db97b7da7b577970650e/data/655_Ccu551nHxkgzDIpR4WUSDw_32.68448020_-82.05915492.jpg,60.4054,226.91,0.071899
2282_aQ5Tw3gmPBzOl7LQ7YD0cg_40.32980628_-75.99441892,/home/alex/Desktop/school/comp-vis/dataset/datasets--everettshen--StreetView360AtoZ/snapshots/f0b9ffb20c4dc68d4422db97b7da7b577970650e/data/2282_aQ5Tw3gmPBzOl7LQ7YD0cg_40.32980628_-75.99441892.jpg,42.757,373.59,0.194778
885_gQliy58qyitftU4qBK1Ykg_46.35877837_-72.42565495,/home/alex/Desktop/school/comp-vis/dataset/datasets--everettshen--StreetView360AtoZ/snapshots/f0b9ffb20c4dc68d4422db97b7da7b577970650e/data/885_gQliy58qyitftU4qBK1Ykg_46.35877837_-72.42565495.jpg,71.7611,376.53,0.051193
2745_4APOvN0ALWbXrtSa9CcZkg_32.00996586_-80.85236076,/home/alex/Desktop/school/comp-vis/dataset/datasets--everettshen--StreetView360AtoZ/snapshots/f0b9ffb20c4dc68d4422db97b7da7b577970650e/data/2745_4APOvN0ALWbXrtSa9CcZkg_32.00996586_-80.85236076.jpg,45.3517,140.84,0.185608
2050_GECE2pmdPTPKxCi7fYKPTw_31.93517286_-82.93915401,/home/alex/Desktop/school/comp-vis/dataset/datasets--everettshen--StreetView360AtoZ/snapshots/f0b9ffb20c4dc68d4422db97b7da7b577970650e/data/2050_GECE2pmdPTPKxCi7fYKPTw_31.93517286_-82.93915401.jpg,70.8821,459.17,0.036011
2874_arCq_tVkvBedGwZ8d2g8Sw_56.29364224_9.36056095,/home/alex/Desktop/school/comp-vis/dataset/datasets--everettshen--StreetView360AtoZ/snapshots/f0b9ffb20c4dc68d4422db97b7da7b577970650e/data/2874_arCq_tVkvBedGwZ8d2g8Sw_56.29364224_9.36056095.jpg,44.7055,254.46,0.053467
2232_uVhcO7H8eMv-oIwowRokHQ_44.66899367_-63.60073919,/home/alex/Desktop/school/comp-vis/dataset/datasets--everettshen--StreetView360AtoZ/snapshots/f0b9ffb20c4dc68d4422db97b7da7b577970650e/data/2232_uVhcO7H8eMv-oIwowRokHQ_44.66899367_-63.60073919.jpg,40.7819,276.84,0.032028
2923_YjrSdmRgXsV1AM8sPcK2Qg_48.50458224_-4.25536795,/home/alex/Desktop/school/comp-vis/dataset/datasets--everettshen--StreetView360AtoZ/snapshots/f0b9ffb20c4dc68d4422db97b7da7b577970650e/data/2923_YjrSdmRgXsV1AM8sPcK2Qg_48.50458224_-4.25536795.jpg,62.6098,443.15,0.011078
431_v48PgsZGodMrqrD8kG5lgQ_35.97807931_-97.02982507,/home/alex/Desktop/school/comp-vis/dataset/datasets--everettshen--StreetView360AtoZ/snapshots/f0b9ffb20c4dc68d4422db97b7da7b577970650e/data/431_v48PgsZGodMrqrD8kG5lgQ_35.97807931_-97.02982507.jpg,70.2292,469.14,0.057343
1641_vEPOpVt3h4SWytqo3Z0g7A_56.31712005_10.81070890,/home/alex/Desktop/school/comp-vis/dataset/datasets--everettshen--StreetView360AtoZ/snapshots/f0b9ffb20c4dc68d4422db97b7da7b577970650e/data/1641_vEPOpVt3h4SWytqo3Z0g7A_56.31712005_10.81070890.jpg,26.3219,330.54,0.036316
1968_j0MjwYML5v6uWmF1NNz9ig_42.32156504_-103.07296603,/home/alex/Desktop/school/comp-vis/dataset/datasets--everettshen--StreetView360AtoZ/snapshots/f0b9ffb20c4dc68d4422db97b7da7b577970650e/data/1968_j0MjwYML5v6uWmF1NNz9ig_42.32156504_-103.07296603.jpg,24.2741,200.59,0.035446
295_0em4COBFkobO0qhacGrrYw_-3.44634696_-52.88923690,/home/alex/Desktop/school/comp-vis/dataset/datasets--everettshen--StreetView360AtoZ/snapshots/f0b9ffb20c4dc68d4422db97b7da7b577970650e/data/295_0em4COBFkobO0qhacGrrYw_-3.44634696_-52.88923690.jpg,81.8079,212.93,0.115707
797_ckQkTTmK4--Y7tS-eXiIoQ_44.95756949_-93.17837501,/home/alex/Desktop/school/comp-vis/dataset/datasets--everettshen--StreetView360AtoZ/snapshots/f0b9ffb20c4dc68d4422db97b7da7b577970650e/data/797_ckQkTTmK4--Y7tS-eXiIoQ_44.95756949_-93.17837501.jpg,27.1261,182.29,0.110504
1252_mG2xd6aOnKDDVl0tSJOz5A_38.42656026_20.55153475,/home/alex/Desktop/school/comp-vis/dataset/datasets--everettshen--StreetView360AtoZ/snapshots/f0b9ffb20c4dc68d4422db97b7da7b577970650e/data/1252_mG2xd6aOnKDDVl0tSJOz5A_38.42656026_20.55153475.jpg,21.2959,260.35,0.023056
762_mWweWzoKl6XXdbHA8bE8bQ_54.74747441_-2.70430130,/home/alex/Desktop/school/comp-vis/dataset/datasets--everettshen--StreetView360AtoZ/snapshots/f0b9ffb20c4dc68d4422db97b7da7b577970650e/data/762_mWweWzoKl6XXdbHA8bE8bQ_54.74747441_-2.70430130.jpg,49.6385,113.92,0.027557
40_O1VahJ2rqRwFWRaY0hchKQ_28.18253348_-81.59670560,/home/alex/Desktop/school/comp-vis/dataset/datasets--everettshen--StreetView360AtoZ/snapshots/f0b9ffb20c4dc68d4422db97b7da7b577970650e/data/40_O1VahJ2rqRwFWRaY0hchKQ_28.18253348_-81.59670560.jpg,49.2531,473.59,0.053787
254_vwNlt0v1xu4TQBE7xtC2RQ_16.94323262_102.37848787,/home/alex/Desktop/school/comp-vis/dataset/datasets--everettshen--StreetView360AtoZ/snapshots/f0b9ffb20c4dc68d4422db97b7da7b577970650e/data/254_vwNlt0v1xu4TQBE7xtC2RQ_16.94323262_102.37848787.jpg,60.5529,348.61,0.039764
80_EtfvrxTt5x2oufXJNKkyDg_38.74159503_-9.23208258,/home/alex/Desktop/school/comp-vis/dataset/datasets--everettshen--StreetView360AtoZ/snapshots/f0b9ffb20c4dc68d4422db97b7da7b577970650e/data/80_EtfvrxTt5x2oufXJNKkyDg_38.74159503_-9.23208258.jpg,37.6256,210.91,0.018524
693_dLQVdqRZDAEDaMQotI5VKA_39.73972774_-84.17345164,/home/alex/Desktop/school/comp-vis/dataset/datasets--everettshen--StreetView360AtoZ/snapshots/f0b9ffb20c4dc68d4422db97b7da7b577970650e/data/693_dLQVdqRZDAEDaMQotI5VKA_39.73972774_-84.17345164.jpg,65.2972,366.57,0.28064
2690_9EsYcX63i-myDcgvbRn4VA_35.64709846_-88.16733954,/home/alex/Desktop/school/comp-vis/dataset/datasets--everettshen--StreetView360AtoZ/snapshots/f0b9ffb20c4dc68d4422db97b7da7b577970650e/data/2690_9EsYcX63i-myDcgvbRn4VA_35.64709846_-88.16733954.jpg,70.3185,133.31,0.049759
1181_t1xb74ddMK3vyU9QMe8j2g_40.24802067_15.88844110,/home/alex/Desktop/school/comp-vis/dataset/datasets--everettshen--StreetView360AtoZ/snapshots/f0b9ffb20c4dc68d4422db97b7da7b577970650e/data/1181_t1xb74ddMK3vyU9QMe8j2g_40.24802067_15.88844110.jpg,22.3183,411.64,0.040863
613_ut_Zjrbj3PN0ofoEVkXEfw_50.83323013_5.36717488,/home/alex/Desktop/school/comp-vis/dataset/datasets--everettshen--StreetView360AtoZ/snapshots/f0b9ffb20c4dc68d4422db97b7da7b577970650e/data/613_ut_Zjrbj3PN0ofoEVkXEfw_50.83323013_5.36717488.jpg,43.2533,338.31,0.01683
1162_IQtyDV8ARkZ8Jkhb87N2Tg_50.82049607_6.97914478,/home/alex/Desktop/school/comp-vis/dataset/datasets--everettshen--StreetView360AtoZ/snapshots/f0b9ffb20c4dc68d4422db97b7da7b577970650e/data/1162_IQtyDV8ARkZ8Jkhb87N2Tg_50.82049607_6.97914478.jpg,34.5838,321.64,0.021515
127_azxIsgMFiMc03kfRLEJyGg_6.90741483_3.20862067,/home/alex/Desktop/school/comp-vis/dataset/datasets--everettshen--StreetView360AtoZ/snapshots/f0b9ffb20c4dc68d4422db97b7da7b577970650e/data/127_azxIsgMFiMc03kfRLEJyGg_6.90741483_3.20862067.jpg,59.1067,266.97,0.037613
947_ItOXJ8vnc7O8otqcBkXk6Q_51.19430963_14.99927477,/home/alex/Desktop/school/comp-vis/dataset/datasets--everettshen--StreetView360AtoZ/snapshots/f0b9ffb20c4dc68d4422db97b7da7b577970650e/data/947_ItOXJ8vnc7O8otqcBkXk6Q_51.19430963_14.99927477.jpg,57.1245,384.09,0.016693
1848_CM63yD4OADgfYdODwj7RKg_38.26290882_36.22052295,/home/alex/Desktop/school/comp-vis/dataset/datasets--everettshen--StreetView360AtoZ/snapshots/f0b9ffb20c4dc68d4422db97b7da7b577970650e/data/1848_CM63yD4OADgfYdODwj7RKg_38.26290882_36.22052295.jpg,30.546,78.11,0.03389
2340_xFGg4sx9csuLS5nUhY6FpQ_-37.25297423_-73.23541893,/home/alex/Desktop/school/comp-vis/dataset/datasets--everettshen--StreetView360AtoZ/snapshots/f0b9ffb20c4dc68d4422db97b7da7b577970650e/data/2340_xFGg4sx9csuLS5nUhY6FpQ_-37.25297423_-73.23541893.jpg,65.3773,91.05,0.01886
1022_7nh2J-tKCkoPI0qTRdnvlQ_40.05348857_20.60172104,/home/alex/Desktop/school/comp-vis/dataset/datasets--everettshen--StreetView360AtoZ/snapshots/f0b9ffb20c4dc68d4422db97b7da7b577970650e/data/1022_7nh2J-tKCkoPI0qTRdnvlQ_40.05348857_20.60172104.jpg,42.1232,57.47,0.070251
870_TIfRG6fNjAgQ7QmtZsxaYQ_58.08340976_13.51634610,/home/alex/Desktop/school/comp-vis/dataset/datasets--everettshen--StreetView360AtoZ/snapshots/f0b9ffb20c4dc68d4422db97b7da7b577970650e/data/870_TIfRG6fNjAgQ7QmtZsxaYQ_58.08340976_13.51634610.jpg,35.164,440.13,0.04895
1738_wx5CgpV65H5Nw1JvGeZ3GA_-38.85682234_-60.07333704,/home/alex/Desktop/school/comp-vis/dataset/datasets--everettshen--StreetView360AtoZ/snapshots/f0b9ffb20c4dc68d4422db97b7da7b577970650e/data/1738_wx5CgpV65H5Nw1JvGeZ3GA_-38.85682234_-60.07333704.jpg,67.0815,212.48,0.012085
1310_lexqIHnlt-tjo00sddRHeg_-32.62348643_-58.70329502,/home/alex/Desktop/school/comp-vis/dataset/datasets--everettshen--StreetView360AtoZ/snapshots/f0b9ffb20c4dc68d4422db97b7da7b577970650e/data/1310_lexqIHnlt-tjo00sddRHeg_-32.62348643_-58.70329502.jpg,30.0005,175.59,0.01503
51_ebyx3v7hld11Tozns_ZBbw_-37.66676458_141.51645037,/home/alex/Desktop/school/comp-vis/dataset/datasets--everettshen--StreetView360AtoZ/snapshots/f0b9ffb20c4dc68d4422db97b7da7b577970650e/data/51_ebyx3v7hld11Tozns_ZBbw_-37.66676458_141.51645037.jpg,17.6957,186.64,0.063293
834_4b6Kfcr8HYuGrIplvh2kaQ_49.15736912_-0.30928933,/home/alex/Desktop/school/comp-vis/dataset/datasets--everettshen--StreetView360AtoZ/snapshots/f0b9ffb20c4dc68d4422db97b7da7b577970650e/data/834_4b6Kfcr8HYuGrIplvh2kaQ_49.15736912_-0.30928933.jpg,54.5727,459.77,0.066086
940_qnuEfPu4s9CAkF04dSXe6g_-36.80834505_174.63977653,/home/alex/Desktop/school/comp-vis/dataset/datasets--everettshen--StreetView360AtoZ/snapshots/f0b9ffb20c4dc68d4422db97b7da7b577970650e/data/940_qnuEfPu4s9CAkF04dSXe6g_-36.80834505_174.63977653.jpg,31.5665,367.87,0.068924
2391_bXPnk1JDjRP_xN0aC_a1cg_46.46713227_26.91693734,/home/alex/Desktop/school/comp-vis/dataset/datasets--everettshen--StreetView360AtoZ/snapshots/f0b9ffb20c4dc68d4422db97b7da7b577970650e/data/2391_bXPnk1JDjRP_xN0aC_a1cg_46.46713227_26.91693734.jpg,30.1609,176.74,0.027344
691_LORLvVjc03CAqSBGr4ff-Q_50.92204529_20.54125280,/home/alex/Desktop/school/comp-vis/dataset/datasets--everettshen--StreetView360AtoZ/snapshots/f0b9ffb20c4dc68d4422db97b7da7b577970650e/data/691_LORLvVjc03CAqSBGr4ff-Q_50.92204529_20.54125280.jpg,25.8892,173.57,0.013931
110_SLwRon_0lmXZ25vlbMvKdg_-37.00852895_175.28979766,/home/alex/Desktop/school/comp-vis/dataset/datasets--everettshen--StreetView360AtoZ/snapshots/f0b9ffb20c4dc68d4422db97b7da7b577970650e/data/110_SLwRon_0lmXZ25vlbMvKdg_-37.00852895_175.28979766.jpg,73.8018,373.3,0.011963
323_r6QNeQDC3LRA7ehEC-vooQ_41.54314435_-83.66655391,/home/alex/Desktop/school/comp-vis/dataset/datasets--everettshen--StreetView360AtoZ/snapshots/f0b9ffb20c4dc68d4422db97b7da7b577970650e/data/323_r6QNeQDC3LRA7ehEC-vooQ_41.54314435_-83.66655391.jpg,59.736,330.36,0.018341
1316_zif6RRtNfpbKiR434aGIJg_40.21211206_-8.42463189,/home/alex/Desktop/school/comp-vis/dataset/datasets--everettshen--StreetView360AtoZ/snapshots/f0b9ffb20c4dc68d4422db97b7da7b577970650e/data/1316_zif6RRtNfpbKiR434aGIJg_40.21211206_-8.42463189.jpg,26.9359,412.06,0.019714
302_utOLz3VMasppxLl495J9_Q_21.96613854_70.50046687,/home/alex/Desktop/school/comp-vis/dataset/datasets--everettshen--StreetView360AtoZ/snapshots/f0b9ffb20c4dc68d4422db97b7da7b577970650e/data/302_utOLz3VMasppxLl495J9_Q_21.96613854_70.50046687.jpg,26.5507,160.08,0.09285
512_XC2fgHALtI9gt-aHh1oJUQ_42.86319464_-93.54851694,/home/alex/Desktop/school/comp-vis/dataset/datasets--everettshen--StreetView360AtoZ/snapshots/f0b9ffb20c4dc68d4422db97b7da7b577970650e/data/512_XC2fgHALtI9gt-aHh1oJUQ_42.86319464_-93.54851694.jpg,44.7208,424.08,0.034698
60_-aDU1oYaTCRFqVPbvYwrtw_38.75043104_21.64755674,/home/alex/Desktop/school/comp-vis/dataset/datasets--everettshen--StreetView360AtoZ/snapshots/f0b9ffb20c4dc68d4422db97b7da7b577970650e/data/60_-aDU1oYaTCRFqVPbvYwrtw_38.75043104_21.64755674.jpg,44.0056,155.42,0.02301
90_JbdLV5iUYI1h5w5B7KRJpQ_44.90688814_10.48410314,/home/alex/Desktop/school/comp-vis/dataset/datasets--everettshen--StreetView360AtoZ/snapshots/f0b9ffb20c4dc68d4422db97b7da7b577970650e/data/90_JbdLV5iUYI1h5w5B7KRJpQ_44.90688814_10.48410314.jpg,62.3336,48.85,0.023956
1724_JkQcrjOpTO9-9bWxrE7Jtw_61.87500184_9.09675728,/home/alex/Desktop/school/comp-vis/dataset/datasets--everettshen--StreetView360AtoZ/snapshots/f0b9ffb20c4dc68d4422db97b7da7b577970650e/data/1724_JkQcrjOpTO9-9bWxrE7Jtw_61.87500184_9.09675728.jpg,51.1651,442.33,0.019882
1434_MIR9RN-u4tEaU-IuBsrSrw_45.45452645_-62.62348882,/home/alex/Desktop/school/comp-vis/dataset/datasets--everettshen--StreetView360AtoZ/snapshots/f0b9ffb20c4dc68d4422db97b7da7b577970650e/data/1434_MIR9RN-u4tEaU-IuBsrSrw_45.45452645_-62.62348882.jpg,51.2402,34.23,0.081589
2347_RQaTiwPvFRgtOCy9yIKVDA_40.05770685_-106.39116918,/home/alex/Desktop/school/comp-vis/dataset/datasets--everettshen--StreetView360AtoZ/snapshots/f0b9ffb20c4dc68d4422db97b7da7b577970650e/data/2347_RQaTiwPvFRgtOCy9yIKVDA_40.05770685_-106.39116918.jpg,79.0547,253.43,0.044662
1018_K_CnadLQtLytSj1_0ItWfw_25.39149086_75.66815178,/home/alex/Desktop/school/comp-vis/dataset/datasets--everettshen--StreetView360AtoZ/snapshots/f0b9ffb20c4dc68d4422db97b7da7b577970650e/data/1018_K_CnadLQtLytSj1_0ItWfw_25.39149086_75.66815178.jpg,38.4642,262.91,0.038589
1048_YhwNHawJNg4ZjhyBR0Bibw_44.60011733_-75.69962255,/home/alex/Desktop/school/comp-vis/dataset/datasets--everettshen--StreetView360AtoZ/snapshots/f0b9ffb20c4dc68d4422db97b7da7b577970650e/data/1048_YhwNHawJNg4ZjhyBR0Bibw_44.60011733_-75.69962255.jpg,62.1788,27.88,0.031021
1536_WmAXFevOTsJu8f4bkTVwcg_65.45038301_17.45847303,/home/alex/Desktop/school/comp-vis/dataset/datasets--everettshen--StreetView360AtoZ/snapshots/f0b9ffb20c4dc68d4422db97b7da7b577970650e/data/1536_WmAXFevOTsJu8f4bkTVwcg_65.45038301_17.45847303.jpg,30.2179,373.94,0.053101
1230_NRdxQMlI5VCJ0tUeFbMTVQ_-33.38148803_148.00127797,/home/alex/Desktop/school/comp-vis/dataset/datasets--everettshen--StreetView360AtoZ/snapshots/f0b9ffb20c4dc68d4422db97b7da7b577970650e/data/1230_NRdxQMlI5VCJ0tUeFbMTVQ_-33.38148803_148.00127797.jpg,62.6551,476.86,0.037491
1462_9gcr4y5JikJL0FyPfyurFg_-10.04515954_-39.61226474,/home/alex/Desktop/school/comp-vis/dataset/datasets--everettshen--StreetView360AtoZ/snapshots/f0b9ffb20c4dc68d4422db97b7da7b577970650e/data/1462_9gcr4y5JikJL0FyPfyurFg_-10.04515954_-39.61226474.jpg,88.3034,204.9,0.014175
559_ZgXhrpPUKVPmqmM8OXKTQQ_42.06666920_25.63333216,/home/alex/Desktop/school/comp-vis/dataset/datasets--everettshen--StreetView360AtoZ/snapshots/f0b9ffb20c4dc68d4422db97b7da7b577970650e/data/559_ZgXhrpPUKVPmqmM8OXKTQQ_42.06666920_25.63333216.jpg,21.2193,269.32,0.047791
947__VOD4xtVQ00rI_J8z0esXQ_59.41647523_5.27245733,/home/alex/Desktop/school/comp-vis/dataset/datasets--everettshen--StreetView360AtoZ/snapshots/f0b9ffb20c4dc68d4422db97b7da7b577970650e/data/947__VOD4xtVQ00rI_J8z0esXQ_59.41647523_5.27245733.jpg,51.5447,303.13,0.112106
3278_6cRlzDVbtQKSnw7hrR7h9g_40.92225923_32.46689387,/home/alex/Desktop/school/comp-vis/dataset/datasets--everettshen--StreetView360AtoZ/snapshots/f0b9ffb20c4dc68d4422db97b7da7b577970650e/data/3278_6cRlzDVbtQKSnw7hrR7h9g_40.92225923_32.46689387.jpg,37.9731,241.82,0.024506
1502_KY5x9PIX1H-QkT49zYrRWQ_24.58059789_121.86737544,/home/alex/Desktop/school/comp-vis/dataset/datasets--everettshen--StreetView360AtoZ/snapshots/f0b9ffb20c4dc68d4422db97b7da7b577970650e/data/1502_KY5x9PIX1H-QkT49zYrRWQ_24.58059789_121.86737544.jpg,37.6013,470.23,0.012421
1009_1CKjtZPvexWN1Qp-Fgm0Vg_-6.27612255_-35.49859678,/home/alex/Desktop/school/comp-vis/dataset/datasets--everettshen--StreetView360AtoZ/snapshots/f0b9ffb20c4dc68d4422db97b7da7b577970650e/data/1009_1CKjtZPvexWN1Qp-Fgm0Vg_-6.27612255_-35.49859678.jpg,20.1462,97.21,0.033386
1259_JkrasEMY_Z4PrfIdYXMRIw_31.69633045_-109.68722963,/home/alex/Desktop/school/comp-vis/dataset/datasets--everettshen--StreetView360AtoZ/snapshots/f0b9ffb20c4dc68d4422db97b7da7b577970650e/data/1259_JkrasEMY_Z4PrfIdYXMRIw_31.69633045_-109.68722963.jpg,54.3775,122.03,0.097076
845_rKVxH2dfdBZSpGToc9bsFA_52.97829615_13.33223205,/home/alex/Desktop/school/comp-vis/dataset/datasets--everettshen--StreetView360AtoZ/snapshots/f0b9ffb20c4dc68d4422db97b7da7b577970650e/data/845_rKVxH2dfdBZSpGToc9bsFA_52.97829615_13.33223205.jpg,39.399,446.67,0.019119
128_6FByUgu9EM4LcWFG_akPJA_53.54426495_9.91515268,/home/alex/Desktop/school/comp-vis/dataset/datasets--everettshen--StreetView360AtoZ/snapshots/f0b9ffb20c4dc68d4422db97b7da7b577970650e/data/128_6FByUgu9EM4LcWFG_akPJA_53.54426495_9.91515268.jpg,46.412,31.16,0.029221
347_Vj1G2iLrl53YIwlAzR5CXA_31.34443258_-109.54533330,/home/alex/Desktop/school/comp-vis/dataset/datasets--everettshen--StreetView360AtoZ/snapshots/f0b9ffb20c4dc68d4422db97b7da7b577970650e/data/347_Vj1G2iLrl53YIwlAzR5CXA_31.34443258_-109.54533330.jpg,22.5245,30.79,0.0495
2688_5-C5KnOdpQcQSAeNZAOTZQ_36.82092991_-81.70076286,/home/alex/Desktop/school/comp-vis/dataset/datasets--everettshen--StreetView360AtoZ/snapshots/f0b9ffb20c4dc68d4422db97b7da7b577970650e/data/2688_5-C5KnOdpQcQSAeNZAOTZQ_36.82092991_-81.70076286.jpg,38.3916,488.11,0.044098
1431_gK0A7YAt96-IhGdQogd4Nw_39.64591306_-0.59082521,/home/alex/Desktop/school/comp-vis/dataset/datasets--everettshen--StreetView360AtoZ/snapshots/f0b9ffb20c4dc68d4422db97b7da7b577970650e/data/1431_gK0A7YAt96-IhGdQogd4Nw_39.64591306_-0.59082521.jpg,55.4584,90.45,0.041473
2979_HZDFZKqOLE6jDWME-9jq7w_20.17634270_85.80034372,/home/alex/Desktop/school/comp-vis/dataset/datasets--everettshen--StreetView360AtoZ/snapshots/f0b9ffb20c4dc68d4422db97b7da7b577970650e/data/2979_HZDFZKqOLE6jDWME-9jq7w_20.17634270_85.80034372.jpg,71.1237,368.71,0.128342
277_Kh9_fk2A4kCjV0zAVFKphg_28.42708021_75.65651411,/home/alex/Desktop/school/comp-vis/dataset/datasets--everettshen--StreetView360AtoZ/snapshots/f0b9ffb20c4dc68d4422db97b7da7b577970650e/data/277_Kh9_fk2A4kCjV0zAVFKphg_28.42708021_75.65651411.jpg,60.1235,381.63,0.080811
2254_CtBpqYawuNE4s4D0CvqSdA_50.08285363_-96.65827444,/home/alex/Desktop/school/comp-vis/dataset/datasets--everettshen--StreetView360AtoZ/snapshots/f0b9ffb20c4dc68d4422db97b7da7b577970650e/data/2254_CtBpqYawuNE4s4D0CvqSdA_50.08285363_-96.65827444.jpg,32.8913,154.64,0.058945
1710_DsJn7euCuxA6kxmaeUviXw_40.15993880_39.89198691,/home/alex/Desktop/school/comp-vis/dataset/datasets--everettshen--StreetView360AtoZ/snapshots/f0b9ffb20c4dc68d4422db97b7da7b577970650e/data/1710_DsJn7euCuxA6kxmaeUviXw_40.15993880_39.89198691.jpg,68.6087,227.01,0.015976
213_lcu1DuFJ3Cd5UhNKd7X4lA_38.90102802_22.49024386,/home/alex/Desktop/school/comp-vis/dataset/datasets--everettshen--StreetView360AtoZ/snapshots/f0b9ffb20c4dc68d4422db97b7da7b577970650e/data/213_lcu1DuFJ3Cd5UhNKd7X4lA_38.90102802_22.49024386.jpg,74.042,101.36,0.015671
1210_-P3oRixrz-xgCi53FLBt4w_42.24555755_18.90480901,/home/alex/Desktop/school/comp-vis/dataset/datasets--everettshen--StreetView360AtoZ/snapshots/f0b9ffb20c4dc68d4422db97b7da7b577970650e/data/1210_-P3oRixrz-xgCi53FLBt4w_42.24555755_18.90480901.jpg,68.4613,275.04,0.02356
1306_RUV31mTRsiNo5WdxUCHE7A_52.54384632_107.10906294,/home/alex/Desktop/school/comp-vis/dataset/datasets--everettshen--StreetView360AtoZ/snapshots/f0b9ffb20c4dc68d4422db97b7da7b577970650e/data/1306_RUV31mTRsiNo5WdxUCHE7A_52.54384632_107.10906294.jpg,25.2683,25.54,0.027206
290_1pecYKUqcayT3SSylBzOww_53.51306658_-113.23985423,/home/alex/Desktop/school/comp-vis/dataset/datasets--everettshen--StreetView360AtoZ/snapshots/f0b9ffb20c4dc68d4422db97b7da7b577970650e/data/290_1pecYKUqcayT3SSylBzOww_53.51306658_-113.23985423.jpg,47.1911,495.92,0.013794
1652_ItL4vNGhf2HDMhCRXy3dug_48.37621043_-2.36934282,/home/alex/Desktop/school/comp-vis/dataset/datasets--everettshen--StreetView360AtoZ/snapshots/f0b9ffb20c4dc68d4422db97b7da7b577970650e/data/1652_ItL4vNGhf2HDMhCRXy3dug_48.37621043_-2.36934282.jpg,75.2645,369.88,0.019226
608_NPZsha3JT4zyygWPxswl1Q_57.34207676_13.02910437,/home/alex/Desktop/school/comp-vis/dataset/datasets--everettshen--StreetView360AtoZ/snapshots/f0b9ffb20c4dc68d4422db97b7da7b577970650e/data/608_NPZsha3JT4zyygWPxswl1Q_57.34207676_13.02910437.jpg,40.0125,477.84,0.027756
1211_pa3IO2QP8tboXCvHb-XExw_13.12682489_77.07273565,/home/alex/Desktop/school/comp-vis/dataset/datasets--everettshen--StreetView360AtoZ/snapshots/f0b9ffb20c4dc68d4422db97b7da7b577970650e/data/1211_pa3IO2QP8tboXCvHb-XExw_13.12682489_77.07273565.jpg,72.4312,248.23,0.251892
155_jyhj9HZQZClxgylrzoK42A_51.38781031_12.24984613,/home/alex/Desktop/school/comp-vis/dataset/datasets--everettshen--StreetView360AtoZ/snapshots/f0b9ffb20c4dc68d4422db97b7da7b577970650e/data/155_jyhj9HZQZClxgylrzoK42A_51.38781031_12.24984613.jpg,41.8812,56.29,0.013
1519_yGzaPa1eTB0kirbupk08tg_42.73235737_-0.31131985,/home/alex/Desktop/school/comp-vis/dataset/datasets--everettshen--StreetView360AtoZ/snapshots/f0b9ffb20c4dc68d4422db97b7da7b577970650e/data/1519_yGzaPa1eTB0kirbupk08tg_42.73235737_-0.31131985.jpg,51.5682,65.91,0.01738
3308_2zHf99yqJ7UcZmk_fUz5vA_46.99936488_-1.23736741,/home/alex/Desktop/school/comp-vis/dataset/datasets--everettshen--StreetView360AtoZ/snapshots/f0b9ffb20c4dc68d4422db97b7da7b577970650e/data/3308_2zHf99yqJ7UcZmk_fUz5vA_46.99936488_-1.23736741.jpg,24.6705,23.36,0.032272
2164_n-4yjass2pHGvYbrKjbRLw_-29.13401045_31.39733035,/home/alex/Desktop/school/comp-vis/dataset/datasets--everettshen--StreetView360AtoZ/snapshots/f0b9ffb20c4dc68d4422db97b7da7b577970650e/data/2164_n-4yjass2pHGvYbrKjbRLw_-29.13401045_31.39733035.jpg,72.3703,357.08,0.030014
575_Mjj1ES8xsg2bnLLWZrKhLQ_19.41547971_79.98933448,/home/alex/Desktop/school/comp-vis/dataset/datasets--everettshen--StreetView360AtoZ/snapshots/f0b9ffb20c4dc68d4422db97b7da7b577970650e/data/575_Mjj1ES8xsg2bnLLWZrKhLQ_19.41547971_79.98933448.jpg,40.3839,317.36,0.15303
568_LFmSShHcp58ZiZkNB6Xo0g_-8.81952718_121.67993593,/home/alex/Desktop/school/comp-vis/dataset/datasets--everettshen--StreetView360AtoZ/snapshots/f0b9ffb20c4dc68d4422db97b7da7b577970650e/data/568_LFmSShHcp58ZiZkNB6Xo0g_-8.81952718_121.67993593.jpg,54.8487,489.6,0.015289
2186_pDwT_8UV-pQc-wa70A6JEA_39.24116065_-120.06154690,/home/alex/Desktop/school/comp-vis/dataset/datasets--everettshen--StreetView360AtoZ/snapshots/f0b9ffb20c4dc68d4422db97b7da7b577970650e/data/2186_pDwT_8UV-pQc-wa70A6JEA_39.24116065_-120.06154690.jpg,37.9095,423.34,0.016235
1435_TqVqLExEfuDaLs-SkMEYkg_-30.67638702_30.50705149,/home/alex/Desktop/school/comp-vis/dataset/datasets--everettshen--StreetView360AtoZ/snapshots/f0b9ffb20c4dc68d4422db97b7da7b577970650e/data/1435_TqVqLExEfuDaLs-SkMEYkg_-30.67638702_30.50705149.jpg,36.0839,87.62,0.039505
1678_QchiLZM7Y5gvs-xybJiPAw_34.92516360_-85.24117105,/home/alex/Desktop/school/comp-vis/dataset/datasets--everettshen--StreetView360AtoZ/snapshots/f0b9ffb20c4dc68d4422db97b7da7b577970650e/data/1678_QchiLZM7Y5gvs-xybJiPAw_34.92516360_-85.24117105.jpg,51.4749,266.8,0.148712
1820_4RP2vig87EiPROqMhBPs3w_31.13159907_-93.27068852,/home/alex/Desktop/school/comp-vis/dataset/datasets--everettshen--StreetView360AtoZ/snapshots/f0b9ffb20c4dc68d4422db97b7da7b577970650e/data/1820_4RP2vig87EiPROqMhBPs3w_31.13159907_-93.27068852.jpg,43.8042,460.08,0.084045
2862_bJSAcJ2vAYG-zumIerdUPg_61.16718903_22.31665549,/home/alex/Desktop/school/comp-vis/dataset/datasets--everettshen--StreetView360AtoZ/snapshots/f0b9ffb20c4dc68d4422db97b7da7b577970650e/data/2862_bJSAcJ2vAYG-zumIerdUPg_61.16718903_22.31665549.jpg,72.4393,180.8,0.06015
1326_qB1xkDnbKd3j5IJfr8LaTA_35.90510376_-79.66031550,/home/alex/Desktop/school/comp-vis/dataset/datasets--everettshen--StreetView360AtoZ/snapshots/f0b9ffb20c4dc68d4422db97b7da7b577970650e/data/1326_qB1xkDnbKd3j5IJfr8LaTA_35.90510376_-79.66031550.jpg,68.0001,338.75,0.246429
2368_FIT8uVd5C7TomxYFb9iL8w_44.92354426_-93.42166002,/home/alex/Desktop/school/comp-vis/dataset/datasets--everettshen--StreetView360AtoZ/snapshots/f0b9ffb20c4dc68d4422db97b7da7b577970650e/data/2368_FIT8uVd5C7TomxYFb9iL8w_44.92354426_-93.42166002.jpg,56.5471,112.26,0.012558
3011_E0k0v7JO7dWmL75o1Wp2YA_-21.84239652_-43.79307599,/home/alex/Desktop/school/comp-vis/dataset/datasets--everettshen--StreetView360AtoZ/snapshots/f0b9ffb20c4dc68d4422db97b7da7b577970650e/data/3011_E0k0v7JO7dWmL75o1Wp2YA_-21.84239652_-43.79307599.jpg,62.9677,48.64,0.016846
618_xxo3IOPV3FNZg3pInpcVnQ_11.63564352_104.61622601,/home/alex/Desktop/school/comp-vis/dataset/datasets--everettshen--StreetView360AtoZ/snapshots/f0b9ffb20c4dc68d4422db97b7da7b577970650e/data/618_xxo3IOPV3FNZg3pInpcVnQ_11.63564352_104.61622601.jpg,65.5469,484.36,0.047043
1833_uqDsakxkwNIhbH3L_cEi3A_40.92256344_-4.43902674,/home/alex/Desktop/school/comp-vis/dataset/datasets--everettshen--StreetView360AtoZ/snapshots/f0b9ffb20c4dc68d4422db97b7da7b577970650e/data/1833_uqDsakxkwNIhbH3L_cEi3A_40.92256344_-4.43902674.jpg,72.2084,369.5,0.054108
1660_H0OP2nBJNHBBzqp1LnJDcA_54.32674457_-6.91607662,/home/alex/Desktop/school/comp-vis/dataset/datasets--everettshen--StreetView360AtoZ/snapshots/f0b9ffb20c4dc68d4422db97b7da7b577970650e/data/1660_H0OP2nBJNHBBzqp1LnJDcA_54.32674457_-6.91607662.jpg,67.7405,285.57,0.128906
1510__HxWdkAILl_3i904qjOdTA_15.00981529_77.15847360,/home/alex/Desktop/school/comp-vis/dataset/datasets--everettshen--StreetView360AtoZ/snapshots/f0b9ffb20c4dc68d4422db97b7da7b577970650e/data/1510__HxWdkAILl_3i904qjOdTA_15.00981529_77.15847360.jpg,38.444,213.76,0.083115
695_izoP63rvF1zULHUCFwHtig_12.21983603_76.90212867,/home/alex/Desktop/school/comp-vis/dataset/datasets--everettshen--StreetView360AtoZ/snapshots/f0b9ffb20c4dc68d4422db97b7da7b577970650e/data/695_izoP63rvF1zULHUCFwHtig_12.21983603_76.90212867.jpg,45.4709,482.57,0.070068
1731_LVFGlOgldaXMkaLJCVqsoQ_39.05305935_-93.83334703,/home/alex/Desktop/school/comp-vis/dataset/datasets--everettshen--StreetView360AtoZ/snapshots/f0b9ffb20c4dc68d4422db97b7da7b577970650e/data/1731_LVFGlOgldaXMkaLJCVqsoQ_39.05305935_-93.83334703.jpg,69.3004,446.53,0.039185
3347_P2ySkuQbyZ0kjNzgKZ3-ww_35.70363079_-91.48229962,/home/alex/Desktop/school/comp-vis/dataset/datasets--everettshen--StreetView360AtoZ/snapshots/f0b9ffb20c4dc68d4422db97b7da7b577970650e/data/3347_P2ySkuQbyZ0kjNzgKZ3-ww_35.70363079_-91.48229962.jpg,33.633,480.33,0.058319
130_HllDVuTup5FGQZfdA8L_TA_41.55725758_-0.13365201,/home/alex/Desktop/school/comp-vis/dataset/datasets--everettshen--StreetView360AtoZ/snapshots/f0b9ffb20c4dc68d4422db97b7da7b577970650e/data/130_HllDVuTup5FGQZfdA8L_TA_41.55725758_-0.13365201.jpg,64.0876,416.27,0.017044
3397_sIb-rOjfWmqnytgv2VYN_w_26.45574012_92.47518904,/home/alex/Desktop/school/comp-vis/dataset/datasets--everettshen--StreetView360AtoZ/snapshots/f0b9ffb20c4dc68d4422db97b7da7b577970650e/data/3397_sIb-rOjfWmqnytgv2VYN_w_26.45574012_92.47518904.jpg,42.3403,110.22,0.183243
653_cg9A6h2W36HwK_FScb3iLw_40.09714194_-111.28490341,/home/alex/Desktop/school/comp-vis/dataset/datasets--everettshen--StreetView360AtoZ/snapshots/f0b9ffb20c4dc68d4422db97b7da7b577970650e/data/653_cg9A6h2W36HwK_FScb3iLw_40.09714194_-111.28490341.jpg,39.1531,76.97,0.105743
798_2mqIjmri1by241cufsHrcw_64.26952313_24.84719515,/home/alex/Desktop/school/comp-vis/dataset/datasets--everettshen--StreetView360AtoZ/snapshots/f0b9ffb20c4dc68d4422db97b7da7b577970650e/data/798_2mqIjmri1by241cufsHrcw_64.26952313_24.84719515.jpg,9.5283,104.24,0.020721
936_c8R2w_J5ZTaCera0IpUajw_6.76487082_100.97048611,/home/alex/Desktop/school/comp-vis/dataset/datasets--everettshen--StreetView360AtoZ/snapshots/f0b9ffb20c4dc68d4422db97b7da7b577970650e/data/936_c8R2w_J5ZTaCera0IpUajw_6.76487082_100.97048611.jpg,77.8106,442.42,0.022659
304_syONdS4xv2Um0HV8sdS41A_39.90758905_3.08121832,/home/alex/Desktop/school/comp-vis/dataset/datasets--everettshen--StreetView360AtoZ/snapshots/f0b9ffb20c4dc68d4422db97b7da7b577970650e/data/304_syONdS4xv2Um0HV8sdS41A_39.90758905_3.08121832.jpg,35.1662,303.02,0.015671
458_mKF3B31L1bnWd3dFfA9jWQ_50.45798995_2.94749575,/home/alex/Desktop/school/comp-vis/dataset/datasets--everettshen--StreetView360AtoZ/snapshots/f0b9ffb20c4dc68d4422db97b7da7b577970650e/data/458_mKF3B31L1bnWd3dFfA9jWQ_50.45798995_2.94749575.jpg,26.4493,22.9,0.02005
751_YR86HuUMjphwPD-GAU1SVA_33.37252827_-104.52936083,/home/alex/Desktop/school/comp-vis/dataset/datasets--everettshen--StreetView360AtoZ/snapshots/f0b9ffb20c4dc68d4422db97b7da7b577970650e/data/751_YR86HuUMjphwPD-GAU1SVA_33.37252827_-104.52936083.jpg,10.6668,195.75,0.036179
944_5Jf8Y0CTkwbXdIb6M1kt3A_48.70238323_2.75609124,/home/alex/Desktop/school/comp-vis/dataset/datasets--everettshen--StreetView360AtoZ/snapshots/f0b9ffb20c4dc68d4422db97b7da7b577970650e/data/944_5Jf8Y0CTkwbXdIb6M1kt3A_48.70238323_2.75609124.jpg,26.0183,379.4,0.038437
2749_w5gDCNcxgqle_6ZqPldqCw_16.61518946_74.71371513,/home/alex/Desktop/school/comp-vis/dataset/datasets--everettshen--StreetView360AtoZ/snapshots/f0b9ffb20c4dc68d4422db97b7da7b577970650e/data/2749_w5gDCNcxgqle_6ZqPldqCw_16.61518946_74.71371513.jpg,45.176,451.38,0.132263
861_VD7bNB5Hj5LbIGNN4jNf8Q_52.16414997_9.91251271,/home/alex/Desktop/school/comp-vis/dataset/datasets--everettshen--StreetView360AtoZ/snapshots/f0b9ffb20c4dc68d4422db97b7da7b577970650e/data/861_VD7bNB5Hj5LbIGNN4jNf8Q_52.16414997_9.91251271.jpg,37.7137,164.22,0.026367
2800_fQ8GBmWSC3q5b6WoorUEmQ_43.69827484_-86.36374805,/home/alex/Desktop/school/comp-vis/dataset/datasets--everettshen--StreetView360AtoZ/snapshots/f0b9ffb20c4dc68d4422db97b7da7b577970650e/data/2800_fQ8GBmWSC3q5b6WoorUEmQ_43.69827484_-86.36374805.jpg,20.5517,442.78,0.022644
1678_4BPmXCNIkwVz0LHKtB-zlw_44.61413656_2.24812285,/home/alex/Desktop/school/comp-vis/dataset/datasets--everettshen--StreetView360AtoZ/snapshots/f0b9ffb20c4dc68d4422db97b7da7b577970650e/data/1678_4BPmXCNIkwVz0LHKtB-zlw_44.61413656_2.24812285.jpg,66.7847,325.05,0.015701
254_rGeFK6_blURI1L0sPvy7-w_13.67366786_103.19352221,/home/alex/Desktop/school/comp-vis/dataset/datasets--everettshen--StreetView360AtoZ/snapshots/f0b9ffb20c4dc68d4422db97b7da7b577970650e/data/254_rGeFK6_blURI1L0sPvy7-w_13.67366786_103.19352221.jpg,37.2651,260.1,0.135788
2018_Fa0JoGlI7FPBBPW10biiOw_39.82984591_-82.82809646,/home/alex/Desktop/school/comp-vis/dataset/datasets--everettshen--StreetView360AtoZ/snapshots/f0b9ffb20c4dc68d4422db97b7da7b577970650e/data/2018_Fa0JoGlI7FPBBPW10biiOw_39.82984591_-82.82809646.jpg,17.8476,267.9,0.076599
630_zfFu9QGpA-2FKSu4Dzkmqw_-33.73207458_151.30115229,/home/alex/Desktop/school/comp-vis/dataset/datasets--everettshen--StreetView360AtoZ/snapshots/f0b9ffb20c4dc68d4422db97b7da7b577970650e/data/630_zfFu9QGpA-2FKSu4Dzkmqw_-33.73207458_151.30115229.jpg,40.4755,404.95,0.070465
301_ek6MCalLmP8ErX09DIY2iQ_45.99303715_-86.01206344,/home/alex/Desktop/school/comp-vis/dataset/datasets--everettshen--StreetView360AtoZ/snapshots/f0b9ffb20c4dc68d4422db97b7da7b577970650e/data/301_ek6MCalLmP8ErX09DIY2iQ_45.99303715_-86.01206344.jpg,67.4332,394.3,0.050842
1668_9JqEuP-GGMPqY6rbO2zoJw_-7.81884053_110.75050977,/home/alex/Desktop/school/comp-vis/dataset/datasets--everettshen--StreetView360AtoZ/snapshots/f0b9ffb20c4dc68d4422db97b7da7b577970650e/data/1668_9JqEuP-GGMPqY6rbO2zoJw_-7.81884053_110.75050977.jpg,74.7689,423.92,0.058777
724_S371bITvBhZbDABRw3QsUQ_41.44988457_31.78339753,/home/alex/Desktop/school/comp-vis/dataset/datasets--everettshen--StreetView360AtoZ/snapshots/f0b9ffb20c4dc68d4422db97b7da7b577970650e/data/724_S371bITvBhZbDABRw3QsUQ_41.44988457_31.78339753.jpg,60.6238,92.8,0.01445
364_gMw8wGGJohJ38Mgf2gLkyw_58.40003408_15.76635280,/home/alex/Desktop/school/comp-vis/dataset/datasets--everettshen--StreetView360AtoZ/snapshots/f0b9ffb20c4dc68d4422db97b7da7b577970650e/data/364_gMw8wGGJohJ38Mgf2gLkyw_58.40003408_15.76635280.jpg,43.8506,199.17,0.019257
633_5bw8-t0LTDHHVremB5zbjA_53.14997783_7.00964351,/home/alex/Desktop/school/comp-vis/dataset/datasets--everettshen--StreetView360AtoZ/snapshots/f0b9ffb20c4dc68d4422db97b7da7b577970650e/data/633_5bw8-t0LTDHHVremB5zbjA_53.14997783_7.00964351.jpg,31.9498,312.73,0.019241
2985_yZgYkboE2ADQwY-hyf84Gg_42.05506941_-124.28996671,/home/alex/Desktop/school/comp-vis/dataset/datasets--everettshen--StreetView360AtoZ/snapshots/f0b9ffb20c4dc68d4422db97b7da7b577970650e/data/2985_yZgYkboE2ADQwY-hyf84Gg_42.05506941_-124.28996671.jpg,14.9068,213.76,0.035522
640_CvgWvzyNszqFbDq3ghGaVQ_23.33357421_73.13635789,/home/alex/Desktop/school/comp-vis/dataset/datasets--everettshen--StreetView360AtoZ/snapshots/f0b9ffb20c4dc68d4422db97b7da7b577970650e/data/640_CvgWvzyNszqFbDq3ghGaVQ_23.33357421_73.13635789.jpg,46.8272,318.51,0.035797
1138_CfkLvM-5AUIEPITQ-feKZw_48.51121498_-1.97584636,/home/alex/Desktop/school/comp-vis/dataset/datasets--everettshen--StreetView360AtoZ/snapshots/f0b9ffb20c4dc68d4422db97b7da7b577970650e/data/1138_CfkLvM-5AUIEPITQ-feKZw_48.51121498_-1.97584636.jpg,59.7587,262.0,0.14386
803_T-DhBznjmlWR9CaCZt3RKw_53.71050853_14.02592133,/home/alex/Desktop/school/comp-vis/dataset/datasets--everettshen--StreetView360AtoZ/snapshots/f0b9ffb20c4dc68d4422db97b7da7b577970650e/data/803_T-DhBznjmlWR9CaCZt3RKw_53.71050853_14.02592133.jpg,51.4842,45.44,0.061844
986_Pq0vTKxB7gfqjxPu3C-IPA_41.91275165_15.78954554,/home/alex/Desktop/school/comp-vis/dataset/datasets--everettshen--StreetView360AtoZ/snapshots/f0b9ffb20c4dc68d4422db97b7da7b577970650e/data/986_Pq0vTKxB7gfqjxPu3C-IPA_41.91275165_15.78954554.jpg,64.4529,154.06,0.011581
288_hyaIoAyxzghW678It6jcVA_70.23940005_22.35081516,/home/alex/Desktop/school/comp-vis/dataset/datasets--everettshen--StreetView360AtoZ/snapshots/f0b9ffb20c4dc68d4422db97b7da7b577970650e/data/288_hyaIoAyxzghW678It6jcVA_70.23940005_22.35081516.jpg,28.6316,384.7,0.048325
1287_Hn3QFkB6fZqpHPZu9gxjPA_48.20418729_-1.73648521,/home/alex/Desktop/school/comp-vis/dataset/datasets--everettshen--StreetView360AtoZ/snapshots/f0b9ffb20c4dc68d4422db97b7da7b577970650e/data/1287_Hn3QFkB6fZqpHPZu9gxjPA_48.20418729_-1.73648521.jpg,63.2173,436.39,0.071655
877_1frawj7Q1CbzlpThpkILLg_31.77284382_-95.66143736,/home/alex/Desktop/school/comp-vis/dataset/datasets--everettshen--StreetView360AtoZ/snapshots/f0b9ffb20c4dc68d4422db97b7da7b577970650e/data/877_1frawj7Q1CbzlpThpkILLg_31.77284382_-95.66143736.jpg,28.2631,28.26,0.038086
1246_x2s0bxTmeqO_dCJrSk-PmQ_30.08473335_75.90426432,/home/alex/Desktop/school/comp-vis/dataset/datasets--everettshen--StreetView360AtoZ/snapshots/f0b9ffb20c4dc68d4422db97b7da7b577970650e/data/1246_x2s0bxTmeqO_dCJrSk-PmQ_30.08473335_75.90426432.jpg,38.147,386.62,0.134995
622_FHgJjSqkbrtUvM7Payu6HQ_51.82613983_5.80841165,/home/alex/Desktop/school/comp-vis/dataset/datasets--everettshen--StreetView360AtoZ/snapshots/f0b9ffb20c4dc68d4422db97b7da7b577970650e/data/622_FHgJjSqkbrtUvM7Payu6HQ_51.82613983_5.80841165.jpg,14.9377,33.21,0.021362
492_O3ZQS3n4OlC1pvV5D1I7Tw_46.94291842_-65.51772200,/home/alex/Desktop/school/comp-vis/dataset/datasets--everettshen--StreetView360AtoZ/snapshots/f0b9ffb20c4dc68d4422db97b7da7b577970650e/data/492_O3ZQS3n4OlC1pvV5D1I7Tw_46.94291842_-65.51772200.jpg,28.779,445.99,0.030899
2312_D8nGmocqIpqF5fRNRYRf-A_23.72846556_87.05833880,/home/alex/Desktop/school/comp-vis/dataset/datasets--everettshen--StreetView360AtoZ/snapshots/f0b9ffb20c4dc68d4422db97b7da7b577970650e/data/2312_D8nGmocqIpqF5fRNRYRf-A_23.72846556_87.05833880.jpg,59.1355,88.37,0.204163
372_S00yNLVckVU_n6drkCWZFQ_35.97576927_-88.64119206,/home/alex/Desktop/school/comp-vis/dataset/datasets--everettshen--StreetView360AtoZ/snapshots/f0b9ffb20c4dc68d4422db97b7da7b577970650e/data/372_S00yNLVckVU_n6drkCWZFQ_35.97576927_-88.64119206.jpg,74.3945,316.42,0.01506
1342_aApX_OGEx8muXqzracdLrA_-10.22711116_-44.63927429,/home/alex/Desktop/school/comp-vis/dataset/datasets--everettshen--StreetView360AtoZ/snapshots/f0b9ffb20c4dc68d4422db97b7da7b577970650e/data/1342_aApX_OGEx8muXqzracdLrA_-10.22711116_-44.63927429.jpg,48.9916,251.09,0.015869
1412_nnqlYNYod75ldKT5PykdlQ_43.95438463_12.44021498,/home/alex/Desktop/school/comp-vis/dataset/datasets--everettshen--StreetView360AtoZ/snapshots/f0b9ffb20c4dc68d4422db97b7da7b577970650e/data/1412_nnqlYNYod75ldKT5PykdlQ_43.95438463_12.44021498.jpg,18.8661,202.89,0.041565
869_PT_5wUfuofv1cIGMQ8Sv2g_47.97211961_2.94699492,/home/alex/Desktop/school/comp-vis/dataset/datasets--everettshen--StreetView360AtoZ/snapshots/f0b9ffb20c4dc68d4422db97b7da7b577970650e/data/869_PT_5wUfuofv1cIGMQ8Sv2g_47.97211961_2.94699492.jpg,68.5364,201.31,0.021805
3164_OaTwD9aKZRHD5rk9paCRHw_37.39658466_-120.63173352,/home/alex/Desktop/school/comp-vis/dataset/datasets--everettshen--StreetView360AtoZ/snapshots/f0b9ffb20c4dc68d4422db97b7da7b577970650e/data/3164_OaTwD9aKZRHD5rk9paCRHw_37.39658466_-120.63173352.jpg,58.3262,308.81,0.022018
173_HKxooU5uHt62IyT4wHMJtQ_35.02418046_-110.69736094,/home/alex/Desktop/school/comp-vis/dataset/datasets--everettshen--StreetView360AtoZ/snapshots/f0b9ffb20c4dc68d4422db97b7da7b577970650e/data/173_HKxooU5uHt62IyT4wHMJtQ_35.02418046_-110.69736094.jpg,83.5873,248.65,0.089722
624_UYHamw-8HZpgkEseMx1Vhw_-23.72941350_133.86599568,/home/alex/Desktop/school/comp-vis/dataset/datasets--everettshen--StreetView360AtoZ/snapshots/f0b9ffb20c4dc68d4422db97b7da7b577970650e/data/624_UYHamw-8HZpgkEseMx1Vhw_-23.72941350_133.86599568.jpg,17.0459,490.24,0.016083
1921_SauQ0q-AF3GjJqe1TREFOQ_38.39557880_-91.87994311,/home/alex/Desktop/school/comp-vis/dataset/datasets--everettshen--StreetView360AtoZ/snapshots/f0b9ffb20c4dc68d4422db97b7da7b577970650e/data/1921_SauQ0q-AF3GjJqe1TREFOQ_38.39557880_-91.87994311.jpg,72.8282,161.47,0.086472
781_0hwOjo5bwF3rsZqa0iqavA_51.79357464_-0.93125976,/home/alex/Desktop/school/comp-vis/dataset/datasets--everettshen--StreetView360AtoZ/snapshots/f0b9ffb20c4dc68d4422db97b7da7b577970650e/data/781_0hwOjo5bwF3rsZqa0iqavA_51.79357464_-0.93125976.jpg,63.4551,471.99,0.049713
1532_n-4yjass2pHGvYbrKjbRLw_-29.13401045_31.39733035,/home/alex/Desktop/school/comp-vis/dataset/datasets--everettshen--StreetView360AtoZ/snapshots/f0b9ffb20c4dc68d4422db97b7da7b577970650e/data/1532_n-4yjass2pHGvYbrKjbRLw_-29.13401045_31.39733035.jpg,72.3703,357.08,0.030014
178_MvM2-K9z6Z5T-0LRQ01ygw_26.43482598_87.80300170,/home/alex/Desktop/school/comp-vis/dataset/datasets--everettshen--StreetView360AtoZ/snapshots/f0b9ffb20c4dc68d4422db97b7da7b577970650e/data/178_MvM2-K9z6Z5T-0LRQ01ygw_26.43482598_87.80300170.jpg,36.6721,330.12,0.169815
628_PbCkM5HZModvxa4qHYaYaQ_33.33674938_-102.20658899,/home/alex/Desktop/school/comp-vis/dataset/datasets--everettshen--StreetView360AtoZ/snapshots/f0b9ffb20c4dc68d4422db97b7da7b577970650e/data/628_PbCkM5HZModvxa4qHYaYaQ_33.33674938_-102.20658899.jpg,44.2929,118.81,0.039673
1621_bstIWUEuY5nXmXCx3uMX2A_41.87364688_-91.58518673,/home/alex/Desktop/school/comp-vis/dataset/datasets--everettshen--StreetView360AtoZ/snapshots/f0b9ffb20c4dc68d4422db97b7da7b577970650e/data/1621_bstIWUEuY5nXmXCx3uMX2A_41.87364688_-91.58518673.jpg,40.4999,101.4,0.047821
668_m_wftn5C1-NLc48lYZQBDw_36.13958401_-82.43008403,/home/alex/Desktop/school/comp-vis/dataset/datasets--everettshen--StreetView360AtoZ/snapshots/f0b9ffb20c4dc68d4422db97b7da7b577970650e/data/668_m_wftn5C1-NLc48lYZQBDw_36.13958401_-82.43008403.jpg,25.5459,134.83,0.104813
1238_-C81db5ENG0s99x7oxM1SA_45.75200217_-120.90448881,/home/alex/Desktop/school/comp-vis/dataset/datasets--everettshen--StreetView360AtoZ/snapshots/f0b9ffb20c4dc68d4422db97b7da7b577970650e/data/1238_-C81db5ENG0s99x7oxM1SA_45.75200217_-120.90448881.jpg,16.3503,198.92,0.049774
3274_YRjgNr8_dmih3ZQFqURsZw_56.97206143_23.86804281,/home/alex/Desktop/school/comp-vis/dataset/datasets--everettshen--StreetView360AtoZ/snapshots/f0b9ffb20c4dc68d4422db97b7da7b577970650e/data/3274_YRjgNr8_dmih3ZQFqURsZw_56.97206143_23.86804281.jpg,31.0296,491.86,0.017395
1047_gkFkLJUkeEUptBkoBSrhDQ_41.21416733_-76.64572307,/home/alex/Desktop/school/comp-vis/dataset/datasets--everettshen--StreetView360AtoZ/snapshots/f0b9ffb20c4dc68d4422db97b7da7b577970650e/data/1047_gkFkLJUkeEUptBkoBSrhDQ_41.21416733_-76.64572307.jpg,26.7404,34.3,0.058334
607_W8NQAKOcZpX4tBAztR1Fmw_30.19752678_75.79883354,/home/alex/Desktop/school/comp-vis/dataset/datasets--everettshen--StreetView360AtoZ/snapshots/f0b9ffb20c4dc68d4422db97b7da7b577970650e/data/607_W8NQAKOcZpX4tBAztR1Fmw_30.19752678_75.79883354.jpg,40.1638,231.81,0.094177
1042_5ikLxiY2SgUwfQwaWAqp1w_50.28168626_3.98450178,/home/alex/Desktop/school/comp-vis/dataset/datasets--everettshen--StreetView360AtoZ/snapshots/f0b9ffb20c4dc68d4422db97b7da7b577970650e/data/1042_5ikLxiY2SgUwfQwaWAqp1w_50.28168626_3.98450178.jpg,29.3912,73.37,0.028473
833_7MNeE1lQqdMJN9Sb0lFjFw_-33.95143292_-62.97273553,/home/alex/Desktop/school/comp-vis/dataset/datasets--everettshen--StreetView360AtoZ/snapshots/f0b9ffb20c4dc68d4422db97b7da7b577970650e/data/833_7MNeE1lQqdMJN9Sb0lFjFw_-33.95143292_-62.97273553.jpg,65.783,16.23,0.015625
1706_9VFxEmM4iGrildJUSJnxVQ_42.38246117_-106.26889485,/home/alex/Desktop/school/comp-vis/dataset/datasets--everettshen--StreetView360AtoZ/snapshots/f0b9ffb20c4dc68d4422db97b7da7b577970650e/data/1706_9VFxEmM4iGrildJUSJnxVQ_42.38246117_-106.26889485.jpg,11.865,214.52,0.03093
932_rnstb16eSh-IoxC8B2qaUg_31.96432854_-95.26137299,/home/alex/Desktop/school/comp-vis/dataset/datasets--everettshen--StreetView360AtoZ/snapshots/f0b9ffb20c4dc68d4422db97b7da7b577970650e/data/932_rnstb16eSh-IoxC8B2qaUg_31.96432854_-95.26137299.jpg,45.1521,482.42,0.044205
528_UL0sRv0MYHb9Zy4OzJ8EWg_50.40737638_4.26977232,/home/alex/Desktop/school/comp-vis/dataset/datasets--everettshen--StreetView360AtoZ/snapshots/f0b9ffb20c4dc68d4422db97b7da7b577970650e/data/528_UL0sRv0MYHb9Zy4OzJ8EWg_50.40737638_4.26977232.jpg,31.4866,496.52,0.01178
26_tll7eg7DWSkiNm4_JuSlJw_47.06350720_-109.41748759,/home/alex/Desktop/school/comp-vis/dataset/datasets--everettshen--StreetView360AtoZ/snapshots/f0b9ffb20c4dc68d4422db97b7da7b577970650e/data/26_tll7eg7DWSkiNm4_JuSlJw_47.06350720_-109.41748759.jpg,75.6063,139.68,0.027649
2490_z1M_7zAEd4OEQdSqg9W3IA_54.82114179_-98.61331336,/home/alex/Desktop/school/comp-vis/dataset/datasets--everettshen--StreetView360AtoZ/snapshots/f0b9ffb20c4dc68d4422db97b7da7b577970650e/data/2490_z1M_7zAEd4OEQdSqg9W3IA_54.82114179_-98.61331336.jpg,26.1793,322.71,0.063736
2941_V3KXxJmM7zGqKntUozsClA_52.78740995_6.93899705,/home/alex/Desktop/school/comp-vis/dataset/datasets--everettshen--StreetView360AtoZ/snapshots/f0b9ffb20c4dc68d4422db97b7da7b577970650e/data/2941_V3KXxJmM7zGqKntUozsClA_52.78740995_6.93899705.jpg,50.9667,141.66,0.115814
883_bXR03Couo9AhFbt3afNvyg_37.13938631_127.35740575,/home/alex/Desktop/school/comp-vis/dataset/datasets--everettshen--StreetView360AtoZ/snapshots/f0b9ffb20c4dc68d4422db97b7da7b577970650e/data/883_bXR03Couo9AhFbt3afNvyg_37.13938631_127.35740575.jpg,25.4532,166.0,0.027512
459_WySwo190fy6YETmoYue-Ww_-22.11454596_-54.69599569,/home/alex/Desktop/school/comp-vis/dataset/datasets--everettshen--StreetView360AtoZ/snapshots/f0b9ffb20c4dc68d4422db97b7da7b577970650e/data/459_WySwo190fy6YETmoYue-Ww_-22.11454596_-54.69599569.jpg,21.3561,428.98,0.039688
46_gK0A7YAt96-IhGdQogd4Nw_39.64591306_-0.59082521,/home/alex/Desktop/school/comp-vis/dataset/datasets--everettshen--StreetView360AtoZ/snapshots/f0b9ffb20c4dc68d4422db97b7da7b577970650e/data/46_gK0A7YAt96-IhGdQogd4Nw_39.64591306_-0.59082521.jpg,55.4584,90.45,0.041473
2504_t94jbpQXkGXkYLwd44MXuQ_38.05939084_37.18823665,/home/alex/Desktop/school/comp-vis/dataset/datasets--everettshen--StreetView360AtoZ/snapshots/f0b9ffb20c4dc68d4422db97b7da7b577970650e/data/2504_t94jbpQXkGXkYLwd44MXuQ_38.05939084_37.18823665.jpg,31.6087,306.88,0.032959
1647_IDMyjHeTPoP0kvBvkOzaCg_41.62187487_-0.92872703,/home/alex/Desktop/school/comp-vis/dataset/datasets--everettshen--StreetView360AtoZ/snapshots/f0b9ffb20c4dc68d4422db97b7da7b577970650e/data/1647_IDMyjHeTPoP0kvBvkOzaCg_41.62187487_-0.92872703.jpg,52.8929,496.55,0.012009
392__TiHlnqUmxA1GQv-bDYwHQ_40.41776002_17.24643002,/home/alex/Desktop/school/comp-vis/dataset/datasets--everettshen--StreetView360AtoZ/snapshots/f0b9ffb20c4dc68d4422db97b7da7b577970650e/data/392__TiHlnqUmxA1GQv-bDYwHQ_40.41776002_17.24643002.jpg,42.2387,380.17,0.011414
137_tYO58e4F36WA0sQFsEwXzQ_-36.75817826_174.66020704,/home/alex/Desktop/school/comp-vis/dataset/datasets--everettshen--StreetView360AtoZ/snapshots/f0b9ffb20c4dc68d4422db97b7da7b577970650e/data/137_tYO58e4F36WA0sQFsEwXzQ_-36.75817826_174.66020704.jpg,37.2765,359.8,0.039841
2944_1g8zzvy9vmy9prrK56igGg_44.60597390_-79.39277842,/home/alex/Desktop/school/comp-vis/dataset/datasets--everettshen--StreetView360AtoZ/snapshots/f0b9ffb20c4dc68d4422db97b7da7b577970650e/data/2944_1g8zzvy9vmy9prrK56igGg_44.60597390_-79.39277842.jpg,66.8167,427.98,0.012527
2438_2QLMew6gy7Hz8iyiKEwNKQ_-24.00339752_-53.70390817,/home/alex/Desktop/school/comp-vis/dataset/datasets--everettshen--StreetView360AtoZ/snapshots/f0b9ffb20c4dc68d4422db97b7da7b577970650e/data/2438_2QLMew6gy7Hz8iyiKEwNKQ_-24.00339752_-53.70390817.jpg,70.5036,374.26,0.037277
1474_whSj58O4tbHAWLNri9_eWg_22.20034559_-101.04894948,/home/alex/Desktop/school/comp-vis/dataset/datasets--everettshen--StreetView360AtoZ/snapshots/f0b9ffb20c4dc68d4422db97b7da7b577970650e/data/1474_whSj58O4tbHAWLNri9_eWg_22.20034559_-101.04894948.jpg,69.3086,118.44,0.043427
1482_14lXVmIvf7iZVWEa63pSpQ_21.66274621_-98.96550056,/home/alex/Desktop/school/comp-vis/dataset/datasets--everettshen--StreetView360AtoZ/snapshots/f0b9ffb20c4dc68d4422db97b7da7b577970650e/data/1482_14lXVmIvf7iZVWEa63pSpQ_21.66274621_-98.96550056.jpg,61.2562,53.54,0.020462
96_EYNmUIDlX2IshDo_T81Myw_39.03611533_22.28419104,/home/alex/Desktop/school/comp-vis/dataset/datasets--everettshen--StreetView360AtoZ/snapshots/f0b9ffb20c4dc68d4422db97b7da7b577970650e/data/96_EYNmUIDlX2IshDo_T81Myw_39.03611533_22.28419104.jpg,35.8439,103.89,0.0215
2134_KZs7xH-0melahyjmnSmMTQ_23.09757349_78.98246154,/home/alex/Desktop/school/comp-vis/dataset/datasets--everettshen--StreetView360AtoZ/snapshots/f0b9ffb20c4dc68d4422db97b7da7b577970650e/data/2134_KZs7xH-0melahyjmnSmMTQ_23.09757349_78.98246154.jpg,52.0195,47.24,0.12381
2956_FiiYmrPcIlyc_jmxyLVsRQ_47.34626545_-102.64522296,/home/alex/Desktop/school/comp-vis/dataset/datasets--everettshen--StreetView360AtoZ/snapshots/f0b9ffb20c4dc68d4422db97b7da7b577970650e/data/2956_FiiYmrPcIlyc_jmxyLVsRQ_47.34626545_-102.64522296.jpg,48.4299,310.7,0.012009
1490_6cRlzDVbtQKSnw7hrR7h9g_40.92225923_32.46689387,/home/alex/Desktop/school/comp-vis/dataset/datasets--everettshen--StreetView360AtoZ/snapshots/f0b9ffb20c4dc68d4422db97b7da7b577970650e/data/1490_6cRlzDVbtQKSnw7hrR7h9g_40.92225923_32.46689387.jpg,37.9731,241.82,0.024506
2583_K8OGJdbkLj9hBV7CASZRoQ_39.55060963_8.79182293,/home/alex/Desktop/school/comp-vis/dataset/datasets--everettshen--StreetView360AtoZ/snapshots/f0b9ffb20c4dc68d4422db97b7da7b577970650e/data/2583_K8OGJdbkLj9hBV7CASZRoQ_39.55060963_8.79182293.jpg,38.7952,416.44,0.027191
2345_5YZ4Q1JF2GhB5r5-qa0sew_29.78386924_74.45970116,/home/alex/Desktop/school/comp-vis/dataset/datasets--everettshen--StreetView360AtoZ/snapshots/f0b9ffb20c4dc68d4422db97b7da7b577970650e/data/2345_5YZ4Q1JF2GhB5r5-qa0sew_29.78386924_74.45970116.jpg,50.4528,187.3,0.048782
1427_V7EsRUrwqZstxQMFHDOaCg_51.89352986_12.60410121,/home/alex/Desktop/school/comp-vis/dataset/datasets--everettshen--StreetView360AtoZ/snapshots/f0b9ffb20c4dc68d4422db97b7da7b577970650e/data/1427_V7EsRUrwqZstxQMFHDOaCg_51.89352986_12.60410121.jpg,37.897,190.73,0.022034
905_8mWiLtKYhNVUfDLp8KeeTg_43.14427065_-2.55959943,/home/alex/Desktop/school/comp-vis/dataset/datasets--everettshen--StreetView360AtoZ/snapshots/f0b9ffb20c4dc68d4422db97b7da7b577970650e/data/905_8mWiLtKYhNVUfDLp8KeeTg_43.14427065_-2.55959943.jpg,41.2718,345.52,0.055893
1641_DLiTwGxQW04krrMpDqvh9w_43.60911663_-96.46203714,/home/alex/Desktop/school/comp-vis/dataset/datasets--everettshen--StreetView360AtoZ/snapshots/f0b9ffb20c4dc68d4422db97b7da7b577970650e/data/1641_DLiTwGxQW04krrMpDqvh9w_43.60911663_-96.46203714.jpg,10.66,199.88,0.034119
3440_WVhx_Zxk2psJh28Xm-VbCA_46.98634249_-104.19002567,/home/alex/Desktop/school/comp-vis/dataset/datasets--everettshen--StreetView360AtoZ/snapshots/f0b9ffb20c4dc68d4422db97b7da7b577970650e/data/3440_WVhx_Zxk2psJh28Xm-VbCA_46.98634249_-104.19002567.jpg,36.7436,324.66,0.061157
336_KmARZPgVQUAHPThkSANoHA_45.66612503_-88.90910132,/home/alex/Desktop/school/comp-vis/dataset/datasets--everettshen--StreetView360AtoZ/snapshots/f0b9ffb20c4dc68d4422db97b7da7b577970650e/data/336_KmARZPgVQUAHPThkSANoHA_45.66612503_-88.90910132.jpg,29.1623,350.92,0.04837
1214_XqEvP4vw1Sa9UXk4vEXOIA_-38.66821919_174.62015981,/home/alex/Desktop/school/comp-vis/dataset/datasets--everettshen--StreetView360AtoZ/snapshots/f0b9ffb20c4dc68d4422db97b7da7b577970650e/data/1214_XqEvP4vw1Sa9UXk4vEXOIA_-38.66821919_174.62015981.jpg,58.524,175.32,0.227432
2370_JZpp0X6X6xc1mSStWBzrAg_42.56233879_-77.69682664,/home/alex/Desktop/school/comp-vis/dataset/datasets--everettshen--StreetView360AtoZ/snapshots/f0b9ffb20c4dc68d4422db97b7da7b577970650e/data/2370_JZpp0X6X6xc1mSStWBzrAg_42.56233879_-77.69682664.jpg,36.3952,124.01,0.115143
1034_QnIBVdxH5bSlwOcK0cy18A_52.75935010_12.42006342,/home/alex/Desktop/school/comp-vis/dataset/datasets--everettshen--StreetView360AtoZ/snapshots/f0b9ffb20c4dc68d4422db97b7da7b577970650e/data/1034_QnIBVdxH5bSlwOcK0cy18A_52.75935010_12.42006342.jpg,66.8018,373.62,0.036957
2086_zOR8g7qN23ViQCAGz3_EGg_-33.73372463_150.93332616,/home/alex/Desktop/school/comp-vis/dataset/datasets--everettshen--StreetView360AtoZ/snapshots/f0b9ffb20c4dc68d4422db97b7da7b577970650e/data/2086_zOR8g7qN23ViQCAGz3_EGg_-33.73372463_150.93332616.jpg,49.6608,405.94,0.030273
2445_y8ixKcWrRz1zkvx_ilTWwg_38.00223423_127.23873552,/home/alex/Desktop/school/comp-vis/dataset/datasets--everettshen--StreetView360AtoZ/snapshots/f0b9ffb20c4dc68d4422db97b7da7b577970650e/data/2445_y8ixKcWrRz1zkvx_ilTWwg_38.00223423_127.23873552.jpg,14.5704,306.41,0.035751
289_wEHXZAwNcAzVd3M-3Xt8Sw_-21.01745544_-47.58306536,/home/alex/Desktop/school/comp-vis/dataset/datasets--everettshen--StreetView360AtoZ/snapshots/f0b9ffb20c4dc68d4422db97b7da7b577970650e/data/289_wEHXZAwNcAzVd3M-3Xt8Sw_-21.01745544_-47.58306536.jpg,19.5766,16.53,0.018997
2828_uKVgeJVe-QqXRHZoboCp7w_-29.92013553_30.96470007,/home/alex/Desktop/school/comp-vis/dataset/datasets--everettshen--StreetView360AtoZ/snapshots/f0b9ffb20c4dc68d4422db97b7da7b577970650e/data/2828_uKVgeJVe-QqXRHZoboCp7w_-29.92013553_30.96470007.jpg,65.4091,134.29,0.016464
2106_U4E170pO-r4qi6Pvg8lY3A_13.24851896_77.70283830,/home/alex/Desktop/school/comp-vis/dataset/datasets--everettshen--StreetView360AtoZ/snapshots/f0b9ffb20c4dc68d4422db97b7da7b577970650e/data/2106_U4E170pO-r4qi6Pvg8lY3A_13.24851896_77.70283830.jpg,67.5813,334.29,0.084641
1384_omtJYO9F6pygcjih6CTumw_50.35177900_10.90408920,/home/alex/Desktop/school/comp-vis/dataset/datasets--everettshen--StreetView360AtoZ/snapshots/f0b9ffb20c4dc68d4422db97b7da7b577970650e/data/1384_omtJYO9F6pygcjih6CTumw_50.35177900_10.90408920.jpg,21.4955,173.36,0.02948
1709_DmS5tH3vf9aG0nrASjWQXQ_47.14133656_-1.28258908,/home/alex/Desktop/school/comp-vis/dataset/datasets--everettshen--StreetView360AtoZ/snapshots/f0b9ffb20c4dc68d4422db97b7da7b577970650e/data/1709_DmS5tH3vf9aG0nrASjWQXQ_47.14133656_-1.28258908.jpg,53.4337,271.13,0.054276
276_9Z_UPS5rGv9Z95VDus1b2g_52.55601419_7.96564129,/home/alex/Desktop/school/comp-vis/dataset/datasets--everettshen--StreetView360AtoZ/snapshots/f0b9ffb20c4dc68d4422db97b7da7b577970650e/data/276_9Z_UPS5rGv9Z95VDus1b2g_52.55601419_7.96564129.jpg,19.52,475.61,0.028839
125_hN048-wC0ycWrN9-ZCMpQg_60.60754037_15.63054148,/home/alex/Desktop/school/comp-vis/dataset/datasets--everettshen--StreetView360AtoZ/snapshots/f0b9ffb20c4dc68d4422db97b7da7b577970650e/data/125_hN048-wC0ycWrN9-ZCMpQg_60.60754037_15.63054148.jpg,43.0361,346.34,0.069321
1580_58rFrFwIygPzeY4X5VB3Rw_-34.89996395_-57.93370589,/home/alex/Desktop/school/comp-vis/dataset/datasets--everettshen--StreetView360AtoZ/snapshots/f0b9ffb20c4dc68d4422db97b7da7b577970650e/data/1580_58rFrFwIygPzeY4X5VB3Rw_-34.89996395_-57.93370589.jpg,52.5601,441.5,0.043488
2500_YUS3o87tIBMpi068YF8gGw_53.46102566_11.18006165,/home/alex/Desktop/school/comp-vis/dataset/datasets--everettshen--StreetView360AtoZ/snapshots/f0b9ffb20c4dc68d4422db97b7da7b577970650e/data/2500_YUS3o87tIBMpi068YF8gGw_53.46102566_11.18006165.jpg,34.9347,144.53,0.029922
3183_6LwooPxtCzMeRwXoTmHGig_43.44653329_-1.51166817,/home/alex/Desktop/school/comp-vis/dataset/datasets--everettshen--StreetView360AtoZ/snapshots/f0b9ffb20c4dc68d4422db97b7da7b577970650e/data/3183_6LwooPxtCzMeRwXoTmHGig_43.44653329_-1.51166817.jpg,23.6873,139.03,0.021927
839_t5ZPzRvfWE-1oSjQGmoeiQ_38.04564546_-4.17027250,/home/alex/Desktop/school/comp-vis/dataset/datasets--everettshen--StreetView360AtoZ/snapshots/f0b9ffb20c4dc68d4422db97b7da7b577970650e/data/839_t5ZPzRvfWE-1oSjQGmoeiQ_38.04564546_-4.17027250.jpg,65.9794,440.61,0.061096
522_EOq0RHET1qFfO8ZuTBZQtw_34.55416905_-114.37239753,/home/alex/Desktop/school/comp-vis/dataset/datasets--everettshen--StreetView360AtoZ/snapshots/f0b9ffb20c4dc68d4422db97b7da7b577970650e/data/522_EOq0RHET1qFfO8ZuTBZQtw_34.55416905_-114.37239753.jpg,15.9597,318.02,0.048172
613_iAQwcH45Of4z-OgnS7vbCw_25.80206308_-80.22466603,/home/alex/Desktop/school/comp-vis/dataset/datasets--everettshen--StreetView360AtoZ/snapshots/f0b9ffb20c4dc68d4422db97b7da7b577970650e/data/613_iAQwcH45Of4z-OgnS7vbCw_25.80206308_-80.22466603.jpg,38.5812,451.37,0.015198
2045_UMZcQxQBCwVN7vbDkTE30A_44.48670066_0.67421867,/home/alex/Desktop/school/comp-vis/dataset/datasets--everettshen--StreetView360AtoZ/snapshots/f0b9ffb20c4dc68d4422db97b7da7b577970650e/data/2045_UMZcQxQBCwVN7vbDkTE30A_44.48670066_0.67421867.jpg,40.0224,328.39,0.031128
1185__Qkp1vFPeZ_bVmsOtuqICw_48.48783200_6.69473831,/home/alex/Desktop/school/comp-vis/dataset/datasets--everettshen--StreetView360AtoZ/snapshots/f0b9ffb20c4dc68d4422db97b7da7b577970650e/data/1185__Qkp1vFPeZ_bVmsOtuqICw_48.48783200_6.69473831.jpg,18.7462,87.91,0.025635
1930_L9pNMzMLqUpSlzf9B_NgMg_61.90615287_129.63343218,/home/alex/Desktop/school/comp-vis/dataset/datasets--everettshen--StreetView360AtoZ/snapshots/f0b9ffb20c4dc68d4422db97b7da7b577970650e/data/1930_L9pNMzMLqUpSlzf9B_NgMg_61.90615287_129.63343218.jpg,19.0807,348.15,0.036133
1841_F8SLb4SzFDuK1m7FwhbZew_43.83586613_-101.52238252,/home/alex/Desktop/school/comp-vis/dataset/datasets--everettshen--StreetView360AtoZ/snapshots/f0b9ffb20c4dc68d4422db97b7da7b577970650e/data/1841_F8SLb4SzFDuK1m7FwhbZew_43.83586613_-101.52238252.jpg,17.3369,47.06,0.059052
399_9wwSDrMMljNZBZFasc4XmA_45.80207688_-119.37253846,/home/alex/Desktop/school/comp-vis/dataset/datasets--everettshen--StreetView360AtoZ/snapshots/f0b9ffb20c4dc68d4422db97b7da7b577970650e/data/399_9wwSDrMMljNZBZFasc4XmA_45.80207688_-119.37253846.jpg,29.6818,208.12,0.050568
386_h-Z776xGUzPuyRZ85pODaQ_55.21662168_-2.98278957,/home/alex/Desktop/school/comp-vis/dataset/datasets--everettshen--StreetView360AtoZ/snapshots/f0b9ffb20c4dc68d4422db97b7da7b577970650e/data/386_h-Z776xGUzPuyRZ85pODaQ_55.21662168_-2.98278957.jpg,24.2365,311.96,0.020889
1482_WNWEJCw8BlxCKvJyYDA-xw_13.63696986_78.62956322,/home/alex/Desktop/school/comp-vis/dataset/datasets--everettshen--StreetView360AtoZ/snapshots/f0b9ffb20c4dc68d4422db97b7da7b577970650e/data/1482_WNWEJCw8BlxCKvJyYDA-xw_13.63696986_78.62956322.jpg,53.3197,461.69,0.061401
2393_svl3dUbpOS2vttcl0XMuxQ_-23.64525922_150.38902405,/home/alex/Desktop/school/comp-vis/dataset/datasets--everettshen--StreetView360AtoZ/snapshots/f0b9ffb20c4dc68d4422db97b7da7b577970650e/data/2393_svl3dUbpOS2vttcl0XMuxQ_-23.64525922_150.38902405.jpg,64.9653,259.23,0.201508
1057_JRBGR-M4wPCdpMkvCdhkSA_40.04406390_-94.82078797,/home/alex/Desktop/school/comp-vis/dataset/datasets--everettshen--StreetView360AtoZ/snapshots/f0b9ffb20c4dc68d4422db97b7da7b577970650e/data/1057_JRBGR-M4wPCdpMkvCdhkSA_40.04406390_-94.82078797.jpg,35.1185,232.49,0.046585
858_Nuu0CHu8oFgpwbIiT_h2gA_34.80029138_-118.87376082,/home/alex/Desktop/school/comp-vis/dataset/datasets--everettshen--StreetView360AtoZ/snapshots/f0b9ffb20c4dc68d4422db97b7da7b577970650e/data/858_Nuu0CHu8oFgpwbIiT_h2gA_34.80029138_-118.87376082.jpg,17.9764,169.89,0.038544
1962_w1T0Qx-8HA1F0PwWkYKmRw_59.65005943_17.88367669,/home/alex/Desktop/school/comp-vis/dataset/datasets--everettshen--StreetView360AtoZ/snapshots/f0b9ffb20c4dc68d4422db97b7da7b577970650e/data/1962_w1T0Qx-8HA1F0PwWkYKmRw_59.65005943_17.88367669.jpg,16.1024,40.69,0.020706
2495_-1Do2qRUhozYCarTx9OAbA_31.71179342_75.65501293,/home/alex/Desktop/school/comp-vis/dataset/datasets--everettshen--StreetView360AtoZ/snapshots/f0b9ffb20c4dc68d4422db97b7da7b577970650e/data/2495_-1Do2qRUhozYCarTx9OAbA_31.71179342_75.65501293.jpg,44.8719,102.96,0.203262
2629_30PrP9xt8qWeCEj0wy9AWw_52.52574127_-6.27009807,/home/alex/Desktop/school/comp-vis/dataset/datasets--everettshen--StreetView360AtoZ/snapshots/f0b9ffb20c4dc68d4422db97b7da7b577970650e/data/2629_30PrP9xt8qWeCEj0wy9AWw_52.52574127_-6.27009807.jpg,32.4546,187.79,0.056976
163_IB4qkJzMBX_s2W25Ju03NA_47.21353903_27.51769817,/home/alex/Desktop/school/comp-vis/dataset/datasets--everettshen--StreetView360AtoZ/snapshots/f0b9ffb20c4dc68d4422db97b7da7b577970650e/data/163_IB4qkJzMBX_s2W25Ju03NA_47.21353903_27.51769817.jpg,61.8197,249.36,0.048172
1831_VawJIQ60svoXjTnJqzLsig_23.88879411_120.56545733,/home/alex/Desktop/school/comp-vis/dataset/datasets--everettshen--StreetView360AtoZ/snapshots/f0b9ffb20c4dc68d4422db97b7da7b577970650e/data/1831_VawJIQ60svoXjTnJqzLsig_23.88879411_120.56545733.jpg,46.0288,315.94,0.083237
131_q9G3LSg1JSC4sOn-d5qiKQ_43.09782008_-93.80262365,/home/alex/Desktop/school/comp-vis/dataset/datasets--everettshen--StreetView360AtoZ/snapshots/f0b9ffb20c4dc68d4422db97b7da7b577970650e/data/131_q9G3LSg1JSC4sOn-d5qiKQ_43.09782008_-93.80262365.jpg,59.4567,150.19,0.026093
2007__XUU3-QXghOlq3f13xkvwA_22.82393643_70.84716838,/home/alex/Desktop/school/comp-vis/dataset/datasets--everettshen--StreetView360AtoZ/snapshots/f0b9ffb20c4dc68d4422db97b7da7b577970650e/data/2007__XUU3-QXghOlq3f13xkvwA_22.82393643_70.84716838.jpg,48.6923,357.81,0.032776
212_IOh5mLswy_8PTnls4D1MMQ_38.63872699_-5.53920320,/home/alex/Desktop/school/comp-vis/dataset/datasets--everettshen--StreetView360AtoZ/snapshots/f0b9ffb20c4dc68d4422db97b7da7b577970650e/data/212_IOh5mLswy_8PTnls4D1MMQ_38.63872699_-5.53920320.jpg,27.9962,460.64,0.014511
3390_DQXjdMbfWAevbhuvZizd9Q_22.75235146_73.15001910,/home/alex/Desktop/school/comp-vis/dataset/datasets--everettshen--StreetView360AtoZ/snapshots/f0b9ffb20c4dc68d4422db97b7da7b577970650e/data/3390_DQXjdMbfWAevbhuvZizd9Q_22.75235146_73.15001910.jpg,62.3694,214.06,0.05072
1765_mOlACphgLZN4LlZq_F8Vfw_47.51678717_-122.25866840,/home/alex/Desktop/school/comp-vis/dataset/datasets--everettshen--StreetView360AtoZ/snapshots/f0b9ffb20c4dc68d4422db97b7da7b577970650e/data/1765_mOlACphgLZN4LlZq_F8Vfw_47.51678717_-122.25866840.jpg,83.5119,282.01,0.037491
192_tkwDa3qSOFbLK9q1Y8UzYA_45.63943212_18.46634876,/home/alex/Desktop/school/comp-vis/dataset/datasets--everettshen--StreetView360AtoZ/snapshots/f0b9ffb20c4dc68d4422db97b7da7b577970650e/data/192_tkwDa3qSOFbLK9q1Y8UzYA_45.63943212_18.46634876.jpg,15.7322,42.09,0.013336
1127_qzHuJd-jcCkPK6BxolnGjQ_62.94545772_21.54838472,/home/alex/Desktop/school/comp-vis/dataset/datasets--everettshen--StreetView360AtoZ/snapshots/f0b9ffb20c4dc68d4422db97b7da7b577970650e/data/1127_qzHuJd-jcCkPK6BxolnGjQ_62.94545772_21.54838472.jpg,25.064,396.33,0.03035
2189__Tjx3tNQDdOpSqEC_cFzbA_37.03503689_-97.60831587,/home/alex/Desktop/school/comp-vis/dataset/datasets--everettshen--StreetView360AtoZ/snapshots/f0b9ffb20c4dc68d4422db97b7da7b577970650e/data/2189__Tjx3tNQDdOpSqEC_cFzbA_37.03503689_-97.60831587.jpg,22.5652,79.23,0.038391
388_vSczd4UEvybj0N2iV6djEA_33.47320686_-102.61870522,/home/alex/Desktop/school/comp-vis/dataset/datasets--everettshen--StreetView360AtoZ/snapshots/f0b9ffb20c4dc68d4422db97b7da7b577970650e/data/388_vSczd4UEvybj0N2iV6djEA_33.47320686_-102.61870522.jpg,16.9046,285.72,0.063065
962_oMjldwucn2Vr1ahZPHGdOA_21.25682134_-99.25298903,/home/alex/Desktop/school/comp-vis/dataset/datasets--everettshen--StreetView360AtoZ/snapshots/f0b9ffb20c4dc68d4422db97b7da7b577970650e/data/962_oMjldwucn2Vr1ahZPHGdOA_21.25682134_-99.25298903.jpg,84.1966,252.95,0.085968
2487_d_LFN125atOyFrNe687d7g_43.41161904_1.38942505,/home/alex/Desktop/school/comp-vis/dataset/datasets--everettshen--StreetView360AtoZ/snapshots/f0b9ffb20c4dc68d4422db97b7da7b577970650e/data/2487_d_LFN125atOyFrNe687d7g_43.41161904_1.38942505.jpg,42.782,49.05,0.011765
1299_MY8fcCpivQ4DmbGFrUmgbQ_-28.92851513_153.49285591,/home/alex/Desktop/school/comp-vis/dataset/datasets--everettshen--StreetView360AtoZ/snapshots/f0b9ffb20c4dc68d4422db97b7da7b577970650e/data/1299_MY8fcCpivQ4DmbGFrUmgbQ_-28.92851513_153.49285591.jpg,48.0967,324.14,0.078949
611_TggHhuOtK8wfN9jIHvri0w_56.07576298_12.54003815,/home/alex/Desktop/school/comp-vis/dataset/datasets--everettshen--StreetView360AtoZ/snapshots/f0b9ffb20c4dc68d4422db97b7da7b577970650e/data/611_TggHhuOtK8wfN9jIHvri0w_56.07576298_12.54003815.jpg,48.6635,366.92,0.012466
1792_JbE3IMc75125W6iVeOCnBQ_37.65565706_32.79893355,/home/alex/Desktop/school/comp-vis/dataset/datasets--everettshen--StreetView360AtoZ/snapshots/f0b9ffb20c4dc68d4422db97b7da7b577970650e/data/1792_JbE3IMc75125W6iVeOCnBQ_37.65565706_32.79893355.jpg,17.2554,163.59,0.043015
1044_ZtHhMSszRlqA1r329fkNHA_51.75002039_22.17306816,/home/alex/Desktop/school/comp-vis/dataset/datasets--everettshen--StreetView360AtoZ/snapshots/f0b9ffb20c4dc68d4422db97b7da7b577970650e/data/1044_ZtHhMSszRlqA1r329fkNHA_51.75002039_22.17306816.jpg,77.0448,212.92,0.161514
149_r6QNeQDC3LRA7ehEC-vooQ_41.54314435_-83.66655391,/home/alex/Desktop/school/comp-vis/dataset/datasets--everettshen--StreetView360AtoZ/snapshots/f0b9ffb20c4dc68d4422db97b7da7b577970650e/data/149_r6QNeQDC3LRA7ehEC-vooQ_41.54314435_-83.66655391.jpg,59.736,330.36,0.018341
1850_hbrdAJurgy_du1oacPCj0w_-32.61619715_-55.83346511,/home/alex/Desktop/school/comp-vis/dataset/datasets--everettshen--StreetView360AtoZ/snapshots/f0b9ffb20c4dc68d4422db97b7da7b577970650e/data/1850_hbrdAJurgy_du1oacPCj0w_-32.61619715_-55.83346511.jpg,67.2117,252.15,0.025177
47_RjN4bfW1JK-dY44aPoxTPA_46.58415671_14.75447035,/home/alex/Desktop/school/comp-vis/dataset/datasets--everettshen--StreetView360AtoZ/snapshots/f0b9ffb20c4dc68d4422db97b7da7b577970650e/data/47_RjN4bfW1JK-dY44aPoxTPA_46.58415671_14.75447035.jpg,69.2835,365.39,0.064514
103_mghSG-dXdTytUTOlVbkjAQ_52.66696947_4.82197421,/home/alex/Desktop/school/comp-vis/dataset/datasets--everettshen--StreetView360AtoZ/snapshots/f0b9ffb20c4dc68d4422db97b7da7b577970650e/data/103_mghSG-dXdTytUTOlVbkjAQ_52.66696947_4.82197421.jpg,38.2835,99.04,0.061172
889_Ovptf0RhEw1e5bd3hlkVnQ_55.88009682_37.58333343,/home/alex/Desktop/school/comp-vis/dataset/datasets--everettshen--StreetView360AtoZ/snapshots/f0b9ffb20c4dc68d4422db97b7da7b577970650e/data/889_Ovptf0RhEw1e5bd3hlkVnQ_55.88009682_37.58333343.jpg,24.3824,240.27,0.030029
245_bPaw8mQhMFnVtG5BDo75qw_34.76529328_135.43806132,/home/alex/Desktop/school/comp-vis/dataset/datasets--everettshen--StreetView360AtoZ/snapshots/f0b9ffb20c4dc68d4422db97b7da7b577970650e/data/245_bPaw8mQhMFnVtG5BDo75qw_34.76529328_135.43806132.jpg,32.5491,17.28,0.013885
834_MffW6C9dwFq62GZHO0S3KA_60.25452881_11.68178850,/home/alex/Desktop/school/comp-vis/dataset/datasets--everettshen--StreetView360AtoZ/snapshots/f0b9ffb20c4dc68d4422db97b7da7b577970650e/data/834_MffW6C9dwFq62GZHO0S3KA_60.25452881_11.68178850.jpg,26.319,444.44,0.030838
204_COWdmkJJi5GYz6ZumPz88g_-14.74701398_-50.57182031,/home/alex/Desktop/school/comp-vis/dataset/datasets--everettshen--StreetView360AtoZ/snapshots/f0b9ffb20c4dc68d4422db97b7da7b577970650e/data/204_COWdmkJJi5GYz6ZumPz88g_-14.74701398_-50.57182031.jpg,30.6676,87.33,0.019714
685_-A9E4bXr4U_BkmosFHNZUw_18.63285877_79.53003697,/home/alex/Desktop/school/comp-vis/dataset/datasets--everettshen--StreetView360AtoZ/snapshots/f0b9ffb20c4dc68d4422db97b7da7b577970650e/data/685_-A9E4bXr4U_BkmosFHNZUw_18.63285877_79.53003697.jpg,60.3657,386.42,0.105453
1830_-6idsQ3ebaAyHsY4DhVcVg_7.60022841_4.76729608,/home/alex/Desktop/school/comp-vis/dataset/datasets--everettshen--StreetView360AtoZ/snapshots/f0b9ffb20c4dc68d4422db97b7da7b577970650e/data/1830_-6idsQ3ebaAyHsY4DhVcVg_7.60022841_4.76729608.jpg,72.7667,315.22,0.052643
367_xDq4HgQzb-0UA43igJPzqg_40.36700586_15.58278051,/home/alex/Desktop/school/comp-vis/dataset/datasets--everettshen--StreetView360AtoZ/snapshots/f0b9ffb20c4dc68d4422db97b7da7b577970650e/data/367_xDq4HgQzb-0UA43igJPzqg_40.36700586_15.58278051.jpg,44.9684,407.72,0.029663
648_BUQa_lkmcKrzjjbgj0McxA_57.19613691_23.09706324,/home/alex/Desktop/school/comp-vis/dataset/datasets--everettshen--StreetView360AtoZ/snapshots/f0b9ffb20c4dc68d4422db97b7da7b577970650e/data/648_BUQa_lkmcKrzjjbgj0McxA_57.19613691_23.09706324.jpg,49.2128,429.55,0.044189
1722_cM9Vb3ycIgJkrUW_dfog2g_0.49250811_117.53104894,/home/alex/Desktop/school/comp-vis/dataset/datasets--everettshen--StreetView360AtoZ/snapshots/f0b9ffb20c4dc68d4422db97b7da7b577970650e/data/1722_cM9Vb3ycIgJkrUW_dfog2g_0.49250811_117.53104894.jpg,66.2364,173.8,0.031647
89_QzbENoMQ8Oqwk-rpkjL5lg_37.25061750_-82.61879263,/home/alex/Desktop/school/comp-vis/dataset/datasets--everettshen--StreetView360AtoZ/snapshots/f0b9ffb20c4dc68d4422db97b7da7b577970650e/data/89_QzbENoMQ8Oqwk-rpkjL5lg_37.25061750_-82.61879263.jpg,79.3592,246.31,0.025467
277_5qx6vkfqJMUUJnn39WFJmQ_48.74013789_-111.84090816,/home/alex/Desktop/school/comp-vis/dataset/datasets--everettshen--StreetView360AtoZ/snapshots/f0b9ffb20c4dc68d4422db97b7da7b577970650e/data/277_5qx6vkfqJMUUJnn39WFJmQ_48.74013789_-111.84090816.jpg,86.1963,375.84,0.025665
256_twWaL0wu5g3WYrXD7vlJVQ_61.12081878_-146.25749711,/home/alex/Desktop/school/comp-vis/dataset/datasets--everettshen--StreetView360AtoZ/snapshots/f0b9ffb20c4dc68d4422db97b7da7b577970650e/data/256_twWaL0wu5g3WYrXD7vlJVQ_61.12081878_-146.25749711.jpg,28.22,485.12,0.035965
1908_wAc4pU-IpXXMl6vFqev1UQ_51.00002686_3.64998990,/home/alex/Desktop/school/comp-vis/dataset/datasets--everettshen--StreetView360AtoZ/snapshots/f0b9ffb20c4dc68d4422db97b7da7b577970650e/data/1908_wAc4pU-IpXXMl6vFqev1UQ_51.00002686_3.64998990.jpg,60.1671,334.34,0.098083
222_TYlm7nd5X4pHf1akKwUpIQ_45.52612414_-122.41097657,/home/alex/Desktop/school/comp-vis/dataset/datasets--everettshen--StreetView360AtoZ/snapshots/f0b9ffb20c4dc68d4422db97b7da7b577970650e/data/222_TYlm7nd5X4pHf1akKwUpIQ_45.52612414_-122.41097657.jpg,60.1196,322.92,0.025833
3136_zrvIqNTc-rjTFLyOjFSxtQ_-25.43681544_-49.26682493,/home/alex/Desktop/school/comp-vis/dataset/datasets--everettshen--StreetView360AtoZ/snapshots/f0b9ffb20c4dc68d4422db97b7da7b577970650e/data/3136_zrvIqNTc-rjTFLyOjFSxtQ_-25.43681544_-49.26682493.jpg,61.3822,306.2,0.212234
1032_alZdIEGwfS_19fNFLrNlMA_-24.18369101_145.73304459,/home/alex/Desktop/school/comp-vis/dataset/datasets--everettshen--StreetView360AtoZ/snapshots/f0b9ffb20c4dc68d4422db97b7da7b577970650e/data/1032_alZdIEGwfS_19fNFLrNlMA_-24.18369101_145.73304459.jpg,61.1903,346.46,0.036575
1691_VDPPxG9L5dr0y2Xlzwu2pg_32.18083408_-90.30012997,/home/alex/Desktop/school/comp-vis/dataset/datasets--everettshen--StreetView360AtoZ/snapshots/f0b9ffb20c4dc68d4422db97b7da7b577970650e/data/1691_VDPPxG9L5dr0y2Xlzwu2pg_32.18083408_-90.30012997.jpg,22.0257,457.41,0.054977
647_TPjOoCR7wtb64dL4qQsvAg_39.32798501_-84.12116196,/home/alex/Desktop/school/comp-vis/dataset/datasets--everettshen--StreetView360AtoZ/snapshots/f0b9ffb20c4dc68d4422db97b7da7b577970650e/data/647_TPjOoCR7wtb64dL4qQsvAg_39.32798501_-84.12116196.jpg,59.367,170.98,0.257202
3086_zQVnIUNojDWE2j4p7am1nw_42.46341241_-75.01180577,/home/alex/Desktop/school/comp-vis/dataset/datasets--everettshen--StreetView360AtoZ/snapshots/f0b9ffb20c4dc68d4422db97b7da7b577970650e/data/3086_zQVnIUNojDWE2j4p7am1nw_42.46341241_-75.01180577.jpg,27.6087,357.12,0.059937
2774_5ET9RwKnRjTjqxmckoe2rg_-3.78193171_-49.67381535,/home/alex/Desktop/school/comp-vis/dataset/datasets--everettshen--StreetView360AtoZ/snapshots/f0b9ffb20c4dc68d4422db97b7da7b577970650e/data/2774_5ET9RwKnRjTjqxmckoe2rg_-3.78193171_-49.67381535.jpg,36.2737,406.51,0.064972
1705_FfbE-JFMjc2tDbCq1kuP1A_46.27684597_12.37199841,/home/alex/Desktop/school/comp-vis/dataset/datasets--everettshen--StreetView360AtoZ/snapshots/f0b9ffb20c4dc68d4422db97b7da7b577970650e/data/1705_FfbE-JFMjc2tDbCq1kuP1A_46.27684597_12.37199841.jpg,59.8019,479.66,0.059906
464_3YzjAndlcGTAv1Y53achiQ_-7.17283505_112.45508924,/home/alex/Desktop/school/comp-vis/dataset/datasets--everettshen--StreetView360AtoZ/snapshots/f0b9ffb20c4dc68d4422db97b7da7b577970650e/data/464_3YzjAndlcGTAv1Y53achiQ_-7.17283505_112.45508924.jpg,45.1839,298.56,0.013794
830_CXsRmbNYEHQflfA7hyLU4Q_48.82316896_9.96278341,/home/alex/Desktop/school/comp-vis/dataset/datasets--everettshen--StreetView360AtoZ/snapshots/f0b9ffb20c4dc68d4422db97b7da7b577970650e/data/830_CXsRmbNYEHQflfA7hyLU4Q_48.82316896_9.96278341.jpg,43.2086,306.09,0.024338
383_XW9tB-Bc88sOh_tmA_OXHg_32.71955266_-84.01039032,/home/alex/Desktop/school/comp-vis/dataset/datasets--everettshen--StreetView360AtoZ/snapshots/f0b9ffb20c4dc68d4422db97b7da7b577970650e/data/383_XW9tB-Bc88sOh_tmA_OXHg_32.71955266_-84.01039032.jpg,54.799,330.75,0.128052
1123_9GT3UrH7PYerLHhyc9ZE5A_30.53858703_-92.10038980,/home/alex/Desktop/school/comp-vis/dataset/datasets--everettshen--StreetView360AtoZ/snapshots/f0b9ffb20c4dc68d4422db97b7da7b577970650e/data/1123_9GT3UrH7PYerLHhyc9ZE5A_30.53858703_-92.10038980.jpg,77.7127,259.61,0.20076
1027_mlFjC-5HbipRtpw13dNBAA_42.55983937_-83.83378278,/home/alex/Desktop/school/comp-vis/dataset/datasets--everettshen--StreetView360AtoZ/snapshots/f0b9ffb20c4dc68d4422db97b7da7b577970650e/data/1027_mlFjC-5HbipRtpw13dNBAA_42.55983937_-83.83378278.jpg,18.791,133.84,0.060684
1240_2SlEtkfmGMKxMPzTgN3aQg_39.77226289_-100.03511797,/home/alex/Desktop/school/comp-vis/dataset/datasets--everettshen--StreetView360AtoZ/snapshots/f0b9ffb20c4dc68d4422db97b7da7b577970650e/data/1240_2SlEtkfmGMKxMPzTgN3aQg_39.77226289_-100.03511797.jpg,53.7136,317.3,0.034622
22_ZswBYzv_nxlrj9do3o-Fgw_29.39365558_-94.95114926,/home/alex/Desktop/school/comp-vis/dataset/datasets--everettshen--StreetView360AtoZ/snapshots/f0b9ffb20c4dc68d4422db97b7da7b577970650e/data/22_ZswBYzv_nxlrj9do3o-Fgw_29.39365558_-94.95114926.jpg,22.1141,299.18,0.031235
2518_fhB1ZQePfmPvJTXAp0zwqA_35.41596503_-108.99305123,/home/alex/Desktop/school/comp-vis/dataset/datasets--everettshen--StreetView360AtoZ/snapshots/f0b9ffb20c4dc68d4422db97b7da7b577970650e/data/2518_fhB1ZQePfmPvJTXAp0zwqA_35.41596503_-108.99305123.jpg,18.4075,57.68,0.048767
69_gO4gjpcm0bkPEqoMtT8ofw_-1.94847988_30.07333543,/home/alex/Desktop/school/comp-vis/dataset/datasets--everettshen--StreetView360AtoZ/snapshots/f0b9ffb20c4dc68d4422db97b7da7b577970650e/data/69_gO4gjpcm0bkPEqoMtT8ofw_-1.94847988_30.07333543.jpg,70.9047,478.05,0.035492
2665__O0Gsew3r-ZZuWiDEJbcaw_-32.76700047_134.96650245,/home/alex/Desktop/school/comp-vis/dataset/datasets--everettshen--StreetView360AtoZ/snapshots/f0b9ffb20c4dc68d4422db97b7da7b577970650e/data/2665__O0Gsew3r-ZZuWiDEJbcaw_-32.76700047_134.96650245.jpg,48.5943,336.3,0.037033
1343_Ghyq9z0FZlFiETRt6FVA3A_43.94647267_12.76927886,/home/alex/Desktop/school/comp-vis/dataset/datasets--everettshen--StreetView360AtoZ/snapshots/f0b9ffb20c4dc68d4422db97b7da7b577970650e/data/1343_Ghyq9z0FZlFiETRt6FVA3A_43.94647267_12.76927886.jpg,52.9541,354.27,0.074265
1520_HvgPK8qKQe4X0T-ejzsQvA_38.18580823_21.68025950,/home/alex/Desktop/school/comp-vis/dataset/datasets--everettshen--StreetView360AtoZ/snapshots/f0b9ffb20c4dc68d4422db97b7da7b577970650e/data/1520_HvgPK8qKQe4X0T-ejzsQvA_38.18580823_21.68025950.jpg,59.9197,313.13,0.030197
651_xfIPz1F1A1rBLqjTvqH_fA_44.98193735_22.69464421,/home/alex/Desktop/school/comp-vis/dataset/datasets--everettshen--StreetView360AtoZ/snapshots/f0b9ffb20c4dc68d4422db97b7da7b577970650e/data/651_xfIPz1F1A1rBLqjTvqH_fA_44.98193735_22.69464421.jpg,31.0914,322.71,0.030655
504_c66z3fWFHVfyleSjupfW7Q_50.35623737_3.77481101,/home/alex/Desktop/school/comp-vis/dataset/datasets--everettshen--StreetView360AtoZ/snapshots/f0b9ffb20c4dc68d4422db97b7da7b577970650e/data/504_c66z3fWFHVfyleSjupfW7Q_50.35623737_3.77481101.jpg,32.5535,337.76,0.029465
1630_Kdj8CiztnJpnhXdz493BAQ_22.84297329_75.19168574,/home/alex/Desktop/school/comp-vis/dataset/datasets--everettshen--StreetView360AtoZ/snapshots/f0b9ffb20c4dc68d4422db97b7da7b577970650e/data/1630_Kdj8CiztnJpnhXdz493BAQ_22.84297329_75.19168574.jpg,52.8165,234.51,0.038071
1615_gEVNXt6E7V6Yozl5gud7Lw_32.75514106_129.87019255,/home/alex/Desktop/school/comp-vis/dataset/datasets--everettshen--StreetView360AtoZ/snapshots/f0b9ffb20c4dc68d4422db97b7da7b577970650e/data/1615_gEVNXt6E7V6Yozl5gud7Lw_32.75514106_129.87019255.jpg,40.3007,414.4,0.034805
1696_JhARYKmOWwwh7hx7YrAxuw_29.93313182_-97.26045694,/home/alex/Desktop/school/comp-vis/dataset/datasets--everettshen--StreetView360AtoZ/snapshots/f0b9ffb20c4dc68d4422db97b7da7b577970650e/data/1696_JhARYKmOWwwh7hx7YrAxuw_29.93313182_-97.26045694.jpg,16.3104,480.45,0.031586
2491_J50cj0RxC8aE1S4DEH7RaQ_29.53219483_-81.68361734,/home/alex/Desktop/school/comp-vis/dataset/datasets--everettshen--StreetView360AtoZ/snapshots/f0b9ffb20c4dc68d4422db97b7da7b577970650e/data/2491_J50cj0RxC8aE1S4DEH7RaQ_29.53219483_-81.68361734.jpg,36.5645,402.71,0.045151
2407_rxkyNbwCNfsMfbL2GpVwnw_43.52828192_-121.94376984,/home/alex/Desktop/school/comp-vis/dataset/datasets--everettshen--StreetView360AtoZ/snapshots/f0b9ffb20c4dc68d4422db97b7da7b577970650e/data/2407_rxkyNbwCNfsMfbL2GpVwnw_43.52828192_-121.94376984.jpg,23.5979,280.34,0.047745
1445_cspqTpl47NFuX6T_g0eDGQ_54.12948305_-115.66778234,/home/alex/Desktop/school/comp-vis/dataset/datasets--everettshen--StreetView360AtoZ/snapshots/f0b9ffb20c4dc68d4422db97b7da7b577970650e/data/1445_cspqTpl47NFuX6T_g0eDGQ_54.12948305_-115.66778234.jpg,56.5938,255.64,0.044403
459_rzVYIx51inRVtg44TPDZRQ_38.17672836_16.12013303,/home/alex/Desktop/school/comp-vis/dataset/datasets--everettshen--StreetView360AtoZ/snapshots/f0b9ffb20c4dc68d4422db97b7da7b577970650e/data/459_rzVYIx51inRVtg44TPDZRQ_38.17672836_16.12013303.jpg,13.3583,413.54,0.019424
663_IKU9zNigkdIbbPWQOFQusQ_45.16510651_11.26482435,/home/alex/Desktop/school/comp-vis/dataset/datasets--everettshen--StreetView360AtoZ/snapshots/f0b9ffb20c4dc68d4422db97b7da7b577970650e/data/663_IKU9zNigkdIbbPWQOFQusQ_45.16510651_11.26482435.jpg,42.0556,219.79,0.011536
671_abM3XUko7mtjhxK6Jr6i5w_44.53123750_-74.03452849,/home/alex/Desktop/school/comp-vis/dataset/datasets--everettshen--StreetView360AtoZ/snapshots/f0b9ffb20c4dc68d4422db97b7da7b577970650e/data/671_abM3XUko7mtjhxK6Jr6i5w_44.53123750_-74.03452849.jpg,60.0047,479.1,0.016281
1113_4T2g2kWAL827-uDHpcRUqA_-28.60576662_151.94819285,/home/alex/Desktop/school/comp-vis/dataset/datasets--everettshen--StreetView360AtoZ/snapshots/f0b9ffb20c4dc68d4422db97b7da7b577970650e/data/1113_4T2g2kWAL827-uDHpcRUqA_-28.60576662_151.94819285.jpg,22.4236,124.84,0.044769
3323_8q8HJcH8uzklyAd1z-LNtQ_34.27229517_-88.57091188,/home/alex/Desktop/school/comp-vis/dataset/datasets--everettshen--StreetView360AtoZ/snapshots/f0b9ffb20c4dc68d4422db97b7da7b577970650e/data/3323_8q8HJcH8uzklyAd1z-LNtQ_34.27229517_-88.57091188.jpg,42.0429,442.96,0.021164
668_8UKMLZ5h5zPzIcf4Cye7JA_-27.44999381_153.06668635,/home/alex/Desktop/school/comp-vis/dataset/datasets--everettshen--StreetView360AtoZ/snapshots/f0b9ffb20c4dc68d4422db97b7da7b577970650e/data/668_8UKMLZ5h5zPzIcf4Cye7JA_-27.44999381_153.06668635.jpg,60.8451,442.73,0.020248
1124_Icv-3YwG5jJrwS_7egAxUw_-22.45743291_118.70556275,/home/alex/Desktop/school/comp-vis/dataset/datasets--everettshen--StreetView360AtoZ/snapshots/f0b9ffb20c4dc68d4422db97b7da7b577970650e/data/1124_Icv-3YwG5jJrwS_7egAxUw_-22.45743291_118.70556275.jpg,45.4069,138.29,0.013092
2276_yCCgCj4x7nPC7hAvCIHTJQ_-38.34320095_143.57216524,/home/alex/Desktop/school/comp-vis/dataset/datasets--everettshen--StreetView360AtoZ/snapshots/f0b9ffb20c4dc68d4422db97b7da7b577970650e/data/2276_yCCgCj4x7nPC7hAvCIHTJQ_-38.34320095_143.57216524.jpg,41.0643,448.63,0.021973
1611_m9XmlGlHpb0x0CJVza9kyg_15.66286910_76.90294739,/home/alex/Desktop/school/comp-vis/dataset/datasets--everettshen--StreetView360AtoZ/snapshots/f0b9ffb20c4dc68d4422db97b7da7b577970650e/data/1611_m9XmlGlHpb0x0CJVza9kyg_15.66286910_76.90294739.jpg,61.3008,471.58,0.080688
118_7X9VyjgjAiV0xAXWWhJW9g_40.46990645_32.65002109,/home/alex/Desktop/school/comp-vis/dataset/datasets--everettshen--StreetView360AtoZ/snapshots/f0b9ffb20c4dc68d4422db97b7da7b577970650e/data/118_7X9VyjgjAiV0xAXWWhJW9g_40.46990645_32.65002109.jpg,66.8242,77.51,0.018616
471_bRUzrPTBdQQLdpFkL3sESA_30.54050154_-88.68767790,/home/alex/Desktop/school/comp-vis/dataset/datasets--everettshen--StreetView360AtoZ/snapshots/f0b9ffb20c4dc68d4422db97b7da7b577970650e/data/471_bRUzrPTBdQQLdpFkL3sESA_30.54050154_-88.68767790.jpg,38.4463,154.73,0.044891
971_1y2ActFIKRBfx8EiQnf8AQ_27.35704969_-81.04591395,/home/alex/Desktop/school/comp-vis/dataset/datasets--everettshen--StreetView360AtoZ/snapshots/f0b9ffb20c4dc68d4422db97b7da7b577970650e/data/971_1y2ActFIKRBfx8EiQnf8AQ_27.35704969_-81.04591395.jpg,57.8757,319.78,0.017532
2252_0layOaCkVx-xJP2yN7XzVA_34.60534011_135.47123817,/home/alex/Desktop/school/comp-vis/dataset/datasets--everettshen--StreetView360AtoZ/snapshots/f0b9ffb20c4dc68d4422db97b7da7b577970650e/data/2252_0layOaCkVx-xJP2yN7XzVA_34.60534011_135.47123817.jpg,44.6913,340.7,0.01004
876_bVRYJUixUeKtPvEPDezKFg_64.74987766_28.25102699,/home/alex/Desktop/school/comp-vis/dataset/datasets--everettshen--StreetView360AtoZ/snapshots/f0b9ffb20c4dc68d4422db97b7da7b577970650e/data/876_bVRYJUixUeKtPvEPDezKFg_64.74987766_28.25102699.jpg,58.5001,473.73,0.074936
808_nefPwba271d1I7LDc9FDcw_51.28412047_3.78604879,/home/alex/Desktop/school/comp-vis/dataset/datasets--everettshen--StreetView360AtoZ/snapshots/f0b9ffb20c4dc68d4422db97b7da7b577970650e/data/808_nefPwba271d1I7LDc9FDcw_51.28412047_3.78604879.jpg,44.3967,157.14,0.029373
2401_WlPvIce9npxScJNNmfaU6w_43.28153873_11.96911025,/home/alex/Desktop/school/comp-vis/dataset/datasets--everettshen--StreetView360AtoZ/snapshots/f0b9ffb20c4dc68d4422db97b7da7b577970650e/data/2401_WlPvIce9npxScJNNmfaU6w_43.28153873_11.96911025.jpg,49.2138,465.4,0.020218
168_IAeai5jMKMFsyZAutxkDmA_61.43298996_29.34995111,/home/alex/Desktop/school/comp-vis/dataset/datasets--everettshen--StreetView360AtoZ/snapshots/f0b9ffb20c4dc68d4422db97b7da7b577970650e/data/168_IAeai5jMKMFsyZAutxkDmA_61.43298996_29.34995111.jpg,33.1189,118.94,0.029724
1756_zBG8yHY8_27XRIuIQz9Vjg_43.08914311_-76.89123059,/home/alex/Desktop/school/comp-vis/dataset/datasets--everettshen--StreetView360AtoZ/snapshots/f0b9ffb20c4dc68d4422db97b7da7b577970650e/data/1756_zBG8yHY8_27XRIuIQz9Vjg_43.08914311_-76.89123059.jpg,81.2026,253.0,0.173798
3048_FNhlSM4cFG2WypltGoVC3Q_41.62137919_-2.26067044,/home/alex/Desktop/school/comp-vis/dataset/datasets--everettshen--StreetView360AtoZ/snapshots/f0b9ffb20c4dc68d4422db97b7da7b577970650e/data/3048_FNhlSM4cFG2WypltGoVC3Q_41.62137919_-2.26067044.jpg,19.1347,26.64,0.026718
2993_6bZxpDUALtD6z_9aZ9vOMw_-27.51399113_-52.25413353,/home/alex/Desktop/school/comp-vis/dataset/datasets--everettshen--StreetView360AtoZ/snapshots/f0b9ffb20c4dc68d4422db97b7da7b577970650e/data/2993_6bZxpDUALtD6z_9aZ9vOMw_-27.51399113_-52.25413353.jpg,41.3909,25.81,0.015427
673_vQr5ZKZk0s6XhmJz8Y2s0A_-20.43777941_-48.01254955,/home/alex/Desktop/school/comp-vis/dataset/datasets--everettshen--StreetView360AtoZ/snapshots/f0b9ffb20c4dc68d4422db97b7da7b577970650e/data/673_vQr5ZKZk0s6XhmJz8Y2s0A_-20.43777941_-48.01254955.jpg,57.147,14.75,0.013
2517_L1H6MtcWhYoT9jem3gHJFA_42.26071002_3.10460779,/home/alex/Desktop/school/comp-vis/dataset/datasets--everettshen--StreetView360AtoZ/snapshots/f0b9ffb20c4dc68d4422db97b7da7b577970650e/data/2517_L1H6MtcWhYoT9jem3gHJFA_42.26071002_3.10460779.jpg,30.9578,150.75,0.024033
337_V3_EzmS76oylZNzByH15gA_-37.87523837_142.29062445,/home/alex/Desktop/school/comp-vis/dataset/datasets--everettshen--StreetView360AtoZ/snapshots/f0b9ffb20c4dc68d4422db97b7da7b577970650e/data/337_V3_EzmS76oylZNzByH15gA_-37.87523837_142.29062445.jpg,46.7499,85.8,0.011063
271_Pr7nYxbTSkSEc089f5WoaQ_19.69900769_-99.17166308,/home/alex/Desktop/school/comp-vis/dataset/datasets--everettshen--StreetView360AtoZ/snapshots/f0b9ffb20c4dc68d4422db97b7da7b577970650e/data/271_Pr7nYxbTSkSEc089f5WoaQ_19.69900769_-99.17166308.jpg,36.3784,292.63,0.044449
3069_7GYq9GRdnN2agthhjJlLTg_22.40000173_79.52883208,/home/alex/Desktop/school/comp-vis/dataset/datasets--everettshen--StreetView360AtoZ/snapshots/f0b9ffb20c4dc68d4422db97b7da7b577970650e/data/3069_7GYq9GRdnN2agthhjJlLTg_22.40000173_79.52883208.jpg,22.7663,115.78,0.018677
349_0G4OVZu4sk7vpnOvltbAtA_22.96702359_78.52864691,/home/alex/Desktop/school/comp-vis/dataset/datasets--everettshen--StreetView360AtoZ/snapshots/f0b9ffb20c4dc68d4422db97b7da7b577970650e/data/349_0G4OVZu4sk7vpnOvltbAtA_22.96702359_78.52864691.jpg,72.4627,165.98,0.241821
747_ZOrdWBELKN3bSpFXd8SRCA_35.95738015_-75.62415752,/home/alex/Desktop/school/comp-vis/dataset/datasets--everettshen--StreetView360AtoZ/snapshots/f0b9ffb20c4dc68d4422db97b7da7b577970650e/data/747_ZOrdWBELKN3bSpFXd8SRCA_35.95738015_-75.62415752.jpg,68.5594,277.71,0.019547
391_sUnMipfV8AZkD5aO9rSj2A_51.55800285_10.63513190,/home/alex/Desktop/school/comp-vis/dataset/datasets--everettshen--StreetView360AtoZ/snapshots/f0b9ffb20c4dc68d4422db97b7da7b577970650e/data/391_sUnMipfV8AZkD5aO9rSj2A_51.55800285_10.63513190.jpg,17.1398,186.52,0.037781
2753_5BnSAg51D1aJfcw61y1enQ_26.93962431_-82.29858470,/home/alex/Desktop/school/comp-vis/dataset/datasets--everettshen--StreetView360AtoZ/snapshots/f0b9ffb20c4dc68d4422db97b7da7b577970650e/data/2753_5BnSAg51D1aJfcw61y1enQ_26.93962431_-82.29858470.jpg,30.5897,446.41,0.041031
1132_ASsBjWXWaN7CSNm7TAQTSw_32.60240688_-114.98776330,/home/alex/Desktop/school/comp-vis/dataset/datasets--everettshen--StreetView360AtoZ/snapshots/f0b9ffb20c4dc68d4422db97b7da7b577970650e/data/1132_ASsBjWXWaN7CSNm7TAQTSw_32.60240688_-114.98776330.jpg,39.1548,199.57,0.011459
1776_syONdS4xv2Um0HV8sdS41A_39.90758905_3.08121832,/home/alex/Desktop/school/comp-vis/dataset/datasets--everettshen--StreetView360AtoZ/snapshots/f0b9ffb20c4dc68d4422db97b7da7b577970650e/data/1776_syONdS4xv2Um0HV8sdS41A_39.90758905_3.08121832.jpg,35.1662,303.02,0.015671
696_jNr-fT_CgviT2jVBi6v5Ug_-27.22567453_-65.35682845,/home/alex/Desktop/school/comp-vis/dataset/datasets--everettshen--StreetView360AtoZ/snapshots/f0b9ffb20c4dc68d4422db97b7da7b577970650e/data/696_jNr-fT_CgviT2jVBi6v5Ug_-27.22567453_-65.35682845.jpg,37.2483,399.2,0.031708
764_VD_8Ai07mPGs5XMpFonnxQ_36.99657134_-76.57422490,/home/alex/Desktop/school/comp-vis/dataset/datasets--everettshen--StreetView360AtoZ/snapshots/f0b9ffb20c4dc68d4422db97b7da7b577970650e/data/764_VD_8Ai07mPGs5XMpFonnxQ_36.99657134_-76.57422490.jpg,57.1593,412.9,0.012726
1170_lEInA1uKIt-khRy0r-8VHw_38.74935928_16.51217068,/home/alex/Desktop/school/comp-vis/dataset/datasets--everettshen--StreetView360AtoZ/snapshots/f0b9ffb20c4dc68d4422db97b7da7b577970650e/data/1170_lEInA1uKIt-khRy0r-8VHw_38.74935928_16.51217068.jpg,19.634,218.96,0.021225
3355_b5vQ2xLcmCSXbcBj7hMonw_45.53294984_-100.27159977,/home/alex/Desktop/school/comp-vis/dataset/datasets--everettshen--StreetView360AtoZ/snapshots/f0b9ffb20c4dc68d4422db97b7da7b577970650e/data/3355_b5vQ2xLcmCSXbcBj7hMonw_45.53294984_-100.27159977.jpg,36.2039,285.78,0.076797
211_KMZoZadCziSMMmXM6KdwVQ_-31.91302556_116.04179882,/home/alex/Desktop/school/comp-vis/dataset/datasets--everettshen--StreetView360AtoZ/snapshots/f0b9ffb20c4dc68d4422db97b7da7b577970650e/data/211_KMZoZadCziSMMmXM6KdwVQ_-31.91302556_116.04179882.jpg,30.6699,248.31,0.01413
1220_CDu45PFdqz0qxthGMwAjVw_48.24073861_14.52603636,/home/alex/Desktop/school/comp-vis/dataset/datasets--everettshen--StreetView360AtoZ/snapshots/f0b9ffb20c4dc68d4422db97b7da7b577970650e/data/1220_CDu45PFdqz0qxthGMwAjVw_48.24073861_14.52603636.jpg,42.6163,106.89,0.040619
1420_WI7m_TEBrqBbOh76eeVGtA_-5.59282383_119.89108032,/home/alex/Desktop/school/comp-vis/dataset/datasets--everettshen--StreetView360AtoZ/snapshots/f0b9ffb20c4dc68d4422db97b7da7b577970650e/data/1420_WI7m_TEBrqBbOh76eeVGtA_-5.59282383_119.89108032.jpg,45.9981,377.45,0.051407
619_8560kNe5_NV3nPU4rdkSeA_47.29987156_-101.62633199,/home/alex/Desktop/school/comp-vis/dataset/datasets--everettshen--StreetView360AtoZ/snapshots/f0b9ffb20c4dc68d4422db97b7da7b577970650e/data/619_8560kNe5_NV3nPU4rdkSeA_47.29987156_-101.62633199.jpg,44.2912,312.31,0.023651
1901_IuapiPWaY7OF5eCCIn5tqw_31.30532771_-94.27017836,/home/alex/Desktop/school/comp-vis/dataset/datasets--everettshen--StreetView360AtoZ/snapshots/f0b9ffb20c4dc68d4422db97b7da7b577970650e/data/1901_IuapiPWaY7OF5eCCIn5tqw_31.30532771_-94.27017836.jpg,14.6409,184.33,0.054184
523_N48xKrq2JF2Kc-eYgUKGzw_48.66279480_-118.06854478,/home/alex/Desktop/school/comp-vis/dataset/datasets--everettshen--StreetView360AtoZ/snapshots/f0b9ffb20c4dc68d4422db97b7da7b577970650e/data/523_N48xKrq2JF2Kc-eYgUKGzw_48.66279480_-118.06854478.jpg,39.2498,495.46,0.011032
334_jwGiq54IHb9kdUTjeYqqeA_27.10020169_142.20188621,/home/alex/Desktop/school/comp-vis/dataset/datasets--everettshen--StreetView360AtoZ/snapshots/f0b9ffb20c4dc68d4422db97b7da7b577970650e/data/334_jwGiq54IHb9kdUTjeYqqeA_27.10020169_142.20188621.jpg,69.6855,251.94,0.070602
268_ADprOHa4RaPXWaufjUJ5nQ_63.31086768_18.57116575,/home/alex/Desktop/school/comp-vis/dataset/datasets--everettshen--StreetView360AtoZ/snapshots/f0b9ffb20c4dc68d4422db97b7da7b577970650e/data/268_ADprOHa4RaPXWaufjUJ5nQ_63.31086768_18.57116575.jpg,44.2582,52.9,0.023941
631_SBDvOK2U0Q2K-W2y8NoM9Q_25.27785199_51.52472112,/home/alex/Desktop/school/comp-vis/dataset/datasets--everettshen--StreetView360AtoZ/snapshots/f0b9ffb20c4dc68d4422db97b7da7b577970650e/data/631_SBDvOK2U0Q2K-W2y8NoM9Q_25.27785199_51.52472112.jpg,64.6815,141.33,0.05162
569_7O7UzP7Y2Vt6obEdlMIrTg_44.50258369_3.41059327,/home/alex/Desktop/school/comp-vis/dataset/datasets--everettshen--StreetView360AtoZ/snapshots/f0b9ffb20c4dc68d4422db97b7da7b577970650e/data/569_7O7UzP7Y2Vt6obEdlMIrTg_44.50258369_3.41059327.jpg,65.7081,407.53,0.038513
65_UMs5JgbTGvlDXxcLHrOmIg_1.34138926_103.95647402,/home/alex/Desktop/school/comp-vis/dataset/datasets--everettshen--StreetView360AtoZ/snapshots/f0b9ffb20c4dc68d4422db97b7da7b577970650e/data/65_UMs5JgbTGvlDXxcLHrOmIg_1.34138926_103.95647402.jpg,67.4187,260.4,0.349915
2882_kth3UYiMHndbSaFQ8C0R4g_20.44471659_80.11548154,/home/alex/Desktop/school/comp-vis/dataset/datasets--everettshen--StreetView360AtoZ/snapshots/f0b9ffb20c4dc68d4422db97b7da7b577970650e/data/2882_kth3UYiMHndbSaFQ8C0R4g_20.44471659_80.11548154.jpg,42.7223,396.69,0.10582
951_teNdwGWSDFEuQZA-GXSn3A_-39.88315402_174.89969188,/home/alex/Desktop/school/comp-vis/dataset/datasets--everettshen--StreetView360AtoZ/snapshots/f0b9ffb20c4dc68d4422db97b7da7b577970650e/data/951_teNdwGWSDFEuQZA-GXSn3A_-39.88315402_174.89969188.jpg,84.3506,301.94,0.050446
239__aSmacVFzsmfPTqAmTQjjQ_60.36283435_5.14913635,/home/alex/Desktop/school/comp-vis/dataset/datasets--everettshen--StreetView360AtoZ/snapshots/f0b9ffb20c4dc68d4422db97b7da7b577970650e/data/239__aSmacVFzsmfPTqAmTQjjQ_60.36283435_5.14913635.jpg,49.2237,19.11,0.016098
955_ZcE8uuGTO6DzFmfb_G_ZAg_9.11152113_-79.36078697,/home/alex/Desktop/school/comp-vis/dataset/datasets--everettshen--StreetView360AtoZ/snapshots/f0b9ffb20c4dc68d4422db97b7da7b577970650e/data/955_ZcE8uuGTO6DzFmfb_G_ZAg_9.11152113_-79.36078697.jpg,61.9026,230.36,0.016586
818_P7CR4ttbbHRY1MTU23soRg_25.40492526_86.69019522,/home/alex/Desktop/school/comp-vis/dataset/datasets--everettshen--StreetView360AtoZ/snapshots/f0b9ffb20c4dc68d4422db97b7da7b577970650e/data/818_P7CR4ttbbHRY1MTU23soRg_25.40492526_86.69019522.jpg,72.7497,104.7,0.076782
3367_jDUdqqcbJJiR2vdvlVVE1A_45.70496028_9.72379547,/home/alex/Desktop/school/comp-vis/dataset/datasets--everettshen--StreetView360AtoZ/snapshots/f0b9ffb20c4dc68d4422db97b7da7b577970650e/data/3367_jDUdqqcbJJiR2vdvlVVE1A_45.70496028_9.72379547.jpg,26.8543,404.55,0.038895
1662_RBtVBu5VZJflGA-YIL_gQA_43.25554569_-75.60359797,/home/alex/Desktop/school/comp-vis/dataset/datasets--everettshen--StreetView360AtoZ/snapshots/f0b9ffb20c4dc68d4422db97b7da7b577970650e/data/1662_RBtVBu5VZJflGA-YIL_gQA_43.25554569_-75.60359797.jpg,46.449,87.8,0.074768
1627_MiKCL6tfJCHtevGC4DrO2g_39.82650049_-75.42550194,/home/alex/Desktop/school/comp-vis/dataset/datasets--everettshen--StreetView360AtoZ/snapshots/f0b9ffb20c4dc68d4422db97b7da7b577970650e/data/1627_MiKCL6tfJCHtevGC4DrO2g_39.82650049_-75.42550194.jpg,22.9031,235.17,0.025513
3443_vwmtsG9oDqpw5OvHkz9nuw_51.97489673_-1.93339780,/home/alex/Desktop/school/comp-vis/dataset/datasets--everettshen--StreetView360AtoZ/snapshots/f0b9ffb20c4dc68d4422db97b7da7b577970650e/data/3443_vwmtsG9oDqpw5OvHkz9nuw_51.97489673_-1.93339780.jpg,30.8613,358.57,0.023239
441_roYeon3HSOFcNrbgOOS6Yg_37.47733150_-105.84143534,/home/alex/Desktop/school/comp-vis/dataset/datasets--everettshen--StreetView360AtoZ/snapshots/f0b9ffb20c4dc68d4422db97b7da7b577970650e/data/441_roYeon3HSOFcNrbgOOS6Yg_37.47733150_-105.84143534.jpg,80.7406,208.78,0.14772
63_NptaSr1MT-P20OkwHvPX8Q_42.53496104_2.24815214,/home/alex/Desktop/school/comp-vis/dataset/datasets--everettshen--StreetView360AtoZ/snapshots/f0b9ffb20c4dc68d4422db97b7da7b577970650e/data/63_NptaSr1MT-P20OkwHvPX8Q_42.53496104_2.24815214.jpg,32.9707,412.84,0.026733
2845_L0Ix0ljFf22tOfeKFjL3ew_16.38408671_75.88243983,/home/alex/Desktop/school/comp-vis/dataset/datasets--everettshen--StreetView360AtoZ/snapshots/f0b9ffb20c4dc68d4422db97b7da7b577970650e/data/2845_L0Ix0ljFf22tOfeKFjL3ew_16.38408671_75.88243983.jpg,54.0164,208.57,0.166275
281_Cnpq_JoA4bH3P5LKgOUVJA_35.43665764_-93.76409873,/home/alex/Desktop/school/comp-vis/dataset/datasets--everettshen--StreetView360AtoZ/snapshots/f0b9ffb20c4dc68d4422db97b7da7b577970650e/data/281_Cnpq_JoA4bH3P5LKgOUVJA_35.43665764_-93.76409873.jpg,74.2842,228.72,0.013489
3056_BqbnoKh6XHFGvuSCnLonuw_64.62423430_16.65574696,/home/alex/Desktop/school/comp-vis/dataset/datasets--everettshen--StreetView360AtoZ/snapshots/f0b9ffb20c4dc68d4422db97b7da7b577970650e/data/3056_BqbnoKh6XHFGvuSCnLonuw_64.62423430_16.65574696.jpg,35.9265,51.53,0.032761
53_Uf-zNokj-AxKYHZ8leghjw_-27.26603707_-51.91583030,/home/alex/Desktop/school/comp-vis/dataset/datasets--everettshen--StreetView360AtoZ/snapshots/f0b9ffb20c4dc68d4422db97b7da7b577970650e/data/53_Uf-zNokj-AxKYHZ8leghjw_-27.26603707_-51.91583030.jpg,58.4992,480.36,0.021271
3314_JEnHPZLO4IVBJfo_tjQcSA_36.86715794_-88.33117619,/home/alex/Desktop/school/comp-vis/dataset/datasets--everettshen--StreetView360AtoZ/snapshots/f0b9ffb20c4dc68d4422db97b7da7b577970650e/data/3314_JEnHPZLO4IVBJfo_tjQcSA_36.86715794_-88.33117619.jpg,50.2643,128.14,0.011856
1499_qHwKn9WUgPRorTmpxxFrCQ_45.40536813_-87.53342374,/home/alex/Desktop/school/comp-vis/dataset/datasets--everettshen--StreetView360AtoZ/snapshots/f0b9ffb20c4dc68d4422db97b7da7b577970650e/data/1499_qHwKn9WUgPRorTmpxxFrCQ_45.40536813_-87.53342374.jpg,27.0235,181.71,0.082535
1137_Elfz16KMnNLa1OEqU_6uGA_14.65452711_-92.35638941,/home/alex/Desktop/school/comp-vis/dataset/datasets--everettshen--StreetView360AtoZ/snapshots/f0b9ffb20c4dc68d4422db97b7da7b577970650e/data/1137_Elfz16KMnNLa1OEqU_6uGA_14.65452711_-92.35638941.jpg,57.3246,445.32,0.05069
809_cKdCZ8TcaZ0FTN3jomkVVA_48.78339419_-86.84999557,/home/alex/Desktop/school/comp-vis/dataset/datasets--everettshen--StreetView360AtoZ/snapshots/f0b9ffb20c4dc68d4422db97b7da7b577970650e/data/809_cKdCZ8TcaZ0FTN3jomkVVA_48.78339419_-86.84999557.jpg,49.3888,171.08,0.010849
733_dmn0wkDAM3DoGey3gwhaOw_43.35205453_-84.60719859,/home/alex/Desktop/school/comp-vis/dataset/datasets--everettshen--StreetView360AtoZ/snapshots/f0b9ffb20c4dc68d4422db97b7da7b577970650e/data/733_dmn0wkDAM3DoGey3gwhaOw_43.35205453_-84.60719859.jpg,15.216,81.13,0.059525
1529_0IcFU8SvPm_3Exepv0aEtw_51.56999475_11.49350483,/home/alex/Desktop/school/comp-vis/dataset/datasets--everettshen--StreetView360AtoZ/snapshots/f0b9ffb20c4dc68d4422db97b7da7b577970650e/data/1529_0IcFU8SvPm_3Exepv0aEtw_51.56999475_11.49350483.jpg,48.9912,141.28,0.052826
30_pIbzBCrRyZXacpo932ByZw_69.36299127_17.05276052,/home/alex/Desktop/school/comp-vis/dataset/datasets--everettshen--StreetView360AtoZ/snapshots/f0b9ffb20c4dc68d4422db97b7da7b577970650e/data/30_pIbzBCrRyZXacpo932ByZw_69.36299127_17.05276052.jpg,78.1803,138.87,0.063049
890_Mz6MduHefle2e4tzMgDZ-w_18.82799412_74.37454646,/home/alex/Desktop/school/comp-vis/dataset/datasets--everettshen--StreetView360AtoZ/snapshots/f0b9ffb20c4dc68d4422db97b7da7b577970650e/data/890_Mz6MduHefle2e4tzMgDZ-w_18.82799412_74.37454646.jpg,72.0738,265.32,0.228882
3142_WvSnbyzvA1s9_-zRwBID4g_43.34517842_12.55596167,/home/alex/Desktop/school/comp-vis/dataset/datasets--everettshen--StreetView360AtoZ/snapshots/f0b9ffb20c4dc68d4422db97b7da7b577970650e/data/3142_WvSnbyzvA1s9_-zRwBID4g_43.34517842_12.55596167.jpg,38.2175,85.1,0.013397
1174_MF1uy4A861qnCFTm6o-UWQ_26.71556391_84.24101978,/home/alex/Desktop/school/comp-vis/dataset/datasets--everettshen--StreetView360AtoZ/snapshots/f0b9ffb20c4dc68d4422db97b7da7b577970650e/data/1174_MF1uy4A861qnCFTm6o-UWQ_26.71556391_84.24101978.jpg,27.4582,39.18,0.04631
684_kg_qwJIDeklJRD3j8_CX2w_54.20413089_-4.69431445,/home/alex/Desktop/school/comp-vis/dataset/datasets--everettshen--StreetView360AtoZ/snapshots/f0b9ffb20c4dc68d4422db97b7da7b577970650e/data/684_kg_qwJIDeklJRD3j8_CX2w_54.20413089_-4.69431445.jpg,61.9351,32.9,0.022491
687_uP6BR5VXwkqiZvfQeEzWAg_46.98363914_15.91637575,/home/alex/Desktop/school/comp-vis/dataset/datasets--everettshen--StreetView360AtoZ/snapshots/f0b9ffb20c4dc68d4422db97b7da7b577970650e/data/687_uP6BR5VXwkqiZvfQeEzWAg_46.98363914_15.91637575.jpg,23.656,71.37,0.032974
1534_rPPDnEVI9JV4HuYnCaVj8w_19.81493511_-98.98669909,/home/alex/Desktop/school/comp-vis/dataset/datasets--everettshen--StreetView360AtoZ/snapshots/f0b9ffb20c4dc68d4422db97b7da7b577970650e/data/1534_rPPDnEVI9JV4HuYnCaVj8w_19.81493511_-98.98669909.jpg,66.2519,341.23,0.012939
2420_JEZPhewH1DaUXCHVmX_C1A_36.23334358_-89.54125246,/home/alex/Desktop/school/comp-vis/dataset/datasets--everettshen--StreetView360AtoZ/snapshots/f0b9ffb20c4dc68d4422db97b7da7b577970650e/data/2420_JEZPhewH1DaUXCHVmX_C1A_36.23334358_-89.54125246.jpg,56.7216,476.81,0.061783
2840_SmSbfRW-QW9m5AJRvlw2Xg_35.11998656_-101.86630576,/home/alex/Desktop/school/comp-vis/dataset/datasets--everettshen--StreetView360AtoZ/snapshots/f0b9ffb20c4dc68d4422db97b7da7b577970650e/data/2840_SmSbfRW-QW9m5AJRvlw2Xg_35.11998656_-101.86630576.jpg,14.4757,407.16,0.022278
1898_52ZD7R-HUZfo1VPLs4pZkw_31.67478270_-95.97208599,/home/alex/Desktop/school/comp-vis/dataset/datasets--everettshen--StreetView360AtoZ/snapshots/f0b9ffb20c4dc68d4422db97b7da7b577970650e/data/1898_52ZD7R-HUZfo1VPLs4pZkw_31.67478270_-95.97208599.jpg,18.3807,260.88,0.084244
261_eHjGH0pkjNmHO3Xc7FTqYA_51.19411424_4.55693562,/home/alex/Desktop/school/comp-vis/dataset/datasets--everettshen--StreetView360AtoZ/snapshots/f0b9ffb20c4dc68d4422db97b7da7b577970650e/data/261_eHjGH0pkjNmHO3Xc7FTqYA_51.19411424_4.55693562.jpg,58.3661,214.21,0.05751
1291_8swi8zGq7NJZHtSQNmLPxA_-5.23600135_122.33393641,/home/alex/Desktop/school/comp-vis/dataset/datasets--everettshen--StreetView360AtoZ/snapshots/f0b9ffb20c4dc68d4422db97b7da7b577970650e/data/1291_8swi8zGq7NJZHtSQNmLPxA_-5.23600135_122.33393641.jpg,73.1268,447.25,0.055649
917_hnh-U_u6kz7KxjXqLRSd0A_29.31371180_76.97176215,/home/alex/Desktop/school/comp-vis/dataset/datasets--everettshen--StreetView360AtoZ/snapshots/f0b9ffb20c4dc68d4422db97b7da7b577970650e/data/917_hnh-U_u6kz7KxjXqLRSd0A_29.31371180_76.97176215.jpg,78.6311,309.55,0.170197
3358_w7F2V8VRleRm-vggrOvEng_36.28605440_-82.58845707,/home/alex/Desktop/school/comp-vis/dataset/datasets--everettshen--StreetView360AtoZ/snapshots/f0b9ffb20c4dc68d4422db97b7da7b577970650e/data/3358_w7F2V8VRleRm-vggrOvEng_36.28605440_-82.58845707.jpg,42.4609,21.2,0.025192
547_I1ajwoXFvDgJrmL51_gaTw_48.56177909_10.29497996,/home/alex/Desktop/school/comp-vis/dataset/datasets--everettshen--StreetView360AtoZ/snapshots/f0b9ffb20c4dc68d4422db97b7da7b577970650e/data/547_I1ajwoXFvDgJrmL51_gaTw_48.56177909_10.29497996.jpg,75.9791,44.92,0.038574
3332_4vUMCh2jpMFwOiB7XOCccA_30.12598783_76.85881510,/home/alex/Desktop/school/comp-vis/dataset/datasets--everettshen--StreetView360AtoZ/snapshots/f0b9ffb20c4dc68d4422db97b7da7b577970650e/data/3332_4vUMCh2jpMFwOiB7XOCccA_30.12598783_76.85881510.jpg,36.5593,75.18,0.115784
692_fC9jGFTt9DPbZAHuVFCc5w_46.32563037_-95.08673296,/home/alex/Desktop/school/comp-vis/dataset/datasets--everettshen--StreetView360AtoZ/snapshots/f0b9ffb20c4dc68d4422db97b7da7b577970650e/data/692_fC9jGFTt9DPbZAHuVFCc5w_46.32563037_-95.08673296.jpg,66.3149,119.53,0.081696
688_IxkuXVMiu7ho5avnK3KsAw_20.46849565_86.41288498,/home/alex/Desktop/school/comp-vis/dataset/datasets--everettshen--StreetView360AtoZ/snapshots/f0b9ffb20c4dc68d4422db97b7da7b577970650e/data/688_IxkuXVMiu7ho5avnK3KsAw_20.46849565_86.41288498.jpg,67.8938,150.81,0.01622
1752_QgZIFfTRNiePNXRt1lhkPQ_62.60037503_29.76712152,/home/alex/Desktop/school/comp-vis/dataset/datasets--everettshen--StreetView360AtoZ/snapshots/f0b9ffb20c4dc68d4422db97b7da7b577970650e/data/1752_QgZIFfTRNiePNXRt1lhkPQ_62.60037503_29.76712152.jpg,20.6335,484.23,0.021515
52_lEE4mQj9Lgv_Im7PcgxqRA_-39.67811061_176.83019559,/home/alex/Desktop/school/comp-vis/dataset/datasets--everettshen--StreetView360AtoZ/snapshots/f0b9ffb20c4dc68d4422db97b7da7b577970650e/data/52_lEE4mQj9Lgv_Im7PcgxqRA_-39.67811061_176.83019559.jpg,35.8713,407.99,0.066299
3228_oncd5LtH29ypL7i6ZtCx6w_-31.76378714_-52.48439493,/home/alex/Desktop/school/comp-vis/dataset/datasets--everettshen--StreetView360AtoZ/snapshots/f0b9ffb20c4dc68d4422db97b7da7b577970650e/data/3228_oncd5LtH29ypL7i6ZtCx6w_-31.76378714_-52.48439493.jpg,54.6083,268.95,0.026627
1877_pc8PlV_WPwneOM5RHqynrw_46.11559827_-85.92733251,/home/alex/Desktop/school/comp-vis/dataset/datasets--everettshen--StreetView360AtoZ/snapshots/f0b9ffb20c4dc68d4422db97b7da7b577970650e/data/1877_pc8PlV_WPwneOM5RHqynrw_46.11559827_-85.92733251.jpg,69.9373,335.92,0.173538
546_eaX4vKM2Kr_K-qVkNdC2Yw_9.36059936_77.49859807,/home/alex/Desktop/school/comp-vis/dataset/datasets--everettshen--StreetView360AtoZ/snapshots/f0b9ffb20c4dc68d4422db97b7da7b577970650e/data/546_eaX4vKM2Kr_K-qVkNdC2Yw_9.36059936_77.49859807.jpg,67.2976,365.22,0.054916
753_RI0ZlalT8pWSZjf_COW8Fg_57.23920729_9.70696060,/home/alex/Desktop/school/comp-vis/dataset/datasets--everettshen--StreetView360AtoZ/snapshots/f0b9ffb20c4dc68d4422db97b7da7b577970650e/data/753_RI0ZlalT8pWSZjf_COW8Fg_57.23920729_9.70696060.jpg,31.5109,305.22,0.03479
903_y3zuqg7jcifFC1dKJes3Ww_46.43859861_16.73302486,/home/alex/Desktop/school/comp-vis/dataset/datasets--everettshen--StreetView360AtoZ/snapshots/f0b9ffb20c4dc68d4422db97b7da7b577970650e/data/903_y3zuqg7jcifFC1dKJes3Ww_46.43859861_16.73302486.jpg,34.7023,405.27,0.049881
675_nGAmzmM-gVpft-4T5BzcYw_34.15112812_-86.92807601,/home/alex/Desktop/school/comp-vis/dataset/datasets--everettshen--StreetView360AtoZ/snapshots/f0b9ffb20c4dc68d4422db97b7da7b577970650e/data/675_nGAmzmM-gVpft-4T5BzcYw_34.15112812_-86.92807601.jpg,81.2119,258.9,0.130905
3293__RiXuFnaMv57yX-NIed8Tg_33.21245170_129.43628080,/home/alex/Desktop/school/comp-vis/dataset/datasets--everettshen--StreetView360AtoZ/snapshots/f0b9ffb20c4dc68d4422db97b7da7b577970650e/data/3293__RiXuFnaMv57yX-NIed8Tg_33.21245170_129.43628080.jpg,21.6844,421.55,0.025162
2936_kGqmpmIelqPIB9TXg46hXQ_51.99303700_5.94424832,/home/alex/Desktop/school/comp-vis/dataset/datasets--everettshen--StreetView360AtoZ/snapshots/f0b9ffb20c4dc68d4422db97b7da7b577970650e/data/2936_kGqmpmIelqPIB9TXg46hXQ_51.99303700_5.94424832.jpg,65.2112,218.29,0.290192
682_7wx8pvwu9CS4Ae_X0UXl1Q_20.93345125_77.74991440,/home/alex/Desktop/school/comp-vis/dataset/datasets--everettshen--StreetView360AtoZ/snapshots/f0b9ffb20c4dc68d4422db97b7da7b577970650e/data/682_7wx8pvwu9CS4Ae_X0UXl1Q_20.93345125_77.74991440.jpg,45.371,253.33,0.150879
699_ByKjlgE0v0uroVd1KAoNng_21.37680595_-98.76422916,/home/alex/Desktop/school/comp-vis/dataset/datasets--everettshen--StreetView360AtoZ/snapshots/f0b9ffb20c4dc68d4422db97b7da7b577970650e/data/699_ByKjlgE0v0uroVd1KAoNng_21.37680595_-98.76422916.jpg,82.9832,256.7,0.140793
373_0ajBdShwBXQ3XFVgqhbyMA_65.73745751_24.56217014,/home/alex/Desktop/school/comp-vis/dataset/datasets--everettshen--StreetView360AtoZ/snapshots/f0b9ffb20c4dc68d4422db97b7da7b577970650e/data/373_0ajBdShwBXQ3XFVgqhbyMA_65.73745751_24.56217014.jpg,35.888,501.48,0.01207
1078_mEjCVxdhEyqPnF_GWxGVWQ_22.92583255_120.65246399,/home/alex/Desktop/school/comp-vis/dataset/datasets--everettshen--StreetView360AtoZ/snapshots/f0b9ffb20c4dc68d4422db97b7da7b577970650e/data/1078_mEjCVxdhEyqPnF_GWxGVWQ_22.92583255_120.65246399.jpg,57.9392,251.19,0.106171
507__ZJFxxl-R2Zjv-VgPIQ-KQ_-32.42400693_-65.17779342,/home/alex/Desktop/school/comp-vis/dataset/datasets--everettshen--StreetView360AtoZ/snapshots/f0b9ffb20c4dc68d4422db97b7da7b577970650e/data/507__ZJFxxl-R2Zjv-VgPIQ-KQ_-32.42400693_-65.17779342.jpg,14.8156,314.6,0.036957
1318_uxxJeOxZ3ngUJAS-tZceeQ_34.07835399_-116.03659613,/home/alex/Desktop/school/comp-vis/dataset/datasets--everettshen--StreetView360AtoZ/snapshots/f0b9ffb20c4dc68d4422db97b7da7b577970650e/data/1318_uxxJeOxZ3ngUJAS-tZceeQ_34.07835399_-116.03659613.jpg,14.6364,202.0,0.027557
2633_hhOzAka8M8BygV50ZKAm9Q_41.28207696_13.91578084,/home/alex/Desktop/school/comp-vis/dataset/datasets--everettshen--StreetView360AtoZ/snapshots/f0b9ffb20c4dc68d4422db97b7da7b577970650e/data/2633_hhOzAka8M8BygV50ZKAm9Q_41.28207696_13.91578084.jpg,49.0891,128.05,0.02124
891_pc8PlV_WPwneOM5RHqynrw_46.11559827_-85.92733251,/home/alex/Desktop/school/comp-vis/dataset/datasets--everettshen--StreetView360AtoZ/snapshots/f0b9ffb20c4dc68d4422db97b7da7b577970650e/data/891_pc8PlV_WPwneOM5RHqynrw_46.11559827_-85.92733251.jpg,69.9373,335.92,0.173538
1458_3_srqWMHbMUg8t1YZO6pxg_41.72690547_9.17501500,/home/alex/Desktop/school/comp-vis/dataset/datasets--everettshen--StreetView360AtoZ/snapshots/f0b9ffb20c4dc68d4422db97b7da7b577970650e/data/1458_3_srqWMHbMUg8t1YZO6pxg_41.72690547_9.17501500.jpg,39.7367,356.17,0.013229
1003_6Ub2NCPQvEae5xWZNpv36g_44.87134535_1.80392266,/home/alex/Desktop/school/comp-vis/dataset/datasets--everettshen--StreetView360AtoZ/snapshots/f0b9ffb20c4dc68d4422db97b7da7b577970650e/data/1003_6Ub2NCPQvEae5xWZNpv36g_44.87134535_1.80392266.jpg,42.8053,435.53,0.045151
2568_0hiOtRX9bBJohFoSPuGltw_-27.61293200_152.78914905,/home/alex/Desktop/school/comp-vis/dataset/datasets--everettshen--StreetView360AtoZ/snapshots/f0b9ffb20c4dc68d4422db97b7da7b577970650e/data/2568_0hiOtRX9bBJohFoSPuGltw_-27.61293200_152.78914905.jpg,76.0337,211.75,0.015213
1790_S6h08yZM01saN5P72fxMrA_-41.80014411_172.33325090,/home/alex/Desktop/school/comp-vis/dataset/datasets--everettshen--StreetView360AtoZ/snapshots/f0b9ffb20c4dc68d4422db97b7da7b577970650e/data/1790_S6h08yZM01saN5P72fxMrA_-41.80014411_172.33325090.jpg,74.2966,184.67,0.074692
1246_NNHwIRMLngd3uywSfO0UOQ_15.81324695_79.22417264,/home/alex/Desktop/school/comp-vis/dataset/datasets--everettshen--StreetView360AtoZ/snapshots/f0b9ffb20c4dc68d4422db97b7da7b577970650e/data/1246_NNHwIRMLngd3uywSfO0UOQ_15.81324695_79.22417264.jpg,64.8633,102.05,0.016357
502_On1ctVjvxBbHGttpmLXwUA_43.46362552_-98.64827767,/home/alex/Desktop/school/comp-vis/dataset/datasets--everettshen--StreetView360AtoZ/snapshots/f0b9ffb20c4dc68d4422db97b7da7b577970650e/data/502_On1ctVjvxBbHGttpmLXwUA_43.46362552_-98.64827767.jpg,14.4739,205.24,0.028931
76_r_QTWH1AFQOyPs19deDW5Q_18.62951162_77.18069425,/home/alex/Desktop/school/comp-vis/dataset/datasets--everettshen--StreetView360AtoZ/snapshots/f0b9ffb20c4dc68d4422db97b7da7b577970650e/data/76_r_QTWH1AFQOyPs19deDW5Q_18.62951162_77.18069425.jpg,44.6648,34.77,0.015106
572_LudymOYZBU501RX6wDJlwg_39.89838725_-81.82736466,/home/alex/Desktop/school/comp-vis/dataset/datasets--everettshen--StreetView360AtoZ/snapshots/f0b9ffb20c4dc68d4422db97b7da7b577970650e/data/572_LudymOYZBU501RX6wDJlwg_39.89838725_-81.82736466.jpg,26.5375,36.08,0.02002
591_xLXfT_qrSF7h_fr3avgEcQ_55.77548019_38.75617479,/home/alex/Desktop/school/comp-vis/dataset/datasets--everettshen--StreetView360AtoZ/snapshots/f0b9ffb20c4dc68d4422db97b7da7b577970650e/data/591_xLXfT_qrSF7h_fr3avgEcQ_55.77548019_38.75617479.jpg,16.863,233.15,0.016525
977_ZYL5aGKv6TRvKJRFRDQB3g_23.02156906_-98.84680184,/home/alex/Desktop/school/comp-vis/dataset/datasets--everettshen--StreetView360AtoZ/snapshots/f0b9ffb20c4dc68d4422db97b7da7b577970650e/data/977_ZYL5aGKv6TRvKJRFRDQB3g_23.02156906_-98.84680184.jpg,70.7354,197.34,0.069763
363_Ueiu2UC5eue7ImblKdCoTg_38.47696732_22.63426974,/home/alex/Desktop/school/comp-vis/dataset/datasets--everettshen--StreetView360AtoZ/snapshots/f0b9ffb20c4dc68d4422db97b7da7b577970650e/data/363_Ueiu2UC5eue7ImblKdCoTg_38.47696732_22.63426974.jpg,40.6318,181.76,0.02475
1213_qs4U43eJocOlljmCAsPUyA_40.25219131_-3.69656971,/home/alex/Desktop/school/comp-vis/dataset/datasets--everettshen--StreetView360AtoZ/snapshots/f0b9ffb20c4dc68d4422db97b7da7b577970650e/data/1213_qs4U43eJocOlljmCAsPUyA_40.25219131_-3.69656971.jpg,65.5214,192.12,0.039276
1883_gnxjXLIRNLyOyJjNldxBqA_32.12316056_-96.43643032,/home/alex/Desktop/school/comp-vis/dataset/datasets--everettshen--StreetView360AtoZ/snapshots/f0b9ffb20c4dc68d4422db97b7da7b577970650e/data/1883_gnxjXLIRNLyOyJjNldxBqA_32.12316056_-96.43643032.jpg,36.9481,366.93,0.018677
594_6W8tiXLsuAtn0n46d4OG2w_45.01045090_0.05080707,/home/alex/Desktop/school/comp-vis/dataset/datasets--everettshen--StreetView360AtoZ/snapshots/f0b9ffb20c4dc68d4422db97b7da7b577970650e/data/594_6W8tiXLsuAtn0n46d4OG2w_45.01045090_0.05080707.jpg,59.8483,193.18,0.057831
1743_fgm71r59fqz__IH0HNg_xg_11.08544995_104.94964301,/home/alex/Desktop/school/comp-vis/dataset/datasets--everettshen--StreetView360AtoZ/snapshots/f0b9ffb20c4dc68d4422db97b7da7b577970650e/data/1743_fgm71r59fqz__IH0HNg_xg_11.08544995_104.94964301.jpg,51.6556,175.37,0.255539
871_Fbgx3poLVjnNtM4hTeM0Vg_18.30589662_83.56174466,/home/alex/Desktop/school/comp-vis/dataset/datasets--everettshen--StreetView360AtoZ/snapshots/f0b9ffb20c4dc68d4422db97b7da7b577970650e/data/871_Fbgx3poLVjnNtM4hTeM0Vg_18.30589662_83.56174466.jpg,58.32,304.91,0.016876
2037_HPxBR25CIQpql_g9bzveCw_35.75496620_-95.64044514,/home/alex/Desktop/school/comp-vis/dataset/datasets--everettshen--StreetView360AtoZ/snapshots/f0b9ffb20c4dc68d4422db97b7da7b577970650e/data/2037_HPxBR25CIQpql_g9bzveCw_35.75496620_-95.64044514.jpg,71.1815,313.81,0.037994
744_vPc7C3FLFjuvZAIrv9AHAA_24.46105977_124.14003135,/home/alex/Desktop/school/comp-vis/dataset/datasets--everettshen--StreetView360AtoZ/snapshots/f0b9ffb20c4dc68d4422db97b7da7b577970650e/data/744_vPc7C3FLFjuvZAIrv9AHAA_24.46105977_124.14003135.jpg,30.5395,256.63,0.027405
3214_OWbNu225gPlKLq7Bpdu6UA_43.16698000_-79.25079794,/home/alex/Desktop/school/comp-vis/dataset/datasets--everettshen--StreetView360AtoZ/snapshots/f0b9ffb20c4dc68d4422db97b7da7b577970650e/data/3214_OWbNu225gPlKLq7Bpdu6UA_43.16698000_-79.25079794.jpg,50.8071,406.63,0.032715
1990_dMk3yHFeKZYAgoe8CS-WLA_45.91374997_6.64754526,/home/alex/Desktop/school/comp-vis/dataset/datasets--everettshen--StreetView360AtoZ/snapshots/f0b9ffb20c4dc68d4422db97b7da7b577970650e/data/1990_dMk3yHFeKZYAgoe8CS-WLA_45.91374997_6.64754526.jpg,38.1537,207.16,0.051926
154_1Yw8kMylweHYZrk5TaPFrg_33.55639424_-98.13978277,/home/alex/Desktop/school/comp-vis/dataset/datasets--everettshen--StreetView360AtoZ/snapshots/f0b9ffb20c4dc68d4422db97b7da7b577970650e/data/154_1Yw8kMylweHYZrk5TaPFrg_33.55639424_-98.13978277.jpg,27.3241,149.44,0.044006
900_RtoHmJU0EM_938_CLhtcfw_19.52102135_74.04862406,/home/alex/Desktop/school/comp-vis/dataset/datasets--everettshen--StreetView360AtoZ/snapshots/f0b9ffb20c4dc68d4422db97b7da7b577970650e/data/900_RtoHmJU0EM_938_CLhtcfw_19.52102135_74.04862406.jpg,62.8826,159.13,0.07132
1840_4zuwSKGSumw55TTVfigXcw_48.54109558_-113.00522570,/home/alex/Desktop/school/comp-vis/dataset/datasets--everettshen--StreetView360AtoZ/snapshots/f0b9ffb20c4dc68d4422db97b7da7b577970650e/data/1840_4zuwSKGSumw55TTVfigXcw_48.54109558_-113.00522570.jpg,10.0443,286.71,0.034424
2628_KlZyr9k-zM5Na3kPvKCoDg_51.65114163_-1.77808492,/home/alex/Desktop/school/comp-vis/dataset/datasets--everettshen--StreetView360AtoZ/snapshots/f0b9ffb20c4dc68d4422db97b7da7b577970650e/data/2628_KlZyr9k-zM5Na3kPvKCoDg_51.65114163_-1.77808492.jpg,46.0888,262.84,0.016129
1059_V3KXxJmM7zGqKntUozsClA_52.78740995_6.93899705,/home/alex/Desktop/school/comp-vis/dataset/datasets--everettshen--StreetView360AtoZ/snapshots/f0b9ffb20c4dc68d4422db97b7da7b577970650e/data/1059_V3KXxJmM7zGqKntUozsClA_52.78740995_6.93899705.jpg,50.9667,141.66,0.115814
505_yzOOS3kiCMvG7lb4NBljIQ_9.76674204_8.86093435,/home/alex/Desktop/school/comp-vis/dataset/datasets--everettshen--StreetView360AtoZ/snapshots/f0b9ffb20c4dc68d4422db97b7da7b577970650e/data/505_yzOOS3kiCMvG7lb4NBljIQ_9.76674204_8.86093435.jpg,18.8134,433.99,0.03656
2604_ScseHabMVztxnl9bvMyzjA_55.10556275_37.69010904,/home/alex/Desktop/school/comp-vis/dataset/datasets--everettshen--StreetView360AtoZ/snapshots/f0b9ffb20c4dc68d4422db97b7da7b577970650e/data/2604_ScseHabMVztxnl9bvMyzjA_55.10556275_37.69010904.jpg,26.4008,25.61,0.010239
712_M8Og6nxg1AM0l-AGvxUzbg_42.29233274_-2.22021025,/home/alex/Desktop/school/comp-vis/dataset/datasets--everettshen--StreetView360AtoZ/snapshots/f0b9ffb20c4dc68d4422db97b7da7b577970650e/data/712_M8Og6nxg1AM0l-AGvxUzbg_42.29233274_-2.22021025.jpg,37.5139,130.89,0.043564
1707_98uGDYaqOT8d_Cqj5Ctubg_40.88853438_-124.08804999,/home/alex/Desktop/school/comp-vis/dataset/datasets--everettshen--StreetView360AtoZ/snapshots/f0b9ffb20c4dc68d4422db97b7da7b577970650e/data/1707_98uGDYaqOT8d_Cqj5Ctubg_40.88853438_-124.08804999.jpg,21.5289,373.43,0.033783
363_qb4cLgU24tvANDhteFDJRA_41.38651274_2.17865578,/home/alex/Desktop/school/comp-vis/dataset/datasets--everettshen--StreetView360AtoZ/snapshots/f0b9ffb20c4dc68d4422db97b7da7b577970650e/data/363_qb4cLgU24tvANDhteFDJRA_41.38651274_2.17865578.jpg,62.653,498.46,0.01062
206_L-v1w4Pu5Pv5Ba6clAnGQQ_28.68727853_-97.35888012,/home/alex/Desktop/school/comp-vis/dataset/datasets--everettshen--StreetView360AtoZ/snapshots/f0b9ffb20c4dc68d4422db97b7da7b577970650e/data/206_L-v1w4Pu5Pv5Ba6clAnGQQ_28.68727853_-97.35888012.jpg,16.6129,179.08,0.069489
1995_zL02a9ojGu6tpfYfOliPow_35.18606335_-101.89489821,/home/alex/Desktop/school/comp-vis/dataset/datasets--everettshen--StreetView360AtoZ/snapshots/f0b9ffb20c4dc68d4422db97b7da7b577970650e/data/1995_zL02a9ojGu6tpfYfOliPow_35.18606335_-101.89489821.jpg,80.4526,252.7,0.051895
2190_CENZgdRBGkjH-Vfwp-NCKQ_39.98219700_-87.29484725,/home/alex/Desktop/school/comp-vis/dataset/datasets--everettshen--StreetView360AtoZ/snapshots/f0b9ffb20c4dc68d4422db97b7da7b577970650e/data/2190_CENZgdRBGkjH-Vfwp-NCKQ_39.98219700_-87.29484725.jpg,79.445,234.53,0.040176
1766_yVY68MNCOwN1kxfDQP5jLQ_-29.78899446_-52.74162133,/home/alex/Desktop/school/comp-vis/dataset/datasets--everettshen--StreetView360AtoZ/snapshots/f0b9ffb20c4dc68d4422db97b7da7b577970650e/data/1766_yVY68MNCOwN1kxfDQP5jLQ_-29.78899446_-52.74162133.jpg,81.6034,214.65,0.100845
824_pntXht08Fu3F-RQ6XvBzeg_4.33425072_-73.87320510,/home/alex/Desktop/school/comp-vis/dataset/datasets--everettshen--StreetView360AtoZ/snapshots/f0b9ffb20c4dc68d4422db97b7da7b577970650e/data/824_pntXht08Fu3F-RQ6XvBzeg_4.33425072_-73.87320510.jpg,73.5113,237.98,0.062317
1535_wj7_HTU_wzyuMplBSTWj9w_-10.17917344_-62.82308357,/home/alex/Desktop/school/comp-vis/dataset/datasets--everettshen--StreetView360AtoZ/snapshots/f0b9ffb20c4dc68d4422db97b7da7b577970650e/data/1535_wj7_HTU_wzyuMplBSTWj9w_-10.17917344_-62.82308357.jpg,56.6535,379.93,0.02356
790_KltAcZBbqO4hRt3wmKxBEg_-10.54784068_-46.42089868,/home/alex/Desktop/school/comp-vis/dataset/datasets--everettshen--StreetView360AtoZ/snapshots/f0b9ffb20c4dc68d4422db97b7da7b577970650e/data/790_KltAcZBbqO4hRt3wmKxBEg_-10.54784068_-46.42089868.jpg,30.8224,473.81,0.025635
449_1WBeGFqLcwrfSY7CUwKO6Q_43.89162604_-97.18922440,/home/alex/Desktop/school/comp-vis/dataset/datasets--everettshen--StreetView360AtoZ/snapshots/f0b9ffb20c4dc68d4422db97b7da7b577970650e/data/449_1WBeGFqLcwrfSY7CUwKO6Q_43.89162604_-97.18922440.jpg,25.5839,295.5,0.094345
2097_I0yE5wbGPCvmEeGSFhXi2w_63.37079233_40.34247432,/home/alex/Desktop/school/comp-vis/dataset/datasets--everettshen--StreetView360AtoZ/snapshots/f0b9ffb20c4dc68d4422db97b7da7b577970650e/data/2097_I0yE5wbGPCvmEeGSFhXi2w_63.37079233_40.34247432.jpg,15.2588,261.92,0.029068
2860_PdjMeJc2w7xzLA2q8pUiow_48.03396682_-108.46892026,/home/alex/Desktop/school/comp-vis/dataset/datasets--everettshen--StreetView360AtoZ/snapshots/f0b9ffb20c4dc68d4422db97b7da7b577970650e/data/2860_PdjMeJc2w7xzLA2q8pUiow_48.03396682_-108.46892026.jpg,28.892,182.49,0.043442
1322_agKsUw_wefp4Vor8R2iWoQ_-28.55060287_151.94904396,/home/alex/Desktop/school/comp-vis/dataset/datasets--everettshen--StreetView360AtoZ/snapshots/f0b9ffb20c4dc68d4422db97b7da7b577970650e/data/1322_agKsUw_wefp4Vor8R2iWoQ_-28.55060287_151.94904396.jpg,75.7655,391.49,0.107727
1072_ZcE8uuGTO6DzFmfb_G_ZAg_9.11152113_-79.36078697,/home/alex/Desktop/school/comp-vis/dataset/datasets--everettshen--StreetView360AtoZ/snapshots/f0b9ffb20c4dc68d4422db97b7da7b577970650e/data/1072_ZcE8uuGTO6DzFmfb_G_ZAg_9.11152113_-79.36078697.jpg,61.9026,230.36,0.016586
3040_c7q3cZ-egTexSzWYt6rsXQ_55.04997883_-6.93333607,/home/alex/Desktop/school/comp-vis/dataset/datasets--everettshen--StreetView360AtoZ/snapshots/f0b9ffb20c4dc68d4422db97b7da7b577970650e/data/3040_c7q3cZ-egTexSzWYt6rsXQ_55.04997883_-6.93333607.jpg,61.4583,465.51,0.049606
2290_ZtHhMSszRlqA1r329fkNHA_51.75002039_22.17306816,/home/alex/Desktop/school/comp-vis/dataset/datasets--everettshen--StreetView360AtoZ/snapshots/f0b9ffb20c4dc68d4422db97b7da7b577970650e/data/2290_ZtHhMSszRlqA1r329fkNHA_51.75002039_22.17306816.jpg,77.0448,212.92,0.161514
1770_8nwdXDE8aQ9m812ryoSHGw_39.46797184_-0.41298797,/home/alex/Desktop/school/comp-vis/dataset/datasets--everettshen--StreetView360AtoZ/snapshots/f0b9ffb20c4dc68d4422db97b7da7b577970650e/data/1770_8nwdXDE8aQ9m812ryoSHGw_39.46797184_-0.41298797.jpg,77.588,184.65,0.198792
598_e2I4KBpP2sAWf6JJhHgPhA_36.60378324_-4.50927220,/home/alex/Desktop/school/comp-vis/dataset/datasets--everettshen--StreetView360AtoZ/snapshots/f0b9ffb20c4dc68d4422db97b7da7b577970650e/data/598_e2I4KBpP2sAWf6JJhHgPhA_36.60378324_-4.50927220.jpg,60.8085,465.08,0.019012
912_poP2Olr9W5VeK8ep3Fnydw_34.28204585_-119.29773239,/home/alex/Desktop/school/comp-vis/dataset/datasets--everettshen--StreetView360AtoZ/snapshots/f0b9ffb20c4dc68d4422db97b7da7b577970650e/data/912_poP2Olr9W5VeK8ep3Fnydw_34.28204585_-119.29773239.jpg,67.8226,348.82,0.036224
514_qAhEfJfCKDPGLKCibaZBNA_40.13968715_-80.35115884,/home/alex/Desktop/school/comp-vis/dataset/datasets--everettshen--StreetView360AtoZ/snapshots/f0b9ffb20c4dc68d4422db97b7da7b577970650e/data/514_qAhEfJfCKDPGLKCibaZBNA_40.13968715_-80.35115884.jpg,79.9714,182.81,0.144714
205_2Lgv2QFtXRl3b8rUWDgZ4g_41.80892584_-7.33620749,/home/alex/Desktop/school/comp-vis/dataset/datasets--everettshen--StreetView360AtoZ/snapshots/f0b9ffb20c4dc68d4422db97b7da7b577970650e/data/205_2Lgv2QFtXRl3b8rUWDgZ4g_41.80892584_-7.33620749.jpg,59.5779,135.61,0.011368
2537_EF8Qwp5pJlsHgTQSm7zbJQ_41.27439965_15.37196168,/home/alex/Desktop/school/comp-vis/dataset/datasets--everettshen--StreetView360AtoZ/snapshots/f0b9ffb20c4dc68d4422db97b7da7b577970650e/data/2537_EF8Qwp5pJlsHgTQSm7zbJQ_41.27439965_15.37196168.jpg,25.5273,50.72,0.042664
564_6D7v9B7qbadw1Wa4_hELXw_14.86373229_103.53041649,/home/alex/Desktop/school/comp-vis/dataset/datasets--everettshen--StreetView360AtoZ/snapshots/f0b9ffb20c4dc68d4422db97b7da7b577970650e/data/564_6D7v9B7qbadw1Wa4_hELXw_14.86373229_103.53041649.jpg,49.033,477.34,0.015457
2431_Fg8-5Ufy5vwjPlHelodywA_40.37243637_-98.05137362,/home/alex/Desktop/school/comp-vis/dataset/datasets--everettshen--StreetView360AtoZ/snapshots/f0b9ffb20c4dc68d4422db97b7da7b577970650e/data/2431_Fg8-5Ufy5vwjPlHelodywA_40.37243637_-98.05137362.jpg,31.2089,461.4,0.100098
598_MiQccqTlT9EgWAVSErGvmA_41.79250255_12.63091229,/home/alex/Desktop/school/comp-vis/dataset/datasets--everettshen--StreetView360AtoZ/snapshots/f0b9ffb20c4dc68d4422db97b7da7b577970650e/data/598_MiQccqTlT9EgWAVSErGvmA_41.79250255_12.63091229.jpg,60.8533,463.03,0.029541
135_7EkpfVZbkjjq0ZBy_7MFSQ_28.45920546_-82.18085721,/home/alex/Desktop/school/comp-vis/dataset/datasets--everettshen--StreetView360AtoZ/snapshots/f0b9ffb20c4dc68d4422db97b7da7b577970650e/data/135_7EkpfVZbkjjq0ZBy_7MFSQ_28.45920546_-82.18085721.jpg,56.1114,77.87,0.115646
1292_eslVcAjfZqpqHMVqBgADcw_42.72128500_13.98273077,/home/alex/Desktop/school/comp-vis/dataset/datasets--everettshen--StreetView360AtoZ/snapshots/f0b9ffb20c4dc68d4422db97b7da7b577970650e/data/1292_eslVcAjfZqpqHMVqBgADcw_42.72128500_13.98273077.jpg,28.3464,493.54,0.027191
1494__GGSD_AHPygj9s-zKPYQWA_43.18187324_2.36136220,/home/alex/Desktop/school/comp-vis/dataset/datasets--everettshen--StreetView360AtoZ/snapshots/f0b9ffb20c4dc68d4422db97b7da7b577970650e/data/1494__GGSD_AHPygj9s-zKPYQWA_43.18187324_2.36136220.jpg,37.088,40.26,0.020538
485_taeCWB8s5OBkW4BZt7md4w_-43.12120976_147.36759024,/home/alex/Desktop/school/comp-vis/dataset/datasets--everettshen--StreetView360AtoZ/snapshots/f0b9ffb20c4dc68d4422db97b7da7b577970650e/data/485_taeCWB8s5OBkW4BZt7md4w_-43.12120976_147.36759024.jpg,79.7509,432.01,0.029861
826_COWdmkJJi5GYz6ZumPz88g_-14.74701398_-50.57182031,/home/alex/Desktop/school/comp-vis/dataset/datasets--everettshen--StreetView360AtoZ/snapshots/f0b9ffb20c4dc68d4422db97b7da7b577970650e/data/826_COWdmkJJi5GYz6ZumPz88g_-14.74701398_-50.57182031.jpg,30.6676,87.33,0.019714
49_sj58h5yVe1J0unlZ-G9GuA_35.40272165_24.74859995,/home/alex/Desktop/school/comp-vis/dataset/datasets--everettshen--StreetView360AtoZ/snapshots/f0b9ffb20c4dc68d4422db97b7da7b577970650e/data/49_sj58h5yVe1J0unlZ-G9GuA_35.40272165_24.74859995.jpg,43.3739,316.85,0.042938
597_oZGQdnLPk_yjB4BLNB5BQw_52.73927962_15.21414336,/home/alex/Desktop/school/comp-vis/dataset/datasets--everettshen--StreetView360AtoZ/snapshots/f0b9ffb20c4dc68d4422db97b7da7b577970650e/data/597_oZGQdnLPk_yjB4BLNB5BQw_52.73927962_15.21414336.jpg,41.3521,370.46,0.037445
3154_SgZJtGy_2ZwPdCSz5EaGiA_46.58970528_12.51439141,/home/alex/Desktop/school/comp-vis/dataset/datasets--everettshen--StreetView360AtoZ/snapshots/f0b9ffb20c4dc68d4422db97b7da7b577970650e/data/3154_SgZJtGy_2ZwPdCSz5EaGiA_46.58970528_12.51439141.jpg,57.2234,41.3,0.062302
249_1npKgpeETnQ4q5CQLiM4qA_48.20972395_4.19126893,/home/alex/Desktop/school/comp-vis/dataset/datasets--everettshen--StreetView360AtoZ/snapshots/f0b9ffb20c4dc68d4422db97b7da7b577970650e/data/249_1npKgpeETnQ4q5CQLiM4qA_48.20972395_4.19126893.jpg,36.6063,100.04,0.046051
679_uWsCKrlNiU9zaxiXito82A_2.76067631_101.73730825,/home/alex/Desktop/school/comp-vis/dataset/datasets--everettshen--StreetView360AtoZ/snapshots/f0b9ffb20c4dc68d4422db97b7da7b577970650e/data/679_uWsCKrlNiU9zaxiXito82A_2.76067631_101.73730825.jpg,65.1098,215.14,0.043106
998_YYHT1lme-Ox0ZG-0nm0j4w_22.31335050_114.22563352,/home/alex/Desktop/school/comp-vis/dataset/datasets--everettshen--StreetView360AtoZ/snapshots/f0b9ffb20c4dc68d4422db97b7da7b577970650e/data/998_YYHT1lme-Ox0ZG-0nm0j4w_22.31335050_114.22563352.jpg,63.3422,295.51,0.184662
2908_-HzBd3PktkSy8kcOaUZMDw_48.87225863_2.51285458,/home/alex/Desktop/school/comp-vis/dataset/datasets--everettshen--StreetView360AtoZ/snapshots/f0b9ffb20c4dc68d4422db97b7da7b577970650e/data/2908_-HzBd3PktkSy8kcOaUZMDw_48.87225863_2.51285458.jpg,61.4686,123.92,0.010803
1781_IiEolpFN15cxMEu6Haadsw_36.12467452_-80.29755321,/home/alex/Desktop/school/comp-vis/dataset/datasets--everettshen--StreetView360AtoZ/snapshots/f0b9ffb20c4dc68d4422db97b7da7b577970650e/data/1781_IiEolpFN15cxMEu6Haadsw_36.12467452_-80.29755321.jpg,52.3762,285.47,0.14444
94_OU3l55C2SxhG9HUnr9o-8g_45.46956998_-73.63154631,/home/alex/Desktop/school/comp-vis/dataset/datasets--everettshen--StreetView360AtoZ/snapshots/f0b9ffb20c4dc68d4422db97b7da7b577970650e/data/94_OU3l55C2SxhG9HUnr9o-8g_45.46956998_-73.63154631.jpg,44.5333,330.75,0.032822
1640_HZtY6NUxqDl2EV8oFQevlw_50.22085253_-103.44882344,/home/alex/Desktop/school/comp-vis/dataset/datasets--everettshen--StreetView360AtoZ/snapshots/f0b9ffb20c4dc68d4422db97b7da7b577970650e/data/1640_HZtY6NUxqDl2EV8oFQevlw_50.22085253_-103.44882344.jpg,52.6026,328.71,0.010254
1718_5reKQMO4Ml5EarXVZT1v0A_55.41027847_-131.76094679,/home/alex/Desktop/school/comp-vis/dataset/datasets--everettshen--StreetView360AtoZ/snapshots/f0b9ffb20c4dc68d4422db97b7da7b577970650e/data/1718_5reKQMO4Ml5EarXVZT1v0A_55.41027847_-131.76094679.jpg,81.7156,101.82,0.068466
1477_n97H9kOFL3dBzjIruYCcDg_40.51731306_-88.99880857,/home/alex/Desktop/school/comp-vis/dataset/datasets--everettshen--StreetView360AtoZ/snapshots/f0b9ffb20c4dc68d4422db97b7da7b577970650e/data/1477_n97H9kOFL3dBzjIruYCcDg_40.51731306_-88.99880857.jpg,55.4852,160.16,0.029083
159_JNCxUphqjhiYMHuEvJo0PA_40.33061584_-81.15084725,/home/alex/Desktop/school/comp-vis/dataset/datasets--everettshen--StreetView360AtoZ/snapshots/f0b9ffb20c4dc68d4422db97b7da7b577970650e/data/159_JNCxUphqjhiYMHuEvJo0PA_40.33061584_-81.15084725.jpg,43.6778,70.77,0.078812
801_gOjUdq4ose_AC-B_F0t_0w_62.55130519_26.40297371,/home/alex/Desktop/school/comp-vis/dataset/datasets--everettshen--StreetView360AtoZ/snapshots/f0b9ffb20c4dc68d4422db97b7da7b577970650e/data/801_gOjUdq4ose_AC-B_F0t_0w_62.55130519_26.40297371.jpg,75.1511,242.0,0.010422
121_5ET9RwKnRjTjqxmckoe2rg_-3.78193171_-49.67381535,/home/alex/Desktop/school/comp-vis/dataset/datasets--everettshen--StreetView360AtoZ/snapshots/f0b9ffb20c4dc68d4422db97b7da7b577970650e/data/121_5ET9RwKnRjTjqxmckoe2rg_-3.78193171_-49.67381535.jpg,36.2737,406.51,0.064972
910_HuoIewamXW92gbUck8obBg_41.08286995_-8.62697268,/home/alex/Desktop/school/comp-vis/dataset/datasets--everettshen--StreetView360AtoZ/snapshots/f0b9ffb20c4dc68d4422db97b7da7b577970650e/data/910_HuoIewamXW92gbUck8obBg_41.08286995_-8.62697268.jpg,73.3881,315.06,0.016739
920_m_E9qn0tqd8Iq-S661iBPA_45.51504056_-61.07775400,/home/alex/Desktop/school/comp-vis/dataset/datasets--everettshen--StreetView360AtoZ/snapshots/f0b9ffb20c4dc68d4422db97b7da7b577970650e/data/920_m_E9qn0tqd8Iq-S661iBPA_45.51504056_-61.07775400.jpg,45.2994,39.14,0.015839
622_XIjp3jqzsqyuRH-eEjZubA_53.21090587_112.77197999,/home/alex/Desktop/school/comp-vis/dataset/datasets--everettshen--StreetView360AtoZ/snapshots/f0b9ffb20c4dc68d4422db97b7da7b577970650e/data/622_XIjp3jqzsqyuRH-eEjZubA_53.21090587_112.77197999.jpg,25.8861,197.95,0.026138
3184_bEDfhcMQUwibQmr7qNM73Q_57.73430365_56.31642502,/home/alex/Desktop/school/comp-vis/dataset/datasets--everettshen--StreetView360AtoZ/snapshots/f0b9ffb20c4dc68d4422db97b7da7b577970650e/data/3184_bEDfhcMQUwibQmr7qNM73Q_57.73430365_56.31642502.jpg,36.1221,495.03,0.025314
1151_3TleBgwFgX6fw2TdBefOkw_35.03506833_-89.67150427,/home/alex/Desktop/school/comp-vis/dataset/datasets--everettshen--StreetView360AtoZ/snapshots/f0b9ffb20c4dc68d4422db97b7da7b577970650e/data/1151_3TleBgwFgX6fw2TdBefOkw_35.03506833_-89.67150427.jpg,41.8493,179.04,0.071518
2238_lG0uwtMCBDTstS9_5snTZw_12.24940868_76.60826480,/home/alex/Desktop/school/comp-vis/dataset/datasets--everettshen--StreetView360AtoZ/snapshots/f0b9ffb20c4dc68d4422db97b7da7b577970650e/data/2238_lG0uwtMCBDTstS9_5snTZw_12.24940868_76.60826480.jpg,39.0019,106.65,0.177124
2472_P-pGD6CO8eF6XGDWU_8Aiw_36.73860813_14.84666770,/home/alex/Desktop/school/comp-vis/dataset/datasets--everettshen--StreetView360AtoZ/snapshots/f0b9ffb20c4dc68d4422db97b7da7b577970650e/data/2472_P-pGD6CO8eF6XGDWU_8Aiw_36.73860813_14.84666770.jpg,79.8726,71.98,0.01683
2458_FDwXMoMJrEDRRLC-kJNbKA_1.60196003_103.63945633,/home/alex/Desktop/school/comp-vis/dataset/datasets--everettshen--StreetView360AtoZ/snapshots/f0b9ffb20c4dc68d4422db97b7da7b577970650e/data/2458_FDwXMoMJrEDRRLC-kJNbKA_1.60196003_103.63945633.jpg,53.7127,317.88,0.046066
1242_kerlV9zyHJhYJRJWtOcrNA_37.97228990_-79.85052734,/home/alex/Desktop/school/comp-vis/dataset/datasets--everettshen--StreetView360AtoZ/snapshots/f0b9ffb20c4dc68d4422db97b7da7b577970650e/data/1242_kerlV9zyHJhYJRJWtOcrNA_37.97228990_-79.85052734.jpg,78.195,259.38,0.236267
7_INWm4kunSBnV2rytqDq1Fg_37.74500920_-84.51771721,/home/alex/Desktop/school/comp-vis/dataset/datasets--everettshen--StreetView360AtoZ/snapshots/f0b9ffb20c4dc68d4422db97b7da7b577970650e/data/7_INWm4kunSBnV2rytqDq1Fg_37.74500920_-84.51771721.jpg,27.1469,464.62,0.063782
543_q2W-X5Wt2x3UuRsDKtxBYw_25.38159265_83.20841802,/home/alex/Desktop/school/comp-vis/dataset/datasets--everettshen--StreetView360AtoZ/snapshots/f0b9ffb20c4dc68d4422db97b7da7b577970650e/data/543_q2W-X5Wt2x3UuRsDKtxBYw_25.38159265_83.20841802.jpg,60.3768,304.1,0.077805
3091_Qqa1x4Kkp06HJBCwaEsYmA_-36.58508823_147.09627311,/home/alex/Desktop/school/comp-vis/dataset/datasets--everettshen--StreetView360AtoZ/snapshots/f0b9ffb20c4dc68d4422db97b7da7b577970650e/data/3091_Qqa1x4Kkp06HJBCwaEsYmA_-36.58508823_147.09627311.jpg,15.6828,43.91,0.028595
1539_QTDkziH1Hf0H9hSoQibkLg_7.97632837_-80.41662365,/home/alex/Desktop/school/comp-vis/dataset/datasets--everettshen--StreetView360AtoZ/snapshots/f0b9ffb20c4dc68d4422db97b7da7b577970650e/data/1539_QTDkziH1Hf0H9hSoQibkLg_7.97632837_-80.41662365.jpg,56.3764,446.19,0.020813
1289_feYYttmnh6OwnZj1ZRisjA_42.16955688_-0.80401219,/home/alex/Desktop/school/comp-vis/dataset/datasets--everettshen--StreetView360AtoZ/snapshots/f0b9ffb20c4dc68d4422db97b7da7b577970650e/data/1289_feYYttmnh6OwnZj1ZRisjA_42.16955688_-0.80401219.jpg,38.91,371.28,0.084793
2071_6_cJdT0q78cRkM4vWWzSig_41.82789295_-71.39859874,/home/alex/Desktop/school/comp-vis/dataset/datasets--everettshen--StreetView360AtoZ/snapshots/f0b9ffb20c4dc68d4422db97b7da7b577970650e/data/2071_6_cJdT0q78cRkM4vWWzSig_41.82789295_-71.39859874.jpg,71.0589,296.37,0.299057
203_V4i_l0w0hBKUJh_Bgqdpfg_44.76215067_7.30591994,/home/alex/Desktop/school/comp-vis/dataset/datasets--everettshen--StreetView360AtoZ/snapshots/f0b9ffb20c4dc68d4422db97b7da7b577970650e/data/203_V4i_l0w0hBKUJh_Bgqdpfg_44.76215067_7.30591994.jpg,34.2744,39.54,0.085846
1793_oK3AvsAN0RuB8Yzaqs6sag_35.37940695_139.97296995,/home/alex/Desktop/school/comp-vis/dataset/datasets--everettshen--StreetView360AtoZ/snapshots/f0b9ffb20c4dc68d4422db97b7da7b577970650e/data/1793_oK3AvsAN0RuB8Yzaqs6sag_35.37940695_139.97296995.jpg,31.8695,253.64,0.018524
936_S5CKCKYGT0ELfeL5soDAYQ_40.63248499_-8.02005992,/home/alex/Desktop/school/comp-vis/dataset/datasets--everettshen--StreetView360AtoZ/snapshots/f0b9ffb20c4dc68d4422db97b7da7b577970650e/data/936_S5CKCKYGT0ELfeL5soDAYQ_40.63248499_-8.02005992.jpg,50.8777,318.03,0.011871
921_fXBu8bmMjTi5MD-y36ESGQ_38.91638073_141.50585543,/home/alex/Desktop/school/comp-vis/dataset/datasets--everettshen--StreetView360AtoZ/snapshots/f0b9ffb20c4dc68d4422db97b7da7b577970650e/data/921_fXBu8bmMjTi5MD-y36ESGQ_38.91638073_141.50585543.jpg,63.6246,326.83,0.070145
1698_eaX4vKM2Kr_K-qVkNdC2Yw_9.36059936_77.49859807,/home/alex/Desktop/school/comp-vis/dataset/datasets--everettshen--StreetView360AtoZ/snapshots/f0b9ffb20c4dc68d4422db97b7da7b577970650e/data/1698_eaX4vKM2Kr_K-qVkNdC2Yw_9.36059936_77.49859807.jpg,67.2976,365.22,0.054916
1004_6L3RH0WXfUAzH8aPLr1rkA_63.29447409_9.84442952,/home/alex/Desktop/school/comp-vis/dataset/datasets--everettshen--StreetView360AtoZ/snapshots/f0b9ffb20c4dc68d4422db97b7da7b577970650e/data/1004_6L3RH0WXfUAzH8aPLr1rkA_63.29447409_9.84442952.jpg,49.6045,145.68,0.021301
2655_b-iieIukTQL3dOcINzeggA_53.49067507_-3.03110695,/home/alex/Desktop/school/comp-vis/dataset/datasets--everettshen--StreetView360AtoZ/snapshots/f0b9ffb20c4dc68d4422db97b7da7b577970650e/data/2655_b-iieIukTQL3dOcINzeggA_53.49067507_-3.03110695.jpg,47.9175,183.54,0.043396
375_mzg-NozLjTV-V6HEeWGshA_43.05275759_-83.65413411,/home/alex/Desktop/school/comp-vis/dataset/datasets--everettshen--StreetView360AtoZ/snapshots/f0b9ffb20c4dc68d4422db97b7da7b577970650e/data/375_mzg-NozLjTV-V6HEeWGshA_43.05275759_-83.65413411.jpg,44.9424,151.48,0.141281
2949_s7nG0L4VXunj1mqaqbpYqA_32.61407171_-88.87568555,/home/alex/Desktop/school/comp-vis/dataset/datasets--everettshen--StreetView360AtoZ/snapshots/f0b9ffb20c4dc68d4422db97b7da7b577970650e/data/2949_s7nG0L4VXunj1mqaqbpYqA_32.61407171_-88.87568555.jpg,80.4182,307.22,0.162308
1706_evVOSK-5LV0K1CsQWhTXkg_-23.56737784_-47.88593070,/home/alex/Desktop/school/comp-vis/dataset/datasets--everettshen--StreetView360AtoZ/snapshots/f0b9ffb20c4dc68d4422db97b7da7b577970650e/data/1706_evVOSK-5LV0K1CsQWhTXkg_-23.56737784_-47.88593070.jpg,51.7279,42.21,0.013123
592_qlB9QkVsAV5L08wzaMuGeg_30.48820468_-91.16175398,/home/alex/Desktop/school/comp-vis/dataset/datasets--everettshen--StreetView360AtoZ/snapshots/f0b9ffb20c4dc68d4422db97b7da7b577970650e/data/592_qlB9QkVsAV5L08wzaMuGeg_30.48820468_-91.16175398.jpg,23.8975,201.13,0.0681
2600_C6iYJzm9IMCaTP0Tu9J4Ag_42.92663410_-100.75312795,/home/alex/Desktop/school/comp-vis/dataset/datasets--everettshen--StreetView360AtoZ/snapshots/f0b9ffb20c4dc68d4422db97b7da7b577970650e/data/2600_C6iYJzm9IMCaTP0Tu9J4Ag_42.92663410_-100.75312795.jpg,74.1507,45.71,0.055847
3200_qYVn7Is9Y-Tolotb0wYDhw_39.30948124_-119.64974153,/home/alex/Desktop/school/comp-vis/dataset/datasets--everettshen--StreetView360AtoZ/snapshots/f0b9ffb20c4dc68d4422db97b7da7b577970650e/data/3200_qYVn7Is9Y-Tolotb0wYDhw_39.30948124_-119.64974153.jpg,39.1092,480.29,0.02504
1910_RofyWf9FpZ6XMHi31KJY1A_50.94992284_5.96655391,/home/alex/Desktop/school/comp-vis/dataset/datasets--everettshen--StreetView360AtoZ/snapshots/f0b9ffb20c4dc68d4422db97b7da7b577970650e/data/1910_RofyWf9FpZ6XMHi31KJY1A_50.94992284_5.96655391.jpg,47.6722,258.23,0.051895
1237_jc9fa4hOUbFuUfhfViJVuA_13.59963345_78.48891484,/home/alex/Desktop/school/comp-vis/dataset/datasets--everettshen--StreetView360AtoZ/snapshots/f0b9ffb20c4dc68d4422db97b7da7b577970650e/data/1237_jc9fa4hOUbFuUfhfViJVuA_13.59963345_78.48891484.jpg,72.4284,194.66,0.294022
1029_zrTk7uLDX6xExB4qZ3uCtA_18.67827302_73.73416972,/home/alex/Desktop/school/comp-vis/dataset/datasets--everettshen--StreetView360AtoZ/snapshots/f0b9ffb20c4dc68d4422db97b7da7b577970650e/data/1029_zrTk7uLDX6xExB4qZ3uCtA_18.67827302_73.73416972.jpg,32.2757,456.47,0.127975
666_iVt3kAA9ijAkDYERgsScsA_46.20728921_-59.99335124,/home/alex/Desktop/school/comp-vis/dataset/datasets--everettshen--StreetView360AtoZ/snapshots/f0b9ffb20c4dc68d4422db97b7da7b577970650e/data/666_iVt3kAA9ijAkDYERgsScsA_46.20728921_-59.99335124.jpg,42.1569,377.2,0.013855
52_sC1VeEqlqmgnDIVMmJSOdg_51.42440379_-2.22399534,/home/alex/Desktop/school/comp-vis/dataset/datasets--everettshen--StreetView360AtoZ/snapshots/f0b9ffb20c4dc68d4422db97b7da7b577970650e/data/52_sC1VeEqlqmgnDIVMmJSOdg_51.42440379_-2.22399534.jpg,55.5008,417.04,0.01796
890_VcY7r8EmtcLiRxlNXQANVA_48.14132002_12.81479981,/home/alex/Desktop/school/comp-vis/dataset/datasets--everettshen--StreetView360AtoZ/snapshots/f0b9ffb20c4dc68d4422db97b7da7b577970650e/data/890_VcY7r8EmtcLiRxlNXQANVA_48.14132002_12.81479981.jpg,30.2584,62.8,0.026245
396_zhsRoRxwcz9ChQUuCysFyg_-22.62894320_-48.17432446,/home/alex/Desktop/school/comp-vis/dataset/datasets--everettshen--StreetView360AtoZ/snapshots/f0b9ffb20c4dc68d4422db97b7da7b577970650e/data/396_zhsRoRxwcz9ChQUuCysFyg_-22.62894320_-48.17432446.jpg,21.3649,382.06,0.07164
368_B0NjkgRrzxmK_G7ZjHEEMQ_43.20842158_11.76472065,/home/alex/Desktop/school/comp-vis/dataset/datasets--everettshen--StreetView360AtoZ/snapshots/f0b9ffb20c4dc68d4422db97b7da7b577970650e/data/368_B0NjkgRrzxmK_G7ZjHEEMQ_43.20842158_11.76472065.jpg,37.7155,84.12,0.012527
3158_rtWt-aypnmxU65YHZDeJnw_43.87499148_-85.50998057,/home/alex/Desktop/school/comp-vis/dataset/datasets--everettshen--StreetView360AtoZ/snapshots/f0b9ffb20c4dc68d4422db97b7da7b577970650e/data/3158_rtWt-aypnmxU65YHZDeJnw_43.87499148_-85.50998057.jpg,21.1017,275.51,0.063049
1293_2fZPEKisFevwTya6VJHxGw_15.15680133_-92.43777596,/home/alex/Desktop/school/comp-vis/dataset/datasets--everettshen--StreetView360AtoZ/snapshots/f0b9ffb20c4dc68d4422db97b7da7b577970650e/data/1293_2fZPEKisFevwTya6VJHxGw_15.15680133_-92.43777596.jpg,85.6985,337.8,0.04274
1442_zvOfcfbUqSQHngaDV4XbkQ_9.48291361_78.00560311,/home/alex/Desktop/school/comp-vis/dataset/datasets--everettshen--StreetView360AtoZ/snapshots/f0b9ffb20c4dc68d4422db97b7da7b577970650e/data/1442_zvOfcfbUqSQHngaDV4XbkQ_9.48291361_78.00560311.jpg,64.5105,309.17,0.018677
432_MKHBB7zdnVndH74SUpMjVA_36.37097544_-81.06607983,/home/alex/Desktop/school/comp-vis/dataset/datasets--everettshen--StreetView360AtoZ/snapshots/f0b9ffb20c4dc68d4422db97b7da7b577970650e/data/432_MKHBB7zdnVndH74SUpMjVA_36.37097544_-81.06607983.jpg,55.2397,166.44,0.109375
3156_3jIhvtPH9I-EIr1vAGP-cw_-5.33510048_-42.73368975,/home/alex/Desktop/school/comp-vis/dataset/datasets--everettshen--StreetView360AtoZ/snapshots/f0b9ffb20c4dc68d4422db97b7da7b577970650e/data/3156_3jIhvtPH9I-EIr1vAGP-cw_-5.33510048_-42.73368975.jpg,56.0418,252.25,0.023651
288_RIrXXukWFKkh5ETEvytwvA_29.42074342_-95.26547017,/home/alex/Desktop/school/comp-vis/dataset/datasets--everettshen--StreetView360AtoZ/snapshots/f0b9ffb20c4dc68d4422db97b7da7b577970650e/data/288_RIrXXukWFKkh5ETEvytwvA_29.42074342_-95.26547017.jpg,69.9246,210.93,0.013214
327_DMIkSi_K34xX8FKACpVGmw_19.68861599_-98.86106638,/home/alex/Desktop/school/comp-vis/dataset/datasets--everettshen--StreetView360AtoZ/snapshots/f0b9ffb20c4dc68d4422db97b7da7b577970650e/data/327_DMIkSi_K34xX8FKACpVGmw_19.68861599_-98.86106638.jpg,44.9166,335.57,0.025223
650_ZIunHj_1zFwY0UluZ08y0A_23.88093681_120.56560601,/home/alex/Desktop/school/comp-vis/dataset/datasets--everettshen--StreetView360AtoZ/snapshots/f0b9ffb20c4dc68d4422db97b7da7b577970650e/data/650_ZIunHj_1zFwY0UluZ08y0A_23.88093681_120.56560601.jpg,39.0819,105.37,0.100525
930_KnwEnk8WVsoQWzXSm028EA_32.72132406_-109.10523938,/home/alex/Desktop/school/comp-vis/dataset/datasets--everettshen--StreetView360AtoZ/snapshots/f0b9ffb20c4dc68d4422db97b7da7b577970650e/data/930_KnwEnk8WVsoQWzXSm028EA_32.72132406_-109.10523938.jpg,76.2612,466.42,0.029205
1587_F-jlzkeK4fs9O2wZt8bbBQ_48.13121712_5.64524084,/home/alex/Desktop/school/comp-vis/dataset/datasets--everettshen--StreetView360AtoZ/snapshots/f0b9ffb20c4dc68d4422db97b7da7b577970650e/data/1587_F-jlzkeK4fs9O2wZt8bbBQ_48.13121712_5.64524084.jpg,32.6505,133.44,0.031891
1908_5hqI7QLIHLvDUciWt03_Nw_61.58224464_-149.43986307,/home/alex/Desktop/school/comp-vis/dataset/datasets--everettshen--StreetView360AtoZ/snapshots/f0b9ffb20c4dc68d4422db97b7da7b577970650e/data/1908_5hqI7QLIHLvDUciWt03_Nw_61.58224464_-149.43986307.jpg,44.947,337.9,0.044754
612_FfbE-JFMjc2tDbCq1kuP1A_46.27684597_12.37199841,/home/alex/Desktop/school/comp-vis/dataset/datasets--everettshen--StreetView360AtoZ/snapshots/f0b9ffb20c4dc68d4422db97b7da7b577970650e/data/612_FfbE-JFMjc2tDbCq1kuP1A_46.27684597_12.37199841.jpg,59.8019,479.66,0.059906
788_npo9ssh6UPbrGnAVqc-ILg_41.61091130_14.06980096,/home/alex/Desktop/school/comp-vis/dataset/datasets--everettshen--StreetView360AtoZ/snapshots/f0b9ffb20c4dc68d4422db97b7da7b577970650e/data/788_npo9ssh6UPbrGnAVqc-ILg_41.61091130_14.06980096.jpg,55.5468,98.62,0.024261
43_PRe4HKPrkMzZZ-kwgAVJag_46.85127754_-92.36410755,/home/alex/Desktop/school/comp-vis/dataset/datasets--everettshen--StreetView360AtoZ/snapshots/f0b9ffb20c4dc68d4422db97b7da7b577970650e/data/43_PRe4HKPrkMzZZ-kwgAVJag_46.85127754_-92.36410755.jpg,79.5821,92.2,0.031235
2465__JPvBZ5bj7ZrtdLwG81nEw_40.18919254_-95.67161754,/home/alex/Desktop/school/comp-vis/dataset/datasets--everettshen--StreetView360AtoZ/snapshots/f0b9ffb20c4dc68d4422db97b7da7b577970650e/data/2465__JPvBZ5bj7ZrtdLwG81nEw_40.18919254_-95.67161754.jpg,52.8462,42.28,0.105423
1405_XpSEXskB6P3abrgmjGvQcw_33.10962259_-93.26371332,/home/alex/Desktop/school/comp-vis/dataset/datasets--everettshen--StreetView360AtoZ/snapshots/f0b9ffb20c4dc68d4422db97b7da7b577970650e/data/1405_XpSEXskB6P3abrgmjGvQcw_33.10962259_-93.26371332.jpg,74.7917,119.01,0.046448
1450_lrBcLhzMDXzZweSjmMnrag_-33.91529583_151.10125651,/home/alex/Desktop/school/comp-vis/dataset/datasets--everettshen--StreetView360AtoZ/snapshots/f0b9ffb20c4dc68d4422db97b7da7b577970650e/data/1450_lrBcLhzMDXzZweSjmMnrag_-33.91529583_151.10125651.jpg,76.7935,448.37,0.064148
2609_a9-vQF9x911ZapQTLD-6Yg_42.33398156_-2.06840013,/home/alex/Desktop/school/comp-vis/dataset/datasets--everettshen--StreetView360AtoZ/snapshots/f0b9ffb20c4dc68d4422db97b7da7b577970650e/data/2609_a9-vQF9x911ZapQTLD-6Yg_42.33398156_-2.06840013.jpg,62.3384,36.11,0.068237
1992_SDG3y5ZIDzpp-aH2dmoTzA_45.30509469_-92.36327615,/home/alex/Desktop/school/comp-vis/dataset/datasets--everettshen--StreetView360AtoZ/snapshots/f0b9ffb20c4dc68d4422db97b7da7b577970650e/data/1992_SDG3y5ZIDzpp-aH2dmoTzA_45.30509469_-92.36327615.jpg,19.8376,34.2,0.049103
250_l2CXKCIUx9ElRbkMHrJ8Dg_23.12306483_120.30376478,/home/alex/Desktop/school/comp-vis/dataset/datasets--everettshen--StreetView360AtoZ/snapshots/f0b9ffb20c4dc68d4422db97b7da7b577970650e/data/250_l2CXKCIUx9ElRbkMHrJ8Dg_23.12306483_120.30376478.jpg,83.3027,35.21,0.024353
774_yH-_agDBwk3zyHw112YSNg_40.07977631_-102.22753300,/home/alex/Desktop/school/comp-vis/dataset/datasets--everettshen--StreetView360AtoZ/snapshots/f0b9ffb20c4dc68d4422db97b7da7b577970650e/data/774_yH-_agDBwk3zyHw112YSNg_40.07977631_-102.22753300.jpg,24.8822,93.02,0.060928
185_3dlo5WLWhuTOz8NneKumhQ_-27.66396326_152.06180160,/home/alex/Desktop/school/comp-vis/dataset/datasets--everettshen--StreetView360AtoZ/snapshots/f0b9ffb20c4dc68d4422db97b7da7b577970650e/data/185_3dlo5WLWhuTOz8NneKumhQ_-27.66396326_152.06180160.jpg,78.6371,279.15,0.217865
134_CKSnWRKPHMI-NfXk_DuB9A_7.13785596_5.59814945,/home/alex/Desktop/school/comp-vis/dataset/datasets--everettshen--StreetView360AtoZ/snapshots/f0b9ffb20c4dc68d4422db97b7da7b577970650e/data/134_CKSnWRKPHMI-NfXk_DuB9A_7.13785596_5.59814945.jpg,48.2082,80.97,0.040222
517_kth3UYiMHndbSaFQ8C0R4g_20.44471659_80.11548154,/home/alex/Desktop/school/comp-vis/dataset/datasets--everettshen--StreetView360AtoZ/snapshots/f0b9ffb20c4dc68d4422db97b7da7b577970650e/data/517_kth3UYiMHndbSaFQ8C0R4g_20.44471659_80.11548154.jpg,42.7223,396.69,0.10582
502_RW8RjV9Afsv0i0kZ-s-VbA_54.09939249_12.16485405,/home/alex/Desktop/school/comp-vis/dataset/datasets--everettshen--StreetView360AtoZ/snapshots/f0b9ffb20c4dc68d4422db97b7da7b577970650e/data/502_RW8RjV9Afsv0i0kZ-s-VbA_54.09939249_12.16485405.jpg,36.0816,313.46,0.011414
2177_ct5sV2O4_PS7erSYUUIhHA_60.19051016_11.99764891,/home/alex/Desktop/school/comp-vis/dataset/datasets--everettshen--StreetView360AtoZ/snapshots/f0b9ffb20c4dc68d4422db97b7da7b577970650e/data/2177_ct5sV2O4_PS7erSYUUIhHA_60.19051016_11.99764891.jpg,31.0921,365.56,0.038742
821_CPTzf5xB3UrlwD9aez--Qw_46.56927441_3.74598546,/home/alex/Desktop/school/comp-vis/dataset/datasets--everettshen--StreetView360AtoZ/snapshots/f0b9ffb20c4dc68d4422db97b7da7b577970650e/data/821_CPTzf5xB3UrlwD9aez--Qw_46.56927441_3.74598546.jpg,48.7627,442.4,0.014175
1734_2t9hos0MNaBT4TUf0P_N0A_42.74279543_-100.79096776,/home/alex/Desktop/school/comp-vis/dataset/datasets--everettshen--StreetView360AtoZ/snapshots/f0b9ffb20c4dc68d4422db97b7da7b577970650e/data/1734_2t9hos0MNaBT4TUf0P_N0A_42.74279543_-100.79096776.jpg,18.1352,362.35,0.047745
778_GeI5UZQfnHW-DZdhEjvd6g_36.86261852_-76.30085717,/home/alex/Desktop/school/comp-vis/dataset/datasets--everettshen--StreetView360AtoZ/snapshots/f0b9ffb20c4dc68d4422db97b7da7b577970650e/data/778_GeI5UZQfnHW-DZdhEjvd6g_36.86261852_-76.30085717.jpg,47.3552,62.51,0.160019
513_HvXNh3c9PvIGyh1ovN4yRQ_42.47306820_-0.03345286,/home/alex/Desktop/school/comp-vis/dataset/datasets--everettshen--StreetView360AtoZ/snapshots/f0b9ffb20c4dc68d4422db97b7da7b577970650e/data/513_HvXNh3c9PvIGyh1ovN4yRQ_42.47306820_-0.03345286.jpg,20.6965,36.42,0.038971
917_u-MIEgvtgA4ywFEp593Zgw_12.58309686_-81.70644150,/home/alex/Desktop/school/comp-vis/dataset/datasets--everettshen--StreetView360AtoZ/snapshots/f0b9ffb20c4dc68d4422db97b7da7b577970650e/data/917_u-MIEgvtgA4ywFEp593Zgw_12.58309686_-81.70644150.jpg,64.6872,160.25,0.047089
253_EmGgLS2onRVtnh4SqbAYbQ_45.58866717_-111.64802954,/home/alex/Desktop/school/comp-vis/dataset/datasets--everettshen--StreetView360AtoZ/snapshots/f0b9ffb20c4dc68d4422db97b7da7b577970650e/data/253_EmGgLS2onRVtnh4SqbAYbQ_45.58866717_-111.64802954.jpg,30.1548,414.92,0.051315
1732_24fiS8UCEOMor_By04DUCQ_46.78299164_14.11626867,/home/alex/Desktop/school/comp-vis/dataset/datasets--everettshen--StreetView360AtoZ/snapshots/f0b9ffb20c4dc68d4422db97b7da7b577970650e/data/1732_24fiS8UCEOMor_By04DUCQ_46.78299164_14.11626867.jpg,57.5475,219.29,0.011627
326_GRzbnzHri5Gg1VjgnKrXhA_39.75483636_31.16909671,/home/alex/Desktop/school/comp-vis/dataset/datasets--everettshen--StreetView360AtoZ/snapshots/f0b9ffb20c4dc68d4422db97b7da7b577970650e/data/326_GRzbnzHri5Gg1VjgnKrXhA_39.75483636_31.16909671.jpg,6.4119,347.2,0.015564
2014_3F8OOhCiVcne5v1C0Z1bAQ_42.36124451_-87.87534564,/home/alex/Desktop/school/comp-vis/dataset/datasets--everettshen--StreetView360AtoZ/snapshots/f0b9ffb20c4dc68d4422db97b7da7b577970650e/data/2014_3F8OOhCiVcne5v1C0Z1bAQ_42.36124451_-87.87534564.jpg,47.514,416.93,0.015549
196_kwWpE-_4SAwjIBbPXG-8jA_44.28255668_1.63291836,/home/alex/Desktop/school/comp-vis/dataset/datasets--everettshen--StreetView360AtoZ/snapshots/f0b9ffb20c4dc68d4422db97b7da7b577970650e/data/196_kwWpE-_4SAwjIBbPXG-8jA_44.28255668_1.63291836.jpg,80.1797,330.29,0.06456
606_Nj8FgyWRHe-pDfgK8NpDdw_62.29960842_27.13407339,/home/alex/Desktop/school/comp-vis/dataset/datasets--everettshen--StreetView360AtoZ/snapshots/f0b9ffb20c4dc68d4422db97b7da7b577970650e/data/606_Nj8FgyWRHe-pDfgK8NpDdw_62.29960842_27.13407339.jpg,26.5686,329.91,0.014511
3037_VRz32zEYg4pH0XKeG8kDeA_38.36889236_-97.66287598,/home/alex/Desktop/school/comp-vis/dataset/datasets--everettshen--StreetView360AtoZ/snapshots/f0b9ffb20c4dc68d4422db97b7da7b577970650e/data/3037_VRz32zEYg4pH0XKeG8kDeA_38.36889236_-97.66287598.jpg,29.7331,81.74,0.084396
833_7Wh01PIzOsuxwlhwHbGFFQ_19.68947627_-99.57757488,/home/alex/Desktop/school/comp-vis/dataset/datasets--everettshen--StreetView360AtoZ/snapshots/f0b9ffb20c4dc68d4422db97b7da7b577970650e/data/833_7Wh01PIzOsuxwlhwHbGFFQ_19.68947627_-99.57757488.jpg,80.6857,281.4,0.124252
1197_rt6WM2BS4XBoLGVuTdsmLg_24.37744074_90.03963610,/home/alex/Desktop/school/comp-vis/dataset/datasets--everettshen--StreetView360AtoZ/snapshots/f0b9ffb20c4dc68d4422db97b7da7b577970650e/data/1197_rt6WM2BS4XBoLGVuTdsmLg_24.37744074_90.03963610.jpg,18.5213,153.02,0.022278
2787_q5IjhUtAjh6jsWr6yLjtnA_44.36866734_-69.17395001,/home/alex/Desktop/school/comp-vis/dataset/datasets--everettshen--StreetView360AtoZ/snapshots/f0b9ffb20c4dc68d4422db97b7da7b577970650e/data/2787_q5IjhUtAjh6jsWr6yLjtnA_44.36866734_-69.17395001.jpg,57.4603,121.67,0.013077
161_2RC9j7jVHJCUjcvIl_rEGQ_43.19804970_27.82288393,/home/alex/Desktop/school/comp-vis/dataset/datasets--everettshen--StreetView360AtoZ/snapshots/f0b9ffb20c4dc68d4422db97b7da7b577970650e/data/161_2RC9j7jVHJCUjcvIl_rEGQ_43.19804970_27.82288393.jpg,64.0506,379.52,0.0159
949_D5gqxjN49CDRq0MrFx7WQQ_53.25379329_12.15865960,/home/alex/Desktop/school/comp-vis/dataset/datasets--everettshen--StreetView360AtoZ/snapshots/f0b9ffb20c4dc68d4422db97b7da7b577970650e/data/949_D5gqxjN49CDRq0MrFx7WQQ_53.25379329_12.15865960.jpg,59.3232,216.21,0.027328
484_OHcch4jgZb-u2kS8nxk6SA_39.63282905_-104.45421427,/home/alex/Desktop/school/comp-vis/dataset/datasets--everettshen--StreetView360AtoZ/snapshots/f0b9ffb20c4dc68d4422db97b7da7b577970650e/data/484_OHcch4jgZb-u2kS8nxk6SA_39.63282905_-104.45421427.jpg,12.2579,417.72,0.033295
1419_XvFs-jLhSVxcDbbJ3YL40A_55.24092481_9.25211766,/home/alex/Desktop/school/comp-vis/dataset/datasets--everettshen--StreetView360AtoZ/snapshots/f0b9ffb20c4dc68d4422db97b7da7b577970650e/data/1419_XvFs-jLhSVxcDbbJ3YL40A_55.24092481_9.25211766.jpg,48.2565,18.44,0.018082
3016_4LCjCFKoB-lZuNh5-6F_iQ_43.00709595_-82.92729046,/home/alex/Desktop/school/comp-vis/dataset/datasets--everettshen--StreetView360AtoZ/snapshots/f0b9ffb20c4dc68d4422db97b7da7b577970650e/data/3016_4LCjCFKoB-lZuNh5-6F_iQ_43.00709595_-82.92729046.jpg,28.4345,96.36,0.020035
1215_EeB7I_tyUQIbdcFIh3OjCw_45.06935101_-100.37731017,/home/alex/Desktop/school/comp-vis/dataset/datasets--everettshen--StreetView360AtoZ/snapshots/f0b9ffb20c4dc68d4422db97b7da7b577970650e/data/1215_EeB7I_tyUQIbdcFIh3OjCw_45.06935101_-100.37731017.jpg,43.2765,436.21,0.048203
5_iKxTf-Tj-RivErpC1Kj8Lw_45.74377663_24.22531046,/home/alex/Desktop/school/comp-vis/dataset/datasets--everettshen--StreetView360AtoZ/snapshots/f0b9ffb20c4dc68d4422db97b7da7b577970650e/data/5_iKxTf-Tj-RivErpC1Kj8Lw_45.74377663_24.22531046.jpg,38.5696,186.64,0.033417
3416_wBsQNmHlGmgY5pdaNmQsUg_39.62976941_-111.63513605,/home/alex/Desktop/school/comp-vis/dataset/datasets--everettshen--StreetView360AtoZ/snapshots/f0b9ffb20c4dc68d4422db97b7da7b577970650e/data/3416_wBsQNmHlGmgY5pdaNmQsUg_39.62976941_-111.63513605.jpg,86.8997,276.88,0.025894
338_tFApwucqVHZDLAWrhMyhZw_37.21918545_-3.60515230,/home/alex/Desktop/school/comp-vis/dataset/datasets--everettshen--StreetView360AtoZ/snapshots/f0b9ffb20c4dc68d4422db97b7da7b577970650e/data/338_tFApwucqVHZDLAWrhMyhZw_37.21918545_-3.60515230.jpg,30.1353,271.2,0.049667
3051_Q8eGJJffDlEXiA9Dht-Qyw_32.46513195_-90.40624160,/home/alex/Desktop/school/comp-vis/dataset/datasets--everettshen--StreetView360AtoZ/snapshots/f0b9ffb20c4dc68d4422db97b7da7b577970650e/data/3051_Q8eGJJffDlEXiA9Dht-Qyw_32.46513195_-90.40624160.jpg,80.0468,249.95,0.221115
2531_azMgSATpmF9liIKrdc7aMQ_43.19443119_-71.15084194,/home/alex/Desktop/school/comp-vis/dataset/datasets--everettshen--StreetView360AtoZ/snapshots/f0b9ffb20c4dc68d4422db97b7da7b577970650e/data/2531_azMgSATpmF9liIKrdc7aMQ_43.19443119_-71.15084194.jpg,37.3569,407.32,0.058578
1405_93HnLEakZNa7s4WmhAWu0Q_19.95979494_-90.34707765,/home/alex/Desktop/school/comp-vis/dataset/datasets--everettshen--StreetView360AtoZ/snapshots/f0b9ffb20c4dc68d4422db97b7da7b577970650e/data/1405_93HnLEakZNa7s4WmhAWu0Q_19.95979494_-90.34707765.jpg,57.1812,218.69,0.015381
397_S5hhjpgKlROnzSX3xGKdIg_37.47104755_-102.03932526,/home/alex/Desktop/school/comp-vis/dataset/datasets--everettshen--StreetView360AtoZ/snapshots/f0b9ffb20c4dc68d4422db97b7da7b577970650e/data/397_S5hhjpgKlROnzSX3xGKdIg_37.47104755_-102.03932526.jpg,40.794,39.44,0.026062
815_q-D-K7XHurcjV1lQR2TTSw_14.65420663_104.59199460,/home/alex/Desktop/school/comp-vis/dataset/datasets--everettshen--StreetView360AtoZ/snapshots/f0b9ffb20c4dc68d4422db97b7da7b577970650e/data/815_q-D-K7XHurcjV1lQR2TTSw_14.65420663_104.59199460.jpg,81.519,288.29,0.111954
2715_Px0T37ztGbkcHPlsAHsHzQ_-31.19750640_136.82759043,/home/alex/Desktop/school/comp-vis/dataset/datasets--everettshen--StreetView360AtoZ/snapshots/f0b9ffb20c4dc68d4422db97b7da7b577970650e/data/2715_Px0T37ztGbkcHPlsAHsHzQ_-31.19750640_136.82759043.jpg,43.6188,202.0,0.012161
1809_RW8RjV9Afsv0i0kZ-s-VbA_54.09939249_12.16485405,/home/alex/Desktop/school/comp-vis/dataset/datasets--everettshen--StreetView360AtoZ/snapshots/f0b9ffb20c4dc68d4422db97b7da7b577970650e/data/1809_RW8RjV9Afsv0i0kZ-s-VbA_54.09939249_12.16485405.jpg,36.0816,313.46,0.011414
865_HOMxAKxvhcIJWi6u-Qs3ZA_25.35945368_92.36662928,/home/alex/Desktop/school/comp-vis/dataset/datasets--everettshen--StreetView360AtoZ/snapshots/f0b9ffb20c4dc68d4422db97b7da7b577970650e/data/865_HOMxAKxvhcIJWi6u-Qs3ZA_25.35945368_92.36662928.jpg,80.4685,324.16,0.152893
191_U8_OMx1Yz4iD9gbE0WL8pg_-5.14418561_-37.36909089,/home/alex/Desktop/school/comp-vis/dataset/datasets--everettshen--StreetView360AtoZ/snapshots/f0b9ffb20c4dc68d4422db97b7da7b577970650e/data/191_U8_OMx1Yz4iD9gbE0WL8pg_-5.14418561_-37.36909089.jpg,77.3328,337.06,0.021332
3315_xUkrptK2NVzztYF_jqPwtw_-8.32388219_115.61745078,/home/alex/Desktop/school/comp-vis/dataset/datasets--everettshen--StreetView360AtoZ/snapshots/f0b9ffb20c4dc68d4422db97b7da7b577970650e/data/3315_xUkrptK2NVzztYF_jqPwtw_-8.32388219_115.61745078.jpg,64.5534,176.78,0.073547
895_xvUIRxxXKn0WgWR8BZypJQ_-32.56949552_149.58522658,/home/alex/Desktop/school/comp-vis/dataset/datasets--everettshen--StreetView360AtoZ/snapshots/f0b9ffb20c4dc68d4422db97b7da7b577970650e/data/895_xvUIRxxXKn0WgWR8BZypJQ_-32.56949552_149.58522658.jpg,18.3011,91.27,0.06575
1864_35N6-xquiKu3kHmbg8AM0g_39.66461018_31.30555874,/home/alex/Desktop/school/comp-vis/dataset/datasets--everettshen--StreetView360AtoZ/snapshots/f0b9ffb20c4dc68d4422db97b7da7b577970650e/data/1864_35N6-xquiKu3kHmbg8AM0g_39.66461018_31.30555874.jpg,37.7761,60.18,0.03244
1870_mypVd16l8jDrLEgGRZKi1A_57.06935246_-5.01442838,/home/alex/Desktop/school/comp-vis/dataset/datasets--everettshen--StreetView360AtoZ/snapshots/f0b9ffb20c4dc68d4422db97b7da7b577970650e/data/1870_mypVd16l8jDrLEgGRZKi1A_57.06935246_-5.01442838.jpg,19.8247,488.29,0.02594
901_GYhdNCeyUHtd0oH49rEdzA_61.89049797_11.07728625,/home/alex/Desktop/school/comp-vis/dataset/datasets--everettshen--StreetView360AtoZ/snapshots/f0b9ffb20c4dc68d4422db97b7da7b577970650e/data/901_GYhdNCeyUHtd0oH49rEdzA_61.89049797_11.07728625.jpg,28.2537,232.64,0.035385
1009_xcLxJiRs14g5SC9jr_z75g_-34.48849399_-70.90693910,/home/alex/Desktop/school/comp-vis/dataset/datasets--everettshen--StreetView360AtoZ/snapshots/f0b9ffb20c4dc68d4422db97b7da7b577970650e/data/1009_xcLxJiRs14g5SC9jr_z75g_-34.48849399_-70.90693910.jpg,70.5598,473.3,0.014175
868_wBsQNmHlGmgY5pdaNmQsUg_39.62976941_-111.63513605,/home/alex/Desktop/school/comp-vis/dataset/datasets--everettshen--StreetView360AtoZ/snapshots/f0b9ffb20c4dc68d4422db97b7da7b577970650e/data/868_wBsQNmHlGmgY5pdaNmQsUg_39.62976941_-111.63513605.jpg,86.8997,276.88,0.025894
212_wKa2jF1132JA-QB3jWVD_g_19.42587466_-103.53795380,/home/alex/Desktop/school/comp-vis/dataset/datasets--everettshen--StreetView360AtoZ/snapshots/f0b9ffb20c4dc68d4422db97b7da7b577970650e/data/212_wKa2jF1132JA-QB3jWVD_g_19.42587466_-103.53795380.jpg,43.7471,455.3,0.012115
1606_HCVtyCIYXT0c-X_yCnGqOw_53.96751365_9.49448322,/home/alex/Desktop/school/comp-vis/dataset/datasets--everettshen--StreetView360AtoZ/snapshots/f0b9ffb20c4dc68d4422db97b7da7b577970650e/data/1606_HCVtyCIYXT0c-X_yCnGqOw_53.96751365_9.49448322.jpg,59.5675,28.45,0.048782
763_-j0XpdKaHMhMmyp4jSDaig_45.40403288_-75.69009119,/home/alex/Desktop/school/comp-vis/dataset/datasets--everettshen--StreetView360AtoZ/snapshots/f0b9ffb20c4dc68d4422db97b7da7b577970650e/data/763_-j0XpdKaHMhMmyp4jSDaig_45.40403288_-75.69009119.jpg,69.6338,256.53,0.320831
2063_OkGkQB6n4qe3obq41YY8lA_54.24943706_-8.87860289,/home/alex/Desktop/school/comp-vis/dataset/datasets--everettshen--StreetView360AtoZ/snapshots/f0b9ffb20c4dc68d4422db97b7da7b577970650e/data/2063_OkGkQB6n4qe3obq41YY8lA_54.24943706_-8.87860289.jpg,38.6029,480.29,0.033081
1357_zslcegkv0XIUFBSr5zLfag_22.48356613_90.30048411,/home/alex/Desktop/school/comp-vis/dataset/datasets--everettshen--StreetView360AtoZ/snapshots/f0b9ffb20c4dc68d4422db97b7da7b577970650e/data/1357_zslcegkv0XIUFBSr5zLfag_22.48356613_90.30048411.jpg,60.1428,127.54,0.030334
1533_mUbeXzZMQ9u6WlGJmQBiFQ_38.96430862_-81.38701222,/home/alex/Desktop/school/comp-vis/dataset/datasets--everettshen--StreetView360AtoZ/snapshots/f0b9ffb20c4dc68d4422db97b7da7b577970650e/data/1533_mUbeXzZMQ9u6WlGJmQBiFQ_38.96430862_-81.38701222.jpg,81.3837,297.26,0.173813
2876_hWyyEEhZgDHr4xI80kcStw_-24.56625265_-51.33285421,/home/alex/Desktop/school/comp-vis/dataset/datasets--everettshen--StreetView360AtoZ/snapshots/f0b9ffb20c4dc68d4422db97b7da7b577970650e/data/2876_hWyyEEhZgDHr4xI80kcStw_-24.56625265_-51.33285421.jpg,62.2204,424.44,0.033356
948_zadeoB36BxW4TqkXALnm6w_23.93377987_-104.85871887,/home/alex/Desktop/school/comp-vis/dataset/datasets--everettshen--StreetView360AtoZ/snapshots/f0b9ffb20c4dc68d4422db97b7da7b577970650e/data/948_zadeoB36BxW4TqkXALnm6w_23.93377987_-104.85871887.jpg,24.9579,444.83,0.037567
2906_yANw1BwBsctXGaNkujobnQ_-30.16679160_30.81695314,/home/alex/Desktop/school/comp-vis/dataset/datasets--everettshen--StreetView360AtoZ/snapshots/f0b9ffb20c4dc68d4422db97b7da7b577970650e/data/2906_yANw1BwBsctXGaNkujobnQ_-30.16679160_30.81695314.jpg,41.8261,144.4,0.020203
299_eA5fiaCwNvtRhlbxbPMHXQ_-24.61559281_-53.84370767,/home/alex/Desktop/school/comp-vis/dataset/datasets--everettshen--StreetView360AtoZ/snapshots/f0b9ffb20c4dc68d4422db97b7da7b577970650e/data/299_eA5fiaCwNvtRhlbxbPMHXQ_-24.61559281_-53.84370767.jpg,13.7427,459.13,0.019745
247_RECFBlBoRN6nqCPqt2gayg_45.20231770_-64.11335536,/home/alex/Desktop/school/comp-vis/dataset/datasets--everettshen--StreetView360AtoZ/snapshots/f0b9ffb20c4dc68d4422db97b7da7b577970650e/data/247_RECFBlBoRN6nqCPqt2gayg_45.20231770_-64.11335536.jpg,54.2957,318.96,0.017822
1585_KQYerNgd911qfwK4w0LsSQ_44.49411640_43.93963840,/home/alex/Desktop/school/comp-vis/dataset/datasets--everettshen--StreetView360AtoZ/snapshots/f0b9ffb20c4dc68d4422db97b7da7b577970650e/data/1585_KQYerNgd911qfwK4w0LsSQ_44.49411640_43.93963840.jpg,26.0789,45.88,0.022995
271_XH9cw5pZMqUvNEPa9U8r9g_52.30562427_-0.59396634,/home/alex/Desktop/school/comp-vis/dataset/datasets--everettshen--StreetView360AtoZ/snapshots/f0b9ffb20c4dc68d4422db97b7da7b577970650e/data/271_XH9cw5pZMqUvNEPa9U8r9g_52.30562427_-0.59396634.jpg,43.5628,40.03,0.031845
545_o09O7oT5CYRnv2GDCrZkrQ_41.86579862_14.04765052,/home/alex/Desktop/school/comp-vis/dataset/datasets--everettshen--StreetView360AtoZ/snapshots/f0b9ffb20c4dc68d4422db97b7da7b577970650e/data/545_o09O7oT5CYRnv2GDCrZkrQ_41.86579862_14.04765052.jpg,40.2493,293.1,0.01857
2842_ZJJu-xoJA7he7rmcFCKvhw_33.51179684_-82.13318529,/home/alex/Desktop/school/comp-vis/dataset/datasets--everettshen--StreetView360AtoZ/snapshots/f0b9ffb20c4dc68d4422db97b7da7b577970650e/data/2842_ZJJu-xoJA7he7rmcFCKvhw_33.51179684_-82.13318529.jpg,52.1333,391.09,0.089111
657_slHmu2Gc1LsynfgfG4KV9Q_23.06180263_120.26236778,/home/alex/Desktop/school/comp-vis/dataset/datasets--everettshen--StreetView360AtoZ/snapshots/f0b9ffb20c4dc68d4422db97b7da7b577970650e/data/657_slHmu2Gc1LsynfgfG4KV9Q_23.06180263_120.26236778.jpg,34.3998,87.62,0.061813
2093_6arq42ByRQSfPbwNbopokg_26.89997734_76.09408104,/home/alex/Desktop/school/comp-vis/dataset/datasets--everettshen--StreetView360AtoZ/snapshots/f0b9ffb20c4dc68d4422db97b7da7b577970650e/data/2093_6arq42ByRQSfPbwNbopokg_26.89997734_76.09408104.jpg,23.7989,65.44,0.067978
1632_azEP6s4mcnVZCN-CoTWQ9Q_-4.84175879_122.99603811,/home/alex/Desktop/school/comp-vis/dataset/datasets--everettshen--StreetView360AtoZ/snapshots/f0b9ffb20c4dc68d4422db97b7da7b577970650e/data/1632_azEP6s4mcnVZCN-CoTWQ9Q_-4.84175879_122.99603811.jpg,82.4063,273.18,0.159134
3423_NEoSo3kELbVXEL_2W75VKw_58.50328274_-117.14587289,/home/alex/Desktop/school/comp-vis/dataset/datasets--everettshen--StreetView360AtoZ/snapshots/f0b9ffb20c4dc68d4422db97b7da7b577970650e/data/3423_NEoSo3kELbVXEL_2W75VKw_58.50328274_-117.14587289.jpg,54.1189,485.53,0.024704
1812_6dsIkpSMZy_VdDbj1gX2GA_45.64992665_4.04929435,/home/alex/Desktop/school/comp-vis/dataset/datasets--everettshen--StreetView360AtoZ/snapshots/f0b9ffb20c4dc68d4422db97b7da7b577970650e/data/1812_6dsIkpSMZy_VdDbj1gX2GA_45.64992665_4.04929435.jpg,19.3964,107.11,0.029633
278_-yfpke35CUBF_KcB_tbFrQ_36.84994054_-121.40568137,/home/alex/Desktop/school/comp-vis/dataset/datasets--everettshen--StreetView360AtoZ/snapshots/f0b9ffb20c4dc68d4422db97b7da7b577970650e/data/278_-yfpke35CUBF_KcB_tbFrQ_36.84994054_-121.40568137.jpg,18.3813,428.74,0.038239
2546_3-9DlWL94N0FufxyeujtgA_29.48361276_74.07925164,/home/alex/Desktop/school/comp-vis/dataset/datasets--everettshen--StreetView360AtoZ/snapshots/f0b9ffb20c4dc68d4422db97b7da7b577970650e/data/2546_3-9DlWL94N0FufxyeujtgA_29.48361276_74.07925164.jpg,14.8882,139.65,0.011612
1876_Wnql7h6MOPUMjlpN2aB89A_-40.29820790_175.81028132,/home/alex/Desktop/school/comp-vis/dataset/datasets--everettshen--StreetView360AtoZ/snapshots/f0b9ffb20c4dc68d4422db97b7da7b577970650e/data/1876_Wnql7h6MOPUMjlpN2aB89A_-40.29820790_175.81028132.jpg,23.6808,30.27,0.025162
1945_2F0eN3GWg9hP9L2zv_GmCA_35.73211985_-83.51823550,/home/alex/Desktop/school/comp-vis/dataset/datasets--everettshen--StreetView360AtoZ/snapshots/f0b9ffb20c4dc68d4422db97b7da7b577970650e/data/1945_2F0eN3GWg9hP9L2zv_GmCA_35.73211985_-83.51823550.jpg,39.2329,419.48,0.01152
1363_HHZmd-0d73j5Z6VRnyeBww_-4.04356758_119.91371507,/home/alex/Desktop/school/comp-vis/dataset/datasets--everettshen--StreetView360AtoZ/snapshots/f0b9ffb20c4dc68d4422db97b7da7b577970650e/data/1363_HHZmd-0d73j5Z6VRnyeBww_-4.04356758_119.91371507.jpg,55.8656,108.21,0.038284
373_HZtY6NUxqDl2EV8oFQevlw_50.22085253_-103.44882344,/home/alex/Desktop/school/comp-vis/dataset/datasets--everettshen--StreetView360AtoZ/snapshots/f0b9ffb20c4dc68d4422db97b7da7b577970650e/data/373_HZtY6NUxqDl2EV8oFQevlw_50.22085253_-103.44882344.jpg,52.6026,328.71,0.010254
390_l3B6RP6uoo3IUf9I0N3Atg_46.21828942_-71.76227350,/home/alex/Desktop/school/comp-vis/dataset/datasets--everettshen--StreetView360AtoZ/snapshots/f0b9ffb20c4dc68d4422db97b7da7b577970650e/data/390_l3B6RP6uoo3IUf9I0N3Atg_46.21828942_-71.76227350.jpg,53.0561,301.79,0.016861
1458_s5in3CR1X0Mfy4IhBKvGfA_1.33798187_103.97346132,/home/alex/Desktop/school/comp-vis/dataset/datasets--everettshen--StreetView360AtoZ/snapshots/f0b9ffb20c4dc68d4422db97b7da7b577970650e/data/1458_s5in3CR1X0Mfy4IhBKvGfA_1.33798187_103.97346132.jpg,72.4528,238.08,0.30101
1113_GJ_tnrcVxLptItKX27TcOA_58.37897784_12.29833295,/home/alex/Desktop/school/comp-vis/dataset/datasets--everettshen--StreetView360AtoZ/snapshots/f0b9ffb20c4dc68d4422db97b7da7b577970650e/data/1113_GJ_tnrcVxLptItKX27TcOA_58.37897784_12.29833295.jpg,29.6296,221.96,0.037903
1455_ynTGaZBks47xx82lfXlH2w_46.13256314_-61.13981222,/home/alex/Desktop/school/comp-vis/dataset/datasets--everettshen--StreetView360AtoZ/snapshots/f0b9ffb20c4dc68d4422db97b7da7b577970650e/data/1455_ynTGaZBks47xx82lfXlH2w_46.13256314_-61.13981222.jpg,49.5833,29.4,0.027176
1798_JnffA4iIB0rHzdlvNNPwkQ_6.91745052_79.88998285,/home/alex/Desktop/school/comp-vis/dataset/datasets--everettshen--StreetView360AtoZ/snapshots/f0b9ffb20c4dc68d4422db97b7da7b577970650e/data/1798_JnffA4iIB0rHzdlvNNPwkQ_6.91745052_79.88998285.jpg,71.8868,259.35,0.337494
1233_d-888Dufg5Tv1B7QFG9l1A_44.49255545_9.67351890,/home/alex/Desktop/school/comp-vis/dataset/datasets--everettshen--StreetView360AtoZ/snapshots/f0b9ffb20c4dc68d4422db97b7da7b577970650e/data/1233_d-888Dufg5Tv1B7QFG9l1A_44.49255545_9.67351890.jpg,58.112,81.18,0.018875
85_tTvsYqQGBdza6zSgIhFdfA_24.37312369_77.04908875,/home/alex/Desktop/school/comp-vis/dataset/datasets--everettshen--StreetView360AtoZ/snapshots/f0b9ffb20c4dc68d4422db97b7da7b577970650e/data/85_tTvsYqQGBdza6zSgIhFdfA_24.37312369_77.04908875.jpg,77.8782,55.27,0.044525
911_k90J5Uek7gN_bm4Z5Wifvw_-17.39956920_-63.83342178,/home/alex/Desktop/school/comp-vis/dataset/datasets--everettshen--StreetView360AtoZ/snapshots/f0b9ffb20c4dc68d4422db97b7da7b577970650e/data/911_k90J5Uek7gN_bm4Z5Wifvw_-17.39956920_-63.83342178.jpg,13.2058,24.47,0.019714
495_3P6BNRN6ECumDnmQyYGEDQ_33.17987360_-81.18530765,/home/alex/Desktop/school/comp-vis/dataset/datasets--everettshen--StreetView360AtoZ/snapshots/f0b9ffb20c4dc68d4422db97b7da7b577970650e/data/495_3P6BNRN6ECumDnmQyYGEDQ_33.17987360_-81.18530765.jpg,34.1299,115.44,0.085678
174_jdl3KBjsZbJIT1eWCC3pZQ_36.59367798_-94.76930870,/home/alex/Desktop/school/comp-vis/dataset/datasets--everettshen--StreetView360AtoZ/snapshots/f0b9ffb20c4dc68d4422db97b7da7b577970650e/data/174_jdl3KBjsZbJIT1eWCC3pZQ_36.59367798_-94.76930870.jpg,25.2549,52.67,0.066437
210_Dq7hlryCBfVn4js_pthSAQ_15.31493741_-91.49393119,/home/alex/Desktop/school/comp-vis/dataset/datasets--everettshen--StreetView360AtoZ/snapshots/f0b9ffb20c4dc68d4422db97b7da7b577970650e/data/210_Dq7hlryCBfVn4js_pthSAQ_15.31493741_-91.49393119.jpg,22.4391,428.87,0.014893
1018_4zHrZELhDEmWZ8qkSlmLOw_23.44980291_78.82581227,/home/alex/Desktop/school/comp-vis/dataset/datasets--everettshen--StreetView360AtoZ/snapshots/f0b9ffb20c4dc68d4422db97b7da7b577970650e/data/1018_4zHrZELhDEmWZ8qkSlmLOw_23.44980291_78.82581227.jpg,47.9729,378.36,0.264923
2673_JquzGKRPomiCt-7nGMo07g_34.51385300_-83.52756301,/home/alex/Desktop/school/comp-vis/dataset/datasets--everettshen--StreetView360AtoZ/snapshots/f0b9ffb20c4dc68d4422db97b7da7b577970650e/data/2673_JquzGKRPomiCt-7nGMo07g_34.51385300_-83.52756301.jpg,80.242,261.53,0.218185
1311_4wo6AqgDMAF3qt_3DBRBeg_49.77151443_5.78785395,/home/alex/Desktop/school/comp-vis/dataset/datasets--everettshen--StreetView360AtoZ/snapshots/f0b9ffb20c4dc68d4422db97b7da7b577970650e/data/1311_4wo6AqgDMAF3qt_3DBRBeg_49.77151443_5.78785395.jpg,32.4099,184.94,0.026474
213_dWOhrOuB3TTqqmhpGPOdDQ_-8.65159622_116.85305195,/home/alex/Desktop/school/comp-vis/dataset/datasets--everettshen--StreetView360AtoZ/snapshots/f0b9ffb20c4dc68d4422db97b7da7b577970650e/data/213_dWOhrOuB3TTqqmhpGPOdDQ_-8.65159622_116.85305195.jpg,19.951,373.92,0.019791
119_qQeSq1qisLZT-mCCy0Mmzw_-26.66958662_-67.22365569,/home/alex/Desktop/school/comp-vis/dataset/datasets--everettshen--StreetView360AtoZ/snapshots/f0b9ffb20c4dc68d4422db97b7da7b577970650e/data/119_qQeSq1qisLZT-mCCy0Mmzw_-26.66958662_-67.22365569.jpg,50.8843,386.51,0.048294
810_lq-QR-OB3pwpi6zGRcuBvg_63.53302869_15.33395491,/home/alex/Desktop/school/comp-vis/dataset/datasets--everettshen--StreetView360AtoZ/snapshots/f0b9ffb20c4dc68d4422db97b7da7b577970650e/data/810_lq-QR-OB3pwpi6zGRcuBvg_63.53302869_15.33395491.jpg,24.2279,479.74,0.019409
1817_fteVHlEWkbY3Af6B4DNaoA_23.92959460_120.55003938,/home/alex/Desktop/school/comp-vis/dataset/datasets--everettshen--StreetView360AtoZ/snapshots/f0b9ffb20c4dc68d4422db97b7da7b577970650e/data/1817_fteVHlEWkbY3Af6B4DNaoA_23.92959460_120.55003938.jpg,49.3052,251.27,0.098801
124_gPfpxvdvmicFJ1gKaSyzaQ_51.52485027_3.64432393,/home/alex/Desktop/school/comp-vis/dataset/datasets--everettshen--StreetView360AtoZ/snapshots/f0b9ffb20c4dc68d4422db97b7da7b577970650e/data/124_gPfpxvdvmicFJ1gKaSyzaQ_51.52485027_3.64432393.jpg,22.7714,305.56,0.033997
1398_hTbNMlCDAveq3e6f6sEEuA_37.86168024_-77.76585150,/home/alex/Desktop/school/comp-vis/dataset/datasets--everettshen--StreetView360AtoZ/snapshots/f0b9ffb20c4dc68d4422db97b7da7b577970650e/data/1398_hTbNMlCDAveq3e6f6sEEuA_37.86168024_-77.76585150.jpg,55.5899,486.43,0.013062
1110_GTtneBxfLkbF-7qKhYPxxA_64.58307318_18.68340995,/home/alex/Desktop/school/comp-vis/dataset/datasets--everettshen--StreetView360AtoZ/snapshots/f0b9ffb20c4dc68d4422db97b7da7b577970650e/data/1110_GTtneBxfLkbF-7qKhYPxxA_64.58307318_18.68340995.jpg,39.451,17.42,0.019714
599_q2HNtCTnpM-IxTYBty_xUg_45.18852021_-123.90463555,/home/alex/Desktop/school/comp-vis/dataset/datasets--everettshen--StreetView360AtoZ/snapshots/f0b9ffb20c4dc68d4422db97b7da7b577970650e/data/599_q2HNtCTnpM-IxTYBty_xUg_45.18852021_-123.90463555.jpg,36.5876,442.93,0.10376
645_aM7s1xDKuBAP5o-fY6Rk6Q_19.64866554_99.86008954,/home/alex/Desktop/school/comp-vis/dataset/datasets--everettshen--StreetView360AtoZ/snapshots/f0b9ffb20c4dc68d4422db97b7da7b577970650e/data/645_aM7s1xDKuBAP5o-fY6Rk6Q_19.64866554_99.86008954.jpg,30.3172,187.4,0.027817
775_EJXgkJzlhITATN_rmWCU7Q_37.74472455_38.26780112,/home/alex/Desktop/school/comp-vis/dataset/datasets--everettshen--StreetView360AtoZ/snapshots/f0b9ffb20c4dc68d4422db97b7da7b577970650e/data/775_EJXgkJzlhITATN_rmWCU7Q_37.74472455_38.26780112.jpg,14.1615,471.03,0.026199
2009_LGcG2W1CeurlnmdAM82PyQ_55.65017300_69.23475237,/home/alex/Desktop/school/comp-vis/dataset/datasets--everettshen--StreetView360AtoZ/snapshots/f0b9ffb20c4dc68d4422db97b7da7b577970650e/data/2009_LGcG2W1CeurlnmdAM82PyQ_55.65017300_69.23475237.jpg,14.1443,215.44,0.026855
916_ttzpZtfmFhAUxcxOBnv98A_42.22422601_-3.58946221,/home/alex/Desktop/school/comp-vis/dataset/datasets--everettshen--StreetView360AtoZ/snapshots/f0b9ffb20c4dc68d4422db97b7da7b577970650e/data/916_ttzpZtfmFhAUxcxOBnv98A_42.22422601_-3.58946221.jpg,21.9716,245.9,0.016006
242_TxWztVbt4Pe9rfXqUFc0ew_25.28044688_71.90216989,/home/alex/Desktop/school/comp-vis/dataset/datasets--everettshen--StreetView360AtoZ/snapshots/f0b9ffb20c4dc68d4422db97b7da7b577970650e/data/242_TxWztVbt4Pe9rfXqUFc0ew_25.28044688_71.90216989.jpg,31.8401,253.05,0.136826
2307_rCXSOaX_wPBJkjqSvuBoaw_38.45587596_-122.72144309,/home/alex/Desktop/school/comp-vis/dataset/datasets--everettshen--StreetView360AtoZ/snapshots/f0b9ffb20c4dc68d4422db97b7da7b577970650e/data/2307_rCXSOaX_wPBJkjqSvuBoaw_38.45587596_-122.72144309.jpg,52.1023,253.59,0.083145
1748_5RJdnocuLUE3Jc7wOE7kzQ_37.35750931_43.17056897,/home/alex/Desktop/school/comp-vis/dataset/datasets--everettshen--StreetView360AtoZ/snapshots/f0b9ffb20c4dc68d4422db97b7da7b577970650e/data/1748_5RJdnocuLUE3Jc7wOE7kzQ_37.35750931_43.17056897.jpg,49.7257,363.46,0.013214
1517_B7T0qNRsOchXf3JwAcsCHg_62.67512440_8.56332165,/home/alex/Desktop/school/comp-vis/dataset/datasets--everettshen--StreetView360AtoZ/snapshots/f0b9ffb20c4dc68d4422db97b7da7b577970650e/data/1517_B7T0qNRsOchXf3JwAcsCHg_62.67512440_8.56332165.jpg,23.5484,484.54,0.018265
218_ajBX5yjh5HJYvl-DHsu6gg_46.88455508_-60.50599556,/home/alex/Desktop/school/comp-vis/dataset/datasets--everettshen--StreetView360AtoZ/snapshots/f0b9ffb20c4dc68d4422db97b7da7b577970650e/data/218_ajBX5yjh5HJYvl-DHsu6gg_46.88455508_-60.50599556.jpg,50.2356,187.2,0.019302
1235_nuKWwBaRskozEV7wIztbpw_10.23264362_77.49459809,/home/alex/Desktop/school/comp-vis/dataset/datasets--everettshen--StreetView360AtoZ/snapshots/f0b9ffb20c4dc68d4422db97b7da7b577970650e/data/1235_nuKWwBaRskozEV7wIztbpw_10.23264362_77.49459809.jpg,51.3991,400.87,0.066299
916_JQi4PbCwMKtsgGRdVI914w_54.25119121_10.05709339,/home/alex/Desktop/school/comp-vis/dataset/datasets--everettshen--StreetView360AtoZ/snapshots/f0b9ffb20c4dc68d4422db97b7da7b577970650e/data/916_JQi4PbCwMKtsgGRdVI914w_54.25119121_10.05709339.jpg,30.2211,195.31,0.024765
450_dQ46ArSOVCHDLlmD4iJjdg_47.65683123_-117.22351395,/home/alex/Desktop/school/comp-vis/dataset/datasets--everettshen--StreetView360AtoZ/snapshots/f0b9ffb20c4dc68d4422db97b7da7b577970650e/data/450_dQ46ArSOVCHDLlmD4iJjdg_47.65683123_-117.22351395.jpg,22.4381,381.21,0.034805
166_81FksPmWMXbgl3ItoeJC4Q_17.89251472_103.87610186,/home/alex/Desktop/school/comp-vis/dataset/datasets--everettshen--StreetView360AtoZ/snapshots/f0b9ffb20c4dc68d4422db97b7da7b577970650e/data/166_81FksPmWMXbgl3ItoeJC4Q_17.89251472_103.87610186.jpg,82.9859,269.01,0.135681
956_2P3Ya5m3RltsCtNppUBZag_67.10169028_15.39524373,/home/alex/Desktop/school/comp-vis/dataset/datasets--everettshen--StreetView360AtoZ/snapshots/f0b9ffb20c4dc68d4422db97b7da7b577970650e/data/956_2P3Ya5m3RltsCtNppUBZag_67.10169028_15.39524373.jpg,74.944,74.34,0.038101
118_HQn1noj5yvgI-RpohXxPxg_51.68219660_9.31009988,/home/alex/Desktop/school/comp-vis/dataset/datasets--everettshen--StreetView360AtoZ/snapshots/f0b9ffb20c4dc68d4422db97b7da7b577970650e/data/118_HQn1noj5yvgI-RpohXxPxg_51.68219660_9.31009988.jpg,33.3388,82.22,0.020233
494_gWLH4tHS20qF5Xa4qyHSUQ_13.99857069_74.53880931,/home/alex/Desktop/school/comp-vis/dataset/datasets--everettshen--StreetView360AtoZ/snapshots/f0b9ffb20c4dc68d4422db97b7da7b577970650e/data/494_gWLH4tHS20qF5Xa4qyHSUQ_13.99857069_74.53880931.jpg,56.4725,93.5,0.181076
1923_L0ZD-JoktdiYjf7ir5zMzA_40.12547005_-122.23566971,/home/alex/Desktop/school/comp-vis/dataset/datasets--everettshen--StreetView360AtoZ/snapshots/f0b9ffb20c4dc68d4422db97b7da7b577970650e/data/1923_L0ZD-JoktdiYjf7ir5zMzA_40.12547005_-122.23566971.jpg,75.5914,260.74,0.026794
1610_uGaYxU1LS_nnk4FKG_ECEQ_41.67005282_-87.73646830,/home/alex/Desktop/school/comp-vis/dataset/datasets--everettshen--StreetView360AtoZ/snapshots/f0b9ffb20c4dc68d4422db97b7da7b577970650e/data/1610_uGaYxU1LS_nnk4FKG_ECEQ_41.67005282_-87.73646830.jpg,20.3896,394.2,0.030472
1650_rZpmjDsYXb5onT-whdsvGg_53.02666835_17.42401466,/home/alex/Desktop/school/comp-vis/dataset/datasets--everettshen--StreetView360AtoZ/snapshots/f0b9ffb20c4dc68d4422db97b7da7b577970650e/data/1650_rZpmjDsYXb5onT-whdsvGg_53.02666835_17.42401466.jpg,16.9479,144.5,0.011932
2331_ssCtZ2Qnk_RSOvyOmd8ZoA_-20.38327711_-43.48355708,/home/alex/Desktop/school/comp-vis/dataset/datasets--everettshen--StreetView360AtoZ/snapshots/f0b9ffb20c4dc68d4422db97b7da7b577970650e/data/2331_ssCtZ2Qnk_RSOvyOmd8ZoA_-20.38327711_-43.48355708.jpg,83.4364,252.18,0.121063
450_TduAKwdsm1IWguL8OWMQSg_15.27833849_-92.68521477,/home/alex/Desktop/school/comp-vis/dataset/datasets--everettshen--StreetView360AtoZ/snapshots/f0b9ffb20c4dc68d4422db97b7da7b577970650e/data/450_TduAKwdsm1IWguL8OWMQSg_15.27833849_-92.68521477.jpg,77.2044,278.33,0.044983
794_42qR2tSlRd3waonzTTooRA_34.89000375_-117.10668522,/home/alex/Desktop/school/comp-vis/dataset/datasets--everettshen--StreetView360AtoZ/snapshots/f0b9ffb20c4dc68d4422db97b7da7b577970650e/data/794_42qR2tSlRd3waonzTTooRA_34.89000375_-117.10668522.jpg,38.8401,490.64,0.018707
1515_fJdWdGZ88AZo8IS-Ob3TLQ_54.18221786_-9.87688054,/home/alex/Desktop/school/comp-vis/dataset/datasets--everettshen--StreetView360AtoZ/snapshots/f0b9ffb20c4dc68d4422db97b7da7b577970650e/data/1515_fJdWdGZ88AZo8IS-Ob3TLQ_54.18221786_-9.87688054.jpg,14.981,305.22,0.02504
1816_atFxmy-tRWR7nPogsLVXrg_-8.54620889_114.33199260,/home/alex/Desktop/school/comp-vis/dataset/datasets--everettshen--StreetView360AtoZ/snapshots/f0b9ffb20c4dc68d4422db97b7da7b577970650e/data/1816_atFxmy-tRWR7nPogsLVXrg_-8.54620889_114.33199260.jpg,80.8944,180.84,0.074829
1805_mfFo-xWCL5rFrCGdcOScNw_24.55429779_87.91272762,/home/alex/Desktop/school/comp-vis/dataset/datasets--everettshen--StreetView360AtoZ/snapshots/f0b9ffb20c4dc68d4422db97b7da7b577970650e/data/1805_mfFo-xWCL5rFrCGdcOScNw_24.55429779_87.91272762.jpg,70.0674,287.88,0.190659
1571_3qTtzD49M7L9lAS6fkg88g_-33.01374312_-71.55447480,/home/alex/Desktop/school/comp-vis/dataset/datasets--everettshen--StreetView360AtoZ/snapshots/f0b9ffb20c4dc68d4422db97b7da7b577970650e/data/1571_3qTtzD49M7L9lAS6fkg88g_-33.01374312_-71.55447480.jpg,23.0039,251.36,0.014511
1523_DIZfVAvXRE4VmN6XMDYQkA_41.67506148_8.90436937,/home/alex/Desktop/school/comp-vis/dataset/datasets--everettshen--StreetView360AtoZ/snapshots/f0b9ffb20c4dc68d4422db97b7da7b577970650e/data/1523_DIZfVAvXRE4VmN6XMDYQkA_41.67506148_8.90436937.jpg,53.4482,299.5,0.099442
2185_QsI-xW1_w4WxwJMAbcSKQA_44.08096293_-98.63030445,/home/alex/Desktop/school/comp-vis/dataset/datasets--everettshen--StreetView360AtoZ/snapshots/f0b9ffb20c4dc68d4422db97b7da7b577970650e/data/2185_QsI-xW1_w4WxwJMAbcSKQA_44.08096293_-98.63030445.jpg,16.8568,137.06,0.061569
840_kfXYU0CWg5X33_1xTwuj9Q_31.70986035_-91.96188047,/home/alex/Desktop/school/comp-vis/dataset/datasets--everettshen--StreetView360AtoZ/snapshots/f0b9ffb20c4dc68d4422db97b7da7b577970650e/data/840_kfXYU0CWg5X33_1xTwuj9Q_31.70986035_-91.96188047.jpg,64.0215,484.66,0.03392
968_kcIZZuaT0OAVhmEnj9PSmA_43.35637376_1.25154135,/home/alex/Desktop/school/comp-vis/dataset/datasets--everettshen--StreetView360AtoZ/snapshots/f0b9ffb20c4dc68d4422db97b7da7b577970650e/data/968_kcIZZuaT0OAVhmEnj9PSmA_43.35637376_1.25154135.jpg,22.2937,469.71,0.013855
2426_ijWN8u35nxQOW3-VSPRV9Q_33.02065120_-85.53697750,/home/alex/Desktop/school/comp-vis/dataset/datasets--everettshen--StreetView360AtoZ/snapshots/f0b9ffb20c4dc68d4422db97b7da7b577970650e/data/2426_ijWN8u35nxQOW3-VSPRV9Q_33.02065120_-85.53697750.jpg,38.5279,219.09,0.134644
3062_sU-HIfhd3bi0jtkPBOh1EQ_-33.95414230_136.24641018,/home/alex/Desktop/school/comp-vis/dataset/datasets--everettshen--StreetView360AtoZ/snapshots/f0b9ffb20c4dc68d4422db97b7da7b577970650e/data/3062_sU-HIfhd3bi0jtkPBOh1EQ_-33.95414230_136.24641018.jpg,30.2935,325.18,0.038269
3256_3GXyumIdJywrFBxczPRrJA_42.56289250_-114.46071354,/home/alex/Desktop/school/comp-vis/dataset/datasets--everettshen--StreetView360AtoZ/snapshots/f0b9ffb20c4dc68d4422db97b7da7b577970650e/data/3256_3GXyumIdJywrFBxczPRrJA_42.56289250_-114.46071354.jpg,18.7433,216.42,0.050507
2042_i_fAjN9Hz-_rxGRs18WlfQ_49.49364972_7.32729600,/home/alex/Desktop/school/comp-vis/dataset/datasets--everettshen--StreetView360AtoZ/snapshots/f0b9ffb20c4dc68d4422db97b7da7b577970650e/data/2042_i_fAjN9Hz-_rxGRs18WlfQ_49.49364972_7.32729600.jpg,22.2793,266.78,0.025223
1325_SxVOX2W8_O-ikDojHTwIAA_53.86624529_-1.91674775,/home/alex/Desktop/school/comp-vis/dataset/datasets--everettshen--StreetView360AtoZ/snapshots/f0b9ffb20c4dc68d4422db97b7da7b577970650e/data/1325_SxVOX2W8_O-ikDojHTwIAA_53.86624529_-1.91674775.jpg,34.4624,124.47,0.058685
590_3wwVm7d0Cq_6Vs7WlQmx7w_43.98486939_-103.48901081,/home/alex/Desktop/school/comp-vis/dataset/datasets--everettshen--StreetView360AtoZ/snapshots/f0b9ffb20c4dc68d4422db97b7da7b577970650e/data/590_3wwVm7d0Cq_6Vs7WlQmx7w_43.98486939_-103.48901081.jpg,47.9607,440.15,0.071701
2334_InWs6ygdTjWCVEi14ZO-Zw_62.27798091_10.79666080,/home/alex/Desktop/school/comp-vis/dataset/datasets--everettshen--StreetView360AtoZ/snapshots/f0b9ffb20c4dc68d4422db97b7da7b577970650e/data/2334_InWs6ygdTjWCVEi14ZO-Zw_62.27798091_10.79666080.jpg,21.0786,145.35,0.037781
1290_pXH3jMQ2AJs_5XJNmaOE2Q_22.65410697_120.35678916,/home/alex/Desktop/school/comp-vis/dataset/datasets--everettshen--StreetView360AtoZ/snapshots/f0b9ffb20c4dc68d4422db97b7da7b577970650e/data/1290_pXH3jMQ2AJs_5XJNmaOE2Q_22.65410697_120.35678916.jpg,58.0932,187.06,0.089493
1569_94KQz81EeoQIdu0Vb6nVfg_43.64649461_-73.92391444,/home/alex/Desktop/school/comp-vis/dataset/datasets--everettshen--StreetView360AtoZ/snapshots/f0b9ffb20c4dc68d4422db97b7da7b577970650e/data/1569_94KQz81EeoQIdu0Vb6nVfg_43.64649461_-73.92391444.jpg,40.1681,283.25,0.081009
56_ZZ9N4X0S7dkyImX4VG8c1w_39.67755087_15.88216387,/home/alex/Desktop/school/comp-vis/dataset/datasets--everettshen--StreetView360AtoZ/snapshots/f0b9ffb20c4dc68d4422db97b7da7b577970650e/data/56_ZZ9N4X0S7dkyImX4VG8c1w_39.67755087_15.88216387.jpg,20.2891,275.73,0.01503
305_k2fv0oonHDg16q-W18TpTw_11.09216336_103.90075969,/home/alex/Desktop/school/comp-vis/dataset/datasets--everettshen--StreetView360AtoZ/snapshots/f0b9ffb20c4dc68d4422db97b7da7b577970650e/data/305_k2fv0oonHDg16q-W18TpTw_11.09216336_103.90075969.jpg,63.6982,66.61,0.011292
370_ETTqe8EM50gEMWQaKMVmmQ_42.14251060_-7.06335256,/home/alex/Desktop/school/comp-vis/dataset/datasets--everettshen--StreetView360AtoZ/snapshots/f0b9ffb20c4dc68d4422db97b7da7b577970650e/data/370_ETTqe8EM50gEMWQaKMVmmQ_42.14251060_-7.06335256.jpg,69.143,463.25,0.048599
872_qQ2O2O2Wma74IBYMWdvrQw_-33.91666688_151.03319853,/home/alex/Desktop/school/comp-vis/dataset/datasets--everettshen--StreetView360AtoZ/snapshots/f0b9ffb20c4dc68d4422db97b7da7b577970650e/data/872_qQ2O2O2Wma74IBYMWdvrQw_-33.91666688_151.03319853.jpg,45.6666,89.26,0.10527
1792_Gmeiubn39piw_xuHGsgzuw_42.82811395_-6.11275326,/home/alex/Desktop/school/comp-vis/dataset/datasets--everettshen--StreetView360AtoZ/snapshots/f0b9ffb20c4dc68d4422db97b7da7b577970650e/data/1792_Gmeiubn39piw_xuHGsgzuw_42.82811395_-6.11275326.jpg,30.5618,175.29,0.023819
1161_fiTM1xXFPrW2OCP-KsNdkw_37.26785901_-97.76318409,/home/alex/Desktop/school/comp-vis/dataset/datasets--everettshen--StreetView360AtoZ/snapshots/f0b9ffb20c4dc68d4422db97b7da7b577970650e/data/1161_fiTM1xXFPrW2OCP-KsNdkw_37.26785901_-97.76318409.jpg,29.3987,275.69,0.010956
290_25MbL3CinZhQPazIki4YxQ_17.23283458_74.39558018,/home/alex/Desktop/school/comp-vis/dataset/datasets--everettshen--StreetView360AtoZ/snapshots/f0b9ffb20c4dc68d4422db97b7da7b577970650e/data/290_25MbL3CinZhQPazIki4YxQ_17.23283458_74.39558018.jpg,32.2186,153.62,0.047394
1413_fCqUvX59J3JLVXYT5m1gWw_50.63621061_13.75488986,/home/alex/Desktop/school/comp-vis/dataset/datasets--everettshen--StreetView360AtoZ/snapshots/f0b9ffb20c4dc68d4422db97b7da7b577970650e/data/1413_fCqUvX59J3JLVXYT5m1gWw_50.63621061_13.75488986.jpg,31.3766,495.34,0.018723
2016_ppMHxTrUN0-vWoH5slnDbA_39.97281560_-98.37181396,/home/alex/Desktop/school/comp-vis/dataset/datasets--everettshen--StreetView360AtoZ/snapshots/f0b9ffb20c4dc68d4422db97b7da7b577970650e/data/2016_ppMHxTrUN0-vWoH5slnDbA_39.97281560_-98.37181396.jpg,58.8173,150.96,0.014526
1655_8M23I6ywxe7uDp2ql0Uw3w_23.29604560_121.43268919,/home/alex/Desktop/school/comp-vis/dataset/datasets--everettshen--StreetView360AtoZ/snapshots/f0b9ffb20c4dc68d4422db97b7da7b577970650e/data/1655_8M23I6ywxe7uDp2ql0Uw3w_23.29604560_121.43268919.jpg,24.7914,378.63,0.023254
2996_Xy8Qw53KOfJjX_vk9y5Z2Q_37.75383891_14.10402401,/home/alex/Desktop/school/comp-vis/dataset/datasets--everettshen--StreetView360AtoZ/snapshots/f0b9ffb20c4dc68d4422db97b7da7b577970650e/data/2996_Xy8Qw53KOfJjX_vk9y5Z2Q_37.75383891_14.10402401.jpg,62.2248,463.84,0.013412
128_RCGI5mvak7Ly83Hbct28aw_44.94412257_4.73007454,/home/alex/Desktop/school/comp-vis/dataset/datasets--everettshen--StreetView360AtoZ/snapshots/f0b9ffb20c4dc68d4422db97b7da7b577970650e/data/128_RCGI5mvak7Ly83Hbct28aw_44.94412257_4.73007454.jpg,23.8424,399.99,0.031113
283_1D48hJ4h1psj0jK4elIYqw_2.17902509_-74.77751227,/home/alex/Desktop/school/comp-vis/dataset/datasets--everettshen--StreetView360AtoZ/snapshots/f0b9ffb20c4dc68d4422db97b7da7b577970650e/data/283_1D48hJ4h1psj0jK4elIYqw_2.17902509_-74.77751227.jpg,80.5835,454.82,0.033768
411_sIAXvpegxJIHRNyQALir9w_43.67523033_-114.31255883,/home/alex/Desktop/school/comp-vis/dataset/datasets--everettshen--StreetView360AtoZ/snapshots/f0b9ffb20c4dc68d4422db97b7da7b577970650e/data/411_sIAXvpegxJIHRNyQALir9w_43.67523033_-114.31255883.jpg,76.6057,185.15,0.053329
716_TLrAwNjoJu1OXnn_rzG9Rg_42.00065234_8.91707507,/home/alex/Desktop/school/comp-vis/dataset/datasets--everettshen--StreetView360AtoZ/snapshots/f0b9ffb20c4dc68d4422db97b7da7b577970650e/data/716_TLrAwNjoJu1OXnn_rzG9Rg_42.00065234_8.91707507.jpg,42.5094,233.48,0.138306
548_tKrjZBTJEMjq9xpEPdQf6Q_-22.16981433_-46.51861095,/home/alex/Desktop/school/comp-vis/dataset/datasets--everettshen--StreetView360AtoZ/snapshots/f0b9ffb20c4dc68d4422db97b7da7b577970650e/data/548_tKrjZBTJEMjq9xpEPdQf6Q_-22.16981433_-46.51861095.jpg,32.9387,399.36,0.051453
2681_4q4rpW2NrXMZblZw0HFt2Q_39.09752698_-84.65823426,/home/alex/Desktop/school/comp-vis/dataset/datasets--everettshen--StreetView360AtoZ/snapshots/f0b9ffb20c4dc68d4422db97b7da7b577970650e/data/2681_4q4rpW2NrXMZblZw0HFt2Q_39.09752698_-84.65823426.jpg,22.512,339.33,0.037659
1258_jC2Zx2rGhgRNecHUoMDXvg_57.72289229_11.94540469,/home/alex/Desktop/school/comp-vis/dataset/datasets--everettshen--StreetView360AtoZ/snapshots/f0b9ffb20c4dc68d4422db97b7da7b577970650e/data/1258_jC2Zx2rGhgRNecHUoMDXvg_57.72289229_11.94540469.jpg,45.518,416.79,0.012039
3419_NXWQnWSZp0WYfUuMbV0JKg_44.57450731_-78.79409210,/home/alex/Desktop/school/comp-vis/dataset/datasets--everettshen--StreetView360AtoZ/snapshots/f0b9ffb20c4dc68d4422db97b7da7b577970650e/data/3419_NXWQnWSZp0WYfUuMbV0JKg_44.57450731_-78.79409210.jpg,36.1769,449.74,0.076782
3346_F21k4wUJiOEKyt-XLkdxAw_55.85417468_11.99886151,/home/alex/Desktop/school/comp-vis/dataset/datasets--everettshen--StreetView360AtoZ/snapshots/f0b9ffb20c4dc68d4422db97b7da7b577970650e/data/3346_F21k4wUJiOEKyt-XLkdxAw_55.85417468_11.99886151.jpg,39.6996,110.04,0.122742
1920_ZOiut3pPGoc3M2KMZ6QryQ_41.15689714_-86.27059227,/home/alex/Desktop/school/comp-vis/dataset/datasets--everettshen--StreetView360AtoZ/snapshots/f0b9ffb20c4dc68d4422db97b7da7b577970650e/data/1920_ZOiut3pPGoc3M2KMZ6QryQ_41.15689714_-86.27059227.jpg,38.9753,26.9,0.03241
2344_FbypT7x7MGMilMp-agunVw_48.39114518_-123.66717192,/home/alex/Desktop/school/comp-vis/dataset/datasets--everettshen--StreetView360AtoZ/snapshots/f0b9ffb20c4dc68d4422db97b7da7b577970650e/data/2344_FbypT7x7MGMilMp-agunVw_48.39114518_-123.66717192.jpg,20.3618,167.72,0.010559
2885_sj58h5yVe1J0unlZ-G9GuA_35.40272165_24.74859995,/home/alex/Desktop/school/comp-vis/dataset/datasets--everettshen--StreetView360AtoZ/snapshots/f0b9ffb20c4dc68d4422db97b7da7b577970650e/data/2885_sj58h5yVe1J0unlZ-G9GuA_35.40272165_24.74859995.jpg,43.3739,316.85,0.042938
124_Un25KfSjj8WszTO04t0Ffw_12.64888046_78.71115180,/home/alex/Desktop/school/comp-vis/dataset/datasets--everettshen--StreetView360AtoZ/snapshots/f0b9ffb20c4dc68d4422db97b7da7b577970650e/data/124_Un25KfSjj8WszTO04t0Ffw_12.64888046_78.71115180.jpg,55.2388,233.93,0.03772
2470_RJ38VIPH8cXXifHvlT3HDA_44.38043399_-0.01853220,/home/alex/Desktop/school/comp-vis/dataset/datasets--everettshen--StreetView360AtoZ/snapshots/f0b9ffb20c4dc68d4422db97b7da7b577970650e/data/2470_RJ38VIPH8cXXifHvlT3HDA_44.38043399_-0.01853220.jpg,44.2259,379.36,0.060181
626_gKGHqq0gIX6851VoYCbsTQ_37.35241066_136.75772916,/home/alex/Desktop/school/comp-vis/dataset/datasets--everettshen--StreetView360AtoZ/snapshots/f0b9ffb20c4dc68d4422db97b7da7b577970650e/data/626_gKGHqq0gIX6851VoYCbsTQ_37.35241066_136.75772916.jpg,43.8231,446.11,0.055695
507_HkJB19p9aNIiOeV2l7dinA_40.41624990_-97.72396238,/home/alex/Desktop/school/comp-vis/dataset/datasets--everettshen--StreetView360AtoZ/snapshots/f0b9ffb20c4dc68d4422db97b7da7b577970650e/data/507_HkJB19p9aNIiOeV2l7dinA_40.41624990_-97.72396238.jpg,37.1514,17.36,0.020981
872_RL_CCHb1Jv2suGxk-oh3xg_46.98149645_21.70896479,/home/alex/Desktop/school/comp-vis/dataset/datasets--everettshen--StreetView360AtoZ/snapshots/f0b9ffb20c4dc68d4422db97b7da7b577970650e/data/872_RL_CCHb1Jv2suGxk-oh3xg_46.98149645_21.70896479.jpg,41.324,44.02,0.013
1840_sUnMipfV8AZkD5aO9rSj2A_51.55800285_10.63513190,/home/alex/Desktop/school/comp-vis/dataset/datasets--everettshen--StreetView360AtoZ/snapshots/f0b9ffb20c4dc68d4422db97b7da7b577970650e/data/1840_sUnMipfV8AZkD5aO9rSj2A_51.55800285_10.63513190.jpg,17.1398,186.52,0.037781
2641_09ywhDc1uK7sFzRh5rcMJA_19.45504341_76.44097244,/home/alex/Desktop/school/comp-vis/dataset/datasets--everettshen--StreetView360AtoZ/snapshots/f0b9ffb20c4dc68d4422db97b7da7b577970650e/data/2641_09ywhDc1uK7sFzRh5rcMJA_19.45504341_76.44097244.jpg,44.217,246.86,0.060196
1847_D5fPiEp29VUdsVZy3jmxvQ_30.84667321_-93.28693468,/home/alex/Desktop/school/comp-vis/dataset/datasets--everettshen--StreetView360AtoZ/snapshots/f0b9ffb20c4dc68d4422db97b7da7b577970650e/data/1847_D5fPiEp29VUdsVZy3jmxvQ_30.84667321_-93.28693468.jpg,40.0921,258.54,0.128174
2611_UCUaW6rv6vn3fknWdt9U9w_31.10353664_-98.19359916,/home/alex/Desktop/school/comp-vis/dataset/datasets--everettshen--StreetView360AtoZ/snapshots/f0b9ffb20c4dc68d4422db97b7da7b577970650e/data/2611_UCUaW6rv6vn3fknWdt9U9w_31.10353664_-98.19359916.jpg,12.8133,126.05,0.066437
104_snnv8hRyqYxhZkwH3BkuyQ_56.04011421_12.17914545,/home/alex/Desktop/school/comp-vis/dataset/datasets--everettshen--StreetView360AtoZ/snapshots/f0b9ffb20c4dc68d4422db97b7da7b577970650e/data/104_snnv8hRyqYxhZkwH3BkuyQ_56.04011421_12.17914545.jpg,51.8892,32.43,0.037445
1028_n2T8GV2xL2CXiAcT4z2FgQ_36.70564138_-99.89708651,/home/alex/Desktop/school/comp-vis/dataset/datasets--everettshen--StreetView360AtoZ/snapshots/f0b9ffb20c4dc68d4422db97b7da7b577970650e/data/1028_n2T8GV2xL2CXiAcT4z2FgQ_36.70564138_-99.89708651.jpg,57.5146,168.88,0.022491
418_A-k0duWxWTfYbQ4uAoNbIw_26.91887688_83.60880874,/home/alex/Desktop/school/comp-vis/dataset/datasets--everettshen--StreetView360AtoZ/snapshots/f0b9ffb20c4dc68d4422db97b7da7b577970650e/data/418_A-k0duWxWTfYbQ4uAoNbIw_26.91887688_83.60880874.jpg,75.6161,306.26,0.223969
1112_VJoCwVazqnkDAWfNxiV3PA_12.27940747_105.25671327,/home/alex/Desktop/school/comp-vis/dataset/datasets--everettshen--StreetView360AtoZ/snapshots/f0b9ffb20c4dc68d4422db97b7da7b577970650e/data/1112_VJoCwVazqnkDAWfNxiV3PA_12.27940747_105.25671327.jpg,47.5309,428.96,0.181839
2634_okbbI7yM-4EkIGQgivUHVw_27.85829450_-15.39403793,/home/alex/Desktop/school/comp-vis/dataset/datasets--everettshen--StreetView360AtoZ/snapshots/f0b9ffb20c4dc68d4422db97b7da7b577970650e/data/2634_okbbI7yM-4EkIGQgivUHVw_27.85829450_-15.39403793.jpg,54.6968,490.01,0.025009
2415_annAdIGDEDnYI_zaiKAc5w_-22.95182471_-44.03853575,/home/alex/Desktop/school/comp-vis/dataset/datasets--everettshen--StreetView360AtoZ/snapshots/f0b9ffb20c4dc68d4422db97b7da7b577970650e/data/2415_annAdIGDEDnYI_zaiKAc5w_-22.95182471_-44.03853575.jpg,81.9501,170.13,0.108124
113_SZwOHmw6HmI-nwZeeC4iCg_42.39200277_-90.24650124,/home/alex/Desktop/school/comp-vis/dataset/datasets--everettshen--StreetView360AtoZ/snapshots/f0b9ffb20c4dc68d4422db97b7da7b577970650e/data/113_SZwOHmw6HmI-nwZeeC4iCg_42.39200277_-90.24650124.jpg,36.1682,195.79,0.092773
1423_8j3LrnUu9urwJjuU_R3ZTg_-9.45996122_-47.32870608,/home/alex/Desktop/school/comp-vis/dataset/datasets--everettshen--StreetView360AtoZ/snapshots/f0b9ffb20c4dc68d4422db97b7da7b577970650e/data/1423_8j3LrnUu9urwJjuU_R3ZTg_-9.45996122_-47.32870608.jpg,61.1968,487.0,0.018402
1774_K3ZNaExRskX3kNUgCAVfYw_26.79040030_82.20693152,/home/alex/Desktop/school/comp-vis/dataset/datasets--everettshen--StreetView360AtoZ/snapshots/f0b9ffb20c4dc68d4422db97b7da7b577970650e/data/1774_K3ZNaExRskX3kNUgCAVfYw_26.79040030_82.20693152.jpg,54.4802,118.84,0.088943
746_K0d8rwFVXbA2LcqzVqv5iQ_43.91919806_7.77243949,/home/alex/Desktop/school/comp-vis/dataset/datasets--everettshen--StreetView360AtoZ/snapshots/f0b9ffb20c4dc68d4422db97b7da7b577970650e/data/746_K0d8rwFVXbA2LcqzVqv5iQ_43.91919806_7.77243949.jpg,13.8791,160.86,0.025589
75_6sJ0jlQxdfbW9z_jzxoeNQ_48.78016318_15.03593645,/home/alex/Desktop/school/comp-vis/dataset/datasets--everettshen--StreetView360AtoZ/snapshots/f0b9ffb20c4dc68d4422db97b7da7b577970650e/data/75_6sJ0jlQxdfbW9z_jzxoeNQ_48.78016318_15.03593645.jpg,32.3317,228.28,0.043015
3413_bVpvH1MHYx94PSmeAzv2jg_48.60472823_10.45631089,/home/alex/Desktop/school/comp-vis/dataset/datasets--everettshen--StreetView360AtoZ/snapshots/f0b9ffb20c4dc68d4422db97b7da7b577970650e/data/3413_bVpvH1MHYx94PSmeAzv2jg_48.60472823_10.45631089.jpg,64.9598,198.69,0.071991
95_8vs6cNSz8SqT8vVL4vCUqQ_33.60950256_-87.08958836,/home/alex/Desktop/school/comp-vis/dataset/datasets--everettshen--StreetView360AtoZ/snapshots/f0b9ffb20c4dc68d4422db97b7da7b577970650e/data/95_8vs6cNSz8SqT8vVL4vCUqQ_33.60950256_-87.08958836.jpg,46.645,255.82,0.034836
356_-w6y9Ca6nwUqfpt8Goas9A_42.02278177_-93.54086984,/home/alex/Desktop/school/comp-vis/dataset/datasets--everettshen--StreetView360AtoZ/snapshots/f0b9ffb20c4dc68d4422db97b7da7b577970650e/data/356_-w6y9Ca6nwUqfpt8Goas9A_42.02278177_-93.54086984.jpg,84.252,312.18,0.109604
231_j426GOsk1ipYoUQk_DdVhw_44.39599979_-122.46390273,/home/alex/Desktop/school/comp-vis/dataset/datasets--everettshen--StreetView360AtoZ/snapshots/f0b9ffb20c4dc68d4422db97b7da7b577970650e/data/231_j426GOsk1ipYoUQk_DdVhw_44.39599979_-122.46390273.jpg,63.6408,198.42,0.427048
1605_A25TRdrdXo9XDG8MnTXUUA_20.38928782_-96.93801809,/home/alex/Desktop/school/comp-vis/dataset/datasets--everettshen--StreetView360AtoZ/snapshots/f0b9ffb20c4dc68d4422db97b7da7b577970650e/data/1605_A25TRdrdXo9XDG8MnTXUUA_20.38928782_-96.93801809.jpg,43.3679,423.72,0.101242
228_oHmaR1-wgMakOcEMeVqeyw_-23.97800679_-46.38160189,/home/alex/Desktop/school/comp-vis/dataset/datasets--everettshen--StreetView360AtoZ/snapshots/f0b9ffb20c4dc68d4422db97b7da7b577970650e/data/228_oHmaR1-wgMakOcEMeVqeyw_-23.97800679_-46.38160189.jpg,66.9647,87.95,0.05809
1106_6L3RH0WXfUAzH8aPLr1rkA_63.29447409_9.84442952,/home/alex/Desktop/school/comp-vis/dataset/datasets--everettshen--StreetView360AtoZ/snapshots/f0b9ffb20c4dc68d4422db97b7da7b577970650e/data/1106_6L3RH0WXfUAzH8aPLr1rkA_63.29447409_9.84442952.jpg,49.6045,145.68,0.021301
1598_c_5feavvlUHKmIe8vsw8-w_45.61338737_-108.92560929,/home/alex/Desktop/school/comp-vis/dataset/datasets--everettshen--StreetView360AtoZ/snapshots/f0b9ffb20c4dc68d4422db97b7da7b577970650e/data/1598_c_5feavvlUHKmIe8vsw8-w_45.61338737_-108.92560929.jpg,45.1474,282.76,0.031693
707_owSzj_9zi9I93ghEtPdpXw_-20.47218291_-45.95726008,/home/alex/Desktop/school/comp-vis/dataset/datasets--everettshen--StreetView360AtoZ/snapshots/f0b9ffb20c4dc68d4422db97b7da7b577970650e/data/707_owSzj_9zi9I93ghEtPdpXw_-20.47218291_-45.95726008.jpg,35.7794,312.23,0.029587
83_SJvLo1hRoY6adSF0dUBn7Q_42.34962421_-97.79167258,/home/alex/Desktop/school/comp-vis/dataset/datasets--everettshen--StreetView360AtoZ/snapshots/f0b9ffb20c4dc68d4422db97b7da7b577970650e/data/83_SJvLo1hRoY6adSF0dUBn7Q_42.34962421_-97.79167258.jpg,46.2509,207.03,0.014236
2023_GL_tzRW5yteyA__lNn2NTw_24.51629180_78.70883868,/home/alex/Desktop/school/comp-vis/dataset/datasets--everettshen--StreetView360AtoZ/snapshots/f0b9ffb20c4dc68d4422db97b7da7b577970650e/data/2023_GL_tzRW5yteyA__lNn2NTw_24.51629180_78.70883868.jpg,24.1628,23.73,0.050766
894_z94fmbPSyJQ6rYLaYi2acA_45.50078768_6.50970627,/home/alex/Desktop/school/comp-vis/dataset/datasets--everettshen--StreetView360AtoZ/snapshots/f0b9ffb20c4dc68d4422db97b7da7b577970650e/data/894_z94fmbPSyJQ6rYLaYi2acA_45.50078768_6.50970627.jpg,34.2123,25.17,0.015488
788_WzHJkm9jB_OYsHzMqXHoNA_24.24748808_121.71658295,/home/alex/Desktop/school/comp-vis/dataset/datasets--everettshen--StreetView360AtoZ/snapshots/f0b9ffb20c4dc68d4422db97b7da7b577970650e/data/788_WzHJkm9jB_OYsHzMqXHoNA_24.24748808_121.71658295.jpg,23.2686,420.08,0.017303
3398_r1wU8IUamLcin2b4D24LHQ_18.91344300_-99.15253214,/home/alex/Desktop/school/comp-vis/dataset/datasets--everettshen--StreetView360AtoZ/snapshots/f0b9ffb20c4dc68d4422db97b7da7b577970650e/data/3398_r1wU8IUamLcin2b4D24LHQ_18.91344300_-99.15253214.jpg,25.367,32.26,0.023376
1649_XcxOvyXlNwFLy9WumOrVjQ_51.36594325_48.29993255,/home/alex/Desktop/school/comp-vis/dataset/datasets--everettshen--StreetView360AtoZ/snapshots/f0b9ffb20c4dc68d4422db97b7da7b577970650e/data/1649_XcxOvyXlNwFLy9WumOrVjQ_51.36594325_48.29993255.jpg,22.1198,459.61,0.022217
1493_d4BHqhvGDuUEsBBvAPMKTA_-6.30431818_108.33593455,/home/alex/Desktop/school/comp-vis/dataset/datasets--everettshen--StreetView360AtoZ/snapshots/f0b9ffb20c4dc68d4422db97b7da7b577970650e/data/1493_d4BHqhvGDuUEsBBvAPMKTA_-6.30431818_108.33593455.jpg,66.1048,27.0,0.027023
961_RYu8tETopq5vF7LufB4FVw_38.72859713_42.41626809,/home/alex/Desktop/school/comp-vis/dataset/datasets--everettshen--StreetView360AtoZ/snapshots/f0b9ffb20c4dc68d4422db97b7da7b577970650e/data/961_RYu8tETopq5vF7LufB4FVw_38.72859713_42.41626809.jpg,24.6929,59.71,0.032639
803_95us7Knc_myt2lNcZzWz_w_41.13654520_-81.60550741,/home/alex/Desktop/school/comp-vis/dataset/datasets--everettshen--StreetView360AtoZ/snapshots/f0b9ffb20c4dc68d4422db97b7da7b577970650e/data/803_95us7Knc_myt2lNcZzWz_w_41.13654520_-81.60550741.jpg,88.5321,122.07,0.013092
184_2ETG_BTGyn8BhIFAlx8g2g_-36.99711487_-73.15800422,/home/alex/Desktop/school/comp-vis/dataset/datasets--everettshen--StreetView360AtoZ/snapshots/f0b9ffb20c4dc68d4422db97b7da7b577970650e/data/184_2ETG_BTGyn8BhIFAlx8g2g_-36.99711487_-73.15800422.jpg,58.5599,354.66,0.021469
469_KQptIf-hW-Ousr0IqEfTtQ_-37.95035965_141.75040701,/home/alex/Desktop/school/comp-vis/dataset/datasets--everettshen--StreetView360AtoZ/snapshots/f0b9ffb20c4dc68d4422db97b7da7b577970650e/data/469_KQptIf-hW-Ousr0IqEfTtQ_-37.95035965_141.75040701.jpg,25.5011,253.43,0.023682
164_78OCcvKnoTjoF5RFTSYUsQ_-39.84863194_176.43013130,/home/alex/Desktop/school/comp-vis/dataset/datasets--everettshen--StreetView360AtoZ/snapshots/f0b9ffb20c4dc68d4422db97b7da7b577970650e/data/164_78OCcvKnoTjoF5RFTSYUsQ_-39.84863194_176.43013130.jpg,46.7075,91.31,0.067078
1931_YQFe67mDWwAeGzpp1qcqWA_46.55685214_-66.12549022,/home/alex/Desktop/school/comp-vis/dataset/datasets--everettshen--StreetView360AtoZ/snapshots/f0b9ffb20c4dc68d4422db97b7da7b577970650e/data/1931_YQFe67mDWwAeGzpp1qcqWA_46.55685214_-66.12549022.jpg,42.2182,439.65,0.010101
1783_ZagLdfpTCz4p6YfoOyRvrw_34.32382880_-78.72571630,/home/alex/Desktop/school/comp-vis/dataset/datasets--everettshen--StreetView360AtoZ/snapshots/f0b9ffb20c4dc68d4422db97b7da7b577970650e/data/1783_ZagLdfpTCz4p6YfoOyRvrw_34.32382880_-78.72571630.jpg,34.3134,76.97,0.038284
687_qQLLPQ6aQkRkSpLG4acv1w_61.44007250_46.22590590,/home/alex/Desktop/school/comp-vis/dataset/datasets--everettshen--StreetView360AtoZ/snapshots/f0b9ffb20c4dc68d4422db97b7da7b577970650e/data/687_qQLLPQ6aQkRkSpLG4acv1w_61.44007250_46.22590590.jpg,25.794,20.8,0.026718
1584_mX6b-mf6g2nSQ8mnXG9z1g_31.84410955_-99.41006055,/home/alex/Desktop/school/comp-vis/dataset/datasets--everettshen--StreetView360AtoZ/snapshots/f0b9ffb20c4dc68d4422db97b7da7b577970650e/data/1584_mX6b-mf6g2nSQ8mnXG9z1g_31.84410955_-99.41006055.jpg,58.0354,157.33,0.019455
1949_jxhd0WeqSgCGg0axJYG53A_46.53683411_-98.46771413,/home/alex/Desktop/school/comp-vis/dataset/datasets--everettshen--StreetView360AtoZ/snapshots/f0b9ffb20c4dc68d4422db97b7da7b577970650e/data/1949_jxhd0WeqSgCGg0axJYG53A_46.53683411_-98.46771413.jpg,69.4391,366.31,0.052872
601_PEksm8LcUiQQ801WfSCavA_-7.35172209_110.97243022,/home/alex/Desktop/school/comp-vis/dataset/datasets--everettshen--StreetView360AtoZ/snapshots/f0b9ffb20c4dc68d4422db97b7da7b577970650e/data/601_PEksm8LcUiQQ801WfSCavA_-7.35172209_110.97243022.jpg,84.7924,230.93,0.105408
1660_S2wR_NIvvj1OUiLacOfCjw_45.86473623_-89.70905693,/home/alex/Desktop/school/comp-vis/dataset/datasets--everettshen--StreetView360AtoZ/snapshots/f0b9ffb20c4dc68d4422db97b7da7b577970650e/data/1660_S2wR_NIvvj1OUiLacOfCjw_45.86473623_-89.70905693.jpg,35.5335,488.6,0.026321
2284_KuhzyPz6ebLmthxXgrM88Q_30.40258380_-89.40579533,/home/alex/Desktop/school/comp-vis/dataset/datasets--everettshen--StreetView360AtoZ/snapshots/f0b9ffb20c4dc68d4422db97b7da7b577970650e/data/2284_KuhzyPz6ebLmthxXgrM88Q_30.40258380_-89.40579533.jpg,76.7315,387.27,0.033325
1488_2K5GXU9VxyleyaoVDg_Uug_41.69158567_-6.27759770,/home/alex/Desktop/school/comp-vis/dataset/datasets--everettshen--StreetView360AtoZ/snapshots/f0b9ffb20c4dc68d4422db97b7da7b577970650e/data/1488_2K5GXU9VxyleyaoVDg_Uug_41.69158567_-6.27759770.jpg,24.3335,96.08,0.059921
1848_kvLFfw3hYhUqk6lMe-mFXg_52.12500740_-106.67830856,/home/alex/Desktop/school/comp-vis/dataset/datasets--everettshen--StreetView360AtoZ/snapshots/f0b9ffb20c4dc68d4422db97b7da7b577970650e/data/1848_kvLFfw3hYhUqk6lMe-mFXg_52.12500740_-106.67830856.jpg,25.663,153.57,0.047424
140_bKXxl-TdzUrz_J5c7a-A7g_39.59137373_-86.16253025,/home/alex/Desktop/school/comp-vis/dataset/datasets--everettshen--StreetView360AtoZ/snapshots/f0b9ffb20c4dc68d4422db97b7da7b577970650e/data/140_bKXxl-TdzUrz_J5c7a-A7g_39.59137373_-86.16253025.jpg,59.5653,157.98,0.022583
2573_9q-Ep6nViJ3H7CNP3ZxHTA_34.15869260_-118.49325638,/home/alex/Desktop/school/comp-vis/dataset/datasets--everettshen--StreetView360AtoZ/snapshots/f0b9ffb20c4dc68d4422db97b7da7b577970650e/data/2573_9q-Ep6nViJ3H7CNP3ZxHTA_34.15869260_-118.49325638.jpg,27.8338,430.75,0.035416
1350_3kqaC4KOcPOW5lghWfUnvA_46.28636732_1.58781858,/home/alex/Desktop/school/comp-vis/dataset/datasets--everettshen--StreetView360AtoZ/snapshots/f0b9ffb20c4dc68d4422db97b7da7b577970650e/data/1350_3kqaC4KOcPOW5lghWfUnvA_46.28636732_1.58781858.jpg,49.2181,460.93,0.012772
254_6ETVGr7HBxPU_XzF9ZkgZA_48.09978869_17.96643555,/home/alex/Desktop/school/comp-vis/dataset/datasets--everettshen--StreetView360AtoZ/snapshots/f0b9ffb20c4dc68d4422db97b7da7b577970650e/data/254_6ETVGr7HBxPU_XzF9ZkgZA_48.09978869_17.96643555.jpg,50.3706,252.22,0.029892
1743_TklDZRj8-Q-zkFz84ObTUA_-31.83834822_132.68979743,/home/alex/Desktop/school/comp-vis/dataset/datasets--everettshen--StreetView360AtoZ/snapshots/f0b9ffb20c4dc68d4422db97b7da7b577970650e/data/1743_TklDZRj8-Q-zkFz84ObTUA_-31.83834822_132.68979743.jpg,40.0419,465.77,0.032303
3157_47TJwfuHBpvb_Jb7OaRoIA_34.71469498_-92.23472316,/home/alex/Desktop/school/comp-vis/dataset/datasets--everettshen--StreetView360AtoZ/snapshots/f0b9ffb20c4dc68d4422db97b7da7b577970650e/data/3157_47TJwfuHBpvb_Jb7OaRoIA_34.71469498_-92.23472316.jpg,53.6824,389.86,0.11351
1832_s-g92PWD5zyBQZ0ODzRY7Q_-36.18508211_146.46885498,/home/alex/Desktop/school/comp-vis/dataset/datasets--everettshen--StreetView360AtoZ/snapshots/f0b9ffb20c4dc68d4422db97b7da7b577970650e/data/1832_s-g92PWD5zyBQZ0ODzRY7Q_-36.18508211_146.46885498.jpg,62.3569,418.83,0.015076
327_VtZIRDAW6XZrfgUkLr3REw_-25.85337084_-53.39102334,/home/alex/Desktop/school/comp-vis/dataset/datasets--everettshen--StreetView360AtoZ/snapshots/f0b9ffb20c4dc68d4422db97b7da7b577970650e/data/327_VtZIRDAW6XZrfgUkLr3REw_-25.85337084_-53.39102334.jpg,33.268,243.18,0.027252
1304_lN59zjyBSgIHjhgMcgT4-Q_64.88394908_13.56254986,/home/alex/Desktop/school/comp-vis/dataset/datasets--everettshen--StreetView360AtoZ/snapshots/f0b9ffb20c4dc68d4422db97b7da7b577970650e/data/1304_lN59zjyBSgIHjhgMcgT4-Q_64.88394908_13.56254986.jpg,36.8989,318.01,0.033295
597_exIb7i9mOZFmf--QzIkepQ_35.29067885_-98.98890383,/home/alex/Desktop/school/comp-vis/dataset/datasets--everettshen--StreetView360AtoZ/snapshots/f0b9ffb20c4dc68d4422db97b7da7b577970650e/data/597_exIb7i9mOZFmf--QzIkepQ_35.29067885_-98.98890383.jpg,29.9624,66.85,0.042343
468_GQGqprB9Im_kal0M12jhRQ_47.92413721_-3.47746522,/home/alex/Desktop/school/comp-vis/dataset/datasets--everettshen--StreetView360AtoZ/snapshots/f0b9ffb20c4dc68d4422db97b7da7b577970650e/data/468_GQGqprB9Im_kal0M12jhRQ_47.92413721_-3.47746522.jpg,32.9547,40.8,0.068115
1237_WIYSUqmQ2JzyTKvsuzMiUQ_-7.93059180_111.92643723,/home/alex/Desktop/school/comp-vis/dataset/datasets--everettshen--StreetView360AtoZ/snapshots/f0b9ffb20c4dc68d4422db97b7da7b577970650e/data/1237_WIYSUqmQ2JzyTKvsuzMiUQ_-7.93059180_111.92643723.jpg,79.2274,134.69,0.113373
713_7Xlhceg76HQ8MCh_suKpxw_44.79757415_-65.36819133,/home/alex/Desktop/school/comp-vis/dataset/datasets--everettshen--StreetView360AtoZ/snapshots/f0b9ffb20c4dc68d4422db97b7da7b577970650e/data/713_7Xlhceg76HQ8MCh_suKpxw_44.79757415_-65.36819133.jpg,60.3345,244.67,0.022385
484_lMG-0g6e7nPRzVRYEYwwtA_-18.79462757_-52.62254207,/home/alex/Desktop/school/comp-vis/dataset/datasets--everettshen--StreetView360AtoZ/snapshots/f0b9ffb20c4dc68d4422db97b7da7b577970650e/data/484_lMG-0g6e7nPRzVRYEYwwtA_-18.79462757_-52.62254207.jpg,63.7679,311.21,0.016006
2893_xcLxJiRs14g5SC9jr_z75g_-34.48849399_-70.90693910,/home/alex/Desktop/school/comp-vis/dataset/datasets--everettshen--StreetView360AtoZ/snapshots/f0b9ffb20c4dc68d4422db97b7da7b577970650e/data/2893_xcLxJiRs14g5SC9jr_z75g_-34.48849399_-70.90693910.jpg,70.5598,473.3,0.014175
2759_KK49mcT8-7aAELs47Ecihw_36.56322272_-4.60722851,/home/alex/Desktop/school/comp-vis/dataset/datasets--everettshen--StreetView360AtoZ/snapshots/f0b9ffb20c4dc68d4422db97b7da7b577970650e/data/2759_KK49mcT8-7aAELs47Ecihw_36.56322272_-4.60722851.jpg,60.0916,246.63,0.022461
219_wOhedijwBeMRgRb4-yn1QA_46.06132309_3.21448497,/home/alex/Desktop/school/comp-vis/dataset/datasets--everettshen--StreetView360AtoZ/snapshots/f0b9ffb20c4dc68d4422db97b7da7b577970650e/data/219_wOhedijwBeMRgRb4-yn1QA_46.06132309_3.21448497.jpg,37.1832,48.32,0.027374
1465_ov8Ji-cHP34ambdfxYLeJA_47.59352335_39.37812382,/home/alex/Desktop/school/comp-vis/dataset/datasets--everettshen--StreetView360AtoZ/snapshots/f0b9ffb20c4dc68d4422db97b7da7b577970650e/data/1465_ov8Ji-cHP34ambdfxYLeJA_47.59352335_39.37812382.jpg,21.9159,337.72,0.027817
1175_h52aUFvxt_3iBpY9ajwc8w_35.29490758_24.45243847,/home/alex/Desktop/school/comp-vis/dataset/datasets--everettshen--StreetView360AtoZ/snapshots/f0b9ffb20c4dc68d4422db97b7da7b577970650e/data/1175_h52aUFvxt_3iBpY9ajwc8w_35.29490758_24.45243847.jpg,39.348,220.55,0.014862
1740_Z2-eQNj5zE1NnfKbwagOmQ_22.74880004_89.03791672,/home/alex/Desktop/school/comp-vis/dataset/datasets--everettshen--StreetView360AtoZ/snapshots/f0b9ffb20c4dc68d4422db97b7da7b577970650e/data/1740_Z2-eQNj5zE1NnfKbwagOmQ_22.74880004_89.03791672.jpg,78.2471,305.56,0.130798
1164_t1xb74ddMK3vyU9QMe8j2g_40.24802067_15.88844110,/home/alex/Desktop/school/comp-vis/dataset/datasets--everettshen--StreetView360AtoZ/snapshots/f0b9ffb20c4dc68d4422db97b7da7b577970650e/data/1164_t1xb74ddMK3vyU9QMe8j2g_40.24802067_15.88844110.jpg,22.3183,411.64,0.040863
1509_brnGzJstbox-sC2C85Pf3Q_35.59277372_-84.41559614,/home/alex/Desktop/school/comp-vis/dataset/datasets--everettshen--StreetView360AtoZ/snapshots/f0b9ffb20c4dc68d4422db97b7da7b577970650e/data/1509_brnGzJstbox-sC2C85Pf3Q_35.59277372_-84.41559614.jpg,19.0474,262.95,0.062012
1814_JEvnQxxO_GtaUyFhai-FQA_48.19068279_9.97281913,/home/alex/Desktop/school/comp-vis/dataset/datasets--everettshen--StreetView360AtoZ/snapshots/f0b9ffb20c4dc68d4422db97b7da7b577970650e/data/1814_JEvnQxxO_GtaUyFhai-FQA_48.19068279_9.97281913.jpg,36.5112,195.39,0.020477
1642_hcXEayCXiNtPngXOS9AsZw_63.03873830_10.28834644,/home/alex/Desktop/school/comp-vis/dataset/datasets--everettshen--StreetView360AtoZ/snapshots/f0b9ffb20c4dc68d4422db97b7da7b577970650e/data/1642_hcXEayCXiNtPngXOS9AsZw_63.03873830_10.28834644.jpg,35.7258,461.91,0.030304
673_7iPPFRTPRwCw0kmwfgPkRQ_40.13146900_-99.97113735,/home/alex/Desktop/school/comp-vis/dataset/datasets--everettshen--StreetView360AtoZ/snapshots/f0b9ffb20c4dc68d4422db97b7da7b577970650e/data/673_7iPPFRTPRwCw0kmwfgPkRQ_40.13146900_-99.97113735.jpg,51.1759,249.99,0.08786
2999_ZZR54J4HiimmIvXEHeGidg_53.47857668_-7.16773530,/home/alex/Desktop/school/comp-vis/dataset/datasets--everettshen--StreetView360AtoZ/snapshots/f0b9ffb20c4dc68d4422db97b7da7b577970650e/data/2999_ZZR54J4HiimmIvXEHeGidg_53.47857668_-7.16773530.jpg,12.4513,454.88,0.037796
1175_u0-6H7q8TiDp6Fl2Uueh2A_23.89517001_90.59707943,/home/alex/Desktop/school/comp-vis/dataset/datasets--everettshen--StreetView360AtoZ/snapshots/f0b9ffb20c4dc68d4422db97b7da7b577970650e/data/1175_u0-6H7q8TiDp6Fl2Uueh2A_23.89517001_90.59707943.jpg,74.43,145.75,0.059067
1297_O0hkY5ETUaR8PjUEsNzPlw_50.49060188_11.69823382,/home/alex/Desktop/school/comp-vis/dataset/datasets--everettshen--StreetView360AtoZ/snapshots/f0b9ffb20c4dc68d4422db97b7da7b577970650e/data/1297_O0hkY5ETUaR8PjUEsNzPlw_50.49060188_11.69823382.jpg,24.4606,120.34,0.023392
1317_5RiadX1OZ01BD5iPtvuI7w_-18.54388338_-53.12908358,/home/alex/Desktop/school/comp-vis/dataset/datasets--everettshen--StreetView360AtoZ/snapshots/f0b9ffb20c4dc68d4422db97b7da7b577970650e/data/1317_5RiadX1OZ01BD5iPtvuI7w_-18.54388338_-53.12908358.jpg,16.2379,482.02,0.012543
2560_zOCmVfq6KPMQk71_kTUsIQ_30.23351513_-93.37639456,/home/alex/Desktop/school/comp-vis/dataset/datasets--everettshen--StreetView360AtoZ/snapshots/f0b9ffb20c4dc68d4422db97b7da7b577970650e/data/2560_zOCmVfq6KPMQk71_kTUsIQ_30.23351513_-93.37639456.jpg,47.0933,321.79,0.041031
1566_sa3sIo_bVnNOgVMSrp5xNQ_53.04235696_16.44662344,/home/alex/Desktop/school/comp-vis/dataset/datasets--everettshen--StreetView360AtoZ/snapshots/f0b9ffb20c4dc68d4422db97b7da7b577970650e/data/1566_sa3sIo_bVnNOgVMSrp5xNQ_53.04235696_16.44662344.jpg,16.9272,25.32,0.026199
54_kmwjosViqLQBztFe0TjZ-A_52.50938876_4.65366315,/home/alex/Desktop/school/comp-vis/dataset/datasets--everettshen--StreetView360AtoZ/snapshots/f0b9ffb20c4dc68d4422db97b7da7b577970650e/data/54_kmwjosViqLQBztFe0TjZ-A_52.50938876_4.65366315.jpg,60.6021,225.77,0.013474
2194_ZJjwkaaZP-tiDaYfRvxllQ_44.71359445_11.77903984,/home/alex/Desktop/school/comp-vis/dataset/datasets--everettshen--StreetView360AtoZ/snapshots/f0b9ffb20c4dc68d4422db97b7da7b577970650e/data/2194_ZJjwkaaZP-tiDaYfRvxllQ_44.71359445_11.77903984.jpg,39.3479,189.54,0.039108
2881_0Ze4pTltB6rnZA24KnOqMw_42.90874461_-76.54006201,/home/alex/Desktop/school/comp-vis/dataset/datasets--everettshen--StreetView360AtoZ/snapshots/f0b9ffb20c4dc68d4422db97b7da7b577970650e/data/2881_0Ze4pTltB6rnZA24KnOqMw_42.90874461_-76.54006201.jpg,39.7762,88.41,0.042389
5_P7IU6j0Px_irMCwAwqdaag_39.81399551_-94.55075176,/home/alex/Desktop/school/comp-vis/dataset/datasets--everettshen--StreetView360AtoZ/snapshots/f0b9ffb20c4dc68d4422db97b7da7b577970650e/data/5_P7IU6j0Px_irMCwAwqdaag_39.81399551_-94.55075176.jpg,50.1883,487.81,0.040451
1338_5xXGFV_YEQQKxttJpZu_Aw_-1.58956838_122.20043730,/home/alex/Desktop/school/comp-vis/dataset/datasets--everettshen--StreetView360AtoZ/snapshots/f0b9ffb20c4dc68d4422db97b7da7b577970650e/data/1338_5xXGFV_YEQQKxttJpZu_Aw_-1.58956838_122.20043730.jpg,34.5204,89.31,0.057098
1505_iwWboP02uV4Odo-guzczcw_15.84097144_120.45597021,/home/alex/Desktop/school/comp-vis/dataset/datasets--everettshen--StreetView360AtoZ/snapshots/f0b9ffb20c4dc68d4422db97b7da7b577970650e/data/1505_iwWboP02uV4Odo-guzczcw_15.84097144_120.45597021.jpg,74.6292,129.85,0.024933
21_ovguRTYR4XL-hKiztsmUxw_-7.03998659_111.38958571,/home/alex/Desktop/school/comp-vis/dataset/datasets--everettshen--StreetView360AtoZ/snapshots/f0b9ffb20c4dc68d4422db97b7da7b577970650e/data/21_ovguRTYR4XL-hKiztsmUxw_-7.03998659_111.38958571.jpg,42.0295,404.85,0.054962
96_uYGZz4ssWky2SOw76aFFUg_17.17303977_79.16845589,/home/alex/Desktop/school/comp-vis/dataset/datasets--everettshen--StreetView360AtoZ/snapshots/f0b9ffb20c4dc68d4422db97b7da7b577970650e/data/96_uYGZz4ssWky2SOw76aFFUg_17.17303977_79.16845589.jpg,35.8914,281.37,0.222549
2758_JlQBVCDyrD3DtRPj2lJqGg_40.15735952_33.71561832,/home/alex/Desktop/school/comp-vis/dataset/datasets--everettshen--StreetView360AtoZ/snapshots/f0b9ffb20c4dc68d4422db97b7da7b577970650e/data/2758_JlQBVCDyrD3DtRPj2lJqGg_40.15735952_33.71561832.jpg,19.3783,169.05,0.026337
10_aq1JEmI6fjfJ444STr6zCQ_-24.35592418_151.29958021,/home/alex/Desktop/school/comp-vis/dataset/datasets--everettshen--StreetView360AtoZ/snapshots/f0b9ffb20c4dc68d4422db97b7da7b577970650e/data/10_aq1JEmI6fjfJ444STr6zCQ_-24.35592418_151.29958021.jpg,60.2664,161.15,0.121094
2342_yKagrziykz0H30as9NCbcQ_43.25759702_-73.00802564,/home/alex/Desktop/school/comp-vis/dataset/datasets--everettshen--StreetView360AtoZ/snapshots/f0b9ffb20c4dc68d4422db97b7da7b577970650e/data/2342_yKagrziykz0H30as9NCbcQ_43.25759702_-73.00802564.jpg,32.7309,234.67,0.052719
591_5eDQH9CODnWylkWQmSoGVw_62.77611896_8.06575493,/home/alex/Desktop/school/comp-vis/dataset/datasets--everettshen--StreetView360AtoZ/snapshots/f0b9ffb20c4dc68d4422db97b7da7b577970650e/data/591_5eDQH9CODnWylkWQmSoGVw_62.77611896_8.06575493.jpg,28.693,217.1,0.029999
282_ynTGaZBks47xx82lfXlH2w_46.13256314_-61.13981222,/home/alex/Desktop/school/comp-vis/dataset/datasets--everettshen--StreetView360AtoZ/snapshots/f0b9ffb20c4dc68d4422db97b7da7b577970650e/data/282_ynTGaZBks47xx82lfXlH2w_46.13256314_-61.13981222.jpg,49.5833,29.4,0.027176
436_giPTCspz-fK5rPPHuQYO7w_51.56609652_0.56752109,/home/alex/Desktop/school/comp-vis/dataset/datasets--everettshen--StreetView360AtoZ/snapshots/f0b9ffb20c4dc68d4422db97b7da7b577970650e/data/436_giPTCspz-fK5rPPHuQYO7w_51.56609652_0.56752109.jpg,44.7519,203.66,0.097931
2763_c0OuFfxV0KaLVekuyllsHw_32.83852471_-117.24963346,/home/alex/Desktop/school/comp-vis/dataset/datasets--everettshen--StreetView360AtoZ/snapshots/f0b9ffb20c4dc68d4422db97b7da7b577970650e/data/2763_c0OuFfxV0KaLVekuyllsHw_32.83852471_-117.24963346.jpg,24.5874,233.59,0.079178
632_naIYTTQVAvKDV28L8nmnyA_41.51696464_-88.10894996,/home/alex/Desktop/school/comp-vis/dataset/datasets--everettshen--StreetView360AtoZ/snapshots/f0b9ffb20c4dc68d4422db97b7da7b577970650e/data/632_naIYTTQVAvKDV28L8nmnyA_41.51696464_-88.10894996.jpg,58.164,207.75,0.048828
3403_mh3aBWK5YDenrG-Phxdfsg_38.03530199_13.56295231,/home/alex/Desktop/school/comp-vis/dataset/datasets--everettshen--StreetView360AtoZ/snapshots/f0b9ffb20c4dc68d4422db97b7da7b577970650e/data/3403_mh3aBWK5YDenrG-Phxdfsg_38.03530199_13.56295231.jpg,24.2808,145.42,0.028366
91_4LbETBlVYt1ER9ZQMFnCsQ_23.28712582_90.78139999,/home/alex/Desktop/school/comp-vis/dataset/datasets--everettshen--StreetView360AtoZ/snapshots/f0b9ffb20c4dc68d4422db97b7da7b577970650e/data/91_4LbETBlVYt1ER9ZQMFnCsQ_23.28712582_90.78139999.jpg,56.8287,16.97,0.012604
175_UAbDQRy7UWopZpkZqaLt9w_38.92262642_-81.78818227,/home/alex/Desktop/school/comp-vis/dataset/datasets--everettshen--StreetView360AtoZ/snapshots/f0b9ffb20c4dc68d4422db97b7da7b577970650e/data/175_UAbDQRy7UWopZpkZqaLt9w_38.92262642_-81.78818227.jpg,37.2808,486.66,0.033371
994_yt5xDYSryrRLmbIPE1_YvA_-27.52284847_152.88651568,/home/alex/Desktop/school/comp-vis/dataset/datasets--everettshen--StreetView360AtoZ/snapshots/f0b9ffb20c4dc68d4422db97b7da7b577970650e/data/994_yt5xDYSryrRLmbIPE1_YvA_-27.52284847_152.88651568.jpg,75.6624,412.7,0.10585
1224_ia-tIyuCDqnzUmcF7TlCWw_38.38266113_-4.97138853,/home/alex/Desktop/school/comp-vis/dataset/datasets--everettshen--StreetView360AtoZ/snapshots/f0b9ffb20c4dc68d4422db97b7da7b577970650e/data/1224_ia-tIyuCDqnzUmcF7TlCWw_38.38266113_-4.97138853.jpg,15.5589,279.78,0.017776
3298_3NaSqB5g1TYJhTp2bliDGA_29.85109503_-84.66299466,/home/alex/Desktop/school/comp-vis/dataset/datasets--everettshen--StreetView360AtoZ/snapshots/f0b9ffb20c4dc68d4422db97b7da7b577970650e/data/3298_3NaSqB5g1TYJhTp2bliDGA_29.85109503_-84.66299466.jpg,15.5039,198.4,0.051285
2247_Cnj28OfEemWzVGfgEdXt4A_35.79359762_-78.32024931,/home/alex/Desktop/school/comp-vis/dataset/datasets--everettshen--StreetView360AtoZ/snapshots/f0b9ffb20c4dc68d4422db97b7da7b577970650e/data/2247_Cnj28OfEemWzVGfgEdXt4A_35.79359762_-78.32024931.jpg,55.4335,214.8,0.053574
1639_ugzlPuSYaV5E9V6XcrwX9g_23.44352461_121.49578078,/home/alex/Desktop/school/comp-vis/dataset/datasets--everettshen--StreetView360AtoZ/snapshots/f0b9ffb20c4dc68d4422db97b7da7b577970650e/data/1639_ugzlPuSYaV5E9V6XcrwX9g_23.44352461_121.49578078.jpg,27.4276,108.5,0.024582
399_fahm8u7gfLAxLr_etc9cqA_-33.59393978_22.19245967,/home/alex/Desktop/school/comp-vis/dataset/datasets--everettshen--StreetView360AtoZ/snapshots/f0b9ffb20c4dc68d4422db97b7da7b577970650e/data/399_fahm8u7gfLAxLr_etc9cqA_-33.59393978_22.19245967.jpg,35.5505,423.93,0.033295
783_WT2VudMpuij28HGCQRBB0w_53.27626216_-6.28191975,/home/alex/Desktop/school/comp-vis/dataset/datasets--everettshen--StreetView360AtoZ/snapshots/f0b9ffb20c4dc68d4422db97b7da7b577970650e/data/783_WT2VudMpuij28HGCQRBB0w_53.27626216_-6.28191975.jpg,63.8141,151.41,0.04216
361_CBMIaBXTvywJWHPRi6lDLg_12.96652462_-13.75044687,/home/alex/Desktop/school/comp-vis/dataset/datasets--everettshen--StreetView360AtoZ/snapshots/f0b9ffb20c4dc68d4422db97b7da7b577970650e/data/361_CBMIaBXTvywJWHPRi6lDLg_12.96652462_-13.75044687.jpg,52.616,63.98,0.027069
1809_nS_lE-Ll8A-JqcFO1PxKPw_43.35650806_-3.01119126,/home/alex/Desktop/school/comp-vis/dataset/datasets--everettshen--StreetView360AtoZ/snapshots/f0b9ffb20c4dc68d4422db97b7da7b577970650e/data/1809_nS_lE-Ll8A-JqcFO1PxKPw_43.35650806_-3.01119126.jpg,47.1155,124.84,0.024918
53_kUoTv6uHI2DSv3qhN8QeeA_54.78342593_32.04966620,/home/alex/Desktop/school/comp-vis/dataset/datasets--everettshen--StreetView360AtoZ/snapshots/f0b9ffb20c4dc68d4422db97b7da7b577970650e/data/53_kUoTv6uHI2DSv3qhN8QeeA_54.78342593_32.04966620.jpg,63.4801,240.64,0.019196
405_oHXLJNOP-UadJItTKioHcA_-18.83868939_-50.12184227,/home/alex/Desktop/school/comp-vis/dataset/datasets--everettshen--StreetView360AtoZ/snapshots/f0b9ffb20c4dc68d4422db97b7da7b577970650e/data/405_oHXLJNOP-UadJItTKioHcA_-18.83868939_-50.12184227.jpg,82.1205,294.33,0.136658
776_iRNwhCSroNshDGBAXsEq8g_42.54532322_13.62594469,/home/alex/Desktop/school/comp-vis/dataset/datasets--everettshen--StreetView360AtoZ/snapshots/f0b9ffb20c4dc68d4422db97b7da7b577970650e/data/776_iRNwhCSroNshDGBAXsEq8g_42.54532322_13.62594469.jpg,44.9806,128.85,0.015656
2808__ougxluU2fn3AQfGa5BbNw_34.97363614_-110.08823981,/home/alex/Desktop/school/comp-vis/dataset/datasets--everettshen--StreetView360AtoZ/snapshots/f0b9ffb20c4dc68d4422db97b7da7b577970650e/data/2808__ougxluU2fn3AQfGa5BbNw_34.97363614_-110.08823981.jpg,28.8847,434.61,0.013992
329_GOBplMNkhXQKPPxx-YC99A_42.92598159_10.89873730,/home/alex/Desktop/school/comp-vis/dataset/datasets--everettshen--StreetView360AtoZ/snapshots/f0b9ffb20c4dc68d4422db97b7da7b577970650e/data/329_GOBplMNkhXQKPPxx-YC99A_42.92598159_10.89873730.jpg,53.4969,452.63,0.097549
602_zCp7hkgaPfNtOZoMINbnbQ_52.97665260_11.79617446,/home/alex/Desktop/school/comp-vis/dataset/datasets--everettshen--StreetView360AtoZ/snapshots/f0b9ffb20c4dc68d4422db97b7da7b577970650e/data/602_zCp7hkgaPfNtOZoMINbnbQ_52.97665260_11.79617446.jpg,55.9584,183.99,0.019714
2468_-k7FWq4lwaxtiLUcy5OtHQ_26.93105146_78.55788384,/home/alex/Desktop/school/comp-vis/dataset/datasets--everettshen--StreetView360AtoZ/snapshots/f0b9ffb20c4dc68d4422db97b7da7b577970650e/data/2468_-k7FWq4lwaxtiLUcy5OtHQ_26.93105146_78.55788384.jpg,45.8157,106.39,0.109283
2593_-Rj1DCqYsIAus4gCxV17lA_27.75039347_77.74419064,/home/alex/Desktop/school/comp-vis/dataset/datasets--everettshen--StreetView360AtoZ/snapshots/f0b9ffb20c4dc68d4422db97b7da7b577970650e/data/2593_-Rj1DCqYsIAus4gCxV17lA_27.75039347_77.74419064.jpg,45.3284,131.09,0.207703
1903_FnssTNcSeyCi1IgUkd3Reg_-32.60467803_-53.39164818,/home/alex/Desktop/school/comp-vis/dataset/datasets--everettshen--StreetView360AtoZ/snapshots/f0b9ffb20c4dc68d4422db97b7da7b577970650e/data/1903_FnssTNcSeyCi1IgUkd3Reg_-32.60467803_-53.39164818.jpg,74.0085,111.1,0.027542
41_bBfVFoJjktHAx3RqsaZukw_24.71985770_121.71366581,/home/alex/Desktop/school/comp-vis/dataset/datasets--everettshen--StreetView360AtoZ/snapshots/f0b9ffb20c4dc68d4422db97b7da7b577970650e/data/41_bBfVFoJjktHAx3RqsaZukw_24.71985770_121.71366581.jpg,34.4224,203.63,0.046799
192_80nN7nQuUQcxXacxJiqpfg_33.56250459_-96.19497620,/home/alex/Desktop/school/comp-vis/dataset/datasets--everettshen--StreetView360AtoZ/snapshots/f0b9ffb20c4dc68d4422db97b7da7b577970650e/data/192_80nN7nQuUQcxXacxJiqpfg_33.56250459_-96.19497620.jpg,53.2956,279.16,0.024704
2436_EVlHFXit-Q0K8EV0ZbM6WQ_-31.87242161_-62.71953643,/home/alex/Desktop/school/comp-vis/dataset/datasets--everettshen--StreetView360AtoZ/snapshots/f0b9ffb20c4dc68d4422db97b7da7b577970650e/data/2436_EVlHFXit-Q0K8EV0ZbM6WQ_-31.87242161_-62.71953643.jpg,25.6021,192.45,0.017944
899_hIbR1Y_xjzpUTYytgRRcCA_45.85288735_0.57130301,/home/alex/Desktop/school/comp-vis/dataset/datasets--everettshen--StreetView360AtoZ/snapshots/f0b9ffb20c4dc68d4422db97b7da7b577970650e/data/899_hIbR1Y_xjzpUTYytgRRcCA_45.85288735_0.57130301.jpg,46.8464,481.06,0.059586
57_TQYgBW-fStTv2nTzGue5_w_52.81321743_6.12916944,/home/alex/Desktop/school/comp-vis/dataset/datasets--everettshen--StreetView360AtoZ/snapshots/f0b9ffb20c4dc68d4422db97b7da7b577970650e/data/57_TQYgBW-fStTv2nTzGue5_w_52.81321743_6.12916944.jpg,43.1826,71.44,0.087906
3447_VOCmb6viiOgXUReiSQOO0w_-3.71780337_-53.73735541,/home/alex/Desktop/school/comp-vis/dataset/datasets--everettshen--StreetView360AtoZ/snapshots/f0b9ffb20c4dc68d4422db97b7da7b577970650e/data/3447_VOCmb6viiOgXUReiSQOO0w_-3.71780337_-53.73735541.jpg,71.6224,397.91,0.05545
918_m0g2zmE-XUrPXEM9G3IGPg_41.03979935_-73.53705254,/home/alex/Desktop/school/comp-vis/dataset/datasets--everettshen--StreetView360AtoZ/snapshots/f0b9ffb20c4dc68d4422db97b7da7b577970650e/data/918_m0g2zmE-XUrPXEM9G3IGPg_41.03979935_-73.53705254.jpg,32.4392,385.82,0.086685
143_d6XLKlWpampB9jANBDNI_w_26.60708730_-82.11070116,/home/alex/Desktop/school/comp-vis/dataset/datasets--everettshen--StreetView360AtoZ/snapshots/f0b9ffb20c4dc68d4422db97b7da7b577970650e/data/143_d6XLKlWpampB9jANBDNI_w_26.60708730_-82.11070116.jpg,16.4767,409.68,0.057495
588_tUcWwiNn8BS_gCO_y_aRnw_55.02256781_15.05711596,/home/alex/Desktop/school/comp-vis/dataset/datasets--everettshen--StreetView360AtoZ/snapshots/f0b9ffb20c4dc68d4422db97b7da7b577970650e/data/588_tUcWwiNn8BS_gCO_y_aRnw_55.02256781_15.05711596.jpg,18.1388,146.01,0.023636
188_ZKdj23CHjh1d96YyqTl-2Q_46.83642924_-119.93365122,/home/alex/Desktop/school/comp-vis/dataset/datasets--everettshen--StreetView360AtoZ/snapshots/f0b9ffb20c4dc68d4422db97b7da7b577970650e/data/188_ZKdj23CHjh1d96YyqTl-2Q_46.83642924_-119.93365122.jpg,20.4117,92.77,0.031097
243_P-pGD6CO8eF6XGDWU_8Aiw_36.73860813_14.84666770,/home/alex/Desktop/school/comp-vis/dataset/datasets--everettshen--StreetView360AtoZ/snapshots/f0b9ffb20c4dc68d4422db97b7da7b577970650e/data/243_P-pGD6CO8eF6XGDWU_8Aiw_36.73860813_14.84666770.jpg,79.8726,71.98,0.01683
823_5QAmMjdMM8LPHDJFcitTGQ_27.87397796_-98.60728238,/home/alex/Desktop/school/comp-vis/dataset/datasets--everettshen--StreetView360AtoZ/snapshots/f0b9ffb20c4dc68d4422db97b7da7b577970650e/data/823_5QAmMjdMM8LPHDJFcitTGQ_27.87397796_-98.60728238.jpg,27.4285,187.45,0.018494
447_bVRYJUixUeKtPvEPDezKFg_64.74987766_28.25102699,/home/alex/Desktop/school/comp-vis/dataset/datasets--everettshen--StreetView360AtoZ/snapshots/f0b9ffb20c4dc68d4422db97b7da7b577970650e/data/447_bVRYJUixUeKtPvEPDezKFg_64.74987766_28.25102699.jpg,58.5001,473.73,0.074936
214_A3dj7-QVPdwLcVWHo4Ti5w_43.38238552_12.50379067,/home/alex/Desktop/school/comp-vis/dataset/datasets--everettshen--StreetView360AtoZ/snapshots/f0b9ffb20c4dc68d4422db97b7da7b577970650e/data/214_A3dj7-QVPdwLcVWHo4Ti5w_43.38238552_12.50379067.jpg,24.1962,202.96,0.013351
2817_CxZ0CWIo4WuCqTtOosAqJQ_-22.02916116_-45.83519039,/home/alex/Desktop/school/comp-vis/dataset/datasets--everettshen--StreetView360AtoZ/snapshots/f0b9ffb20c4dc68d4422db97b7da7b577970650e/data/2817_CxZ0CWIo4WuCqTtOosAqJQ_-22.02916116_-45.83519039.jpg,29.3843,251.47,0.028931
398_3ck4fGLwQZ54wupcNfoHRQ_6.17064349_-75.59387761,/home/alex/Desktop/school/comp-vis/dataset/datasets--everettshen--StreetView360AtoZ/snapshots/f0b9ffb20c4dc68d4422db97b7da7b577970650e/data/398_3ck4fGLwQZ54wupcNfoHRQ_6.17064349_-75.59387761.jpg,73.5201,337.67,0.134171
3019_qcmUoH5LaJxvLv7AC8Ys8g_34.33530285_-102.47862648,/home/alex/Desktop/school/comp-vis/dataset/datasets--everettshen--StreetView360AtoZ/snapshots/f0b9ffb20c4dc68d4422db97b7da7b577970650e/data/3019_qcmUoH5LaJxvLv7AC8Ys8g_34.33530285_-102.47862648.jpg,57.7058,86.88,0.035446
633_KPDjgRSe3oeA7bu4ds3JWA_-6.47661254_-44.19161313,/home/alex/Desktop/school/comp-vis/dataset/datasets--everettshen--StreetView360AtoZ/snapshots/f0b9ffb20c4dc68d4422db97b7da7b577970650e/data/633_KPDjgRSe3oeA7bu4ds3JWA_-6.47661254_-44.19161313.jpg,65.4525,305.15,0.013046
874_D95v-bKuAbghn7BEuzJ0Hw_38.33835641_-122.67323451,/home/alex/Desktop/school/comp-vis/dataset/datasets--everettshen--StreetView360AtoZ/snapshots/f0b9ffb20c4dc68d4422db97b7da7b577970650e/data/874_D95v-bKuAbghn7BEuzJ0Hw_38.33835641_-122.67323451.jpg,47.3488,360.28,0.011429
1101__OAIHD6busATq9O-rflHhA_24.99912602_72.27140492,/home/alex/Desktop/school/comp-vis/dataset/datasets--everettshen--StreetView360AtoZ/snapshots/f0b9ffb20c4dc68d4422db97b7da7b577970650e/data/1101__OAIHD6busATq9O-rflHhA_24.99912602_72.27140492.jpg,64.8367,362.89,0.102097
742_37peG5GPtJ29_Z0dTf2lBw_55.66789267_11.82655925,/home/alex/Desktop/school/comp-vis/dataset/datasets--everettshen--StreetView360AtoZ/snapshots/f0b9ffb20c4dc68d4422db97b7da7b577970650e/data/742_37peG5GPtJ29_Z0dTf2lBw_55.66789267_11.82655925.jpg,40.3251,155.69,0.13002
1901_VXqsFosU6GP9JyDaSNS1KA_8.10035496_5.08338211,/home/alex/Desktop/school/comp-vis/dataset/datasets--everettshen--StreetView360AtoZ/snapshots/f0b9ffb20c4dc68d4422db97b7da7b577970650e/data/1901_VXqsFosU6GP9JyDaSNS1KA_8.10035496_5.08338211.jpg,45.2954,365.75,0.045074
1109_ljTeSrGIBBUFTPHOusxVtw_-30.71143982_25.10158145,/home/alex/Desktop/school/comp-vis/dataset/datasets--everettshen--StreetView360AtoZ/snapshots/f0b9ffb20c4dc68d4422db97b7da7b577970650e/data/1109_ljTeSrGIBBUFTPHOusxVtw_-30.71143982_25.10158145.jpg,20.8368,30.27,0.039841
425_OXRX82FR8jWV-T71r2E3tw_5.53294295_100.39973322,/home/alex/Desktop/school/comp-vis/dataset/datasets--everettshen--StreetView360AtoZ/snapshots/f0b9ffb20c4dc68d4422db97b7da7b577970650e/data/425_OXRX82FR8jWV-T71r2E3tw_5.53294295_100.39973322.jpg,59.9315,312.08,0.030121
1256_IMwe7PejXLwNTWwsJDa0xw_52.83296040_-7.50932800,/home/alex/Desktop/school/comp-vis/dataset/datasets--everettshen--StreetView360AtoZ/snapshots/f0b9ffb20c4dc68d4422db97b7da7b577970650e/data/1256_IMwe7PejXLwNTWwsJDa0xw_52.83296040_-7.50932800.jpg,53.3239,201.18,0.023972
1554_u7gbsemLDdQmKhFDumjGjw_-39.39738530_174.11110533,/home/alex/Desktop/school/comp-vis/dataset/datasets--everettshen--StreetView360AtoZ/snapshots/f0b9ffb20c4dc68d4422db97b7da7b577970650e/data/1554_u7gbsemLDdQmKhFDumjGjw_-39.39738530_174.11110533.jpg,15.4957,383.84,0.03212
966_I88i3a9ZRNj9RDmLmQiz0g_55.60847228_-2.79655626,/home/alex/Desktop/school/comp-vis/dataset/datasets--everettshen--StreetView360AtoZ/snapshots/f0b9ffb20c4dc68d4422db97b7da7b577970650e/data/966_I88i3a9ZRNj9RDmLmQiz0g_55.60847228_-2.79655626.jpg,36.2009,129.1,0.038864
455_1RV_PeUy4wUZ1NI9K-1LXw_65.73296700_23.74922157,/home/alex/Desktop/school/comp-vis/dataset/datasets--everettshen--StreetView360AtoZ/snapshots/f0b9ffb20c4dc68d4422db97b7da7b577970650e/data/455_1RV_PeUy4wUZ1NI9K-1LXw_65.73296700_23.74922157.jpg,71.4996,83.44,0.016891
1264_aTfdEC7OUV4Ft-6ZOqfKkg_50.69568901_4.11938716,/home/alex/Desktop/school/comp-vis/dataset/datasets--everettshen--StreetView360AtoZ/snapshots/f0b9ffb20c4dc68d4422db97b7da7b577970650e/data/1264_aTfdEC7OUV4Ft-6ZOqfKkg_50.69568901_4.11938716.jpg,59.5335,307.57,0.073181
571_UyBo4mZmBcGzLsBgip--jA_-34.51077507_-63.70903238,/home/alex/Desktop/school/comp-vis/dataset/datasets--everettshen--StreetView360AtoZ/snapshots/f0b9ffb20c4dc68d4422db97b7da7b577970650e/data/571_UyBo4mZmBcGzLsBgip--jA_-34.51077507_-63.70903238.jpg,63.0933,424.48,0.035141
3115_VBd6YpE6TKcswQQKhbKt6g_45.36675607_-63.31531155,/home/alex/Desktop/school/comp-vis/dataset/datasets--everettshen--StreetView360AtoZ/snapshots/f0b9ffb20c4dc68d4422db97b7da7b577970650e/data/3115_VBd6YpE6TKcswQQKhbKt6g_45.36675607_-63.31531155.jpg,61.4338,83.55,0.094116
1465_m_E9qn0tqd8Iq-S661iBPA_45.51504056_-61.07775400,/home/alex/Desktop/school/comp-vis/dataset/datasets--everettshen--StreetView360AtoZ/snapshots/f0b9ffb20c4dc68d4422db97b7da7b577970650e/data/1465_m_E9qn0tqd8Iq-S661iBPA_45.51504056_-61.07775400.jpg,45.2994,39.14,0.015839
462_hN048-wC0ycWrN9-ZCMpQg_60.60754037_15.63054148,/home/alex/Desktop/school/comp-vis/dataset/datasets--everettshen--StreetView360AtoZ/snapshots/f0b9ffb20c4dc68d4422db97b7da7b577970650e/data/462_hN048-wC0ycWrN9-ZCMpQg_60.60754037_15.63054148.jpg,43.0361,346.34,0.069321
2107__GVJTu936XQvNEw4jXUGaw_46.91790393_-98.70992187,/home/alex/Desktop/school/comp-vis/dataset/datasets--everettshen--StreetView360AtoZ/snapshots/f0b9ffb20c4dc68d4422db97b7da7b577970650e/data/2107__GVJTu936XQvNEw4jXUGaw_46.91790393_-98.70992187.jpg,22.0771,260.06,0.022171
2360_qh_Huydif1KVd9Vt-EEnnw_-0.99433725_121.95234271,/home/alex/Desktop/school/comp-vis/dataset/datasets--everettshen--StreetView360AtoZ/snapshots/f0b9ffb20c4dc68d4422db97b7da7b577970650e/data/2360_qh_Huydif1KVd9Vt-EEnnw_-0.99433725_121.95234271.jpg,39.0749,43.39,0.016769
881_mt7nF3vR0f-J4lsuOcKCng_43.51422493_-92.97957870,/home/alex/Desktop/school/comp-vis/dataset/datasets--everettshen--StreetView360AtoZ/snapshots/f0b9ffb20c4dc68d4422db97b7da7b577970650e/data/881_mt7nF3vR0f-J4lsuOcKCng_43.51422493_-92.97957870.jpg,63.075,493.73,0.011337
956_hNVnES5my4RdB2W--z8JEQ_-34.91650454_173.18364969,/home/alex/Desktop/school/comp-vis/dataset/datasets--everettshen--StreetView360AtoZ/snapshots/f0b9ffb20c4dc68d4422db97b7da7b577970650e/data/956_hNVnES5my4RdB2W--z8JEQ_-34.91650454_173.18364969.jpg,28.5831,395.9,0.015213
287_9N3MrVNqWvVXN8OghEOJJg_16.00311000_-92.01444296,/home/alex/Desktop/school/comp-vis/dataset/datasets--everettshen--StreetView360AtoZ/snapshots/f0b9ffb20c4dc68d4422db97b7da7b577970650e/data/287_9N3MrVNqWvVXN8OghEOJJg_16.00311000_-92.01444296.jpg,60.9412,164.44,0.025421
0_czgxdGu5OGDeM4UMG5PESg_26.34864265_73.04373521,/home/alex/Desktop/school/comp-vis/dataset/datasets--everettshen--StreetView360AtoZ/snapshots/f0b9ffb20c4dc68d4422db97b7da7b577970650e/data/0_czgxdGu5OGDeM4UMG5PESg_26.34864265_73.04373521.jpg,35.161,405.69,0.102997
970_X7sEmwamU__ACphWN2NnVg_49.71858214_5.58386403,/home/alex/Desktop/school/comp-vis/dataset/datasets--everettshen--StreetView360AtoZ/snapshots/f0b9ffb20c4dc68d4422db97b7da7b577970650e/data/970_X7sEmwamU__ACphWN2NnVg_49.71858214_5.58386403.jpg,70.4114,206.09,0.163498
579_S-JsSWK3mBOyghv4KTqt1A_55.67489515_12.45799376,/home/alex/Desktop/school/comp-vis/dataset/datasets--everettshen--StreetView360AtoZ/snapshots/f0b9ffb20c4dc68d4422db97b7da7b577970650e/data/579_S-JsSWK3mBOyghv4KTqt1A_55.67489515_12.45799376.jpg,22.2922,145.59,0.015244
2377_ylL9nhJovatA6gUPVFln6w_53.82407457_-1.89755691,/home/alex/Desktop/school/comp-vis/dataset/datasets--everettshen--StreetView360AtoZ/snapshots/f0b9ffb20c4dc68d4422db97b7da7b577970650e/data/2377_ylL9nhJovatA6gUPVFln6w_53.82407457_-1.89755691.jpg,58.9116,222.65,0.055862
2076_STu7xjHwEHbaZ-sImULs0g_42.32269462_13.90622198,/home/alex/Desktop/school/comp-vis/dataset/datasets--everettshen--StreetView360AtoZ/snapshots/f0b9ffb20c4dc68d4422db97b7da7b577970650e/data/2076_STu7xjHwEHbaZ-sImULs0g_42.32269462_13.90622198.jpg,39.0506,419.3,0.019882
1391_kpjMugegIyatF-G0WFiDEQ_27.84791118_-82.37084720,/home/alex/Desktop/school/comp-vis/dataset/datasets--everettshen--StreetView360AtoZ/snapshots/f0b9ffb20c4dc68d4422db97b7da7b577970650e/data/1391_kpjMugegIyatF-G0WFiDEQ_27.84791118_-82.37084720.jpg,45.559,235.63,0.077499
2310_gL1VFHulQYo9um0isX5-zg_29.07622049_77.88144317,/home/alex/Desktop/school/comp-vis/dataset/datasets--everettshen--StreetView360AtoZ/snapshots/f0b9ffb20c4dc68d4422db97b7da7b577970650e/data/2310_gL1VFHulQYo9um0isX5-zg_29.07622049_77.88144317.jpg,55.7025,441.88,0.181992
1902_gPfpxvdvmicFJ1gKaSyzaQ_51.52485027_3.64432393,/home/alex/Desktop/school/comp-vis/dataset/datasets--everettshen--StreetView360AtoZ/snapshots/f0b9ffb20c4dc68d4422db97b7da7b577970650e/data/1902_gPfpxvdvmicFJ1gKaSyzaQ_51.52485027_3.64432393.jpg,22.7714,305.56,0.033997
